[2026-10-08T08:55:08.340+0000] {processor.py:161} INFO - Started process (PID=5475) to work on /opt/airflow/dags/f1_pipeline_dag.py
[2026-10-08T08:55:08.342+0000] {processor.py:830} INFO - Processing file /opt/airflow/dags/f1_pipeline_dag.py for tasks to queue
[2026-10-08T08:55:08.344+0000] {logging_mixin.py:188} INFO - [2026-10-08T08:55:08.343+0000] {dagbag.py:545} INFO - Filling up the DagBag from /opt/airflow/dags/f1_pipeline_dag.py
[2026-10-08T08:55:08.356+0000] {processor.py:840} INFO - DAG(s) 'f1_data_analytics' retrieved from /opt/airflow/dags/f1_pipeline_dag.py
[2026-10-08T08:55:08.386+0000] {logging_mixin.py:188} INFO - [2026-10-08T08:55:08.386+0000] {dag.py:3096} INFO - Sync 1 DAGs
[2026-10-08T08:55:08.396+0000] {logging_mixin.py:188} INFO - [2026-10-08T08:55:08.396+0000] {dag.py:3954} INFO - Setting next_dagrun for f1_data_analytics to None, run_after=None
[2026-10-08T08:55:08.412+0000] {processor.py:183} INFO - Processing /opt/airflow/dags/f1_pipeline_dag.py took 0.083 seconds
[2026-10-08T08:55:38.543+0000] {processor.py:161} INFO - Started process (PID=5476) to work on /opt/airflow/dags/f1_pipeline_dag.py
[2026-10-08T08:55:38.546+0000] {processor.py:830} INFO - Processing file /opt/airflow/dags/f1_pipeline_dag.py for tasks to queue
[2026-10-08T08:55:38.547+0000] {logging_mixin.py:188} INFO - [2026-10-08T08:55:38.546+0000] {dagbag.py:545} INFO - Filling up the DagBag from /opt/airflow/dags/f1_pipeline_dag.py
[2026-10-08T08:55:38.567+0000] {processor.py:840} INFO - DAG(s) 'f1_data_analytics' retrieved from /opt/airflow/dags/f1_pipeline_dag.py
[2026-10-08T08:55:38.617+0000] {logging_mixin.py:188} INFO - [2026-10-08T08:55:38.617+0000] {dag.py:3096} INFO - Sync 1 DAGs
[2026-10-08T08:55:38.627+0000] {logging_mixin.py:188} INFO - [2026-10-08T08:55:38.627+0000] {dag.py:3954} INFO - Setting next_dagrun for f1_data_analytics to None, run_after=None
[2026-10-08T08:55:38.641+0000] {processor.py:183} INFO - Processing /opt/airflow/dags/f1_pipeline_dag.py took 0.108 seconds
[2026-10-08T08:56:08.850+0000] {processor.py:161} INFO - Started process (PID=5477) to work on /opt/airflow/dags/f1_pipeline_dag.py
[2026-10-08T08:56:08.852+0000] {processor.py:830} INFO - Processing file /opt/airflow/dags/f1_pipeline_dag.py for tasks to queue
[2026-10-08T08:56:08.854+0000] {logging_mixin.py:188} INFO - [2026-10-08T08:56:08.853+0000] {dagbag.py:545} INFO - Filling up the DagBag from /opt/airflow/dags/f1_pipeline_dag.py
[2026-10-08T08:56:08.872+0000] {processor.py:840} INFO - DAG(s) 'f1_data_analytics' retrieved from /opt/airflow/dags/f1_pipeline_dag.py
[2026-10-08T08:56:08.920+0000] {logging_mixin.py:188} INFO - [2026-10-08T08:56:08.920+0000] {dag.py:3096} INFO - Sync 1 DAGs
[2026-10-08T08:56:08.929+0000] {logging_mixin.py:188} INFO - [2026-10-08T08:56:08.928+0000] {dag.py:3954} INFO - Setting next_dagrun for f1_data_analytics to None, run_after=None
[2026-10-08T08:56:08.943+0000] {processor.py:183} INFO - Processing /opt/airflow/dags/f1_pipeline_dag.py took 0.103 seconds
[2026-10-08T08:56:39.152+0000] {processor.py:161} INFO - Started process (PID=5478) to work on /opt/airflow/dags/f1_pipeline_dag.py
[2026-10-08T08:56:39.155+0000] {processor.py:830} INFO - Processing file /opt/airflow/dags/f1_pipeline_dag.py for tasks to queue
[2026-10-08T08:56:39.157+0000] {logging_mixin.py:188} INFO - [2026-10-08T08:56:39.156+0000] {dagbag.py:545} INFO - Filling up the DagBag from /opt/airflow/dags/f1_pipeline_dag.py
[2026-10-08T08:56:39.176+0000] {processor.py:840} INFO - DAG(s) 'f1_data_analytics' retrieved from /opt/airflow/dags/f1_pipeline_dag.py
[2026-10-08T08:56:39.226+0000] {logging_mixin.py:188} INFO - [2026-10-08T08:56:39.226+0000] {dag.py:3096} INFO - Sync 1 DAGs
[2026-10-08T08:56:39.235+0000] {logging_mixin.py:188} INFO - [2026-10-08T08:56:39.235+0000] {dag.py:3954} INFO - Setting next_dagrun for f1_data_analytics to None, run_after=None
[2026-10-08T08:56:39.249+0000] {processor.py:183} INFO - Processing /opt/airflow/dags/f1_pipeline_dag.py took 0.108 seconds
[2026-10-08T08:57:09.443+0000] {processor.py:161} INFO - Started process (PID=5479) to work on /opt/airflow/dags/f1_pipeline_dag.py
[2026-10-08T08:57:09.445+0000] {processor.py:830} INFO - Processing file /opt/airflow/dags/f1_pipeline_dag.py for tasks to queue
[2026-10-08T08:57:09.446+0000] {logging_mixin.py:188} INFO - [2026-10-08T08:57:09.445+0000] {dagbag.py:545} INFO - Filling up the DagBag from /opt/airflow/dags/f1_pipeline_dag.py
[2026-10-08T08:57:09.465+0000] {processor.py:840} INFO - DAG(s) 'f1_data_analytics' retrieved from /opt/airflow/dags/f1_pipeline_dag.py
[2026-10-08T08:57:09.513+0000] {logging_mixin.py:188} INFO - [2026-10-08T08:57:09.513+0000] {dag.py:3096} INFO - Sync 1 DAGs
[2026-10-08T08:57:09.522+0000] {logging_mixin.py:188} INFO - [2026-10-08T08:57:09.522+0000] {dag.py:3954} INFO - Setting next_dagrun for f1_data_analytics to None, run_after=None
[2026-10-08T08:57:09.537+0000] {processor.py:183} INFO - Processing /opt/airflow/dags/f1_pipeline_dag.py took 0.103 seconds
[2026-10-08T08:57:39.756+0000] {processor.py:161} INFO - Started process (PID=5480) to work on /opt/airflow/dags/f1_pipeline_dag.py
[2026-10-08T08:57:39.765+0000] {processor.py:830} INFO - Processing file /opt/airflow/dags/f1_pipeline_dag.py for tasks to queue
[2026-10-08T08:57:39.767+0000] {logging_mixin.py:188} INFO - [2026-10-08T08:57:39.766+0000] {dagbag.py:545} INFO - Filling up the DagBag from /opt/airflow/dags/f1_pipeline_dag.py
[2026-10-08T08:57:39.787+0000] {processor.py:840} INFO - DAG(s) 'f1_data_analytics' retrieved from /opt/airflow/dags/f1_pipeline_dag.py
[2026-10-08T08:57:39.834+0000] {logging_mixin.py:188} INFO - [2026-10-08T08:57:39.834+0000] {dag.py:3096} INFO - Sync 1 DAGs
[2026-10-08T08:57:39.844+0000] {logging_mixin.py:188} INFO - [2026-10-08T08:57:39.843+0000] {dag.py:3954} INFO - Setting next_dagrun for f1_data_analytics to None, run_after=None
[2026-10-08T08:57:39.859+0000] {processor.py:183} INFO - Processing /opt/airflow/dags/f1_pipeline_dag.py took 0.114 seconds
[2026-10-08T08:58:10.058+0000] {processor.py:161} INFO - Started process (PID=5481) to work on /opt/airflow/dags/f1_pipeline_dag.py
[2026-10-08T08:58:10.060+0000] {processor.py:830} INFO - Processing file /opt/airflow/dags/f1_pipeline_dag.py for tasks to queue
[2026-10-08T08:58:10.061+0000] {logging_mixin.py:188} INFO - [2026-10-08T08:58:10.061+0000] {dagbag.py:545} INFO - Filling up the DagBag from /opt/airflow/dags/f1_pipeline_dag.py
[2026-10-08T08:58:10.082+0000] {processor.py:840} INFO - DAG(s) 'f1_data_analytics' retrieved from /opt/airflow/dags/f1_pipeline_dag.py
[2026-10-08T08:58:10.130+0000] {logging_mixin.py:188} INFO - [2026-10-08T08:58:10.130+0000] {dag.py:3096} INFO - Sync 1 DAGs
[2026-10-08T08:58:10.140+0000] {logging_mixin.py:188} INFO - [2026-10-08T08:58:10.140+0000] {dag.py:3954} INFO - Setting next_dagrun for f1_data_analytics to None, run_after=None
[2026-10-08T08:58:10.155+0000] {processor.py:183} INFO - Processing /opt/airflow/dags/f1_pipeline_dag.py took 0.107 seconds
[2026-10-08T08:58:40.359+0000] {processor.py:161} INFO - Started process (PID=5482) to work on /opt/airflow/dags/f1_pipeline_dag.py
[2026-10-08T08:58:40.362+0000] {processor.py:830} INFO - Processing file /opt/airflow/dags/f1_pipeline_dag.py for tasks to queue
[2026-10-08T08:58:40.364+0000] {logging_mixin.py:188} INFO - [2026-10-08T08:58:40.363+0000] {dagbag.py:545} INFO - Filling up the DagBag from /opt/airflow/dags/f1_pipeline_dag.py
[2026-10-08T08:58:40.384+0000] {processor.py:840} INFO - DAG(s) 'f1_data_analytics' retrieved from /opt/airflow/dags/f1_pipeline_dag.py
[2026-10-08T08:58:40.432+0000] {logging_mixin.py:188} INFO - [2026-10-08T08:58:40.431+0000] {dag.py:3096} INFO - Sync 1 DAGs
[2026-10-08T08:58:40.440+0000] {logging_mixin.py:188} INFO - [2026-10-08T08:58:40.440+0000] {dag.py:3954} INFO - Setting next_dagrun for f1_data_analytics to None, run_after=None
[2026-10-08T08:58:40.455+0000] {processor.py:183} INFO - Processing /opt/airflow/dags/f1_pipeline_dag.py took 0.106 seconds
[2026-10-08T08:59:10.663+0000] {processor.py:161} INFO - Started process (PID=5483) to work on /opt/airflow/dags/f1_pipeline_dag.py
[2026-10-08T08:59:10.664+0000] {processor.py:830} INFO - Processing file /opt/airflow/dags/f1_pipeline_dag.py for tasks to queue
[2026-10-08T08:59:10.665+0000] {logging_mixin.py:188} INFO - [2026-10-08T08:59:10.665+0000] {dagbag.py:545} INFO - Filling up the DagBag from /opt/airflow/dags/f1_pipeline_dag.py
[2026-10-08T08:59:10.684+0000] {processor.py:840} INFO - DAG(s) 'f1_data_analytics' retrieved from /opt/airflow/dags/f1_pipeline_dag.py
[2026-10-08T08:59:10.732+0000] {logging_mixin.py:188} INFO - [2026-10-08T08:59:10.732+0000] {dag.py:3096} INFO - Sync 1 DAGs
[2026-10-08T08:59:10.741+0000] {logging_mixin.py:188} INFO - [2026-10-08T08:59:10.741+0000] {dag.py:3954} INFO - Setting next_dagrun for f1_data_analytics to None, run_after=None
[2026-10-08T08:59:10.757+0000] {processor.py:183} INFO - Processing /opt/airflow/dags/f1_pipeline_dag.py took 0.103 seconds
[2026-10-08T08:59:40.966+0000] {processor.py:161} INFO - Started process (PID=5484) to work on /opt/airflow/dags/f1_pipeline_dag.py
[2026-10-08T08:59:40.970+0000] {processor.py:830} INFO - Processing file /opt/airflow/dags/f1_pipeline_dag.py for tasks to queue
[2026-10-08T08:59:40.971+0000] {logging_mixin.py:188} INFO - [2026-10-08T08:59:40.971+0000] {dagbag.py:545} INFO - Filling up the DagBag from /opt/airflow/dags/f1_pipeline_dag.py
[2026-10-08T08:59:40.990+0000] {processor.py:840} INFO - DAG(s) 'f1_data_analytics' retrieved from /opt/airflow/dags/f1_pipeline_dag.py
[2026-10-08T08:59:41.039+0000] {logging_mixin.py:188} INFO - [2026-10-08T08:59:41.039+0000] {dag.py:3096} INFO - Sync 1 DAGs
[2026-10-08T08:59:41.048+0000] {logging_mixin.py:188} INFO - [2026-10-08T08:59:41.047+0000] {dag.py:3954} INFO - Setting next_dagrun for f1_data_analytics to None, run_after=None
[2026-10-08T08:59:41.062+0000] {processor.py:183} INFO - Processing /opt/airflow/dags/f1_pipeline_dag.py took 0.106 seconds
[2026-10-08T09:00:11.272+0000] {processor.py:161} INFO - Started process (PID=5485) to work on /opt/airflow/dags/f1_pipeline_dag.py
[2026-10-08T09:00:11.273+0000] {processor.py:830} INFO - Processing file /opt/airflow/dags/f1_pipeline_dag.py for tasks to queue
[2026-10-08T09:00:11.275+0000] {logging_mixin.py:188} INFO - [2026-10-08T09:00:11.274+0000] {dagbag.py:545} INFO - Filling up the DagBag from /opt/airflow/dags/f1_pipeline_dag.py
[2026-10-08T09:00:11.295+0000] {processor.py:840} INFO - DAG(s) 'f1_data_analytics' retrieved from /opt/airflow/dags/f1_pipeline_dag.py
[2026-10-08T09:00:11.343+0000] {logging_mixin.py:188} INFO - [2026-10-08T09:00:11.343+0000] {dag.py:3096} INFO - Sync 1 DAGs
[2026-10-08T09:00:11.352+0000] {logging_mixin.py:188} INFO - [2026-10-08T09:00:11.351+0000] {dag.py:3954} INFO - Setting next_dagrun for f1_data_analytics to None, run_after=None
[2026-10-08T09:00:11.366+0000] {processor.py:183} INFO - Processing /opt/airflow/dags/f1_pipeline_dag.py took 0.104 seconds
[2026-10-08T09:00:41.569+0000] {processor.py:161} INFO - Started process (PID=5486) to work on /opt/airflow/dags/f1_pipeline_dag.py
[2026-10-08T09:00:41.572+0000] {processor.py:830} INFO - Processing file /opt/airflow/dags/f1_pipeline_dag.py for tasks to queue
[2026-10-08T09:00:41.574+0000] {logging_mixin.py:188} INFO - [2026-10-08T09:00:41.573+0000] {dagbag.py:545} INFO - Filling up the DagBag from /opt/airflow/dags/f1_pipeline_dag.py
[2026-10-08T09:00:41.591+0000] {processor.py:840} INFO - DAG(s) 'f1_data_analytics' retrieved from /opt/airflow/dags/f1_pipeline_dag.py
[2026-10-08T09:00:41.640+0000] {logging_mixin.py:188} INFO - [2026-10-08T09:00:41.640+0000] {dag.py:3096} INFO - Sync 1 DAGs
[2026-10-08T09:00:41.649+0000] {logging_mixin.py:188} INFO - [2026-10-08T09:00:41.649+0000] {dag.py:3954} INFO - Setting next_dagrun for f1_data_analytics to None, run_after=None
[2026-10-08T09:00:41.665+0000] {processor.py:183} INFO - Processing /opt/airflow/dags/f1_pipeline_dag.py took 0.106 seconds
[2026-10-08T09:01:11.871+0000] {processor.py:161} INFO - Started process (PID=5487) to work on /opt/airflow/dags/f1_pipeline_dag.py
[2026-10-08T09:01:11.874+0000] {processor.py:830} INFO - Processing file /opt/airflow/dags/f1_pipeline_dag.py for tasks to queue
[2026-10-08T09:01:11.876+0000] {logging_mixin.py:188} INFO - [2026-10-08T09:01:11.875+0000] {dagbag.py:545} INFO - Filling up the DagBag from /opt/airflow/dags/f1_pipeline_dag.py
[2026-10-08T09:01:11.895+0000] {processor.py:840} INFO - DAG(s) 'f1_data_analytics' retrieved from /opt/airflow/dags/f1_pipeline_dag.py
[2026-10-08T09:01:11.943+0000] {logging_mixin.py:188} INFO - [2026-10-08T09:01:11.943+0000] {dag.py:3096} INFO - Sync 1 DAGs
[2026-10-08T09:01:11.954+0000] {logging_mixin.py:188} INFO - [2026-10-08T09:01:11.954+0000] {dag.py:3954} INFO - Setting next_dagrun for f1_data_analytics to None, run_after=None
[2026-10-08T09:01:11.977+0000] {processor.py:183} INFO - Processing /opt/airflow/dags/f1_pipeline_dag.py took 0.116 seconds
[2026-10-08T09:01:42.171+0000] {processor.py:161} INFO - Started process (PID=5488) to work on /opt/airflow/dags/f1_pipeline_dag.py
[2026-10-08T09:01:42.172+0000] {processor.py:830} INFO - Processing file /opt/airflow/dags/f1_pipeline_dag.py for tasks to queue
[2026-10-08T09:01:42.173+0000] {logging_mixin.py:188} INFO - [2026-10-08T09:01:42.173+0000] {dagbag.py:545} INFO - Filling up the DagBag from /opt/airflow/dags/f1_pipeline_dag.py
[2026-10-08T09:01:42.193+0000] {processor.py:840} INFO - DAG(s) 'f1_data_analytics' retrieved from /opt/airflow/dags/f1_pipeline_dag.py
[2026-10-08T09:01:42.241+0000] {logging_mixin.py:188} INFO - [2026-10-08T09:01:42.241+0000] {dag.py:3096} INFO - Sync 1 DAGs
[2026-10-08T09:01:42.250+0000] {logging_mixin.py:188} INFO - [2026-10-08T09:01:42.250+0000] {dag.py:3954} INFO - Setting next_dagrun for f1_data_analytics to None, run_after=None
[2026-10-08T09:01:42.266+0000] {processor.py:183} INFO - Processing /opt/airflow/dags/f1_pipeline_dag.py took 0.106 seconds
[2026-10-08T09:02:12.476+0000] {processor.py:161} INFO - Started process (PID=5489) to work on /opt/airflow/dags/f1_pipeline_dag.py
[2026-10-08T09:02:12.479+0000] {processor.py:830} INFO - Processing file /opt/airflow/dags/f1_pipeline_dag.py for tasks to queue
[2026-10-08T09:02:12.481+0000] {logging_mixin.py:188} INFO - [2026-10-08T09:02:12.480+0000] {dagbag.py:545} INFO - Filling up the DagBag from /opt/airflow/dags/f1_pipeline_dag.py
[2026-10-08T09:02:12.500+0000] {processor.py:840} INFO - DAG(s) 'f1_data_analytics' retrieved from /opt/airflow/dags/f1_pipeline_dag.py
[2026-10-08T09:02:12.549+0000] {logging_mixin.py:188} INFO - [2026-10-08T09:02:12.549+0000] {dag.py:3096} INFO - Sync 1 DAGs
[2026-10-08T09:02:12.558+0000] {logging_mixin.py:188} INFO - [2026-10-08T09:02:12.558+0000] {dag.py:3954} INFO - Setting next_dagrun for f1_data_analytics to None, run_after=None
[2026-10-08T09:02:12.573+0000] {processor.py:183} INFO - Processing /opt/airflow/dags/f1_pipeline_dag.py took 0.107 seconds
[2026-10-08T09:02:42.779+0000] {processor.py:161} INFO - Started process (PID=5490) to work on /opt/airflow/dags/f1_pipeline_dag.py
[2026-10-08T09:02:42.780+0000] {processor.py:830} INFO - Processing file /opt/airflow/dags/f1_pipeline_dag.py for tasks to queue
[2026-10-08T09:02:42.782+0000] {logging_mixin.py:188} INFO - [2026-10-08T09:02:42.781+0000] {dagbag.py:545} INFO - Filling up the DagBag from /opt/airflow/dags/f1_pipeline_dag.py
[2026-10-08T09:02:42.801+0000] {processor.py:840} INFO - DAG(s) 'f1_data_analytics' retrieved from /opt/airflow/dags/f1_pipeline_dag.py
[2026-10-08T09:02:42.848+0000] {logging_mixin.py:188} INFO - [2026-10-08T09:02:42.848+0000] {dag.py:3096} INFO - Sync 1 DAGs
[2026-10-08T09:02:42.857+0000] {logging_mixin.py:188} INFO - [2026-10-08T09:02:42.857+0000] {dag.py:3954} INFO - Setting next_dagrun for f1_data_analytics to None, run_after=None
[2026-10-08T09:02:42.872+0000] {processor.py:183} INFO - Processing /opt/airflow/dags/f1_pipeline_dag.py took 0.103 seconds
[2026-10-08T09:03:13.086+0000] {processor.py:161} INFO - Started process (PID=5491) to work on /opt/airflow/dags/f1_pipeline_dag.py
[2026-10-08T09:03:13.089+0000] {processor.py:830} INFO - Processing file /opt/airflow/dags/f1_pipeline_dag.py for tasks to queue
[2026-10-08T09:03:13.091+0000] {logging_mixin.py:188} INFO - [2026-10-08T09:03:13.091+0000] {dagbag.py:545} INFO - Filling up the DagBag from /opt/airflow/dags/f1_pipeline_dag.py
[2026-10-08T09:03:13.111+0000] {processor.py:840} INFO - DAG(s) 'f1_data_analytics' retrieved from /opt/airflow/dags/f1_pipeline_dag.py
[2026-10-08T09:03:13.160+0000] {logging_mixin.py:188} INFO - [2026-10-08T09:03:13.160+0000] {dag.py:3096} INFO - Sync 1 DAGs
[2026-10-08T09:03:13.169+0000] {logging_mixin.py:188} INFO - [2026-10-08T09:03:13.169+0000] {dag.py:3954} INFO - Setting next_dagrun for f1_data_analytics to None, run_after=None
[2026-10-08T09:03:13.184+0000] {processor.py:183} INFO - Processing /opt/airflow/dags/f1_pipeline_dag.py took 0.108 seconds
[2026-10-08T09:03:43.387+0000] {processor.py:161} INFO - Started process (PID=5492) to work on /opt/airflow/dags/f1_pipeline_dag.py
[2026-10-08T09:03:43.388+0000] {processor.py:830} INFO - Processing file /opt/airflow/dags/f1_pipeline_dag.py for tasks to queue
[2026-10-08T09:03:43.390+0000] {logging_mixin.py:188} INFO - [2026-10-08T09:03:43.389+0000] {dagbag.py:545} INFO - Filling up the DagBag from /opt/airflow/dags/f1_pipeline_dag.py
[2026-10-08T09:03:43.409+0000] {processor.py:840} INFO - DAG(s) 'f1_data_analytics' retrieved from /opt/airflow/dags/f1_pipeline_dag.py
[2026-10-08T09:03:43.457+0000] {logging_mixin.py:188} INFO - [2026-10-08T09:03:43.457+0000] {dag.py:3096} INFO - Sync 1 DAGs
[2026-10-08T09:03:43.466+0000] {logging_mixin.py:188} INFO - [2026-10-08T09:03:43.465+0000] {dag.py:3954} INFO - Setting next_dagrun for f1_data_analytics to None, run_after=None
[2026-10-08T09:03:43.481+0000] {processor.py:183} INFO - Processing /opt/airflow/dags/f1_pipeline_dag.py took 0.104 seconds
[2026-10-08T09:04:13.696+0000] {processor.py:161} INFO - Started process (PID=5493) to work on /opt/airflow/dags/f1_pipeline_dag.py
[2026-10-08T09:04:13.706+0000] {processor.py:830} INFO - Processing file /opt/airflow/dags/f1_pipeline_dag.py for tasks to queue
[2026-10-08T09:04:13.708+0000] {logging_mixin.py:188} INFO - [2026-10-08T09:04:13.707+0000] {dagbag.py:545} INFO - Filling up the DagBag from /opt/airflow/dags/f1_pipeline_dag.py
[2026-10-08T09:04:13.726+0000] {processor.py:840} INFO - DAG(s) 'f1_data_analytics' retrieved from /opt/airflow/dags/f1_pipeline_dag.py
[2026-10-08T09:04:13.775+0000] {logging_mixin.py:188} INFO - [2026-10-08T09:04:13.775+0000] {dag.py:3096} INFO - Sync 1 DAGs
[2026-10-08T09:04:13.786+0000] {logging_mixin.py:188} INFO - [2026-10-08T09:04:13.785+0000] {dag.py:3954} INFO - Setting next_dagrun for f1_data_analytics to None, run_after=None
[2026-10-08T09:04:13.801+0000] {processor.py:183} INFO - Processing /opt/airflow/dags/f1_pipeline_dag.py took 0.114 seconds
[2026-10-08T09:04:43.998+0000] {processor.py:161} INFO - Started process (PID=5494) to work on /opt/airflow/dags/f1_pipeline_dag.py
[2026-10-08T09:04:44.000+0000] {processor.py:830} INFO - Processing file /opt/airflow/dags/f1_pipeline_dag.py for tasks to queue
[2026-10-08T09:04:44.001+0000] {logging_mixin.py:188} INFO - [2026-10-08T09:04:44.001+0000] {dagbag.py:545} INFO - Filling up the DagBag from /opt/airflow/dags/f1_pipeline_dag.py
[2026-10-08T09:04:44.020+0000] {processor.py:840} INFO - DAG(s) 'f1_data_analytics' retrieved from /opt/airflow/dags/f1_pipeline_dag.py
[2026-10-08T09:04:44.069+0000] {logging_mixin.py:188} INFO - [2026-10-08T09:04:44.068+0000] {dag.py:3096} INFO - Sync 1 DAGs
[2026-10-08T09:04:44.077+0000] {logging_mixin.py:188} INFO - [2026-10-08T09:04:44.077+0000] {dag.py:3954} INFO - Setting next_dagrun for f1_data_analytics to None, run_after=None
[2026-10-08T09:04:44.092+0000] {processor.py:183} INFO - Processing /opt/airflow/dags/f1_pipeline_dag.py took 0.104 seconds
[2026-10-08T09:05:14.301+0000] {processor.py:161} INFO - Started process (PID=5495) to work on /opt/airflow/dags/f1_pipeline_dag.py
[2026-10-08T09:05:14.310+0000] {processor.py:830} INFO - Processing file /opt/airflow/dags/f1_pipeline_dag.py for tasks to queue
[2026-10-08T09:05:14.311+0000] {logging_mixin.py:188} INFO - [2026-10-08T09:05:14.311+0000] {dagbag.py:545} INFO - Filling up the DagBag from /opt/airflow/dags/f1_pipeline_dag.py
[2026-10-08T09:05:14.329+0000] {processor.py:840} INFO - DAG(s) 'f1_data_analytics' retrieved from /opt/airflow/dags/f1_pipeline_dag.py
[2026-10-08T09:05:14.379+0000] {logging_mixin.py:188} INFO - [2026-10-08T09:05:14.378+0000] {dag.py:3096} INFO - Sync 1 DAGs
[2026-10-08T09:05:14.388+0000] {logging_mixin.py:188} INFO - [2026-10-08T09:05:14.388+0000] {dag.py:3954} INFO - Setting next_dagrun for f1_data_analytics to None, run_after=None
[2026-10-08T09:05:14.403+0000] {processor.py:183} INFO - Processing /opt/airflow/dags/f1_pipeline_dag.py took 0.112 seconds
[2026-10-08T09:05:44.575+0000] {processor.py:161} INFO - Started process (PID=5496) to work on /opt/airflow/dags/f1_pipeline_dag.py
[2026-10-08T09:05:44.576+0000] {processor.py:830} INFO - Processing file /opt/airflow/dags/f1_pipeline_dag.py for tasks to queue
[2026-10-08T09:05:44.577+0000] {logging_mixin.py:188} INFO - [2026-10-08T09:05:44.576+0000] {dagbag.py:545} INFO - Filling up the DagBag from /opt/airflow/dags/f1_pipeline_dag.py
[2026-10-08T09:05:44.596+0000] {processor.py:840} INFO - DAG(s) 'f1_data_analytics' retrieved from /opt/airflow/dags/f1_pipeline_dag.py
[2026-10-08T09:05:44.644+0000] {logging_mixin.py:188} INFO - [2026-10-08T09:05:44.644+0000] {dag.py:3096} INFO - Sync 1 DAGs
[2026-10-08T09:05:44.654+0000] {logging_mixin.py:188} INFO - [2026-10-08T09:05:44.654+0000] {dag.py:3954} INFO - Setting next_dagrun for f1_data_analytics to None, run_after=None
[2026-10-08T09:05:44.672+0000] {processor.py:183} INFO - Processing /opt/airflow/dags/f1_pipeline_dag.py took 0.104 seconds
[2026-10-08T09:06:14.872+0000] {processor.py:161} INFO - Started process (PID=5497) to work on /opt/airflow/dags/f1_pipeline_dag.py
[2026-10-08T09:06:14.874+0000] {processor.py:830} INFO - Processing file /opt/airflow/dags/f1_pipeline_dag.py for tasks to queue
[2026-10-08T09:06:14.875+0000] {logging_mixin.py:188} INFO - [2026-10-08T09:06:14.874+0000] {dagbag.py:545} INFO - Filling up the DagBag from /opt/airflow/dags/f1_pipeline_dag.py
[2026-10-08T09:06:14.884+0000] {processor.py:840} INFO - DAG(s) 'f1_data_analytics' retrieved from /opt/airflow/dags/f1_pipeline_dag.py
[2026-10-08T09:06:14.914+0000] {logging_mixin.py:188} INFO - [2026-10-08T09:06:14.914+0000] {dag.py:3096} INFO - Sync 1 DAGs
[2026-10-08T09:06:14.923+0000] {logging_mixin.py:188} INFO - [2026-10-08T09:06:14.923+0000] {dag.py:3954} INFO - Setting next_dagrun for f1_data_analytics to None, run_after=None
[2026-10-08T09:06:14.938+0000] {processor.py:183} INFO - Processing /opt/airflow/dags/f1_pipeline_dag.py took 0.071 seconds
[2026-10-08T09:06:45.078+0000] {processor.py:161} INFO - Started process (PID=5498) to work on /opt/airflow/dags/f1_pipeline_dag.py
[2026-10-08T09:06:45.079+0000] {processor.py:830} INFO - Processing file /opt/airflow/dags/f1_pipeline_dag.py for tasks to queue
[2026-10-08T09:06:45.081+0000] {logging_mixin.py:188} INFO - [2026-10-08T09:06:45.080+0000] {dagbag.py:545} INFO - Filling up the DagBag from /opt/airflow/dags/f1_pipeline_dag.py
[2026-10-08T09:06:45.100+0000] {processor.py:840} INFO - DAG(s) 'f1_data_analytics' retrieved from /opt/airflow/dags/f1_pipeline_dag.py
[2026-10-08T09:06:45.161+0000] {logging_mixin.py:188} INFO - [2026-10-08T09:06:45.161+0000] {dag.py:3096} INFO - Sync 1 DAGs
[2026-10-08T09:06:45.178+0000] {logging_mixin.py:188} INFO - [2026-10-08T09:06:45.178+0000] {dag.py:3954} INFO - Setting next_dagrun for f1_data_analytics to None, run_after=None
[2026-10-08T09:06:45.214+0000] {processor.py:183} INFO - Processing /opt/airflow/dags/f1_pipeline_dag.py took 0.146 seconds
[2026-10-08T09:07:15.388+0000] {processor.py:161} INFO - Started process (PID=5499) to work on /opt/airflow/dags/f1_pipeline_dag.py
[2026-10-08T09:07:15.391+0000] {processor.py:830} INFO - Processing file /opt/airflow/dags/f1_pipeline_dag.py for tasks to queue
[2026-10-08T09:07:15.392+0000] {logging_mixin.py:188} INFO - [2026-10-08T09:07:15.392+0000] {dagbag.py:545} INFO - Filling up the DagBag from /opt/airflow/dags/f1_pipeline_dag.py
[2026-10-08T09:07:15.413+0000] {processor.py:840} INFO - DAG(s) 'f1_data_analytics' retrieved from /opt/airflow/dags/f1_pipeline_dag.py
[2026-10-08T09:07:15.481+0000] {logging_mixin.py:188} INFO - [2026-10-08T09:07:15.481+0000] {dag.py:3096} INFO - Sync 1 DAGs
[2026-10-08T09:07:15.502+0000] {logging_mixin.py:188} INFO - [2026-10-08T09:07:15.502+0000] {dag.py:3954} INFO - Setting next_dagrun for f1_data_analytics to None, run_after=None
[2026-10-08T09:07:15.531+0000] {processor.py:183} INFO - Processing /opt/airflow/dags/f1_pipeline_dag.py took 0.152 seconds
[2026-10-08T09:07:45.694+0000] {processor.py:161} INFO - Started process (PID=5500) to work on /opt/airflow/dags/f1_pipeline_dag.py
[2026-10-08T09:07:45.695+0000] {processor.py:830} INFO - Processing file /opt/airflow/dags/f1_pipeline_dag.py for tasks to queue
[2026-10-08T09:07:45.697+0000] {logging_mixin.py:188} INFO - [2026-10-08T09:07:45.696+0000] {dagbag.py:545} INFO - Filling up the DagBag from /opt/airflow/dags/f1_pipeline_dag.py
[2026-10-08T09:07:45.715+0000] {processor.py:840} INFO - DAG(s) 'f1_data_analytics' retrieved from /opt/airflow/dags/f1_pipeline_dag.py
[2026-10-08T09:07:45.781+0000] {logging_mixin.py:188} INFO - [2026-10-08T09:07:45.781+0000] {dag.py:3096} INFO - Sync 1 DAGs
[2026-10-08T09:07:45.799+0000] {logging_mixin.py:188} INFO - [2026-10-08T09:07:45.799+0000] {dag.py:3954} INFO - Setting next_dagrun for f1_data_analytics to None, run_after=None
[2026-10-08T09:07:45.830+0000] {processor.py:183} INFO - Processing /opt/airflow/dags/f1_pipeline_dag.py took 0.146 seconds
[2026-10-08T09:08:15.998+0000] {processor.py:161} INFO - Started process (PID=5501) to work on /opt/airflow/dags/f1_pipeline_dag.py
[2026-10-08T09:08:16.001+0000] {processor.py:830} INFO - Processing file /opt/airflow/dags/f1_pipeline_dag.py for tasks to queue
[2026-10-08T09:08:16.003+0000] {logging_mixin.py:188} INFO - [2026-10-08T09:08:16.002+0000] {dagbag.py:545} INFO - Filling up the DagBag from /opt/airflow/dags/f1_pipeline_dag.py
[2026-10-08T09:08:16.023+0000] {processor.py:840} INFO - DAG(s) 'f1_data_analytics' retrieved from /opt/airflow/dags/f1_pipeline_dag.py
[2026-10-08T09:08:16.090+0000] {logging_mixin.py:188} INFO - [2026-10-08T09:08:16.089+0000] {dag.py:3096} INFO - Sync 1 DAGs
[2026-10-08T09:08:16.107+0000] {logging_mixin.py:188} INFO - [2026-10-08T09:08:16.107+0000] {dag.py:3954} INFO - Setting next_dagrun for f1_data_analytics to None, run_after=None
[2026-10-08T09:08:16.138+0000] {processor.py:183} INFO - Processing /opt/airflow/dags/f1_pipeline_dag.py took 0.150 seconds
[2026-10-08T09:08:46.308+0000] {processor.py:161} INFO - Started process (PID=5502) to work on /opt/airflow/dags/f1_pipeline_dag.py
[2026-10-08T09:08:46.309+0000] {processor.py:830} INFO - Processing file /opt/airflow/dags/f1_pipeline_dag.py for tasks to queue
[2026-10-08T09:08:46.310+0000] {logging_mixin.py:188} INFO - [2026-10-08T09:08:46.310+0000] {dagbag.py:545} INFO - Filling up the DagBag from /opt/airflow/dags/f1_pipeline_dag.py
[2026-10-08T09:08:46.330+0000] {processor.py:840} INFO - DAG(s) 'f1_data_analytics' retrieved from /opt/airflow/dags/f1_pipeline_dag.py
[2026-10-08T09:08:46.393+0000] {logging_mixin.py:188} INFO - [2026-10-08T09:08:46.392+0000] {dag.py:3096} INFO - Sync 1 DAGs
[2026-10-08T09:08:46.412+0000] {logging_mixin.py:188} INFO - [2026-10-08T09:08:46.411+0000] {dag.py:3954} INFO - Setting next_dagrun for f1_data_analytics to None, run_after=None
[2026-10-08T09:08:46.442+0000] {processor.py:183} INFO - Processing /opt/airflow/dags/f1_pipeline_dag.py took 0.144 seconds
[2026-10-08T09:09:16.611+0000] {processor.py:161} INFO - Started process (PID=5503) to work on /opt/airflow/dags/f1_pipeline_dag.py
[2026-10-08T09:09:16.615+0000] {processor.py:830} INFO - Processing file /opt/airflow/dags/f1_pipeline_dag.py for tasks to queue
[2026-10-08T09:09:16.617+0000] {logging_mixin.py:188} INFO - [2026-10-08T09:09:16.616+0000] {dagbag.py:545} INFO - Filling up the DagBag from /opt/airflow/dags/f1_pipeline_dag.py
[2026-10-08T09:09:16.635+0000] {processor.py:840} INFO - DAG(s) 'f1_data_analytics' retrieved from /opt/airflow/dags/f1_pipeline_dag.py
[2026-10-08T09:09:16.702+0000] {logging_mixin.py:188} INFO - [2026-10-08T09:09:16.701+0000] {dag.py:3096} INFO - Sync 1 DAGs
[2026-10-08T09:09:16.718+0000] {logging_mixin.py:188} INFO - [2026-10-08T09:09:16.718+0000] {dag.py:3954} INFO - Setting next_dagrun for f1_data_analytics to None, run_after=None
[2026-10-08T09:09:16.750+0000] {processor.py:183} INFO - Processing /opt/airflow/dags/f1_pipeline_dag.py took 0.147 seconds
[2026-10-08T09:09:46.919+0000] {processor.py:161} INFO - Started process (PID=5504) to work on /opt/airflow/dags/f1_pipeline_dag.py
[2026-10-08T09:09:46.921+0000] {processor.py:830} INFO - Processing file /opt/airflow/dags/f1_pipeline_dag.py for tasks to queue
[2026-10-08T09:09:46.922+0000] {logging_mixin.py:188} INFO - [2026-10-08T09:09:46.921+0000] {dagbag.py:545} INFO - Filling up the DagBag from /opt/airflow/dags/f1_pipeline_dag.py
[2026-10-08T09:09:46.942+0000] {processor.py:840} INFO - DAG(s) 'f1_data_analytics' retrieved from /opt/airflow/dags/f1_pipeline_dag.py
[2026-10-08T09:09:47.003+0000] {logging_mixin.py:188} INFO - [2026-10-08T09:09:47.003+0000] {dag.py:3096} INFO - Sync 1 DAGs
[2026-10-08T09:09:47.021+0000] {logging_mixin.py:188} INFO - [2026-10-08T09:09:47.021+0000] {dag.py:3954} INFO - Setting next_dagrun for f1_data_analytics to None, run_after=None
[2026-10-08T09:09:47.051+0000] {processor.py:183} INFO - Processing /opt/airflow/dags/f1_pipeline_dag.py took 0.142 seconds
[2026-10-08T09:10:17.230+0000] {processor.py:161} INFO - Started process (PID=5505) to work on /opt/airflow/dags/f1_pipeline_dag.py
[2026-10-08T09:10:17.233+0000] {processor.py:830} INFO - Processing file /opt/airflow/dags/f1_pipeline_dag.py for tasks to queue
[2026-10-08T09:10:17.234+0000] {logging_mixin.py:188} INFO - [2026-10-08T09:10:17.234+0000] {dagbag.py:545} INFO - Filling up the DagBag from /opt/airflow/dags/f1_pipeline_dag.py
[2026-10-08T09:10:17.254+0000] {processor.py:840} INFO - DAG(s) 'f1_data_analytics' retrieved from /opt/airflow/dags/f1_pipeline_dag.py
[2026-10-08T09:10:17.323+0000] {logging_mixin.py:188} INFO - [2026-10-08T09:10:17.323+0000] {dag.py:3096} INFO - Sync 1 DAGs
[2026-10-08T09:10:17.343+0000] {logging_mixin.py:188} INFO - [2026-10-08T09:10:17.343+0000] {dag.py:3954} INFO - Setting next_dagrun for f1_data_analytics to None, run_after=None
[2026-10-08T09:10:17.376+0000] {processor.py:183} INFO - Processing /opt/airflow/dags/f1_pipeline_dag.py took 0.157 seconds
[2026-10-08T09:10:47.536+0000] {processor.py:161} INFO - Started process (PID=5506) to work on /opt/airflow/dags/f1_pipeline_dag.py
[2026-10-08T09:10:47.537+0000] {processor.py:830} INFO - Processing file /opt/airflow/dags/f1_pipeline_dag.py for tasks to queue
[2026-10-08T09:10:47.539+0000] {logging_mixin.py:188} INFO - [2026-10-08T09:10:47.538+0000] {dagbag.py:545} INFO - Filling up the DagBag from /opt/airflow/dags/f1_pipeline_dag.py
[2026-10-08T09:10:47.557+0000] {processor.py:840} INFO - DAG(s) 'f1_data_analytics' retrieved from /opt/airflow/dags/f1_pipeline_dag.py
[2026-10-08T09:10:47.621+0000] {logging_mixin.py:188} INFO - [2026-10-08T09:10:47.620+0000] {dag.py:3096} INFO - Sync 1 DAGs
[2026-10-08T09:10:47.639+0000] {logging_mixin.py:188} INFO - [2026-10-08T09:10:47.638+0000] {dag.py:3954} INFO - Setting next_dagrun for f1_data_analytics to None, run_after=None
[2026-10-08T09:10:47.668+0000] {processor.py:183} INFO - Processing /opt/airflow/dags/f1_pipeline_dag.py took 0.142 seconds
[2026-10-08T09:11:17.848+0000] {processor.py:161} INFO - Started process (PID=5507) to work on /opt/airflow/dags/f1_pipeline_dag.py
[2026-10-08T09:11:17.851+0000] {processor.py:830} INFO - Processing file /opt/airflow/dags/f1_pipeline_dag.py for tasks to queue
[2026-10-08T09:11:17.853+0000] {logging_mixin.py:188} INFO - [2026-10-08T09:11:17.852+0000] {dagbag.py:545} INFO - Filling up the DagBag from /opt/airflow/dags/f1_pipeline_dag.py
[2026-10-08T09:11:17.875+0000] {processor.py:840} INFO - DAG(s) 'f1_data_analytics' retrieved from /opt/airflow/dags/f1_pipeline_dag.py
[2026-10-08T09:11:17.945+0000] {logging_mixin.py:188} INFO - [2026-10-08T09:11:17.945+0000] {dag.py:3096} INFO - Sync 1 DAGs
[2026-10-08T09:11:17.965+0000] {logging_mixin.py:188} INFO - [2026-10-08T09:11:17.964+0000] {dag.py:3954} INFO - Setting next_dagrun for f1_data_analytics to None, run_after=None
[2026-10-08T09:11:17.999+0000] {processor.py:183} INFO - Processing /opt/airflow/dags/f1_pipeline_dag.py took 0.162 seconds
[2026-10-08T09:11:48.157+0000] {processor.py:161} INFO - Started process (PID=5508) to work on /opt/airflow/dags/f1_pipeline_dag.py
[2026-10-08T09:11:48.158+0000] {processor.py:830} INFO - Processing file /opt/airflow/dags/f1_pipeline_dag.py for tasks to queue
[2026-10-08T09:11:48.160+0000] {logging_mixin.py:188} INFO - [2026-10-08T09:11:48.159+0000] {dagbag.py:545} INFO - Filling up the DagBag from /opt/airflow/dags/f1_pipeline_dag.py
[2026-10-08T09:11:48.181+0000] {processor.py:840} INFO - DAG(s) 'f1_data_analytics' retrieved from /opt/airflow/dags/f1_pipeline_dag.py
[2026-10-08T09:11:48.248+0000] {logging_mixin.py:188} INFO - [2026-10-08T09:11:48.247+0000] {dag.py:3096} INFO - Sync 1 DAGs
[2026-10-08T09:11:48.267+0000] {logging_mixin.py:188} INFO - [2026-10-08T09:11:48.266+0000] {dag.py:3954} INFO - Setting next_dagrun for f1_data_analytics to None, run_after=None
[2026-10-08T09:11:48.299+0000] {processor.py:183} INFO - Processing /opt/airflow/dags/f1_pipeline_dag.py took 0.153 seconds
[2026-10-08T09:12:18.464+0000] {processor.py:161} INFO - Started process (PID=5509) to work on /opt/airflow/dags/f1_pipeline_dag.py
[2026-10-08T09:12:18.467+0000] {processor.py:830} INFO - Processing file /opt/airflow/dags/f1_pipeline_dag.py for tasks to queue
[2026-10-08T09:12:18.468+0000] {logging_mixin.py:188} INFO - [2026-10-08T09:12:18.468+0000] {dagbag.py:545} INFO - Filling up the DagBag from /opt/airflow/dags/f1_pipeline_dag.py
[2026-10-08T09:12:18.489+0000] {processor.py:840} INFO - DAG(s) 'f1_data_analytics' retrieved from /opt/airflow/dags/f1_pipeline_dag.py
[2026-10-08T09:12:18.552+0000] {logging_mixin.py:188} INFO - [2026-10-08T09:12:18.552+0000] {dag.py:3096} INFO - Sync 1 DAGs
[2026-10-08T09:12:18.569+0000] {logging_mixin.py:188} INFO - [2026-10-08T09:12:18.569+0000] {dag.py:3954} INFO - Setting next_dagrun for f1_data_analytics to None, run_after=None
[2026-10-08T09:12:18.599+0000] {processor.py:183} INFO - Processing /opt/airflow/dags/f1_pipeline_dag.py took 0.146 seconds
[2026-10-08T09:12:48.767+0000] {processor.py:161} INFO - Started process (PID=5510) to work on /opt/airflow/dags/f1_pipeline_dag.py
[2026-10-08T09:12:48.768+0000] {processor.py:830} INFO - Processing file /opt/airflow/dags/f1_pipeline_dag.py for tasks to queue
[2026-10-08T09:12:48.769+0000] {logging_mixin.py:188} INFO - [2026-10-08T09:12:48.769+0000] {dagbag.py:545} INFO - Filling up the DagBag from /opt/airflow/dags/f1_pipeline_dag.py
[2026-10-08T09:12:48.789+0000] {processor.py:840} INFO - DAG(s) 'f1_data_analytics' retrieved from /opt/airflow/dags/f1_pipeline_dag.py
[2026-10-08T09:12:48.854+0000] {logging_mixin.py:188} INFO - [2026-10-08T09:12:48.853+0000] {dag.py:3096} INFO - Sync 1 DAGs
[2026-10-08T09:12:48.871+0000] {logging_mixin.py:188} INFO - [2026-10-08T09:12:48.870+0000] {dag.py:3954} INFO - Setting next_dagrun for f1_data_analytics to None, run_after=None
[2026-10-08T09:12:48.901+0000] {processor.py:183} INFO - Processing /opt/airflow/dags/f1_pipeline_dag.py took 0.145 seconds
[2026-10-08T09:13:19.069+0000] {processor.py:161} INFO - Started process (PID=5511) to work on /opt/airflow/dags/f1_pipeline_dag.py
[2026-10-08T09:13:19.072+0000] {processor.py:830} INFO - Processing file /opt/airflow/dags/f1_pipeline_dag.py for tasks to queue
[2026-10-08T09:13:19.074+0000] {logging_mixin.py:188} INFO - [2026-10-08T09:13:19.073+0000] {dagbag.py:545} INFO - Filling up the DagBag from /opt/airflow/dags/f1_pipeline_dag.py
[2026-10-08T09:13:19.093+0000] {processor.py:840} INFO - DAG(s) 'f1_data_analytics' retrieved from /opt/airflow/dags/f1_pipeline_dag.py
[2026-10-08T09:13:19.156+0000] {logging_mixin.py:188} INFO - [2026-10-08T09:13:19.155+0000] {dag.py:3096} INFO - Sync 1 DAGs
[2026-10-08T09:13:19.174+0000] {logging_mixin.py:188} INFO - [2026-10-08T09:13:19.173+0000] {dag.py:3954} INFO - Setting next_dagrun for f1_data_analytics to None, run_after=None
[2026-10-08T09:13:19.203+0000] {processor.py:183} INFO - Processing /opt/airflow/dags/f1_pipeline_dag.py took 0.144 seconds
[2026-10-08T09:13:49.377+0000] {processor.py:161} INFO - Started process (PID=5512) to work on /opt/airflow/dags/f1_pipeline_dag.py
[2026-10-08T09:13:49.379+0000] {processor.py:830} INFO - Processing file /opt/airflow/dags/f1_pipeline_dag.py for tasks to queue
[2026-10-08T09:13:49.380+0000] {logging_mixin.py:188} INFO - [2026-10-08T09:13:49.379+0000] {dagbag.py:545} INFO - Filling up the DagBag from /opt/airflow/dags/f1_pipeline_dag.py
[2026-10-08T09:13:49.398+0000] {processor.py:840} INFO - DAG(s) 'f1_data_analytics' retrieved from /opt/airflow/dags/f1_pipeline_dag.py
[2026-10-08T09:13:49.464+0000] {logging_mixin.py:188} INFO - [2026-10-08T09:13:49.464+0000] {dag.py:3096} INFO - Sync 1 DAGs
[2026-10-08T09:13:49.482+0000] {logging_mixin.py:188} INFO - [2026-10-08T09:13:49.482+0000] {dag.py:3954} INFO - Setting next_dagrun for f1_data_analytics to None, run_after=None
[2026-10-08T09:13:49.513+0000] {processor.py:183} INFO - Processing /opt/airflow/dags/f1_pipeline_dag.py took 0.145 seconds
[2026-10-08T09:14:19.691+0000] {processor.py:161} INFO - Started process (PID=5513) to work on /opt/airflow/dags/f1_pipeline_dag.py
[2026-10-08T09:14:19.692+0000] {processor.py:830} INFO - Processing file /opt/airflow/dags/f1_pipeline_dag.py for tasks to queue
[2026-10-08T09:14:19.693+0000] {logging_mixin.py:188} INFO - [2026-10-08T09:14:19.693+0000] {dagbag.py:545} INFO - Filling up the DagBag from /opt/airflow/dags/f1_pipeline_dag.py
[2026-10-08T09:14:19.714+0000] {processor.py:840} INFO - DAG(s) 'f1_data_analytics' retrieved from /opt/airflow/dags/f1_pipeline_dag.py
[2026-10-08T09:14:19.777+0000] {logging_mixin.py:188} INFO - [2026-10-08T09:14:19.777+0000] {dag.py:3096} INFO - Sync 1 DAGs
[2026-10-08T09:14:19.795+0000] {logging_mixin.py:188} INFO - [2026-10-08T09:14:19.795+0000] {dag.py:3954} INFO - Setting next_dagrun for f1_data_analytics to None, run_after=None
[2026-10-08T09:14:19.827+0000] {processor.py:183} INFO - Processing /opt/airflow/dags/f1_pipeline_dag.py took 0.146 seconds
[2026-10-08T09:14:49.992+0000] {processor.py:161} INFO - Started process (PID=5514) to work on /opt/airflow/dags/f1_pipeline_dag.py
[2026-10-08T09:14:50.000+0000] {processor.py:830} INFO - Processing file /opt/airflow/dags/f1_pipeline_dag.py for tasks to queue
[2026-10-08T09:14:50.001+0000] {logging_mixin.py:188} INFO - [2026-10-08T09:14:50.000+0000] {dagbag.py:545} INFO - Filling up the DagBag from /opt/airflow/dags/f1_pipeline_dag.py
[2026-10-08T09:14:50.018+0000] {processor.py:840} INFO - DAG(s) 'f1_data_analytics' retrieved from /opt/airflow/dags/f1_pipeline_dag.py
[2026-10-08T09:14:50.077+0000] {logging_mixin.py:188} INFO - [2026-10-08T09:14:50.077+0000] {dag.py:3096} INFO - Sync 1 DAGs
[2026-10-08T09:14:50.095+0000] {logging_mixin.py:188} INFO - [2026-10-08T09:14:50.094+0000] {dag.py:3954} INFO - Setting next_dagrun for f1_data_analytics to None, run_after=None
[2026-10-08T09:14:50.123+0000] {processor.py:183} INFO - Processing /opt/airflow/dags/f1_pipeline_dag.py took 0.140 seconds
[2026-10-08T09:15:20.296+0000] {processor.py:161} INFO - Started process (PID=5515) to work on /opt/airflow/dags/f1_pipeline_dag.py
[2026-10-08T09:15:20.297+0000] {processor.py:830} INFO - Processing file /opt/airflow/dags/f1_pipeline_dag.py for tasks to queue
[2026-10-08T09:15:20.298+0000] {logging_mixin.py:188} INFO - [2026-10-08T09:15:20.298+0000] {dagbag.py:545} INFO - Filling up the DagBag from /opt/airflow/dags/f1_pipeline_dag.py
[2026-10-08T09:15:20.316+0000] {processor.py:840} INFO - DAG(s) 'f1_data_analytics' retrieved from /opt/airflow/dags/f1_pipeline_dag.py
[2026-10-08T09:15:20.379+0000] {logging_mixin.py:188} INFO - [2026-10-08T09:15:20.379+0000] {dag.py:3096} INFO - Sync 1 DAGs
[2026-10-08T09:15:20.397+0000] {logging_mixin.py:188} INFO - [2026-10-08T09:15:20.397+0000] {dag.py:3954} INFO - Setting next_dagrun for f1_data_analytics to None, run_after=None
[2026-10-08T09:15:20.427+0000] {processor.py:183} INFO - Processing /opt/airflow/dags/f1_pipeline_dag.py took 0.140 seconds
[2026-10-08T09:15:50.595+0000] {processor.py:161} INFO - Started process (PID=5516) to work on /opt/airflow/dags/f1_pipeline_dag.py
[2026-10-08T09:15:50.598+0000] {processor.py:830} INFO - Processing file /opt/airflow/dags/f1_pipeline_dag.py for tasks to queue
[2026-10-08T09:15:50.599+0000] {logging_mixin.py:188} INFO - [2026-10-08T09:15:50.598+0000] {dagbag.py:545} INFO - Filling up the DagBag from /opt/airflow/dags/f1_pipeline_dag.py
[2026-10-08T09:15:50.617+0000] {processor.py:840} INFO - DAG(s) 'f1_data_analytics' retrieved from /opt/airflow/dags/f1_pipeline_dag.py
[2026-10-08T09:15:50.676+0000] {logging_mixin.py:188} INFO - [2026-10-08T09:15:50.675+0000] {dag.py:3096} INFO - Sync 1 DAGs
[2026-10-08T09:15:50.692+0000] {logging_mixin.py:188} INFO - [2026-10-08T09:15:50.692+0000] {dag.py:3954} INFO - Setting next_dagrun for f1_data_analytics to None, run_after=None
[2026-10-08T09:15:50.723+0000] {processor.py:183} INFO - Processing /opt/airflow/dags/f1_pipeline_dag.py took 0.137 seconds
[2026-10-08T09:16:20.896+0000] {processor.py:161} INFO - Started process (PID=5517) to work on /opt/airflow/dags/f1_pipeline_dag.py
[2026-10-08T09:16:20.897+0000] {processor.py:830} INFO - Processing file /opt/airflow/dags/f1_pipeline_dag.py for tasks to queue
[2026-10-08T09:16:20.899+0000] {logging_mixin.py:188} INFO - [2026-10-08T09:16:20.898+0000] {dagbag.py:545} INFO - Filling up the DagBag from /opt/airflow/dags/f1_pipeline_dag.py
[2026-10-08T09:16:20.920+0000] {processor.py:840} INFO - DAG(s) 'f1_data_analytics' retrieved from /opt/airflow/dags/f1_pipeline_dag.py
[2026-10-08T09:16:20.982+0000] {logging_mixin.py:188} INFO - [2026-10-08T09:16:20.981+0000] {dag.py:3096} INFO - Sync 1 DAGs
[2026-10-08T09:16:21.001+0000] {logging_mixin.py:188} INFO - [2026-10-08T09:16:21.001+0000] {dag.py:3954} INFO - Setting next_dagrun for f1_data_analytics to None, run_after=None
[2026-10-08T09:16:21.030+0000] {processor.py:183} INFO - Processing /opt/airflow/dags/f1_pipeline_dag.py took 0.145 seconds
[2026-10-08T09:16:51.163+0000] {processor.py:161} INFO - Started process (PID=5518) to work on /opt/airflow/dags/f1_pipeline_dag.py
[2026-10-08T09:16:51.171+0000] {processor.py:830} INFO - Processing file /opt/airflow/dags/f1_pipeline_dag.py for tasks to queue
[2026-10-08T09:16:51.172+0000] {logging_mixin.py:188} INFO - [2026-10-08T09:16:51.172+0000] {dagbag.py:545} INFO - Filling up the DagBag from /opt/airflow/dags/f1_pipeline_dag.py
[2026-10-08T09:16:51.178+0000] {processor.py:840} INFO - DAG(s) 'f1_data_analytics' retrieved from /opt/airflow/dags/f1_pipeline_dag.py
[2026-10-08T09:16:51.198+0000] {logging_mixin.py:188} INFO - [2026-10-08T09:16:51.198+0000] {dag.py:3096} INFO - Sync 1 DAGs
[2026-10-08T09:16:51.203+0000] {logging_mixin.py:188} INFO - [2026-10-08T09:16:51.203+0000] {dag.py:3954} INFO - Setting next_dagrun for f1_data_analytics to None, run_after=None
[2026-10-08T09:16:51.214+0000] {processor.py:183} INFO - Processing /opt/airflow/dags/f1_pipeline_dag.py took 0.054 seconds
[2026-10-08T09:17:21.325+0000] {processor.py:161} INFO - Started process (PID=5519) to work on /opt/airflow/dags/f1_pipeline_dag.py
[2026-10-08T09:17:21.325+0000] {processor.py:830} INFO - Processing file /opt/airflow/dags/f1_pipeline_dag.py for tasks to queue
[2026-10-08T09:17:21.325+0000] {logging_mixin.py:188} INFO - [2026-10-08T09:17:21.325+0000] {dagbag.py:545} INFO - Filling up the DagBag from /opt/airflow/dags/f1_pipeline_dag.py
[2026-10-08T09:17:21.331+0000] {processor.py:840} INFO - DAG(s) 'f1_data_analytics' retrieved from /opt/airflow/dags/f1_pipeline_dag.py
[2026-10-08T09:17:21.351+0000] {logging_mixin.py:188} INFO - [2026-10-08T09:17:21.351+0000] {dag.py:3096} INFO - Sync 1 DAGs
[2026-10-08T09:17:21.356+0000] {logging_mixin.py:188} INFO - [2026-10-08T09:17:21.356+0000] {dag.py:3954} INFO - Setting next_dagrun for f1_data_analytics to None, run_after=None
[2026-10-08T09:17:21.366+0000] {processor.py:183} INFO - Processing /opt/airflow/dags/f1_pipeline_dag.py took 0.045 seconds
[2026-10-08T09:17:51.447+0000] {processor.py:161} INFO - Started process (PID=5520) to work on /opt/airflow/dags/f1_pipeline_dag.py
[2026-10-08T09:17:51.456+0000] {processor.py:830} INFO - Processing file /opt/airflow/dags/f1_pipeline_dag.py for tasks to queue
[2026-10-08T09:17:51.456+0000] {logging_mixin.py:188} INFO - [2026-10-08T09:17:51.456+0000] {dagbag.py:545} INFO - Filling up the DagBag from /opt/airflow/dags/f1_pipeline_dag.py
[2026-10-08T09:17:51.468+0000] {processor.py:840} INFO - DAG(s) 'f1_data_analytics' retrieved from /opt/airflow/dags/f1_pipeline_dag.py
[2026-10-08T09:17:51.489+0000] {logging_mixin.py:188} INFO - [2026-10-08T09:17:51.489+0000] {dag.py:3096} INFO - Sync 1 DAGs
[2026-10-08T09:17:51.495+0000] {logging_mixin.py:188} INFO - [2026-10-08T09:17:51.494+0000] {dag.py:3954} INFO - Setting next_dagrun for f1_data_analytics to None, run_after=None
[2026-10-08T09:17:51.505+0000] {processor.py:183} INFO - Processing /opt/airflow/dags/f1_pipeline_dag.py took 0.062 seconds
[2026-10-08T09:18:21.620+0000] {processor.py:161} INFO - Started process (PID=5521) to work on /opt/airflow/dags/f1_pipeline_dag.py
[2026-10-08T09:18:21.620+0000] {processor.py:830} INFO - Processing file /opt/airflow/dags/f1_pipeline_dag.py for tasks to queue
[2026-10-08T09:18:21.621+0000] {logging_mixin.py:188} INFO - [2026-10-08T09:18:21.621+0000] {dagbag.py:545} INFO - Filling up the DagBag from /opt/airflow/dags/f1_pipeline_dag.py
[2026-10-08T09:18:21.627+0000] {processor.py:840} INFO - DAG(s) 'f1_data_analytics' retrieved from /opt/airflow/dags/f1_pipeline_dag.py
[2026-10-08T09:18:21.646+0000] {logging_mixin.py:188} INFO - [2026-10-08T09:18:21.646+0000] {dag.py:3096} INFO - Sync 1 DAGs
[2026-10-08T09:18:21.651+0000] {logging_mixin.py:188} INFO - [2026-10-08T09:18:21.651+0000] {dag.py:3954} INFO - Setting next_dagrun for f1_data_analytics to None, run_after=None
[2026-10-08T09:18:21.661+0000] {processor.py:183} INFO - Processing /opt/airflow/dags/f1_pipeline_dag.py took 0.045 seconds
[2026-10-08T09:18:51.794+0000] {processor.py:161} INFO - Started process (PID=5522) to work on /opt/airflow/dags/f1_pipeline_dag.py
[2026-10-08T09:18:51.803+0000] {processor.py:830} INFO - Processing file /opt/airflow/dags/f1_pipeline_dag.py for tasks to queue
[2026-10-08T09:18:51.804+0000] {logging_mixin.py:188} INFO - [2026-10-08T09:18:51.803+0000] {dagbag.py:545} INFO - Filling up the DagBag from /opt/airflow/dags/f1_pipeline_dag.py
[2026-10-08T09:18:51.816+0000] {processor.py:840} INFO - DAG(s) 'f1_data_analytics' retrieved from /opt/airflow/dags/f1_pipeline_dag.py
[2026-10-08T09:18:51.835+0000] {logging_mixin.py:188} INFO - [2026-10-08T09:18:51.835+0000] {dag.py:3096} INFO - Sync 1 DAGs
[2026-10-08T09:18:51.841+0000] {logging_mixin.py:188} INFO - [2026-10-08T09:18:51.841+0000] {dag.py:3954} INFO - Setting next_dagrun for f1_data_analytics to None, run_after=None
[2026-10-08T09:18:51.851+0000] {processor.py:183} INFO - Processing /opt/airflow/dags/f1_pipeline_dag.py took 0.063 seconds
[2026-10-08T09:19:21.966+0000] {processor.py:161} INFO - Started process (PID=5523) to work on /opt/airflow/dags/f1_pipeline_dag.py
[2026-10-08T09:19:21.967+0000] {processor.py:830} INFO - Processing file /opt/airflow/dags/f1_pipeline_dag.py for tasks to queue
[2026-10-08T09:19:21.967+0000] {logging_mixin.py:188} INFO - [2026-10-08T09:19:21.967+0000] {dagbag.py:545} INFO - Filling up the DagBag from /opt/airflow/dags/f1_pipeline_dag.py
[2026-10-08T09:19:21.973+0000] {processor.py:840} INFO - DAG(s) 'f1_data_analytics' retrieved from /opt/airflow/dags/f1_pipeline_dag.py
[2026-10-08T09:19:21.992+0000] {logging_mixin.py:188} INFO - [2026-10-08T09:19:21.992+0000] {dag.py:3096} INFO - Sync 1 DAGs
[2026-10-08T09:19:21.998+0000] {logging_mixin.py:188} INFO - [2026-10-08T09:19:21.998+0000] {dag.py:3954} INFO - Setting next_dagrun for f1_data_analytics to None, run_after=None
[2026-10-08T09:19:22.008+0000] {processor.py:183} INFO - Processing /opt/airflow/dags/f1_pipeline_dag.py took 0.046 seconds
[2026-10-08T09:19:52.141+0000] {processor.py:161} INFO - Started process (PID=5524) to work on /opt/airflow/dags/f1_pipeline_dag.py
[2026-10-08T09:19:52.144+0000] {processor.py:830} INFO - Processing file /opt/airflow/dags/f1_pipeline_dag.py for tasks to queue
[2026-10-08T09:19:52.144+0000] {logging_mixin.py:188} INFO - [2026-10-08T09:19:52.144+0000] {dagbag.py:545} INFO - Filling up the DagBag from /opt/airflow/dags/f1_pipeline_dag.py
[2026-10-08T09:19:52.154+0000] {processor.py:840} INFO - DAG(s) 'f1_data_analytics' retrieved from /opt/airflow/dags/f1_pipeline_dag.py
[2026-10-08T09:19:52.173+0000] {logging_mixin.py:188} INFO - [2026-10-08T09:19:52.173+0000] {dag.py:3096} INFO - Sync 1 DAGs
[2026-10-08T09:19:52.179+0000] {logging_mixin.py:188} INFO - [2026-10-08T09:19:52.179+0000] {dag.py:3954} INFO - Setting next_dagrun for f1_data_analytics to None, run_after=None
[2026-10-08T09:19:52.189+0000] {processor.py:183} INFO - Processing /opt/airflow/dags/f1_pipeline_dag.py took 0.052 seconds
[2026-10-08T09:20:22.310+0000] {processor.py:161} INFO - Started process (PID=5525) to work on /opt/airflow/dags/f1_pipeline_dag.py
[2026-10-08T09:20:22.310+0000] {processor.py:830} INFO - Processing file /opt/airflow/dags/f1_pipeline_dag.py for tasks to queue
[2026-10-08T09:20:22.311+0000] {logging_mixin.py:188} INFO - [2026-10-08T09:20:22.310+0000] {dagbag.py:545} INFO - Filling up the DagBag from /opt/airflow/dags/f1_pipeline_dag.py
[2026-10-08T09:20:22.317+0000] {processor.py:840} INFO - DAG(s) 'f1_data_analytics' retrieved from /opt/airflow/dags/f1_pipeline_dag.py
[2026-10-08T09:20:22.336+0000] {logging_mixin.py:188} INFO - [2026-10-08T09:20:22.336+0000] {dag.py:3096} INFO - Sync 1 DAGs
[2026-10-08T09:20:22.341+0000] {logging_mixin.py:188} INFO - [2026-10-08T09:20:22.341+0000] {dag.py:3954} INFO - Setting next_dagrun for f1_data_analytics to None, run_after=None
[2026-10-08T09:20:22.351+0000] {processor.py:183} INFO - Processing /opt/airflow/dags/f1_pipeline_dag.py took 0.046 seconds
[2026-10-08T09:20:52.477+0000] {processor.py:161} INFO - Started process (PID=5526) to work on /opt/airflow/dags/f1_pipeline_dag.py
[2026-10-08T09:20:52.479+0000] {processor.py:830} INFO - Processing file /opt/airflow/dags/f1_pipeline_dag.py for tasks to queue
[2026-10-08T09:20:52.480+0000] {logging_mixin.py:188} INFO - [2026-10-08T09:20:52.480+0000] {dagbag.py:545} INFO - Filling up the DagBag from /opt/airflow/dags/f1_pipeline_dag.py
[2026-10-08T09:20:52.489+0000] {processor.py:840} INFO - DAG(s) 'f1_data_analytics' retrieved from /opt/airflow/dags/f1_pipeline_dag.py
[2026-10-08T09:20:52.509+0000] {logging_mixin.py:188} INFO - [2026-10-08T09:20:52.508+0000] {dag.py:3096} INFO - Sync 1 DAGs
[2026-10-08T09:20:52.514+0000] {logging_mixin.py:188} INFO - [2026-10-08T09:20:52.514+0000] {dag.py:3954} INFO - Setting next_dagrun for f1_data_analytics to None, run_after=None
[2026-10-08T09:20:52.524+0000] {processor.py:183} INFO - Processing /opt/airflow/dags/f1_pipeline_dag.py took 0.052 seconds
[2026-10-08T09:21:22.644+0000] {processor.py:161} INFO - Started process (PID=5527) to work on /opt/airflow/dags/f1_pipeline_dag.py
[2026-10-08T09:21:22.645+0000] {processor.py:830} INFO - Processing file /opt/airflow/dags/f1_pipeline_dag.py for tasks to queue
[2026-10-08T09:21:22.647+0000] {logging_mixin.py:188} INFO - [2026-10-08T09:21:22.646+0000] {dagbag.py:545} INFO - Filling up the DagBag from /opt/airflow/dags/f1_pipeline_dag.py
[2026-10-08T09:21:22.656+0000] {processor.py:840} INFO - DAG(s) 'f1_data_analytics' retrieved from /opt/airflow/dags/f1_pipeline_dag.py
[2026-10-08T09:21:22.676+0000] {logging_mixin.py:188} INFO - [2026-10-08T09:21:22.676+0000] {dag.py:3096} INFO - Sync 1 DAGs
[2026-10-08T09:21:22.681+0000] {logging_mixin.py:188} INFO - [2026-10-08T09:21:22.681+0000] {dag.py:3954} INFO - Setting next_dagrun for f1_data_analytics to None, run_after=None
[2026-10-08T09:21:22.691+0000] {processor.py:183} INFO - Processing /opt/airflow/dags/f1_pipeline_dag.py took 0.055 seconds
[2026-10-08T09:21:52.827+0000] {processor.py:161} INFO - Started process (PID=5528) to work on /opt/airflow/dags/f1_pipeline_dag.py
[2026-10-08T09:21:52.831+0000] {processor.py:830} INFO - Processing file /opt/airflow/dags/f1_pipeline_dag.py for tasks to queue
[2026-10-08T09:21:52.832+0000] {logging_mixin.py:188} INFO - [2026-10-08T09:21:52.831+0000] {dagbag.py:545} INFO - Filling up the DagBag from /opt/airflow/dags/f1_pipeline_dag.py
[2026-10-08T09:21:52.841+0000] {processor.py:840} INFO - DAG(s) 'f1_data_analytics' retrieved from /opt/airflow/dags/f1_pipeline_dag.py
[2026-10-08T09:21:52.860+0000] {logging_mixin.py:188} INFO - [2026-10-08T09:21:52.860+0000] {dag.py:3096} INFO - Sync 1 DAGs
[2026-10-08T09:21:52.866+0000] {logging_mixin.py:188} INFO - [2026-10-08T09:21:52.865+0000] {dag.py:3954} INFO - Setting next_dagrun for f1_data_analytics to None, run_after=None
[2026-10-08T09:21:52.876+0000] {processor.py:183} INFO - Processing /opt/airflow/dags/f1_pipeline_dag.py took 0.059 seconds
[2026-10-08T09:22:23.011+0000] {processor.py:161} INFO - Started process (PID=5529) to work on /opt/airflow/dags/f1_pipeline_dag.py
[2026-10-08T09:22:23.011+0000] {processor.py:830} INFO - Processing file /opt/airflow/dags/f1_pipeline_dag.py for tasks to queue
[2026-10-08T09:22:23.012+0000] {logging_mixin.py:188} INFO - [2026-10-08T09:22:23.012+0000] {dagbag.py:545} INFO - Filling up the DagBag from /opt/airflow/dags/f1_pipeline_dag.py
[2026-10-08T09:22:23.018+0000] {processor.py:840} INFO - DAG(s) 'f1_data_analytics' retrieved from /opt/airflow/dags/f1_pipeline_dag.py
[2026-10-08T09:22:23.037+0000] {logging_mixin.py:188} INFO - [2026-10-08T09:22:23.037+0000] {dag.py:3096} INFO - Sync 1 DAGs
[2026-10-08T09:22:23.043+0000] {logging_mixin.py:188} INFO - [2026-10-08T09:22:23.043+0000] {dag.py:3954} INFO - Setting next_dagrun for f1_data_analytics to None, run_after=None
[2026-10-08T09:22:23.053+0000] {processor.py:183} INFO - Processing /opt/airflow/dags/f1_pipeline_dag.py took 0.045 seconds
[2026-10-08T09:22:53.201+0000] {processor.py:161} INFO - Started process (PID=5530) to work on /opt/airflow/dags/f1_pipeline_dag.py
[2026-10-08T09:22:53.204+0000] {processor.py:830} INFO - Processing file /opt/airflow/dags/f1_pipeline_dag.py for tasks to queue
[2026-10-08T09:22:53.205+0000] {logging_mixin.py:188} INFO - [2026-10-08T09:22:53.205+0000] {dagbag.py:545} INFO - Filling up the DagBag from /opt/airflow/dags/f1_pipeline_dag.py
[2026-10-08T09:22:53.216+0000] {processor.py:840} INFO - DAG(s) 'f1_data_analytics' retrieved from /opt/airflow/dags/f1_pipeline_dag.py
[2026-10-08T09:22:53.235+0000] {logging_mixin.py:188} INFO - [2026-10-08T09:22:53.235+0000] {dag.py:3096} INFO - Sync 1 DAGs
[2026-10-08T09:22:53.241+0000] {logging_mixin.py:188} INFO - [2026-10-08T09:22:53.241+0000] {dag.py:3954} INFO - Setting next_dagrun for f1_data_analytics to None, run_after=None
[2026-10-08T09:22:53.251+0000] {processor.py:183} INFO - Processing /opt/airflow/dags/f1_pipeline_dag.py took 0.058 seconds
[2026-10-08T09:23:23.339+0000] {processor.py:161} INFO - Started process (PID=5531) to work on /opt/airflow/dags/f1_pipeline_dag.py
[2026-10-08T09:23:23.339+0000] {processor.py:830} INFO - Processing file /opt/airflow/dags/f1_pipeline_dag.py for tasks to queue
[2026-10-08T09:23:23.340+0000] {logging_mixin.py:188} INFO - [2026-10-08T09:23:23.340+0000] {dagbag.py:545} INFO - Filling up the DagBag from /opt/airflow/dags/f1_pipeline_dag.py
[2026-10-08T09:23:23.346+0000] {processor.py:840} INFO - DAG(s) 'f1_data_analytics' retrieved from /opt/airflow/dags/f1_pipeline_dag.py
[2026-10-08T09:23:23.365+0000] {logging_mixin.py:188} INFO - [2026-10-08T09:23:23.364+0000] {dag.py:3096} INFO - Sync 1 DAGs
[2026-10-08T09:23:23.370+0000] {logging_mixin.py:188} INFO - [2026-10-08T09:23:23.370+0000] {dag.py:3954} INFO - Setting next_dagrun for f1_data_analytics to None, run_after=None
[2026-10-08T09:23:23.380+0000] {processor.py:183} INFO - Processing /opt/airflow/dags/f1_pipeline_dag.py took 0.045 seconds
[2026-10-08T09:23:53.506+0000] {processor.py:161} INFO - Started process (PID=5532) to work on /opt/airflow/dags/f1_pipeline_dag.py
[2026-10-08T09:23:53.508+0000] {processor.py:830} INFO - Processing file /opt/airflow/dags/f1_pipeline_dag.py for tasks to queue
[2026-10-08T09:23:53.508+0000] {logging_mixin.py:188} INFO - [2026-10-08T09:23:53.508+0000] {dagbag.py:545} INFO - Filling up the DagBag from /opt/airflow/dags/f1_pipeline_dag.py
[2026-10-08T09:23:53.517+0000] {processor.py:840} INFO - DAG(s) 'f1_data_analytics' retrieved from /opt/airflow/dags/f1_pipeline_dag.py
[2026-10-08T09:23:53.537+0000] {logging_mixin.py:188} INFO - [2026-10-08T09:23:53.536+0000] {dag.py:3096} INFO - Sync 1 DAGs
[2026-10-08T09:23:53.542+0000] {logging_mixin.py:188} INFO - [2026-10-08T09:23:53.542+0000] {dag.py:3954} INFO - Setting next_dagrun for f1_data_analytics to None, run_after=None
[2026-10-08T09:23:53.552+0000] {processor.py:183} INFO - Processing /opt/airflow/dags/f1_pipeline_dag.py took 0.052 seconds
[2026-10-08T09:24:23.674+0000] {processor.py:161} INFO - Started process (PID=5533) to work on /opt/airflow/dags/f1_pipeline_dag.py
[2026-10-08T09:24:23.674+0000] {processor.py:830} INFO - Processing file /opt/airflow/dags/f1_pipeline_dag.py for tasks to queue
[2026-10-08T09:24:23.675+0000] {logging_mixin.py:188} INFO - [2026-10-08T09:24:23.675+0000] {dagbag.py:545} INFO - Filling up the DagBag from /opt/airflow/dags/f1_pipeline_dag.py
[2026-10-08T09:24:23.681+0000] {processor.py:840} INFO - DAG(s) 'f1_data_analytics' retrieved from /opt/airflow/dags/f1_pipeline_dag.py
[2026-10-08T09:24:23.700+0000] {logging_mixin.py:188} INFO - [2026-10-08T09:24:23.700+0000] {dag.py:3096} INFO - Sync 1 DAGs
[2026-10-08T09:24:23.705+0000] {logging_mixin.py:188} INFO - [2026-10-08T09:24:23.705+0000] {dag.py:3954} INFO - Setting next_dagrun for f1_data_analytics to None, run_after=None
[2026-10-08T09:24:23.715+0000] {processor.py:183} INFO - Processing /opt/airflow/dags/f1_pipeline_dag.py took 0.045 seconds
[2026-10-08T09:24:53.845+0000] {processor.py:161} INFO - Started process (PID=5534) to work on /opt/airflow/dags/f1_pipeline_dag.py
[2026-10-08T09:24:53.847+0000] {processor.py:830} INFO - Processing file /opt/airflow/dags/f1_pipeline_dag.py for tasks to queue
[2026-10-08T09:24:53.848+0000] {logging_mixin.py:188} INFO - [2026-10-08T09:24:53.848+0000] {dagbag.py:545} INFO - Filling up the DagBag from /opt/airflow/dags/f1_pipeline_dag.py
[2026-10-08T09:24:53.857+0000] {processor.py:840} INFO - DAG(s) 'f1_data_analytics' retrieved from /opt/airflow/dags/f1_pipeline_dag.py
[2026-10-08T09:24:53.876+0000] {logging_mixin.py:188} INFO - [2026-10-08T09:24:53.876+0000] {dag.py:3096} INFO - Sync 1 DAGs
[2026-10-08T09:24:53.882+0000] {logging_mixin.py:188} INFO - [2026-10-08T09:24:53.882+0000] {dag.py:3954} INFO - Setting next_dagrun for f1_data_analytics to None, run_after=None
[2026-10-08T09:24:53.893+0000] {processor.py:183} INFO - Processing /opt/airflow/dags/f1_pipeline_dag.py took 0.053 seconds
[2026-10-08T09:25:24.027+0000] {processor.py:161} INFO - Started process (PID=5535) to work on /opt/airflow/dags/f1_pipeline_dag.py
[2026-10-08T09:25:24.028+0000] {processor.py:830} INFO - Processing file /opt/airflow/dags/f1_pipeline_dag.py for tasks to queue
[2026-10-08T09:25:24.028+0000] {logging_mixin.py:188} INFO - [2026-10-08T09:25:24.028+0000] {dagbag.py:545} INFO - Filling up the DagBag from /opt/airflow/dags/f1_pipeline_dag.py
[2026-10-08T09:25:24.034+0000] {processor.py:840} INFO - DAG(s) 'f1_data_analytics' retrieved from /opt/airflow/dags/f1_pipeline_dag.py
[2026-10-08T09:25:24.053+0000] {logging_mixin.py:188} INFO - [2026-10-08T09:25:24.053+0000] {dag.py:3096} INFO - Sync 1 DAGs
[2026-10-08T09:25:24.059+0000] {logging_mixin.py:188} INFO - [2026-10-08T09:25:24.059+0000] {dag.py:3954} INFO - Setting next_dagrun for f1_data_analytics to None, run_after=None
[2026-10-08T09:25:24.069+0000] {processor.py:183} INFO - Processing /opt/airflow/dags/f1_pipeline_dag.py took 0.046 seconds
[2026-10-08T09:25:54.204+0000] {processor.py:161} INFO - Started process (PID=5536) to work on /opt/airflow/dags/f1_pipeline_dag.py
[2026-10-08T09:25:54.206+0000] {processor.py:830} INFO - Processing file /opt/airflow/dags/f1_pipeline_dag.py for tasks to queue
[2026-10-08T09:25:54.207+0000] {logging_mixin.py:188} INFO - [2026-10-08T09:25:54.206+0000] {dagbag.py:545} INFO - Filling up the DagBag from /opt/airflow/dags/f1_pipeline_dag.py
[2026-10-08T09:25:54.216+0000] {processor.py:840} INFO - DAG(s) 'f1_data_analytics' retrieved from /opt/airflow/dags/f1_pipeline_dag.py
[2026-10-08T09:25:54.235+0000] {logging_mixin.py:188} INFO - [2026-10-08T09:25:54.235+0000] {dag.py:3096} INFO - Sync 1 DAGs
[2026-10-08T09:25:54.241+0000] {logging_mixin.py:188} INFO - [2026-10-08T09:25:54.241+0000] {dag.py:3954} INFO - Setting next_dagrun for f1_data_analytics to None, run_after=None
[2026-10-08T09:25:54.251+0000] {processor.py:183} INFO - Processing /opt/airflow/dags/f1_pipeline_dag.py took 0.052 seconds
[2026-10-08T09:26:24.376+0000] {processor.py:161} INFO - Started process (PID=5537) to work on /opt/airflow/dags/f1_pipeline_dag.py
[2026-10-08T09:26:24.377+0000] {processor.py:830} INFO - Processing file /opt/airflow/dags/f1_pipeline_dag.py for tasks to queue
[2026-10-08T09:26:24.377+0000] {logging_mixin.py:188} INFO - [2026-10-08T09:26:24.377+0000] {dagbag.py:545} INFO - Filling up the DagBag from /opt/airflow/dags/f1_pipeline_dag.py
[2026-10-08T09:26:24.383+0000] {processor.py:840} INFO - DAG(s) 'f1_data_analytics' retrieved from /opt/airflow/dags/f1_pipeline_dag.py
[2026-10-08T09:26:24.402+0000] {logging_mixin.py:188} INFO - [2026-10-08T09:26:24.402+0000] {dag.py:3096} INFO - Sync 1 DAGs
[2026-10-08T09:26:24.408+0000] {logging_mixin.py:188} INFO - [2026-10-08T09:26:24.408+0000] {dag.py:3954} INFO - Setting next_dagrun for f1_data_analytics to None, run_after=None
[2026-10-08T09:26:24.418+0000] {processor.py:183} INFO - Processing /opt/airflow/dags/f1_pipeline_dag.py took 0.046 seconds
[2026-10-08T09:26:54.558+0000] {processor.py:161} INFO - Started process (PID=5538) to work on /opt/airflow/dags/f1_pipeline_dag.py
[2026-10-08T09:26:54.560+0000] {processor.py:830} INFO - Processing file /opt/airflow/dags/f1_pipeline_dag.py for tasks to queue
[2026-10-08T09:26:54.561+0000] {logging_mixin.py:188} INFO - [2026-10-08T09:26:54.561+0000] {dagbag.py:545} INFO - Filling up the DagBag from /opt/airflow/dags/f1_pipeline_dag.py
[2026-10-08T09:26:54.572+0000] {processor.py:840} INFO - DAG(s) 'f1_data_analytics' retrieved from /opt/airflow/dags/f1_pipeline_dag.py
[2026-10-08T09:26:54.591+0000] {logging_mixin.py:188} INFO - [2026-10-08T09:26:54.591+0000] {dag.py:3096} INFO - Sync 1 DAGs
[2026-10-08T09:26:54.596+0000] {logging_mixin.py:188} INFO - [2026-10-08T09:26:54.596+0000] {dag.py:3954} INFO - Setting next_dagrun for f1_data_analytics to None, run_after=None
[2026-10-08T09:26:54.607+0000] {processor.py:183} INFO - Processing /opt/airflow/dags/f1_pipeline_dag.py took 0.052 seconds
[2026-10-08T09:27:24.734+0000] {processor.py:161} INFO - Started process (PID=5539) to work on /opt/airflow/dags/f1_pipeline_dag.py
[2026-10-08T09:27:24.734+0000] {processor.py:830} INFO - Processing file /opt/airflow/dags/f1_pipeline_dag.py for tasks to queue
[2026-10-08T09:27:24.735+0000] {logging_mixin.py:188} INFO - [2026-10-08T09:27:24.734+0000] {dagbag.py:545} INFO - Filling up the DagBag from /opt/airflow/dags/f1_pipeline_dag.py
[2026-10-08T09:27:24.741+0000] {processor.py:840} INFO - DAG(s) 'f1_data_analytics' retrieved from /opt/airflow/dags/f1_pipeline_dag.py
[2026-10-08T09:27:24.760+0000] {logging_mixin.py:188} INFO - [2026-10-08T09:27:24.759+0000] {dag.py:3096} INFO - Sync 1 DAGs
[2026-10-08T09:27:24.765+0000] {logging_mixin.py:188} INFO - [2026-10-08T09:27:24.765+0000] {dag.py:3954} INFO - Setting next_dagrun for f1_data_analytics to None, run_after=None
[2026-10-08T09:27:24.775+0000] {processor.py:183} INFO - Processing /opt/airflow/dags/f1_pipeline_dag.py took 0.045 seconds
[2026-10-08T09:27:54.901+0000] {processor.py:161} INFO - Started process (PID=5540) to work on /opt/airflow/dags/f1_pipeline_dag.py
[2026-10-08T09:27:54.903+0000] {processor.py:830} INFO - Processing file /opt/airflow/dags/f1_pipeline_dag.py for tasks to queue
[2026-10-08T09:27:54.904+0000] {logging_mixin.py:188} INFO - [2026-10-08T09:27:54.904+0000] {dagbag.py:545} INFO - Filling up the DagBag from /opt/airflow/dags/f1_pipeline_dag.py
[2026-10-08T09:27:54.916+0000] {processor.py:840} INFO - DAG(s) 'f1_data_analytics' retrieved from /opt/airflow/dags/f1_pipeline_dag.py
[2026-10-08T09:27:54.936+0000] {logging_mixin.py:188} INFO - [2026-10-08T09:27:54.936+0000] {dag.py:3096} INFO - Sync 1 DAGs
[2026-10-08T09:27:54.942+0000] {logging_mixin.py:188} INFO - [2026-10-08T09:27:54.941+0000] {dag.py:3954} INFO - Setting next_dagrun for f1_data_analytics to None, run_after=None
[2026-10-08T09:27:54.952+0000] {processor.py:183} INFO - Processing /opt/airflow/dags/f1_pipeline_dag.py took 0.055 seconds
[2026-10-08T09:28:25.082+0000] {processor.py:161} INFO - Started process (PID=5541) to work on /opt/airflow/dags/f1_pipeline_dag.py
[2026-10-08T09:28:25.084+0000] {processor.py:830} INFO - Processing file /opt/airflow/dags/f1_pipeline_dag.py for tasks to queue
[2026-10-08T09:28:25.085+0000] {logging_mixin.py:188} INFO - [2026-10-08T09:28:25.085+0000] {dagbag.py:545} INFO - Filling up the DagBag from /opt/airflow/dags/f1_pipeline_dag.py
[2026-10-08T09:28:25.094+0000] {processor.py:840} INFO - DAG(s) 'f1_data_analytics' retrieved from /opt/airflow/dags/f1_pipeline_dag.py
[2026-10-08T09:28:25.113+0000] {logging_mixin.py:188} INFO - [2026-10-08T09:28:25.113+0000] {dag.py:3096} INFO - Sync 1 DAGs
[2026-10-08T09:28:25.119+0000] {logging_mixin.py:188} INFO - [2026-10-08T09:28:25.119+0000] {dag.py:3954} INFO - Setting next_dagrun for f1_data_analytics to None, run_after=None
[2026-10-08T09:28:25.129+0000] {processor.py:183} INFO - Processing /opt/airflow/dags/f1_pipeline_dag.py took 0.051 seconds
[2026-10-08T09:28:55.257+0000] {processor.py:161} INFO - Started process (PID=5542) to work on /opt/airflow/dags/f1_pipeline_dag.py
[2026-10-08T09:28:55.257+0000] {processor.py:830} INFO - Processing file /opt/airflow/dags/f1_pipeline_dag.py for tasks to queue
[2026-10-08T09:28:55.258+0000] {logging_mixin.py:188} INFO - [2026-10-08T09:28:55.257+0000] {dagbag.py:545} INFO - Filling up the DagBag from /opt/airflow/dags/f1_pipeline_dag.py
[2026-10-08T09:28:55.264+0000] {processor.py:840} INFO - DAG(s) 'f1_data_analytics' retrieved from /opt/airflow/dags/f1_pipeline_dag.py
[2026-10-08T09:28:55.283+0000] {logging_mixin.py:188} INFO - [2026-10-08T09:28:55.283+0000] {dag.py:3096} INFO - Sync 1 DAGs
[2026-10-08T09:28:55.288+0000] {logging_mixin.py:188} INFO - [2026-10-08T09:28:55.288+0000] {dag.py:3954} INFO - Setting next_dagrun for f1_data_analytics to None, run_after=None
[2026-10-08T09:28:55.299+0000] {processor.py:183} INFO - Processing /opt/airflow/dags/f1_pipeline_dag.py took 0.046 seconds
[2026-10-08T09:29:25.407+0000] {processor.py:161} INFO - Started process (PID=5543) to work on /opt/airflow/dags/f1_pipeline_dag.py
[2026-10-08T09:29:25.410+0000] {processor.py:830} INFO - Processing file /opt/airflow/dags/f1_pipeline_dag.py for tasks to queue
[2026-10-08T09:29:25.410+0000] {logging_mixin.py:188} INFO - [2026-10-08T09:29:25.410+0000] {dagbag.py:545} INFO - Filling up the DagBag from /opt/airflow/dags/f1_pipeline_dag.py
[2026-10-08T09:29:25.419+0000] {processor.py:840} INFO - DAG(s) 'f1_data_analytics' retrieved from /opt/airflow/dags/f1_pipeline_dag.py
[2026-10-08T09:29:25.438+0000] {logging_mixin.py:188} INFO - [2026-10-08T09:29:25.438+0000] {dag.py:3096} INFO - Sync 1 DAGs
[2026-10-08T09:29:25.444+0000] {logging_mixin.py:188} INFO - [2026-10-08T09:29:25.444+0000] {dag.py:3954} INFO - Setting next_dagrun for f1_data_analytics to None, run_after=None
[2026-10-08T09:29:25.454+0000] {processor.py:183} INFO - Processing /opt/airflow/dags/f1_pipeline_dag.py took 0.051 seconds
[2026-10-08T09:29:55.588+0000] {processor.py:161} INFO - Started process (PID=5544) to work on /opt/airflow/dags/f1_pipeline_dag.py
[2026-10-08T09:29:55.588+0000] {processor.py:830} INFO - Processing file /opt/airflow/dags/f1_pipeline_dag.py for tasks to queue
[2026-10-08T09:29:55.589+0000] {logging_mixin.py:188} INFO - [2026-10-08T09:29:55.588+0000] {dagbag.py:545} INFO - Filling up the DagBag from /opt/airflow/dags/f1_pipeline_dag.py
[2026-10-08T09:29:55.596+0000] {processor.py:840} INFO - DAG(s) 'f1_data_analytics' retrieved from /opt/airflow/dags/f1_pipeline_dag.py
[2026-10-08T09:29:55.620+0000] {logging_mixin.py:188} INFO - [2026-10-08T09:29:55.620+0000] {dag.py:3096} INFO - Sync 1 DAGs
[2026-10-08T09:29:55.627+0000] {logging_mixin.py:188} INFO - [2026-10-08T09:29:55.627+0000] {dag.py:3954} INFO - Setting next_dagrun for f1_data_analytics to None, run_after=None
[2026-10-08T09:29:55.639+0000] {processor.py:183} INFO - Processing /opt/airflow/dags/f1_pipeline_dag.py took 0.054 seconds
[2026-10-08T09:30:25.771+0000] {processor.py:161} INFO - Started process (PID=5545) to work on /opt/airflow/dags/f1_pipeline_dag.py
[2026-10-08T09:30:25.775+0000] {processor.py:830} INFO - Processing file /opt/airflow/dags/f1_pipeline_dag.py for tasks to queue
[2026-10-08T09:30:25.776+0000] {logging_mixin.py:188} INFO - [2026-10-08T09:30:25.775+0000] {dagbag.py:545} INFO - Filling up the DagBag from /opt/airflow/dags/f1_pipeline_dag.py
[2026-10-08T09:30:25.786+0000] {processor.py:840} INFO - DAG(s) 'f1_data_analytics' retrieved from /opt/airflow/dags/f1_pipeline_dag.py
[2026-10-08T09:30:25.805+0000] {logging_mixin.py:188} INFO - [2026-10-08T09:30:25.805+0000] {dag.py:3096} INFO - Sync 1 DAGs
[2026-10-08T09:30:25.810+0000] {logging_mixin.py:188} INFO - [2026-10-08T09:30:25.810+0000] {dag.py:3954} INFO - Setting next_dagrun for f1_data_analytics to None, run_after=None
[2026-10-08T09:30:25.820+0000] {processor.py:183} INFO - Processing /opt/airflow/dags/f1_pipeline_dag.py took 0.057 seconds
[2026-10-08T09:30:55.952+0000] {processor.py:161} INFO - Started process (PID=5546) to work on /opt/airflow/dags/f1_pipeline_dag.py
[2026-10-08T09:30:55.952+0000] {processor.py:830} INFO - Processing file /opt/airflow/dags/f1_pipeline_dag.py for tasks to queue
[2026-10-08T09:30:55.953+0000] {logging_mixin.py:188} INFO - [2026-10-08T09:30:55.953+0000] {dagbag.py:545} INFO - Filling up the DagBag from /opt/airflow/dags/f1_pipeline_dag.py
[2026-10-08T09:30:55.959+0000] {processor.py:840} INFO - DAG(s) 'f1_data_analytics' retrieved from /opt/airflow/dags/f1_pipeline_dag.py
[2026-10-08T09:30:55.981+0000] {logging_mixin.py:188} INFO - [2026-10-08T09:30:55.981+0000] {dag.py:3096} INFO - Sync 1 DAGs
[2026-10-08T09:30:55.988+0000] {logging_mixin.py:188} INFO - [2026-10-08T09:30:55.988+0000] {dag.py:3954} INFO - Setting next_dagrun for f1_data_analytics to None, run_after=None
[2026-10-08T09:30:56.003+0000] {processor.py:183} INFO - Processing /opt/airflow/dags/f1_pipeline_dag.py took 0.055 seconds
[2026-10-08T09:31:26.127+0000] {processor.py:161} INFO - Started process (PID=5547) to work on /opt/airflow/dags/f1_pipeline_dag.py
[2026-10-08T09:31:26.129+0000] {processor.py:830} INFO - Processing file /opt/airflow/dags/f1_pipeline_dag.py for tasks to queue
[2026-10-08T09:31:26.130+0000] {logging_mixin.py:188} INFO - [2026-10-08T09:31:26.130+0000] {dagbag.py:545} INFO - Filling up the DagBag from /opt/airflow/dags/f1_pipeline_dag.py
[2026-10-08T09:31:26.139+0000] {processor.py:840} INFO - DAG(s) 'f1_data_analytics' retrieved from /opt/airflow/dags/f1_pipeline_dag.py
[2026-10-08T09:31:26.163+0000] {logging_mixin.py:188} INFO - [2026-10-08T09:31:26.163+0000] {dag.py:3096} INFO - Sync 1 DAGs
[2026-10-08T09:31:26.170+0000] {logging_mixin.py:188} INFO - [2026-10-08T09:31:26.170+0000] {dag.py:3954} INFO - Setting next_dagrun for f1_data_analytics to None, run_after=None
[2026-10-08T09:31:26.182+0000] {processor.py:183} INFO - Processing /opt/airflow/dags/f1_pipeline_dag.py took 0.058 seconds
[2026-10-08T09:31:56.317+0000] {processor.py:161} INFO - Started process (PID=5548) to work on /opt/airflow/dags/f1_pipeline_dag.py
[2026-10-08T09:31:56.318+0000] {processor.py:830} INFO - Processing file /opt/airflow/dags/f1_pipeline_dag.py for tasks to queue
[2026-10-08T09:31:56.319+0000] {logging_mixin.py:188} INFO - [2026-10-08T09:31:56.319+0000] {dagbag.py:545} INFO - Filling up the DagBag from /opt/airflow/dags/f1_pipeline_dag.py
[2026-10-08T09:31:56.327+0000] {processor.py:840} INFO - DAG(s) 'f1_data_analytics' retrieved from /opt/airflow/dags/f1_pipeline_dag.py
[2026-10-08T09:31:56.349+0000] {logging_mixin.py:188} INFO - [2026-10-08T09:31:56.349+0000] {dag.py:3096} INFO - Sync 1 DAGs
[2026-10-08T09:31:56.355+0000] {logging_mixin.py:188} INFO - [2026-10-08T09:31:56.355+0000] {dag.py:3954} INFO - Setting next_dagrun for f1_data_analytics to None, run_after=None
[2026-10-08T09:31:56.365+0000] {processor.py:183} INFO - Processing /opt/airflow/dags/f1_pipeline_dag.py took 0.056 seconds
[2026-10-08T09:32:26.477+0000] {processor.py:161} INFO - Started process (PID=5549) to work on /opt/airflow/dags/f1_pipeline_dag.py
[2026-10-08T09:32:26.479+0000] {processor.py:830} INFO - Processing file /opt/airflow/dags/f1_pipeline_dag.py for tasks to queue
[2026-10-08T09:32:26.480+0000] {logging_mixin.py:188} INFO - [2026-10-08T09:32:26.479+0000] {dagbag.py:545} INFO - Filling up the DagBag from /opt/airflow/dags/f1_pipeline_dag.py
[2026-10-08T09:32:26.486+0000] {processor.py:840} INFO - DAG(s) 'f1_data_analytics' retrieved from /opt/airflow/dags/f1_pipeline_dag.py
[2026-10-08T09:32:26.507+0000] {logging_mixin.py:188} INFO - [2026-10-08T09:32:26.506+0000] {dag.py:3096} INFO - Sync 1 DAGs
[2026-10-08T09:32:26.513+0000] {logging_mixin.py:188} INFO - [2026-10-08T09:32:26.513+0000] {dag.py:3954} INFO - Setting next_dagrun for f1_data_analytics to None, run_after=None
[2026-10-08T09:32:26.523+0000] {processor.py:183} INFO - Processing /opt/airflow/dags/f1_pipeline_dag.py took 0.049 seconds
[2026-10-08T09:32:56.657+0000] {processor.py:161} INFO - Started process (PID=5550) to work on /opt/airflow/dags/f1_pipeline_dag.py
[2026-10-08T09:32:56.658+0000] {processor.py:830} INFO - Processing file /opt/airflow/dags/f1_pipeline_dag.py for tasks to queue
[2026-10-08T09:32:56.659+0000] {logging_mixin.py:188} INFO - [2026-10-08T09:32:56.658+0000] {dagbag.py:545} INFO - Filling up the DagBag from /opt/airflow/dags/f1_pipeline_dag.py
[2026-10-08T09:32:56.667+0000] {processor.py:840} INFO - DAG(s) 'f1_data_analytics' retrieved from /opt/airflow/dags/f1_pipeline_dag.py
[2026-10-08T09:32:56.689+0000] {logging_mixin.py:188} INFO - [2026-10-08T09:32:56.689+0000] {dag.py:3096} INFO - Sync 1 DAGs
[2026-10-08T09:32:56.695+0000] {logging_mixin.py:188} INFO - [2026-10-08T09:32:56.695+0000] {dag.py:3954} INFO - Setting next_dagrun for f1_data_analytics to None, run_after=None
[2026-10-08T09:32:56.706+0000] {processor.py:183} INFO - Processing /opt/airflow/dags/f1_pipeline_dag.py took 0.053 seconds
[2026-10-08T09:33:26.839+0000] {processor.py:161} INFO - Started process (PID=5551) to work on /opt/airflow/dags/f1_pipeline_dag.py
[2026-10-08T09:33:26.841+0000] {processor.py:830} INFO - Processing file /opt/airflow/dags/f1_pipeline_dag.py for tasks to queue
[2026-10-08T09:33:26.842+0000] {logging_mixin.py:188} INFO - [2026-10-08T09:33:26.842+0000] {dagbag.py:545} INFO - Filling up the DagBag from /opt/airflow/dags/f1_pipeline_dag.py
[2026-10-08T09:33:26.849+0000] {processor.py:840} INFO - DAG(s) 'f1_data_analytics' retrieved from /opt/airflow/dags/f1_pipeline_dag.py
[2026-10-08T09:33:26.870+0000] {logging_mixin.py:188} INFO - [2026-10-08T09:33:26.870+0000] {dag.py:3096} INFO - Sync 1 DAGs
[2026-10-08T09:33:26.876+0000] {logging_mixin.py:188} INFO - [2026-10-08T09:33:26.876+0000] {dag.py:3954} INFO - Setting next_dagrun for f1_data_analytics to None, run_after=None
[2026-10-08T09:33:26.887+0000] {processor.py:183} INFO - Processing /opt/airflow/dags/f1_pipeline_dag.py took 0.054 seconds
[2026-10-08T09:33:57.021+0000] {processor.py:161} INFO - Started process (PID=5552) to work on /opt/airflow/dags/f1_pipeline_dag.py
[2026-10-08T09:33:57.022+0000] {processor.py:830} INFO - Processing file /opt/airflow/dags/f1_pipeline_dag.py for tasks to queue
[2026-10-08T09:33:57.022+0000] {logging_mixin.py:188} INFO - [2026-10-08T09:33:57.022+0000] {dagbag.py:545} INFO - Filling up the DagBag from /opt/airflow/dags/f1_pipeline_dag.py
[2026-10-08T09:33:57.031+0000] {processor.py:840} INFO - DAG(s) 'f1_data_analytics' retrieved from /opt/airflow/dags/f1_pipeline_dag.py
[2026-10-08T09:33:57.051+0000] {logging_mixin.py:188} INFO - [2026-10-08T09:33:57.051+0000] {dag.py:3096} INFO - Sync 1 DAGs
[2026-10-08T09:33:57.057+0000] {logging_mixin.py:188} INFO - [2026-10-08T09:33:57.057+0000] {dag.py:3954} INFO - Setting next_dagrun for f1_data_analytics to None, run_after=None
[2026-10-08T09:33:57.069+0000] {processor.py:183} INFO - Processing /opt/airflow/dags/f1_pipeline_dag.py took 0.056 seconds
[2026-10-08T09:34:27.202+0000] {processor.py:161} INFO - Started process (PID=5553) to work on /opt/airflow/dags/f1_pipeline_dag.py
[2026-10-08T09:34:27.205+0000] {processor.py:830} INFO - Processing file /opt/airflow/dags/f1_pipeline_dag.py for tasks to queue
[2026-10-08T09:34:27.206+0000] {logging_mixin.py:188} INFO - [2026-10-08T09:34:27.205+0000] {dagbag.py:545} INFO - Filling up the DagBag from /opt/airflow/dags/f1_pipeline_dag.py
[2026-10-08T09:34:27.214+0000] {processor.py:840} INFO - DAG(s) 'f1_data_analytics' retrieved from /opt/airflow/dags/f1_pipeline_dag.py
[2026-10-08T09:34:27.234+0000] {logging_mixin.py:188} INFO - [2026-10-08T09:34:27.234+0000] {dag.py:3096} INFO - Sync 1 DAGs
[2026-10-08T09:34:27.240+0000] {logging_mixin.py:188} INFO - [2026-10-08T09:34:27.240+0000] {dag.py:3954} INFO - Setting next_dagrun for f1_data_analytics to None, run_after=None
[2026-10-08T09:34:27.251+0000] {processor.py:183} INFO - Processing /opt/airflow/dags/f1_pipeline_dag.py took 0.055 seconds
[2026-10-08T09:34:57.384+0000] {processor.py:161} INFO - Started process (PID=5554) to work on /opt/airflow/dags/f1_pipeline_dag.py
[2026-10-08T09:34:57.385+0000] {processor.py:830} INFO - Processing file /opt/airflow/dags/f1_pipeline_dag.py for tasks to queue
[2026-10-08T09:34:57.385+0000] {logging_mixin.py:188} INFO - [2026-10-08T09:34:57.385+0000] {dagbag.py:545} INFO - Filling up the DagBag from /opt/airflow/dags/f1_pipeline_dag.py
[2026-10-08T09:34:57.393+0000] {processor.py:840} INFO - DAG(s) 'f1_data_analytics' retrieved from /opt/airflow/dags/f1_pipeline_dag.py
[2026-10-08T09:34:57.413+0000] {logging_mixin.py:188} INFO - [2026-10-08T09:34:57.413+0000] {dag.py:3096} INFO - Sync 1 DAGs
[2026-10-08T09:34:57.419+0000] {logging_mixin.py:188} INFO - [2026-10-08T09:34:57.419+0000] {dag.py:3954} INFO - Setting next_dagrun for f1_data_analytics to None, run_after=None
[2026-10-08T09:34:57.430+0000] {processor.py:183} INFO - Processing /opt/airflow/dags/f1_pipeline_dag.py took 0.049 seconds
[2026-10-08T09:35:27.567+0000] {processor.py:161} INFO - Started process (PID=5555) to work on /opt/airflow/dags/f1_pipeline_dag.py
[2026-10-08T09:35:27.570+0000] {processor.py:830} INFO - Processing file /opt/airflow/dags/f1_pipeline_dag.py for tasks to queue
[2026-10-08T09:35:27.570+0000] {logging_mixin.py:188} INFO - [2026-10-08T09:35:27.570+0000] {dagbag.py:545} INFO - Filling up the DagBag from /opt/airflow/dags/f1_pipeline_dag.py
[2026-10-08T09:35:27.577+0000] {processor.py:840} INFO - DAG(s) 'f1_data_analytics' retrieved from /opt/airflow/dags/f1_pipeline_dag.py
[2026-10-08T09:35:27.600+0000] {logging_mixin.py:188} INFO - [2026-10-08T09:35:27.600+0000] {dag.py:3096} INFO - Sync 1 DAGs
[2026-10-08T09:35:27.606+0000] {logging_mixin.py:188} INFO - [2026-10-08T09:35:27.606+0000] {dag.py:3954} INFO - Setting next_dagrun for f1_data_analytics to None, run_after=None
[2026-10-08T09:35:27.618+0000] {processor.py:183} INFO - Processing /opt/airflow/dags/f1_pipeline_dag.py took 0.054 seconds
[2026-10-08T09:35:57.741+0000] {processor.py:161} INFO - Started process (PID=5556) to work on /opt/airflow/dags/f1_pipeline_dag.py
[2026-10-08T09:35:57.741+0000] {processor.py:830} INFO - Processing file /opt/airflow/dags/f1_pipeline_dag.py for tasks to queue
[2026-10-08T09:35:57.742+0000] {logging_mixin.py:188} INFO - [2026-10-08T09:35:57.742+0000] {dagbag.py:545} INFO - Filling up the DagBag from /opt/airflow/dags/f1_pipeline_dag.py
[2026-10-08T09:35:57.749+0000] {processor.py:840} INFO - DAG(s) 'f1_data_analytics' retrieved from /opt/airflow/dags/f1_pipeline_dag.py
[2026-10-08T09:35:57.771+0000] {logging_mixin.py:188} INFO - [2026-10-08T09:35:57.771+0000] {dag.py:3096} INFO - Sync 1 DAGs
[2026-10-08T09:35:57.778+0000] {logging_mixin.py:188} INFO - [2026-10-08T09:35:57.777+0000] {dag.py:3954} INFO - Setting next_dagrun for f1_data_analytics to None, run_after=None
[2026-10-08T09:35:57.789+0000] {processor.py:183} INFO - Processing /opt/airflow/dags/f1_pipeline_dag.py took 0.055 seconds
[2026-10-08T09:36:27.915+0000] {processor.py:161} INFO - Started process (PID=5557) to work on /opt/airflow/dags/f1_pipeline_dag.py
[2026-10-08T09:36:27.917+0000] {processor.py:830} INFO - Processing file /opt/airflow/dags/f1_pipeline_dag.py for tasks to queue
[2026-10-08T09:36:27.918+0000] {logging_mixin.py:188} INFO - [2026-10-08T09:36:27.917+0000] {dagbag.py:545} INFO - Filling up the DagBag from /opt/airflow/dags/f1_pipeline_dag.py
[2026-10-08T09:36:27.925+0000] {processor.py:840} INFO - DAG(s) 'f1_data_analytics' retrieved from /opt/airflow/dags/f1_pipeline_dag.py
[2026-10-08T09:36:27.946+0000] {logging_mixin.py:188} INFO - [2026-10-08T09:36:27.945+0000] {dag.py:3096} INFO - Sync 1 DAGs
[2026-10-08T09:36:27.951+0000] {logging_mixin.py:188} INFO - [2026-10-08T09:36:27.951+0000] {dag.py:3954} INFO - Setting next_dagrun for f1_data_analytics to None, run_after=None
[2026-10-08T09:36:27.962+0000] {processor.py:183} INFO - Processing /opt/airflow/dags/f1_pipeline_dag.py took 0.052 seconds
[2026-10-08T09:36:58.095+0000] {processor.py:161} INFO - Started process (PID=5558) to work on /opt/airflow/dags/f1_pipeline_dag.py
[2026-10-08T09:36:58.096+0000] {processor.py:830} INFO - Processing file /opt/airflow/dags/f1_pipeline_dag.py for tasks to queue
[2026-10-08T09:36:58.098+0000] {logging_mixin.py:188} INFO - [2026-10-08T09:36:58.097+0000] {dagbag.py:545} INFO - Filling up the DagBag from /opt/airflow/dags/f1_pipeline_dag.py
[2026-10-08T09:36:58.105+0000] {processor.py:840} INFO - DAG(s) 'f1_data_analytics' retrieved from /opt/airflow/dags/f1_pipeline_dag.py
[2026-10-08T09:36:58.127+0000] {logging_mixin.py:188} INFO - [2026-10-08T09:36:58.127+0000] {dag.py:3096} INFO - Sync 1 DAGs
[2026-10-08T09:36:58.132+0000] {logging_mixin.py:188} INFO - [2026-10-08T09:36:58.132+0000] {dag.py:3954} INFO - Setting next_dagrun for f1_data_analytics to None, run_after=None
[2026-10-08T09:36:58.144+0000] {processor.py:183} INFO - Processing /opt/airflow/dags/f1_pipeline_dag.py took 0.056 seconds
[2026-10-08T09:37:28.263+0000] {processor.py:161} INFO - Started process (PID=5559) to work on /opt/airflow/dags/f1_pipeline_dag.py
[2026-10-08T09:37:28.263+0000] {processor.py:830} INFO - Processing file /opt/airflow/dags/f1_pipeline_dag.py for tasks to queue
[2026-10-08T09:37:28.264+0000] {logging_mixin.py:188} INFO - [2026-10-08T09:37:28.264+0000] {dagbag.py:545} INFO - Filling up the DagBag from /opt/airflow/dags/f1_pipeline_dag.py
[2026-10-08T09:37:28.271+0000] {processor.py:840} INFO - DAG(s) 'f1_data_analytics' retrieved from /opt/airflow/dags/f1_pipeline_dag.py
[2026-10-08T09:37:28.293+0000] {logging_mixin.py:188} INFO - [2026-10-08T09:37:28.293+0000] {dag.py:3096} INFO - Sync 1 DAGs
[2026-10-08T09:37:28.300+0000] {logging_mixin.py:188} INFO - [2026-10-08T09:37:28.300+0000] {dag.py:3954} INFO - Setting next_dagrun for f1_data_analytics to None, run_after=None
[2026-10-08T09:37:28.311+0000] {processor.py:183} INFO - Processing /opt/airflow/dags/f1_pipeline_dag.py took 0.052 seconds
[2026-10-08T09:37:58.440+0000] {processor.py:161} INFO - Started process (PID=5560) to work on /opt/airflow/dags/f1_pipeline_dag.py
[2026-10-08T09:37:58.440+0000] {processor.py:830} INFO - Processing file /opt/airflow/dags/f1_pipeline_dag.py for tasks to queue
[2026-10-08T09:37:58.441+0000] {logging_mixin.py:188} INFO - [2026-10-08T09:37:58.441+0000] {dagbag.py:545} INFO - Filling up the DagBag from /opt/airflow/dags/f1_pipeline_dag.py
[2026-10-08T09:37:58.448+0000] {processor.py:840} INFO - DAG(s) 'f1_data_analytics' retrieved from /opt/airflow/dags/f1_pipeline_dag.py
[2026-10-08T09:37:58.472+0000] {logging_mixin.py:188} INFO - [2026-10-08T09:37:58.472+0000] {dag.py:3096} INFO - Sync 1 DAGs
[2026-10-08T09:37:58.479+0000] {logging_mixin.py:188} INFO - [2026-10-08T09:37:58.478+0000] {dag.py:3954} INFO - Setting next_dagrun for f1_data_analytics to None, run_after=None
[2026-10-08T09:37:58.492+0000] {processor.py:183} INFO - Processing /opt/airflow/dags/f1_pipeline_dag.py took 0.056 seconds
[2026-10-08T09:38:28.619+0000] {processor.py:161} INFO - Started process (PID=5561) to work on /opt/airflow/dags/f1_pipeline_dag.py
[2026-10-08T09:38:28.619+0000] {processor.py:830} INFO - Processing file /opt/airflow/dags/f1_pipeline_dag.py for tasks to queue
[2026-10-08T09:38:28.620+0000] {logging_mixin.py:188} INFO - [2026-10-08T09:38:28.620+0000] {dagbag.py:545} INFO - Filling up the DagBag from /opt/airflow/dags/f1_pipeline_dag.py
[2026-10-08T09:38:28.628+0000] {processor.py:840} INFO - DAG(s) 'f1_data_analytics' retrieved from /opt/airflow/dags/f1_pipeline_dag.py
[2026-10-08T09:38:28.651+0000] {logging_mixin.py:188} INFO - [2026-10-08T09:38:28.651+0000] {dag.py:3096} INFO - Sync 1 DAGs
[2026-10-08T09:38:28.658+0000] {logging_mixin.py:188} INFO - [2026-10-08T09:38:28.658+0000] {dag.py:3954} INFO - Setting next_dagrun for f1_data_analytics to None, run_after=None
[2026-10-08T09:38:28.670+0000] {processor.py:183} INFO - Processing /opt/airflow/dags/f1_pipeline_dag.py took 0.056 seconds
[2026-10-08T09:38:58.762+0000] {processor.py:161} INFO - Started process (PID=5562) to work on /opt/airflow/dags/f1_pipeline_dag.py
[2026-10-08T09:38:58.765+0000] {processor.py:830} INFO - Processing file /opt/airflow/dags/f1_pipeline_dag.py for tasks to queue
[2026-10-08T09:38:58.766+0000] {logging_mixin.py:188} INFO - [2026-10-08T09:38:58.765+0000] {dagbag.py:545} INFO - Filling up the DagBag from /opt/airflow/dags/f1_pipeline_dag.py
[2026-10-08T09:38:58.774+0000] {processor.py:840} INFO - DAG(s) 'f1_data_analytics' retrieved from /opt/airflow/dags/f1_pipeline_dag.py
[2026-10-08T09:38:58.795+0000] {logging_mixin.py:188} INFO - [2026-10-08T09:38:58.795+0000] {dag.py:3096} INFO - Sync 1 DAGs
[2026-10-08T09:38:58.801+0000] {logging_mixin.py:188} INFO - [2026-10-08T09:38:58.801+0000] {dag.py:3954} INFO - Setting next_dagrun for f1_data_analytics to None, run_after=None
[2026-10-08T09:38:58.811+0000] {processor.py:183} INFO - Processing /opt/airflow/dags/f1_pipeline_dag.py took 0.057 seconds
[2026-10-08T09:39:28.962+0000] {processor.py:161} INFO - Started process (PID=5563) to work on /opt/airflow/dags/f1_pipeline_dag.py
[2026-10-08T09:39:28.963+0000] {processor.py:830} INFO - Processing file /opt/airflow/dags/f1_pipeline_dag.py for tasks to queue
[2026-10-08T09:39:28.963+0000] {logging_mixin.py:188} INFO - [2026-10-08T09:39:28.963+0000] {dagbag.py:545} INFO - Filling up the DagBag from /opt/airflow/dags/f1_pipeline_dag.py
[2026-10-08T09:39:28.971+0000] {processor.py:840} INFO - DAG(s) 'f1_data_analytics' retrieved from /opt/airflow/dags/f1_pipeline_dag.py
[2026-10-08T09:39:28.999+0000] {logging_mixin.py:188} INFO - [2026-10-08T09:39:28.999+0000] {dag.py:3096} INFO - Sync 1 DAGs
[2026-10-08T09:39:29.005+0000] {logging_mixin.py:188} INFO - [2026-10-08T09:39:29.005+0000] {dag.py:3954} INFO - Setting next_dagrun for f1_data_analytics to None, run_after=None
[2026-10-08T09:39:29.018+0000] {processor.py:183} INFO - Processing /opt/airflow/dags/f1_pipeline_dag.py took 0.060 seconds
[2026-10-08T09:39:59.139+0000] {processor.py:161} INFO - Started process (PID=5564) to work on /opt/airflow/dags/f1_pipeline_dag.py
[2026-10-08T09:39:59.141+0000] {processor.py:830} INFO - Processing file /opt/airflow/dags/f1_pipeline_dag.py for tasks to queue
[2026-10-08T09:39:59.142+0000] {logging_mixin.py:188} INFO - [2026-10-08T09:39:59.141+0000] {dagbag.py:545} INFO - Filling up the DagBag from /opt/airflow/dags/f1_pipeline_dag.py
[2026-10-08T09:39:59.150+0000] {processor.py:840} INFO - DAG(s) 'f1_data_analytics' retrieved from /opt/airflow/dags/f1_pipeline_dag.py
[2026-10-08T09:39:59.171+0000] {logging_mixin.py:188} INFO - [2026-10-08T09:39:59.171+0000] {dag.py:3096} INFO - Sync 1 DAGs
[2026-10-08T09:39:59.177+0000] {logging_mixin.py:188} INFO - [2026-10-08T09:39:59.177+0000] {dag.py:3954} INFO - Setting next_dagrun for f1_data_analytics to None, run_after=None
[2026-10-08T09:39:59.189+0000] {processor.py:183} INFO - Processing /opt/airflow/dags/f1_pipeline_dag.py took 0.054 seconds
[2026-10-08T09:40:29.326+0000] {processor.py:161} INFO - Started process (PID=5565) to work on /opt/airflow/dags/f1_pipeline_dag.py
[2026-10-08T09:40:29.327+0000] {processor.py:830} INFO - Processing file /opt/airflow/dags/f1_pipeline_dag.py for tasks to queue
[2026-10-08T09:40:29.328+0000] {logging_mixin.py:188} INFO - [2026-10-08T09:40:29.327+0000] {dagbag.py:545} INFO - Filling up the DagBag from /opt/airflow/dags/f1_pipeline_dag.py
[2026-10-08T09:40:29.336+0000] {processor.py:840} INFO - DAG(s) 'f1_data_analytics' retrieved from /opt/airflow/dags/f1_pipeline_dag.py
[2026-10-08T09:40:29.357+0000] {logging_mixin.py:188} INFO - [2026-10-08T09:40:29.357+0000] {dag.py:3096} INFO - Sync 1 DAGs
[2026-10-08T09:40:29.444+0000] {logging_mixin.py:188} INFO - [2026-10-08T09:40:29.444+0000] {dag.py:3954} INFO - Setting next_dagrun for f1_data_analytics to None, run_after=None
[2026-10-08T09:40:29.455+0000] {processor.py:183} INFO - Processing /opt/airflow/dags/f1_pipeline_dag.py took 0.135 seconds
[2026-10-08T09:40:59.611+0000] {processor.py:161} INFO - Started process (PID=5566) to work on /opt/airflow/dags/f1_pipeline_dag.py
[2026-10-08T09:40:59.613+0000] {processor.py:830} INFO - Processing file /opt/airflow/dags/f1_pipeline_dag.py for tasks to queue
[2026-10-08T09:40:59.614+0000] {logging_mixin.py:188} INFO - [2026-10-08T09:40:59.614+0000] {dagbag.py:545} INFO - Filling up the DagBag from /opt/airflow/dags/f1_pipeline_dag.py
[2026-10-08T09:40:59.620+0000] {processor.py:840} INFO - DAG(s) 'f1_data_analytics' retrieved from /opt/airflow/dags/f1_pipeline_dag.py
[2026-10-08T09:40:59.641+0000] {logging_mixin.py:188} INFO - [2026-10-08T09:40:59.641+0000] {dag.py:3096} INFO - Sync 1 DAGs
[2026-10-08T09:40:59.648+0000] {logging_mixin.py:188} INFO - [2026-10-08T09:40:59.647+0000] {dag.py:3954} INFO - Setting next_dagrun for f1_data_analytics to None, run_after=None
[2026-10-08T09:40:59.658+0000] {processor.py:183} INFO - Processing /opt/airflow/dags/f1_pipeline_dag.py took 0.051 seconds
[2026-10-08T09:41:29.783+0000] {processor.py:161} INFO - Started process (PID=5567) to work on /opt/airflow/dags/f1_pipeline_dag.py
[2026-10-08T09:41:29.784+0000] {processor.py:830} INFO - Processing file /opt/airflow/dags/f1_pipeline_dag.py for tasks to queue
[2026-10-08T09:41:29.784+0000] {logging_mixin.py:188} INFO - [2026-10-08T09:41:29.784+0000] {dagbag.py:545} INFO - Filling up the DagBag from /opt/airflow/dags/f1_pipeline_dag.py
[2026-10-08T09:41:29.792+0000] {processor.py:840} INFO - DAG(s) 'f1_data_analytics' retrieved from /opt/airflow/dags/f1_pipeline_dag.py
[2026-10-08T09:41:29.812+0000] {logging_mixin.py:188} INFO - [2026-10-08T09:41:29.812+0000] {dag.py:3096} INFO - Sync 1 DAGs
[2026-10-08T09:41:29.818+0000] {logging_mixin.py:188} INFO - [2026-10-08T09:41:29.818+0000] {dag.py:3954} INFO - Setting next_dagrun for f1_data_analytics to None, run_after=None
[2026-10-08T09:41:29.829+0000] {processor.py:183} INFO - Processing /opt/airflow/dags/f1_pipeline_dag.py took 0.050 seconds
[2026-10-08T09:41:59.974+0000] {processor.py:161} INFO - Started process (PID=5568) to work on /opt/airflow/dags/f1_pipeline_dag.py
[2026-10-08T09:41:59.976+0000] {processor.py:830} INFO - Processing file /opt/airflow/dags/f1_pipeline_dag.py for tasks to queue
[2026-10-08T09:41:59.977+0000] {logging_mixin.py:188} INFO - [2026-10-08T09:41:59.977+0000] {dagbag.py:545} INFO - Filling up the DagBag from /opt/airflow/dags/f1_pipeline_dag.py
[2026-10-08T09:41:59.986+0000] {processor.py:840} INFO - DAG(s) 'f1_data_analytics' retrieved from /opt/airflow/dags/f1_pipeline_dag.py
[2026-10-08T09:42:00.008+0000] {logging_mixin.py:188} INFO - [2026-10-08T09:42:00.008+0000] {dag.py:3096} INFO - Sync 1 DAGs
[2026-10-08T09:42:00.015+0000] {logging_mixin.py:188} INFO - [2026-10-08T09:42:00.014+0000] {dag.py:3954} INFO - Setting next_dagrun for f1_data_analytics to None, run_after=None
[2026-10-08T09:42:00.025+0000] {processor.py:183} INFO - Processing /opt/airflow/dags/f1_pipeline_dag.py took 0.059 seconds
[2026-10-08T09:42:30.156+0000] {processor.py:161} INFO - Started process (PID=5570) to work on /opt/airflow/dags/f1_pipeline_dag.py
[2026-10-08T09:42:30.157+0000] {processor.py:830} INFO - Processing file /opt/airflow/dags/f1_pipeline_dag.py for tasks to queue
[2026-10-08T09:42:30.158+0000] {logging_mixin.py:188} INFO - [2026-10-08T09:42:30.158+0000] {dagbag.py:545} INFO - Filling up the DagBag from /opt/airflow/dags/f1_pipeline_dag.py
[2026-10-08T09:42:30.167+0000] {processor.py:840} INFO - DAG(s) 'f1_data_analytics' retrieved from /opt/airflow/dags/f1_pipeline_dag.py
[2026-10-08T09:42:30.188+0000] {logging_mixin.py:188} INFO - [2026-10-08T09:42:30.187+0000] {dag.py:3096} INFO - Sync 1 DAGs
[2026-10-08T09:42:30.194+0000] {logging_mixin.py:188} INFO - [2026-10-08T09:42:30.193+0000] {dag.py:3954} INFO - Setting next_dagrun for f1_data_analytics to None, run_after=None
[2026-10-08T09:42:30.204+0000] {processor.py:183} INFO - Processing /opt/airflow/dags/f1_pipeline_dag.py took 0.055 seconds
[2026-10-08T09:43:00.348+0000] {processor.py:161} INFO - Started process (PID=5571) to work on /opt/airflow/dags/f1_pipeline_dag.py
[2026-10-08T09:43:00.351+0000] {processor.py:830} INFO - Processing file /opt/airflow/dags/f1_pipeline_dag.py for tasks to queue
[2026-10-08T09:43:00.352+0000] {logging_mixin.py:188} INFO - [2026-10-08T09:43:00.351+0000] {dagbag.py:545} INFO - Filling up the DagBag from /opt/airflow/dags/f1_pipeline_dag.py
[2026-10-08T09:43:00.361+0000] {processor.py:840} INFO - DAG(s) 'f1_data_analytics' retrieved from /opt/airflow/dags/f1_pipeline_dag.py
[2026-10-08T09:43:00.382+0000] {logging_mixin.py:188} INFO - [2026-10-08T09:43:00.382+0000] {dag.py:3096} INFO - Sync 1 DAGs
[2026-10-08T09:43:00.388+0000] {logging_mixin.py:188} INFO - [2026-10-08T09:43:00.388+0000] {dag.py:3954} INFO - Setting next_dagrun for f1_data_analytics to None, run_after=None
[2026-10-08T09:43:00.399+0000] {processor.py:183} INFO - Processing /opt/airflow/dags/f1_pipeline_dag.py took 0.060 seconds
[2026-10-08T09:43:30.525+0000] {processor.py:161} INFO - Started process (PID=5572) to work on /opt/airflow/dags/f1_pipeline_dag.py
[2026-10-08T09:43:30.526+0000] {processor.py:830} INFO - Processing file /opt/airflow/dags/f1_pipeline_dag.py for tasks to queue
[2026-10-08T09:43:30.526+0000] {logging_mixin.py:188} INFO - [2026-10-08T09:43:30.526+0000] {dagbag.py:545} INFO - Filling up the DagBag from /opt/airflow/dags/f1_pipeline_dag.py
[2026-10-08T09:43:30.535+0000] {processor.py:840} INFO - DAG(s) 'f1_data_analytics' retrieved from /opt/airflow/dags/f1_pipeline_dag.py
[2026-10-08T09:43:30.556+0000] {logging_mixin.py:188} INFO - [2026-10-08T09:43:30.555+0000] {dag.py:3096} INFO - Sync 1 DAGs
[2026-10-08T09:43:30.644+0000] {logging_mixin.py:188} INFO - [2026-10-08T09:43:30.644+0000] {dag.py:3954} INFO - Setting next_dagrun for f1_data_analytics to None, run_after=None
[2026-10-08T09:43:30.655+0000] {processor.py:183} INFO - Processing /opt/airflow/dags/f1_pipeline_dag.py took 0.134 seconds
[2026-10-08T09:44:00.813+0000] {processor.py:161} INFO - Started process (PID=5573) to work on /opt/airflow/dags/f1_pipeline_dag.py
[2026-10-08T09:44:00.816+0000] {processor.py:830} INFO - Processing file /opt/airflow/dags/f1_pipeline_dag.py for tasks to queue
[2026-10-08T09:44:00.817+0000] {logging_mixin.py:188} INFO - [2026-10-08T09:44:00.816+0000] {dagbag.py:545} INFO - Filling up the DagBag from /opt/airflow/dags/f1_pipeline_dag.py
[2026-10-08T09:44:00.825+0000] {processor.py:840} INFO - DAG(s) 'f1_data_analytics' retrieved from /opt/airflow/dags/f1_pipeline_dag.py
[2026-10-08T09:44:00.846+0000] {logging_mixin.py:188} INFO - [2026-10-08T09:44:00.846+0000] {dag.py:3096} INFO - Sync 1 DAGs
[2026-10-08T09:44:00.853+0000] {logging_mixin.py:188} INFO - [2026-10-08T09:44:00.852+0000] {dag.py:3954} INFO - Setting next_dagrun for f1_data_analytics to None, run_after=None
[2026-10-08T09:44:00.863+0000] {processor.py:183} INFO - Processing /opt/airflow/dags/f1_pipeline_dag.py took 0.058 seconds
[2026-10-08T09:44:30.991+0000] {processor.py:161} INFO - Started process (PID=5574) to work on /opt/airflow/dags/f1_pipeline_dag.py
[2026-10-08T09:44:30.991+0000] {processor.py:830} INFO - Processing file /opt/airflow/dags/f1_pipeline_dag.py for tasks to queue
[2026-10-08T09:44:30.992+0000] {logging_mixin.py:188} INFO - [2026-10-08T09:44:30.992+0000] {dagbag.py:545} INFO - Filling up the DagBag from /opt/airflow/dags/f1_pipeline_dag.py
[2026-10-08T09:44:30.999+0000] {processor.py:840} INFO - DAG(s) 'f1_data_analytics' retrieved from /opt/airflow/dags/f1_pipeline_dag.py
[2026-10-08T09:44:31.022+0000] {logging_mixin.py:188} INFO - [2026-10-08T09:44:31.022+0000] {dag.py:3096} INFO - Sync 1 DAGs
[2026-10-08T09:44:31.029+0000] {logging_mixin.py:188} INFO - [2026-10-08T09:44:31.029+0000] {dag.py:3954} INFO - Setting next_dagrun for f1_data_analytics to None, run_after=None
[2026-10-08T09:44:31.041+0000] {processor.py:183} INFO - Processing /opt/airflow/dags/f1_pipeline_dag.py took 0.054 seconds
[2026-10-08T09:45:01.164+0000] {processor.py:161} INFO - Started process (PID=5575) to work on /opt/airflow/dags/f1_pipeline_dag.py
[2026-10-08T09:45:01.166+0000] {processor.py:830} INFO - Processing file /opt/airflow/dags/f1_pipeline_dag.py for tasks to queue
[2026-10-08T09:45:01.166+0000] {logging_mixin.py:188} INFO - [2026-10-08T09:45:01.166+0000] {dagbag.py:545} INFO - Filling up the DagBag from /opt/airflow/dags/f1_pipeline_dag.py
[2026-10-08T09:45:01.173+0000] {processor.py:840} INFO - DAG(s) 'f1_data_analytics' retrieved from /opt/airflow/dags/f1_pipeline_dag.py
[2026-10-08T09:45:01.196+0000] {logging_mixin.py:188} INFO - [2026-10-08T09:45:01.196+0000] {dag.py:3096} INFO - Sync 1 DAGs
[2026-10-08T09:45:01.203+0000] {logging_mixin.py:188} INFO - [2026-10-08T09:45:01.203+0000] {dag.py:3954} INFO - Setting next_dagrun for f1_data_analytics to None, run_after=None
[2026-10-08T09:45:01.215+0000] {processor.py:183} INFO - Processing /opt/airflow/dags/f1_pipeline_dag.py took 0.055 seconds
[2026-10-08T09:45:31.348+0000] {processor.py:161} INFO - Started process (PID=5576) to work on /opt/airflow/dags/f1_pipeline_dag.py
[2026-10-08T09:45:31.349+0000] {processor.py:830} INFO - Processing file /opt/airflow/dags/f1_pipeline_dag.py for tasks to queue
[2026-10-08T09:45:31.350+0000] {logging_mixin.py:188} INFO - [2026-10-08T09:45:31.350+0000] {dagbag.py:545} INFO - Filling up the DagBag from /opt/airflow/dags/f1_pipeline_dag.py
[2026-10-08T09:45:31.358+0000] {processor.py:840} INFO - DAG(s) 'f1_data_analytics' retrieved from /opt/airflow/dags/f1_pipeline_dag.py
[2026-10-08T09:45:31.379+0000] {logging_mixin.py:188} INFO - [2026-10-08T09:45:31.379+0000] {dag.py:3096} INFO - Sync 1 DAGs
[2026-10-08T09:45:31.385+0000] {logging_mixin.py:188} INFO - [2026-10-08T09:45:31.385+0000] {dag.py:3954} INFO - Setting next_dagrun for f1_data_analytics to None, run_after=None
[2026-10-08T09:45:31.395+0000] {processor.py:183} INFO - Processing /opt/airflow/dags/f1_pipeline_dag.py took 0.055 seconds
[2026-10-08T09:46:01.529+0000] {processor.py:161} INFO - Started process (PID=5577) to work on /opt/airflow/dags/f1_pipeline_dag.py
[2026-10-08T09:46:01.531+0000] {processor.py:830} INFO - Processing file /opt/airflow/dags/f1_pipeline_dag.py for tasks to queue
[2026-10-08T09:46:01.532+0000] {logging_mixin.py:188} INFO - [2026-10-08T09:46:01.532+0000] {dagbag.py:545} INFO - Filling up the DagBag from /opt/airflow/dags/f1_pipeline_dag.py
[2026-10-08T09:46:01.541+0000] {processor.py:840} INFO - DAG(s) 'f1_data_analytics' retrieved from /opt/airflow/dags/f1_pipeline_dag.py
[2026-10-08T09:46:01.562+0000] {logging_mixin.py:188} INFO - [2026-10-08T09:46:01.561+0000] {dag.py:3096} INFO - Sync 1 DAGs
[2026-10-08T09:46:01.568+0000] {logging_mixin.py:188} INFO - [2026-10-08T09:46:01.568+0000] {dag.py:3954} INFO - Setting next_dagrun for f1_data_analytics to None, run_after=None
[2026-10-08T09:46:01.579+0000] {processor.py:183} INFO - Processing /opt/airflow/dags/f1_pipeline_dag.py took 0.058 seconds
[2026-10-08T09:46:31.672+0000] {processor.py:161} INFO - Started process (PID=5578) to work on /opt/airflow/dags/f1_pipeline_dag.py
[2026-10-08T09:46:31.673+0000] {processor.py:830} INFO - Processing file /opt/airflow/dags/f1_pipeline_dag.py for tasks to queue
[2026-10-08T09:46:31.674+0000] {logging_mixin.py:188} INFO - [2026-10-08T09:46:31.673+0000] {dagbag.py:545} INFO - Filling up the DagBag from /opt/airflow/dags/f1_pipeline_dag.py
[2026-10-08T09:46:31.682+0000] {processor.py:840} INFO - DAG(s) 'f1_data_analytics' retrieved from /opt/airflow/dags/f1_pipeline_dag.py
[2026-10-08T09:46:31.704+0000] {logging_mixin.py:188} INFO - [2026-10-08T09:46:31.703+0000] {dag.py:3096} INFO - Sync 1 DAGs
[2026-10-08T09:46:31.799+0000] {logging_mixin.py:188} INFO - [2026-10-08T09:46:31.799+0000] {dag.py:3954} INFO - Setting next_dagrun for f1_data_analytics to None, run_after=None
[2026-10-08T09:46:31.811+0000] {processor.py:183} INFO - Processing /opt/airflow/dags/f1_pipeline_dag.py took 0.145 seconds
[2026-10-08T09:47:01.946+0000] {processor.py:161} INFO - Started process (PID=5579) to work on /opt/airflow/dags/f1_pipeline_dag.py
[2026-10-08T09:47:01.947+0000] {processor.py:830} INFO - Processing file /opt/airflow/dags/f1_pipeline_dag.py for tasks to queue
[2026-10-08T09:47:01.947+0000] {logging_mixin.py:188} INFO - [2026-10-08T09:47:01.947+0000] {dagbag.py:545} INFO - Filling up the DagBag from /opt/airflow/dags/f1_pipeline_dag.py
[2026-10-08T09:47:01.955+0000] {processor.py:840} INFO - DAG(s) 'f1_data_analytics' retrieved from /opt/airflow/dags/f1_pipeline_dag.py
[2026-10-08T09:47:01.979+0000] {logging_mixin.py:188} INFO - [2026-10-08T09:47:01.978+0000] {dag.py:3096} INFO - Sync 1 DAGs
[2026-10-08T09:47:01.985+0000] {logging_mixin.py:188} INFO - [2026-10-08T09:47:01.985+0000] {dag.py:3954} INFO - Setting next_dagrun for f1_data_analytics to None, run_after=None
[2026-10-08T09:47:01.996+0000] {processor.py:183} INFO - Processing /opt/airflow/dags/f1_pipeline_dag.py took 0.054 seconds
[2026-10-08T09:47:32.122+0000] {processor.py:161} INFO - Started process (PID=5580) to work on /opt/airflow/dags/f1_pipeline_dag.py
[2026-10-08T09:47:32.123+0000] {processor.py:830} INFO - Processing file /opt/airflow/dags/f1_pipeline_dag.py for tasks to queue
[2026-10-08T09:47:32.123+0000] {logging_mixin.py:188} INFO - [2026-10-08T09:47:32.123+0000] {dagbag.py:545} INFO - Filling up the DagBag from /opt/airflow/dags/f1_pipeline_dag.py
[2026-10-08T09:47:32.130+0000] {processor.py:840} INFO - DAG(s) 'f1_data_analytics' retrieved from /opt/airflow/dags/f1_pipeline_dag.py
[2026-10-08T09:47:32.152+0000] {logging_mixin.py:188} INFO - [2026-10-08T09:47:32.152+0000] {dag.py:3096} INFO - Sync 1 DAGs
[2026-10-08T09:47:32.158+0000] {logging_mixin.py:188} INFO - [2026-10-08T09:47:32.158+0000] {dag.py:3954} INFO - Setting next_dagrun for f1_data_analytics to None, run_after=None
[2026-10-08T09:47:32.169+0000] {processor.py:183} INFO - Processing /opt/airflow/dags/f1_pipeline_dag.py took 0.052 seconds
[2026-10-08T09:48:02.267+0000] {processor.py:161} INFO - Started process (PID=5581) to work on /opt/airflow/dags/f1_pipeline_dag.py
[2026-10-08T09:48:02.269+0000] {processor.py:830} INFO - Processing file /opt/airflow/dags/f1_pipeline_dag.py for tasks to queue
[2026-10-08T09:48:02.269+0000] {logging_mixin.py:188} INFO - [2026-10-08T09:48:02.269+0000] {dagbag.py:545} INFO - Filling up the DagBag from /opt/airflow/dags/f1_pipeline_dag.py
[2026-10-08T09:48:02.276+0000] {processor.py:840} INFO - DAG(s) 'f1_data_analytics' retrieved from /opt/airflow/dags/f1_pipeline_dag.py
[2026-10-08T09:48:02.299+0000] {logging_mixin.py:188} INFO - [2026-10-08T09:48:02.299+0000] {dag.py:3096} INFO - Sync 1 DAGs
[2026-10-08T09:48:02.305+0000] {logging_mixin.py:188} INFO - [2026-10-08T09:48:02.305+0000] {dag.py:3954} INFO - Setting next_dagrun for f1_data_analytics to None, run_after=None
[2026-10-08T09:48:02.316+0000] {processor.py:183} INFO - Processing /opt/airflow/dags/f1_pipeline_dag.py took 0.053 seconds
[2026-10-08T09:48:32.451+0000] {processor.py:161} INFO - Started process (PID=5582) to work on /opt/airflow/dags/f1_pipeline_dag.py
[2026-10-08T09:48:32.452+0000] {processor.py:830} INFO - Processing file /opt/airflow/dags/f1_pipeline_dag.py for tasks to queue
[2026-10-08T09:48:32.452+0000] {logging_mixin.py:188} INFO - [2026-10-08T09:48:32.452+0000] {dagbag.py:545} INFO - Filling up the DagBag from /opt/airflow/dags/f1_pipeline_dag.py
[2026-10-08T09:48:32.460+0000] {processor.py:840} INFO - DAG(s) 'f1_data_analytics' retrieved from /opt/airflow/dags/f1_pipeline_dag.py
[2026-10-08T09:48:32.484+0000] {logging_mixin.py:188} INFO - [2026-10-08T09:48:32.484+0000] {dag.py:3096} INFO - Sync 1 DAGs
[2026-10-08T09:48:32.490+0000] {logging_mixin.py:188} INFO - [2026-10-08T09:48:32.490+0000] {dag.py:3954} INFO - Setting next_dagrun for f1_data_analytics to None, run_after=None
[2026-10-08T09:48:32.502+0000] {processor.py:183} INFO - Processing /opt/airflow/dags/f1_pipeline_dag.py took 0.054 seconds
[2026-10-08T09:49:02.627+0000] {processor.py:161} INFO - Started process (PID=5583) to work on /opt/airflow/dags/f1_pipeline_dag.py
[2026-10-08T09:49:02.635+0000] {processor.py:830} INFO - Processing file /opt/airflow/dags/f1_pipeline_dag.py for tasks to queue
[2026-10-08T09:49:02.636+0000] {logging_mixin.py:188} INFO - [2026-10-08T09:49:02.636+0000] {dagbag.py:545} INFO - Filling up the DagBag from /opt/airflow/dags/f1_pipeline_dag.py
[2026-10-08T09:49:02.645+0000] {processor.py:840} INFO - DAG(s) 'f1_data_analytics' retrieved from /opt/airflow/dags/f1_pipeline_dag.py
[2026-10-08T09:49:02.667+0000] {logging_mixin.py:188} INFO - [2026-10-08T09:49:02.667+0000] {dag.py:3096} INFO - Sync 1 DAGs
[2026-10-08T09:49:02.674+0000] {logging_mixin.py:188} INFO - [2026-10-08T09:49:02.674+0000] {dag.py:3954} INFO - Setting next_dagrun for f1_data_analytics to None, run_after=None
[2026-10-08T09:49:02.686+0000] {processor.py:183} INFO - Processing /opt/airflow/dags/f1_pipeline_dag.py took 0.063 seconds
[2026-10-08T09:49:32.804+0000] {processor.py:161} INFO - Started process (PID=5584) to work on /opt/airflow/dags/f1_pipeline_dag.py
[2026-10-08T09:49:32.804+0000] {processor.py:830} INFO - Processing file /opt/airflow/dags/f1_pipeline_dag.py for tasks to queue
[2026-10-08T09:49:32.805+0000] {logging_mixin.py:188} INFO - [2026-10-08T09:49:32.805+0000] {dagbag.py:545} INFO - Filling up the DagBag from /opt/airflow/dags/f1_pipeline_dag.py
[2026-10-08T09:49:32.814+0000] {processor.py:840} INFO - DAG(s) 'f1_data_analytics' retrieved from /opt/airflow/dags/f1_pipeline_dag.py
[2026-10-08T09:49:32.835+0000] {logging_mixin.py:188} INFO - [2026-10-08T09:49:32.835+0000] {dag.py:3096} INFO - Sync 1 DAGs
[2026-10-08T09:49:32.932+0000] {logging_mixin.py:188} INFO - [2026-10-08T09:49:32.932+0000] {dag.py:3954} INFO - Setting next_dagrun for f1_data_analytics to None, run_after=None
[2026-10-08T09:49:32.944+0000] {processor.py:183} INFO - Processing /opt/airflow/dags/f1_pipeline_dag.py took 0.145 seconds
[2026-10-08T09:50:03.081+0000] {processor.py:161} INFO - Started process (PID=5585) to work on /opt/airflow/dags/f1_pipeline_dag.py
[2026-10-08T09:50:03.083+0000] {processor.py:830} INFO - Processing file /opt/airflow/dags/f1_pipeline_dag.py for tasks to queue
[2026-10-08T09:50:03.084+0000] {logging_mixin.py:188} INFO - [2026-10-08T09:50:03.084+0000] {dagbag.py:545} INFO - Filling up the DagBag from /opt/airflow/dags/f1_pipeline_dag.py
[2026-10-08T09:50:03.092+0000] {processor.py:840} INFO - DAG(s) 'f1_data_analytics' retrieved from /opt/airflow/dags/f1_pipeline_dag.py
[2026-10-08T09:50:03.114+0000] {logging_mixin.py:188} INFO - [2026-10-08T09:50:03.114+0000] {dag.py:3096} INFO - Sync 1 DAGs
[2026-10-08T09:50:03.208+0000] {logging_mixin.py:188} INFO - [2026-10-08T09:50:03.208+0000] {dag.py:3954} INFO - Setting next_dagrun for f1_data_analytics to None, run_after=None
[2026-10-08T09:50:03.220+0000] {processor.py:183} INFO - Processing /opt/airflow/dags/f1_pipeline_dag.py took 0.146 seconds
[2026-10-08T09:50:33.361+0000] {processor.py:161} INFO - Started process (PID=5586) to work on /opt/airflow/dags/f1_pipeline_dag.py
[2026-10-08T09:50:33.361+0000] {processor.py:830} INFO - Processing file /opt/airflow/dags/f1_pipeline_dag.py for tasks to queue
[2026-10-08T09:50:33.362+0000] {logging_mixin.py:188} INFO - [2026-10-08T09:50:33.361+0000] {dagbag.py:545} INFO - Filling up the DagBag from /opt/airflow/dags/f1_pipeline_dag.py
[2026-10-08T09:50:33.368+0000] {processor.py:840} INFO - DAG(s) 'f1_data_analytics' retrieved from /opt/airflow/dags/f1_pipeline_dag.py
[2026-10-08T09:50:33.389+0000] {logging_mixin.py:188} INFO - [2026-10-08T09:50:33.389+0000] {dag.py:3096} INFO - Sync 1 DAGs
[2026-10-08T09:50:33.396+0000] {logging_mixin.py:188} INFO - [2026-10-08T09:50:33.396+0000] {dag.py:3954} INFO - Setting next_dagrun for f1_data_analytics to None, run_after=None
[2026-10-08T09:50:33.407+0000] {processor.py:183} INFO - Processing /opt/airflow/dags/f1_pipeline_dag.py took 0.051 seconds
[2026-10-08T09:51:03.534+0000] {processor.py:161} INFO - Started process (PID=5587) to work on /opt/airflow/dags/f1_pipeline_dag.py
[2026-10-08T09:51:03.543+0000] {processor.py:830} INFO - Processing file /opt/airflow/dags/f1_pipeline_dag.py for tasks to queue
[2026-10-08T09:51:03.544+0000] {logging_mixin.py:188} INFO - [2026-10-08T09:51:03.543+0000] {dagbag.py:545} INFO - Filling up the DagBag from /opt/airflow/dags/f1_pipeline_dag.py
[2026-10-08T09:51:03.557+0000] {processor.py:840} INFO - DAG(s) 'f1_data_analytics' retrieved from /opt/airflow/dags/f1_pipeline_dag.py
[2026-10-08T09:51:03.579+0000] {logging_mixin.py:188} INFO - [2026-10-08T09:51:03.579+0000] {dag.py:3096} INFO - Sync 1 DAGs
[2026-10-08T09:51:03.585+0000] {logging_mixin.py:188} INFO - [2026-10-08T09:51:03.585+0000] {dag.py:3954} INFO - Setting next_dagrun for f1_data_analytics to None, run_after=None
[2026-10-08T09:51:03.597+0000] {processor.py:183} INFO - Processing /opt/airflow/dags/f1_pipeline_dag.py took 0.068 seconds
[2026-10-08T09:51:33.705+0000] {processor.py:161} INFO - Started process (PID=5588) to work on /opt/airflow/dags/f1_pipeline_dag.py
[2026-10-08T09:51:33.706+0000] {processor.py:830} INFO - Processing file /opt/airflow/dags/f1_pipeline_dag.py for tasks to queue
[2026-10-08T09:51:33.707+0000] {logging_mixin.py:188} INFO - [2026-10-08T09:51:33.707+0000] {dagbag.py:545} INFO - Filling up the DagBag from /opt/airflow/dags/f1_pipeline_dag.py
[2026-10-08T09:51:33.715+0000] {processor.py:840} INFO - DAG(s) 'f1_data_analytics' retrieved from /opt/airflow/dags/f1_pipeline_dag.py
[2026-10-08T09:51:33.737+0000] {logging_mixin.py:188} INFO - [2026-10-08T09:51:33.737+0000] {dag.py:3096} INFO - Sync 1 DAGs
[2026-10-08T09:51:33.743+0000] {logging_mixin.py:188} INFO - [2026-10-08T09:51:33.743+0000] {dag.py:3954} INFO - Setting next_dagrun for f1_data_analytics to None, run_after=None
[2026-10-08T09:51:33.755+0000] {processor.py:183} INFO - Processing /opt/airflow/dags/f1_pipeline_dag.py took 0.054 seconds
[2026-10-08T09:52:03.888+0000] {processor.py:161} INFO - Started process (PID=5589) to work on /opt/airflow/dags/f1_pipeline_dag.py
[2026-10-08T09:52:03.890+0000] {processor.py:830} INFO - Processing file /opt/airflow/dags/f1_pipeline_dag.py for tasks to queue
[2026-10-08T09:52:03.891+0000] {logging_mixin.py:188} INFO - [2026-10-08T09:52:03.891+0000] {dagbag.py:545} INFO - Filling up the DagBag from /opt/airflow/dags/f1_pipeline_dag.py
[2026-10-08T09:52:03.902+0000] {processor.py:840} INFO - DAG(s) 'f1_data_analytics' retrieved from /opt/airflow/dags/f1_pipeline_dag.py
[2026-10-08T09:52:03.923+0000] {logging_mixin.py:188} INFO - [2026-10-08T09:52:03.923+0000] {dag.py:3096} INFO - Sync 1 DAGs
[2026-10-08T09:52:03.929+0000] {logging_mixin.py:188} INFO - [2026-10-08T09:52:03.929+0000] {dag.py:3954} INFO - Setting next_dagrun for f1_data_analytics to None, run_after=None
[2026-10-08T09:52:03.941+0000] {processor.py:183} INFO - Processing /opt/airflow/dags/f1_pipeline_dag.py took 0.060 seconds
[2026-10-08T09:52:34.062+0000] {processor.py:161} INFO - Started process (PID=5590) to work on /opt/airflow/dags/f1_pipeline_dag.py
[2026-10-08T09:52:34.065+0000] {processor.py:830} INFO - Processing file /opt/airflow/dags/f1_pipeline_dag.py for tasks to queue
[2026-10-08T09:52:34.065+0000] {logging_mixin.py:188} INFO - [2026-10-08T09:52:34.065+0000] {dagbag.py:545} INFO - Filling up the DagBag from /opt/airflow/dags/f1_pipeline_dag.py
[2026-10-08T09:52:34.073+0000] {processor.py:840} INFO - DAG(s) 'f1_data_analytics' retrieved from /opt/airflow/dags/f1_pipeline_dag.py
[2026-10-08T09:52:34.096+0000] {logging_mixin.py:188} INFO - [2026-10-08T09:52:34.096+0000] {dag.py:3096} INFO - Sync 1 DAGs
[2026-10-08T09:52:34.191+0000] {logging_mixin.py:188} INFO - [2026-10-08T09:52:34.191+0000] {dag.py:3954} INFO - Setting next_dagrun for f1_data_analytics to None, run_after=None
[2026-10-08T09:52:34.204+0000] {processor.py:183} INFO - Processing /opt/airflow/dags/f1_pipeline_dag.py took 0.146 seconds
[2026-10-08T09:53:04.341+0000] {processor.py:161} INFO - Started process (PID=5591) to work on /opt/airflow/dags/f1_pipeline_dag.py
[2026-10-08T09:53:04.341+0000] {processor.py:830} INFO - Processing file /opt/airflow/dags/f1_pipeline_dag.py for tasks to queue
[2026-10-08T09:53:04.342+0000] {logging_mixin.py:188} INFO - [2026-10-08T09:53:04.341+0000] {dagbag.py:545} INFO - Filling up the DagBag from /opt/airflow/dags/f1_pipeline_dag.py
[2026-10-08T09:53:04.349+0000] {processor.py:840} INFO - DAG(s) 'f1_data_analytics' retrieved from /opt/airflow/dags/f1_pipeline_dag.py
[2026-10-08T09:53:04.372+0000] {logging_mixin.py:188} INFO - [2026-10-08T09:53:04.372+0000] {dag.py:3096} INFO - Sync 1 DAGs
[2026-10-08T09:53:04.471+0000] {logging_mixin.py:188} INFO - [2026-10-08T09:53:04.471+0000] {dag.py:3954} INFO - Setting next_dagrun for f1_data_analytics to None, run_after=None
[2026-10-08T09:53:04.482+0000] {processor.py:183} INFO - Processing /opt/airflow/dags/f1_pipeline_dag.py took 0.146 seconds
[2026-10-08T09:53:34.609+0000] {processor.py:161} INFO - Started process (PID=5592) to work on /opt/airflow/dags/f1_pipeline_dag.py
[2026-10-08T09:53:34.611+0000] {processor.py:830} INFO - Processing file /opt/airflow/dags/f1_pipeline_dag.py for tasks to queue
[2026-10-08T09:53:34.612+0000] {logging_mixin.py:188} INFO - [2026-10-08T09:53:34.612+0000] {dagbag.py:545} INFO - Filling up the DagBag from /opt/airflow/dags/f1_pipeline_dag.py
[2026-10-08T09:53:34.619+0000] {processor.py:840} INFO - DAG(s) 'f1_data_analytics' retrieved from /opt/airflow/dags/f1_pipeline_dag.py
[2026-10-08T09:53:34.643+0000] {logging_mixin.py:188} INFO - [2026-10-08T09:53:34.643+0000] {dag.py:3096} INFO - Sync 1 DAGs
[2026-10-08T09:53:34.649+0000] {logging_mixin.py:188} INFO - [2026-10-08T09:53:34.649+0000] {dag.py:3954} INFO - Setting next_dagrun for f1_data_analytics to None, run_after=None
[2026-10-08T09:53:34.662+0000] {processor.py:183} INFO - Processing /opt/airflow/dags/f1_pipeline_dag.py took 0.056 seconds
[2026-10-08T09:54:04.787+0000] {processor.py:161} INFO - Started process (PID=5593) to work on /opt/airflow/dags/f1_pipeline_dag.py
[2026-10-08T09:54:04.787+0000] {processor.py:830} INFO - Processing file /opt/airflow/dags/f1_pipeline_dag.py for tasks to queue
[2026-10-08T09:54:04.788+0000] {logging_mixin.py:188} INFO - [2026-10-08T09:54:04.788+0000] {dagbag.py:545} INFO - Filling up the DagBag from /opt/airflow/dags/f1_pipeline_dag.py
[2026-10-08T09:54:04.795+0000] {processor.py:840} INFO - DAG(s) 'f1_data_analytics' retrieved from /opt/airflow/dags/f1_pipeline_dag.py
[2026-10-08T09:54:04.816+0000] {logging_mixin.py:188} INFO - [2026-10-08T09:54:04.816+0000] {dag.py:3096} INFO - Sync 1 DAGs
[2026-10-08T09:54:04.822+0000] {logging_mixin.py:188} INFO - [2026-10-08T09:54:04.822+0000] {dag.py:3954} INFO - Setting next_dagrun for f1_data_analytics to None, run_after=None
[2026-10-08T09:54:04.834+0000] {processor.py:183} INFO - Processing /opt/airflow/dags/f1_pipeline_dag.py took 0.051 seconds
[2026-10-08T09:54:34.959+0000] {processor.py:161} INFO - Started process (PID=5594) to work on /opt/airflow/dags/f1_pipeline_dag.py
[2026-10-08T09:54:34.961+0000] {processor.py:830} INFO - Processing file /opt/airflow/dags/f1_pipeline_dag.py for tasks to queue
[2026-10-08T09:54:34.962+0000] {logging_mixin.py:188} INFO - [2026-10-08T09:54:34.961+0000] {dagbag.py:545} INFO - Filling up the DagBag from /opt/airflow/dags/f1_pipeline_dag.py
[2026-10-08T09:54:34.969+0000] {processor.py:840} INFO - DAG(s) 'f1_data_analytics' retrieved from /opt/airflow/dags/f1_pipeline_dag.py
[2026-10-08T09:54:34.990+0000] {logging_mixin.py:188} INFO - [2026-10-08T09:54:34.990+0000] {dag.py:3096} INFO - Sync 1 DAGs
[2026-10-08T09:54:34.996+0000] {logging_mixin.py:188} INFO - [2026-10-08T09:54:34.996+0000] {dag.py:3954} INFO - Setting next_dagrun for f1_data_analytics to None, run_after=None
[2026-10-08T09:54:35.007+0000] {processor.py:183} INFO - Processing /opt/airflow/dags/f1_pipeline_dag.py took 0.055 seconds
[2026-10-08T09:55:05.137+0000] {processor.py:161} INFO - Started process (PID=5595) to work on /opt/airflow/dags/f1_pipeline_dag.py
[2026-10-08T09:55:05.138+0000] {processor.py:830} INFO - Processing file /opt/airflow/dags/f1_pipeline_dag.py for tasks to queue
[2026-10-08T09:55:05.139+0000] {logging_mixin.py:188} INFO - [2026-10-08T09:55:05.138+0000] {dagbag.py:545} INFO - Filling up the DagBag from /opt/airflow/dags/f1_pipeline_dag.py
[2026-10-08T09:55:05.145+0000] {processor.py:840} INFO - DAG(s) 'f1_data_analytics' retrieved from /opt/airflow/dags/f1_pipeline_dag.py
[2026-10-08T09:55:05.168+0000] {logging_mixin.py:188} INFO - [2026-10-08T09:55:05.168+0000] {dag.py:3096} INFO - Sync 1 DAGs
[2026-10-08T09:55:05.175+0000] {logging_mixin.py:188} INFO - [2026-10-08T09:55:05.175+0000] {dag.py:3954} INFO - Setting next_dagrun for f1_data_analytics to None, run_after=None
[2026-10-08T09:55:05.188+0000] {processor.py:183} INFO - Processing /opt/airflow/dags/f1_pipeline_dag.py took 0.058 seconds
[2026-10-08T09:55:35.315+0000] {processor.py:161} INFO - Started process (PID=5596) to work on /opt/airflow/dags/f1_pipeline_dag.py
[2026-10-08T09:55:35.318+0000] {processor.py:830} INFO - Processing file /opt/airflow/dags/f1_pipeline_dag.py for tasks to queue
[2026-10-08T09:55:35.319+0000] {logging_mixin.py:188} INFO - [2026-10-08T09:55:35.319+0000] {dagbag.py:545} INFO - Filling up the DagBag from /opt/airflow/dags/f1_pipeline_dag.py
[2026-10-08T09:55:35.328+0000] {processor.py:840} INFO - DAG(s) 'f1_data_analytics' retrieved from /opt/airflow/dags/f1_pipeline_dag.py
[2026-10-08T09:55:35.349+0000] {logging_mixin.py:188} INFO - [2026-10-08T09:55:35.349+0000] {dag.py:3096} INFO - Sync 1 DAGs
[2026-10-08T09:55:35.438+0000] {logging_mixin.py:188} INFO - [2026-10-08T09:55:35.438+0000] {dag.py:3954} INFO - Setting next_dagrun for f1_data_analytics to None, run_after=None
[2026-10-08T09:55:35.449+0000] {processor.py:183} INFO - Processing /opt/airflow/dags/f1_pipeline_dag.py took 0.140 seconds
[2026-10-08T09:56:05.599+0000] {processor.py:161} INFO - Started process (PID=5597) to work on /opt/airflow/dags/f1_pipeline_dag.py
[2026-10-08T09:56:05.600+0000] {processor.py:830} INFO - Processing file /opt/airflow/dags/f1_pipeline_dag.py for tasks to queue
[2026-10-08T09:56:05.600+0000] {logging_mixin.py:188} INFO - [2026-10-08T09:56:05.600+0000] {dagbag.py:545} INFO - Filling up the DagBag from /opt/airflow/dags/f1_pipeline_dag.py
[2026-10-08T09:56:05.610+0000] {processor.py:840} INFO - DAG(s) 'f1_data_analytics' retrieved from /opt/airflow/dags/f1_pipeline_dag.py
[2026-10-08T09:56:05.634+0000] {logging_mixin.py:188} INFO - [2026-10-08T09:56:05.634+0000] {dag.py:3096} INFO - Sync 1 DAGs
[2026-10-08T09:56:05.730+0000] {logging_mixin.py:188} INFO - [2026-10-08T09:56:05.729+0000] {dag.py:3954} INFO - Setting next_dagrun for f1_data_analytics to None, run_after=None
[2026-10-08T09:56:05.742+0000] {processor.py:183} INFO - Processing /opt/airflow/dags/f1_pipeline_dag.py took 0.148 seconds
[2026-10-08T09:56:35.882+0000] {processor.py:161} INFO - Started process (PID=5598) to work on /opt/airflow/dags/f1_pipeline_dag.py
[2026-10-08T09:56:35.884+0000] {processor.py:830} INFO - Processing file /opt/airflow/dags/f1_pipeline_dag.py for tasks to queue
[2026-10-08T09:56:35.885+0000] {logging_mixin.py:188} INFO - [2026-10-08T09:56:35.885+0000] {dagbag.py:545} INFO - Filling up the DagBag from /opt/airflow/dags/f1_pipeline_dag.py
[2026-10-08T09:56:35.893+0000] {processor.py:840} INFO - DAG(s) 'f1_data_analytics' retrieved from /opt/airflow/dags/f1_pipeline_dag.py
[2026-10-08T09:56:36.002+0000] {logging_mixin.py:188} INFO - [2026-10-08T09:56:36.001+0000] {dag.py:3096} INFO - Sync 1 DAGs
[2026-10-08T09:56:36.007+0000] {logging_mixin.py:188} INFO - [2026-10-08T09:56:36.007+0000] {dag.py:3954} INFO - Setting next_dagrun for f1_data_analytics to None, run_after=None
[2026-10-08T09:56:36.018+0000] {processor.py:183} INFO - Processing /opt/airflow/dags/f1_pipeline_dag.py took 0.142 seconds
[2026-10-08T09:57:06.157+0000] {processor.py:161} INFO - Started process (PID=5599) to work on /opt/airflow/dags/f1_pipeline_dag.py
[2026-10-08T09:57:06.158+0000] {processor.py:830} INFO - Processing file /opt/airflow/dags/f1_pipeline_dag.py for tasks to queue
[2026-10-08T09:57:06.158+0000] {logging_mixin.py:188} INFO - [2026-10-08T09:57:06.158+0000] {dagbag.py:545} INFO - Filling up the DagBag from /opt/airflow/dags/f1_pipeline_dag.py
[2026-10-08T09:57:06.165+0000] {processor.py:840} INFO - DAG(s) 'f1_data_analytics' retrieved from /opt/airflow/dags/f1_pipeline_dag.py
[2026-10-08T09:57:06.188+0000] {logging_mixin.py:188} INFO - [2026-10-08T09:57:06.188+0000] {dag.py:3096} INFO - Sync 1 DAGs
[2026-10-08T09:57:06.194+0000] {logging_mixin.py:188} INFO - [2026-10-08T09:57:06.194+0000] {dag.py:3954} INFO - Setting next_dagrun for f1_data_analytics to None, run_after=None
[2026-10-08T09:57:06.206+0000] {processor.py:183} INFO - Processing /opt/airflow/dags/f1_pipeline_dag.py took 0.055 seconds
[2026-10-08T09:57:36.333+0000] {processor.py:161} INFO - Started process (PID=5600) to work on /opt/airflow/dags/f1_pipeline_dag.py
[2026-10-08T09:57:36.335+0000] {processor.py:830} INFO - Processing file /opt/airflow/dags/f1_pipeline_dag.py for tasks to queue
[2026-10-08T09:57:36.336+0000] {logging_mixin.py:188} INFO - [2026-10-08T09:57:36.336+0000] {dagbag.py:545} INFO - Filling up the DagBag from /opt/airflow/dags/f1_pipeline_dag.py
[2026-10-08T09:57:36.344+0000] {processor.py:840} INFO - DAG(s) 'f1_data_analytics' retrieved from /opt/airflow/dags/f1_pipeline_dag.py
[2026-10-08T09:57:36.367+0000] {logging_mixin.py:188} INFO - [2026-10-08T09:57:36.366+0000] {dag.py:3096} INFO - Sync 1 DAGs
[2026-10-08T09:57:36.373+0000] {logging_mixin.py:188} INFO - [2026-10-08T09:57:36.373+0000] {dag.py:3954} INFO - Setting next_dagrun for f1_data_analytics to None, run_after=None
[2026-10-08T09:57:36.384+0000] {processor.py:183} INFO - Processing /opt/airflow/dags/f1_pipeline_dag.py took 0.054 seconds
[2026-10-08T09:58:06.505+0000] {processor.py:161} INFO - Started process (PID=5601) to work on /opt/airflow/dags/f1_pipeline_dag.py
[2026-10-08T09:58:06.506+0000] {processor.py:830} INFO - Processing file /opt/airflow/dags/f1_pipeline_dag.py for tasks to queue
[2026-10-08T09:58:06.507+0000] {logging_mixin.py:188} INFO - [2026-10-08T09:58:06.506+0000] {dagbag.py:545} INFO - Filling up the DagBag from /opt/airflow/dags/f1_pipeline_dag.py
[2026-10-08T09:58:06.515+0000] {processor.py:840} INFO - DAG(s) 'f1_data_analytics' retrieved from /opt/airflow/dags/f1_pipeline_dag.py
[2026-10-08T09:58:06.538+0000] {logging_mixin.py:188} INFO - [2026-10-08T09:58:06.538+0000] {dag.py:3096} INFO - Sync 1 DAGs
[2026-10-08T09:58:06.545+0000] {logging_mixin.py:188} INFO - [2026-10-08T09:58:06.545+0000] {dag.py:3954} INFO - Setting next_dagrun for f1_data_analytics to None, run_after=None
[2026-10-08T09:58:06.557+0000] {processor.py:183} INFO - Processing /opt/airflow/dags/f1_pipeline_dag.py took 0.056 seconds
[2026-10-08T09:58:36.690+0000] {processor.py:161} INFO - Started process (PID=5602) to work on /opt/airflow/dags/f1_pipeline_dag.py
[2026-10-08T09:58:36.692+0000] {processor.py:830} INFO - Processing file /opt/airflow/dags/f1_pipeline_dag.py for tasks to queue
[2026-10-08T09:58:36.693+0000] {logging_mixin.py:188} INFO - [2026-10-08T09:58:36.693+0000] {dagbag.py:545} INFO - Filling up the DagBag from /opt/airflow/dags/f1_pipeline_dag.py
[2026-10-08T09:58:36.701+0000] {processor.py:840} INFO - DAG(s) 'f1_data_analytics' retrieved from /opt/airflow/dags/f1_pipeline_dag.py
[2026-10-08T09:58:36.723+0000] {logging_mixin.py:188} INFO - [2026-10-08T09:58:36.723+0000] {dag.py:3096} INFO - Sync 1 DAGs
[2026-10-08T09:58:36.818+0000] {logging_mixin.py:188} INFO - [2026-10-08T09:58:36.818+0000] {dag.py:3954} INFO - Setting next_dagrun for f1_data_analytics to None, run_after=None
[2026-10-08T09:58:36.829+0000] {processor.py:183} INFO - Processing /opt/airflow/dags/f1_pipeline_dag.py took 0.144 seconds
[2026-10-08T09:59:06.956+0000] {processor.py:161} INFO - Started process (PID=5603) to work on /opt/airflow/dags/f1_pipeline_dag.py
[2026-10-08T09:59:06.957+0000] {processor.py:830} INFO - Processing file /opt/airflow/dags/f1_pipeline_dag.py for tasks to queue
[2026-10-08T09:59:06.957+0000] {logging_mixin.py:188} INFO - [2026-10-08T09:59:06.957+0000] {dagbag.py:545} INFO - Filling up the DagBag from /opt/airflow/dags/f1_pipeline_dag.py
[2026-10-08T09:59:06.965+0000] {processor.py:840} INFO - DAG(s) 'f1_data_analytics' retrieved from /opt/airflow/dags/f1_pipeline_dag.py
[2026-10-08T09:59:06.994+0000] {logging_mixin.py:188} INFO - [2026-10-08T09:59:06.994+0000] {dag.py:3096} INFO - Sync 1 DAGs
[2026-10-08T09:59:07.095+0000] {logging_mixin.py:188} INFO - [2026-10-08T09:59:07.094+0000] {dag.py:3954} INFO - Setting next_dagrun for f1_data_analytics to None, run_after=None
[2026-10-08T09:59:07.107+0000] {processor.py:183} INFO - Processing /opt/airflow/dags/f1_pipeline_dag.py took 0.154 seconds
[2026-10-08T09:59:37.220+0000] {processor.py:161} INFO - Started process (PID=5604) to work on /opt/airflow/dags/f1_pipeline_dag.py
[2026-10-08T09:59:37.228+0000] {processor.py:830} INFO - Processing file /opt/airflow/dags/f1_pipeline_dag.py for tasks to queue
[2026-10-08T09:59:37.229+0000] {logging_mixin.py:188} INFO - [2026-10-08T09:59:37.229+0000] {dagbag.py:545} INFO - Filling up the DagBag from /opt/airflow/dags/f1_pipeline_dag.py
[2026-10-08T09:59:37.240+0000] {processor.py:840} INFO - DAG(s) 'f1_data_analytics' retrieved from /opt/airflow/dags/f1_pipeline_dag.py
[2026-10-08T09:59:37.343+0000] {logging_mixin.py:188} INFO - [2026-10-08T09:59:37.343+0000] {dag.py:3096} INFO - Sync 1 DAGs
[2026-10-08T09:59:37.347+0000] {logging_mixin.py:188} INFO - [2026-10-08T09:59:37.347+0000] {dag.py:3954} INFO - Setting next_dagrun for f1_data_analytics to None, run_after=None
[2026-10-08T09:59:37.358+0000] {processor.py:183} INFO - Processing /opt/airflow/dags/f1_pipeline_dag.py took 0.142 seconds
[2026-10-08T10:00:07.512+0000] {processor.py:161} INFO - Started process (PID=5605) to work on /opt/airflow/dags/f1_pipeline_dag.py
[2026-10-08T10:00:07.512+0000] {processor.py:830} INFO - Processing file /opt/airflow/dags/f1_pipeline_dag.py for tasks to queue
[2026-10-08T10:00:07.513+0000] {logging_mixin.py:188} INFO - [2026-10-08T10:00:07.513+0000] {dagbag.py:545} INFO - Filling up the DagBag from /opt/airflow/dags/f1_pipeline_dag.py
[2026-10-08T10:00:07.521+0000] {processor.py:840} INFO - DAG(s) 'f1_data_analytics' retrieved from /opt/airflow/dags/f1_pipeline_dag.py
[2026-10-08T10:00:07.543+0000] {logging_mixin.py:188} INFO - [2026-10-08T10:00:07.543+0000] {dag.py:3096} INFO - Sync 1 DAGs
[2026-10-08T10:00:07.549+0000] {logging_mixin.py:188} INFO - [2026-10-08T10:00:07.549+0000] {dag.py:3954} INFO - Setting next_dagrun for f1_data_analytics to None, run_after=None
[2026-10-08T10:00:07.561+0000] {processor.py:183} INFO - Processing /opt/airflow/dags/f1_pipeline_dag.py took 0.054 seconds
[2026-10-08T10:00:37.687+0000] {processor.py:161} INFO - Started process (PID=5606) to work on /opt/airflow/dags/f1_pipeline_dag.py
[2026-10-08T10:00:37.695+0000] {processor.py:830} INFO - Processing file /opt/airflow/dags/f1_pipeline_dag.py for tasks to queue
[2026-10-08T10:00:37.696+0000] {logging_mixin.py:188} INFO - [2026-10-08T10:00:37.696+0000] {dagbag.py:545} INFO - Filling up the DagBag from /opt/airflow/dags/f1_pipeline_dag.py
[2026-10-08T10:00:37.706+0000] {processor.py:840} INFO - DAG(s) 'f1_data_analytics' retrieved from /opt/airflow/dags/f1_pipeline_dag.py
[2026-10-08T10:00:37.727+0000] {logging_mixin.py:188} INFO - [2026-10-08T10:00:37.727+0000] {dag.py:3096} INFO - Sync 1 DAGs
[2026-10-08T10:00:37.734+0000] {logging_mixin.py:188} INFO - [2026-10-08T10:00:37.734+0000] {dag.py:3954} INFO - Setting next_dagrun for f1_data_analytics to None, run_after=None
[2026-10-08T10:00:37.746+0000] {processor.py:183} INFO - Processing /opt/airflow/dags/f1_pipeline_dag.py took 0.064 seconds
[2026-10-08T10:01:07.860+0000] {processor.py:161} INFO - Started process (PID=5607) to work on /opt/airflow/dags/f1_pipeline_dag.py
[2026-10-08T10:01:07.861+0000] {processor.py:830} INFO - Processing file /opt/airflow/dags/f1_pipeline_dag.py for tasks to queue
[2026-10-08T10:01:07.862+0000] {logging_mixin.py:188} INFO - [2026-10-08T10:01:07.861+0000] {dagbag.py:545} INFO - Filling up the DagBag from /opt/airflow/dags/f1_pipeline_dag.py
[2026-10-08T10:01:07.869+0000] {processor.py:840} INFO - DAG(s) 'f1_data_analytics' retrieved from /opt/airflow/dags/f1_pipeline_dag.py
[2026-10-08T10:01:07.891+0000] {logging_mixin.py:188} INFO - [2026-10-08T10:01:07.890+0000] {dag.py:3096} INFO - Sync 1 DAGs
[2026-10-08T10:01:07.897+0000] {logging_mixin.py:188} INFO - [2026-10-08T10:01:07.897+0000] {dag.py:3954} INFO - Setting next_dagrun for f1_data_analytics to None, run_after=None
[2026-10-08T10:01:07.909+0000] {processor.py:183} INFO - Processing /opt/airflow/dags/f1_pipeline_dag.py took 0.055 seconds
[2026-10-08T10:01:38.038+0000] {processor.py:161} INFO - Started process (PID=5608) to work on /opt/airflow/dags/f1_pipeline_dag.py
[2026-10-08T10:01:38.047+0000] {processor.py:830} INFO - Processing file /opt/airflow/dags/f1_pipeline_dag.py for tasks to queue
[2026-10-08T10:01:38.048+0000] {logging_mixin.py:188} INFO - [2026-10-08T10:01:38.047+0000] {dagbag.py:545} INFO - Filling up the DagBag from /opt/airflow/dags/f1_pipeline_dag.py
[2026-10-08T10:01:38.058+0000] {processor.py:840} INFO - DAG(s) 'f1_data_analytics' retrieved from /opt/airflow/dags/f1_pipeline_dag.py
[2026-10-08T10:01:38.080+0000] {logging_mixin.py:188} INFO - [2026-10-08T10:01:38.080+0000] {dag.py:3096} INFO - Sync 1 DAGs
[2026-10-08T10:01:38.172+0000] {logging_mixin.py:188} INFO - [2026-10-08T10:01:38.172+0000] {dag.py:3954} INFO - Setting next_dagrun for f1_data_analytics to None, run_after=None
[2026-10-08T10:01:38.184+0000] {processor.py:183} INFO - Processing /opt/airflow/dags/f1_pipeline_dag.py took 0.153 seconds
[2026-10-08T10:02:08.320+0000] {processor.py:161} INFO - Started process (PID=5609) to work on /opt/airflow/dags/f1_pipeline_dag.py
[2026-10-08T10:02:08.320+0000] {processor.py:830} INFO - Processing file /opt/airflow/dags/f1_pipeline_dag.py for tasks to queue
[2026-10-08T10:02:08.321+0000] {logging_mixin.py:188} INFO - [2026-10-08T10:02:08.321+0000] {dagbag.py:545} INFO - Filling up the DagBag from /opt/airflow/dags/f1_pipeline_dag.py
[2026-10-08T10:02:08.328+0000] {processor.py:840} INFO - DAG(s) 'f1_data_analytics' retrieved from /opt/airflow/dags/f1_pipeline_dag.py
[2026-10-08T10:02:08.350+0000] {logging_mixin.py:188} INFO - [2026-10-08T10:02:08.350+0000] {dag.py:3096} INFO - Sync 1 DAGs
[2026-10-08T10:02:08.446+0000] {logging_mixin.py:188} INFO - [2026-10-08T10:02:08.446+0000] {dag.py:3954} INFO - Setting next_dagrun for f1_data_analytics to None, run_after=None
[2026-10-08T10:02:08.457+0000] {processor.py:183} INFO - Processing /opt/airflow/dags/f1_pipeline_dag.py took 0.145 seconds
[2026-10-08T10:02:38.599+0000] {processor.py:161} INFO - Started process (PID=5610) to work on /opt/airflow/dags/f1_pipeline_dag.py
[2026-10-08T10:02:38.601+0000] {processor.py:830} INFO - Processing file /opt/airflow/dags/f1_pipeline_dag.py for tasks to queue
[2026-10-08T10:02:38.602+0000] {logging_mixin.py:188} INFO - [2026-10-08T10:02:38.602+0000] {dagbag.py:545} INFO - Filling up the DagBag from /opt/airflow/dags/f1_pipeline_dag.py
[2026-10-08T10:02:38.612+0000] {processor.py:840} INFO - DAG(s) 'f1_data_analytics' retrieved from /opt/airflow/dags/f1_pipeline_dag.py
[2026-10-08T10:02:38.724+0000] {logging_mixin.py:188} INFO - [2026-10-08T10:02:38.724+0000] {dag.py:3096} INFO - Sync 1 DAGs
[2026-10-08T10:02:38.730+0000] {logging_mixin.py:188} INFO - [2026-10-08T10:02:38.730+0000] {dag.py:3954} INFO - Setting next_dagrun for f1_data_analytics to None, run_after=None
[2026-10-08T10:02:38.742+0000] {processor.py:183} INFO - Processing /opt/airflow/dags/f1_pipeline_dag.py took 0.149 seconds
[2026-10-08T10:03:08.880+0000] {processor.py:161} INFO - Started process (PID=5611) to work on /opt/airflow/dags/f1_pipeline_dag.py
[2026-10-08T10:03:08.881+0000] {processor.py:830} INFO - Processing file /opt/airflow/dags/f1_pipeline_dag.py for tasks to queue
[2026-10-08T10:03:08.882+0000] {logging_mixin.py:188} INFO - [2026-10-08T10:03:08.882+0000] {dagbag.py:545} INFO - Filling up the DagBag from /opt/airflow/dags/f1_pipeline_dag.py
[2026-10-08T10:03:08.983+0000] {processor.py:840} INFO - DAG(s) 'f1_data_analytics' retrieved from /opt/airflow/dags/f1_pipeline_dag.py
[2026-10-08T10:03:09.001+0000] {logging_mixin.py:188} INFO - [2026-10-08T10:03:09.001+0000] {dag.py:3096} INFO - Sync 1 DAGs
[2026-10-08T10:03:09.006+0000] {logging_mixin.py:188} INFO - [2026-10-08T10:03:09.006+0000] {dag.py:3954} INFO - Setting next_dagrun for f1_data_analytics to None, run_after=None
[2026-10-08T10:03:09.017+0000] {processor.py:183} INFO - Processing /opt/airflow/dags/f1_pipeline_dag.py took 0.141 seconds
[2026-10-08T10:03:39.164+0000] {processor.py:161} INFO - Started process (PID=5612) to work on /opt/airflow/dags/f1_pipeline_dag.py
[2026-10-08T10:03:39.164+0000] {processor.py:830} INFO - Processing file /opt/airflow/dags/f1_pipeline_dag.py for tasks to queue
[2026-10-08T10:03:39.165+0000] {logging_mixin.py:188} INFO - [2026-10-08T10:03:39.165+0000] {dagbag.py:545} INFO - Filling up the DagBag from /opt/airflow/dags/f1_pipeline_dag.py
[2026-10-08T10:03:39.173+0000] {processor.py:840} INFO - DAG(s) 'f1_data_analytics' retrieved from /opt/airflow/dags/f1_pipeline_dag.py
[2026-10-08T10:03:39.195+0000] {logging_mixin.py:188} INFO - [2026-10-08T10:03:39.194+0000] {dag.py:3096} INFO - Sync 1 DAGs
[2026-10-08T10:03:39.201+0000] {logging_mixin.py:188} INFO - [2026-10-08T10:03:39.201+0000] {dag.py:3954} INFO - Setting next_dagrun for f1_data_analytics to None, run_after=None
[2026-10-08T10:03:39.212+0000] {processor.py:183} INFO - Processing /opt/airflow/dags/f1_pipeline_dag.py took 0.055 seconds
[2026-10-08T10:04:09.344+0000] {processor.py:161} INFO - Started process (PID=5613) to work on /opt/airflow/dags/f1_pipeline_dag.py
[2026-10-08T10:04:09.346+0000] {processor.py:830} INFO - Processing file /opt/airflow/dags/f1_pipeline_dag.py for tasks to queue
[2026-10-08T10:04:09.347+0000] {logging_mixin.py:188} INFO - [2026-10-08T10:04:09.346+0000] {dagbag.py:545} INFO - Filling up the DagBag from /opt/airflow/dags/f1_pipeline_dag.py
[2026-10-08T10:04:09.354+0000] {processor.py:840} INFO - DAG(s) 'f1_data_analytics' retrieved from /opt/airflow/dags/f1_pipeline_dag.py
[2026-10-08T10:04:09.377+0000] {logging_mixin.py:188} INFO - [2026-10-08T10:04:09.377+0000] {dag.py:3096} INFO - Sync 1 DAGs
[2026-10-08T10:04:09.383+0000] {logging_mixin.py:188} INFO - [2026-10-08T10:04:09.383+0000] {dag.py:3954} INFO - Setting next_dagrun for f1_data_analytics to None, run_after=None
[2026-10-08T10:04:09.396+0000] {processor.py:183} INFO - Processing /opt/airflow/dags/f1_pipeline_dag.py took 0.057 seconds
[2026-10-08T10:04:39.525+0000] {processor.py:161} INFO - Started process (PID=5614) to work on /opt/airflow/dags/f1_pipeline_dag.py
[2026-10-08T10:04:39.526+0000] {processor.py:830} INFO - Processing file /opt/airflow/dags/f1_pipeline_dag.py for tasks to queue
[2026-10-08T10:04:39.527+0000] {logging_mixin.py:188} INFO - [2026-10-08T10:04:39.526+0000] {dagbag.py:545} INFO - Filling up the DagBag from /opt/airflow/dags/f1_pipeline_dag.py
[2026-10-08T10:04:39.536+0000] {processor.py:840} INFO - DAG(s) 'f1_data_analytics' retrieved from /opt/airflow/dags/f1_pipeline_dag.py
[2026-10-08T10:04:39.558+0000] {logging_mixin.py:188} INFO - [2026-10-08T10:04:39.558+0000] {dag.py:3096} INFO - Sync 1 DAGs
[2026-10-08T10:04:39.564+0000] {logging_mixin.py:188} INFO - [2026-10-08T10:04:39.564+0000] {dag.py:3954} INFO - Setting next_dagrun for f1_data_analytics to None, run_after=None
[2026-10-08T10:04:39.575+0000] {processor.py:183} INFO - Processing /opt/airflow/dags/f1_pipeline_dag.py took 0.057 seconds
[2026-10-08T10:05:09.691+0000] {processor.py:161} INFO - Started process (PID=5615) to work on /opt/airflow/dags/f1_pipeline_dag.py
[2026-10-08T10:05:09.699+0000] {processor.py:830} INFO - Processing file /opt/airflow/dags/f1_pipeline_dag.py for tasks to queue
[2026-10-08T10:05:09.700+0000] {logging_mixin.py:188} INFO - [2026-10-08T10:05:09.699+0000] {dagbag.py:545} INFO - Filling up the DagBag from /opt/airflow/dags/f1_pipeline_dag.py
[2026-10-08T10:05:09.712+0000] {processor.py:840} INFO - DAG(s) 'f1_data_analytics' retrieved from /opt/airflow/dags/f1_pipeline_dag.py
[2026-10-08T10:05:09.735+0000] {logging_mixin.py:188} INFO - [2026-10-08T10:05:09.735+0000] {dag.py:3096} INFO - Sync 1 DAGs
[2026-10-08T10:05:09.742+0000] {logging_mixin.py:188} INFO - [2026-10-08T10:05:09.741+0000] {dag.py:3954} INFO - Setting next_dagrun for f1_data_analytics to None, run_after=None
[2026-10-08T10:05:09.756+0000] {processor.py:183} INFO - Processing /opt/airflow/dags/f1_pipeline_dag.py took 0.069 seconds
[2026-10-08T10:05:39.864+0000] {processor.py:161} INFO - Started process (PID=5616) to work on /opt/airflow/dags/f1_pipeline_dag.py
[2026-10-08T10:05:39.865+0000] {processor.py:830} INFO - Processing file /opt/airflow/dags/f1_pipeline_dag.py for tasks to queue
[2026-10-08T10:05:39.866+0000] {logging_mixin.py:188} INFO - [2026-10-08T10:05:39.865+0000] {dagbag.py:545} INFO - Filling up the DagBag from /opt/airflow/dags/f1_pipeline_dag.py
[2026-10-08T10:05:39.873+0000] {processor.py:840} INFO - DAG(s) 'f1_data_analytics' retrieved from /opt/airflow/dags/f1_pipeline_dag.py
[2026-10-08T10:05:39.895+0000] {logging_mixin.py:188} INFO - [2026-10-08T10:05:39.895+0000] {dag.py:3096} INFO - Sync 1 DAGs
[2026-10-08T10:05:39.902+0000] {logging_mixin.py:188} INFO - [2026-10-08T10:05:39.902+0000] {dag.py:3954} INFO - Setting next_dagrun for f1_data_analytics to None, run_after=None
[2026-10-08T10:05:39.913+0000] {processor.py:183} INFO - Processing /opt/airflow/dags/f1_pipeline_dag.py took 0.056 seconds
[2026-10-08T10:06:10.041+0000] {processor.py:161} INFO - Started process (PID=5617) to work on /opt/airflow/dags/f1_pipeline_dag.py
[2026-10-08T10:06:10.043+0000] {processor.py:830} INFO - Processing file /opt/airflow/dags/f1_pipeline_dag.py for tasks to queue
[2026-10-08T10:06:10.044+0000] {logging_mixin.py:188} INFO - [2026-10-08T10:06:10.043+0000] {dagbag.py:545} INFO - Filling up the DagBag from /opt/airflow/dags/f1_pipeline_dag.py
[2026-10-08T10:06:10.052+0000] {processor.py:840} INFO - DAG(s) 'f1_data_analytics' retrieved from /opt/airflow/dags/f1_pipeline_dag.py
[2026-10-08T10:06:10.073+0000] {logging_mixin.py:188} INFO - [2026-10-08T10:06:10.073+0000] {dag.py:3096} INFO - Sync 1 DAGs
[2026-10-08T10:06:10.080+0000] {logging_mixin.py:188} INFO - [2026-10-08T10:06:10.080+0000] {dag.py:3954} INFO - Setting next_dagrun for f1_data_analytics to None, run_after=None
[2026-10-08T10:06:10.091+0000] {processor.py:183} INFO - Processing /opt/airflow/dags/f1_pipeline_dag.py took 0.058 seconds
[2026-10-08T10:06:40.208+0000] {processor.py:161} INFO - Started process (PID=5618) to work on /opt/airflow/dags/f1_pipeline_dag.py
[2026-10-08T10:06:40.209+0000] {processor.py:830} INFO - Processing file /opt/airflow/dags/f1_pipeline_dag.py for tasks to queue
[2026-10-08T10:06:40.209+0000] {logging_mixin.py:188} INFO - [2026-10-08T10:06:40.209+0000] {dagbag.py:545} INFO - Filling up the DagBag from /opt/airflow/dags/f1_pipeline_dag.py
[2026-10-08T10:06:40.216+0000] {processor.py:840} INFO - DAG(s) 'f1_data_analytics' retrieved from /opt/airflow/dags/f1_pipeline_dag.py
[2026-10-08T10:06:40.238+0000] {logging_mixin.py:188} INFO - [2026-10-08T10:06:40.238+0000] {dag.py:3096} INFO - Sync 1 DAGs
[2026-10-08T10:06:40.245+0000] {logging_mixin.py:188} INFO - [2026-10-08T10:06:40.244+0000] {dag.py:3954} INFO - Setting next_dagrun for f1_data_analytics to None, run_after=None
[2026-10-08T10:06:40.256+0000] {processor.py:183} INFO - Processing /opt/airflow/dags/f1_pipeline_dag.py took 0.052 seconds
[2026-10-08T10:07:10.391+0000] {processor.py:161} INFO - Started process (PID=5619) to work on /opt/airflow/dags/f1_pipeline_dag.py
[2026-10-08T10:07:10.393+0000] {processor.py:830} INFO - Processing file /opt/airflow/dags/f1_pipeline_dag.py for tasks to queue
[2026-10-08T10:07:10.394+0000] {logging_mixin.py:188} INFO - [2026-10-08T10:07:10.393+0000] {dagbag.py:545} INFO - Filling up the DagBag from /opt/airflow/dags/f1_pipeline_dag.py
[2026-10-08T10:07:10.402+0000] {processor.py:840} INFO - DAG(s) 'f1_data_analytics' retrieved from /opt/airflow/dags/f1_pipeline_dag.py
[2026-10-08T10:07:10.425+0000] {logging_mixin.py:188} INFO - [2026-10-08T10:07:10.425+0000] {dag.py:3096} INFO - Sync 1 DAGs
[2026-10-08T10:07:10.433+0000] {logging_mixin.py:188} INFO - [2026-10-08T10:07:10.432+0000] {dag.py:3954} INFO - Setting next_dagrun for f1_data_analytics to None, run_after=None
[2026-10-08T10:07:10.445+0000] {processor.py:183} INFO - Processing /opt/airflow/dags/f1_pipeline_dag.py took 0.060 seconds
[2026-10-08T10:07:40.548+0000] {processor.py:161} INFO - Started process (PID=5620) to work on /opt/airflow/dags/f1_pipeline_dag.py
[2026-10-08T10:07:40.548+0000] {processor.py:830} INFO - Processing file /opt/airflow/dags/f1_pipeline_dag.py for tasks to queue
[2026-10-08T10:07:40.549+0000] {logging_mixin.py:188} INFO - [2026-10-08T10:07:40.549+0000] {dagbag.py:545} INFO - Filling up the DagBag from /opt/airflow/dags/f1_pipeline_dag.py
[2026-10-08T10:07:40.557+0000] {processor.py:840} INFO - DAG(s) 'f1_data_analytics' retrieved from /opt/airflow/dags/f1_pipeline_dag.py
[2026-10-08T10:07:40.578+0000] {logging_mixin.py:188} INFO - [2026-10-08T10:07:40.578+0000] {dag.py:3096} INFO - Sync 1 DAGs
[2026-10-08T10:07:40.584+0000] {logging_mixin.py:188} INFO - [2026-10-08T10:07:40.584+0000] {dag.py:3954} INFO - Setting next_dagrun for f1_data_analytics to None, run_after=None
[2026-10-08T10:07:40.596+0000] {processor.py:183} INFO - Processing /opt/airflow/dags/f1_pipeline_dag.py took 0.055 seconds
[2026-10-08T10:08:10.725+0000] {processor.py:161} INFO - Started process (PID=5621) to work on /opt/airflow/dags/f1_pipeline_dag.py
[2026-10-08T10:08:10.728+0000] {processor.py:830} INFO - Processing file /opt/airflow/dags/f1_pipeline_dag.py for tasks to queue
[2026-10-08T10:08:10.728+0000] {logging_mixin.py:188} INFO - [2026-10-08T10:08:10.728+0000] {dagbag.py:545} INFO - Filling up the DagBag from /opt/airflow/dags/f1_pipeline_dag.py
[2026-10-08T10:08:10.737+0000] {processor.py:840} INFO - DAG(s) 'f1_data_analytics' retrieved from /opt/airflow/dags/f1_pipeline_dag.py
[2026-10-08T10:08:10.760+0000] {logging_mixin.py:188} INFO - [2026-10-08T10:08:10.760+0000] {dag.py:3096} INFO - Sync 1 DAGs
[2026-10-08T10:08:10.765+0000] {logging_mixin.py:188} INFO - [2026-10-08T10:08:10.765+0000] {dag.py:3954} INFO - Setting next_dagrun for f1_data_analytics to None, run_after=None
[2026-10-08T10:08:10.777+0000] {processor.py:183} INFO - Processing /opt/airflow/dags/f1_pipeline_dag.py took 0.058 seconds
[2026-10-08T10:08:40.900+0000] {processor.py:161} INFO - Started process (PID=5622) to work on /opt/airflow/dags/f1_pipeline_dag.py
[2026-10-08T10:08:40.901+0000] {processor.py:830} INFO - Processing file /opt/airflow/dags/f1_pipeline_dag.py for tasks to queue
[2026-10-08T10:08:40.902+0000] {logging_mixin.py:188} INFO - [2026-10-08T10:08:40.901+0000] {dagbag.py:545} INFO - Filling up the DagBag from /opt/airflow/dags/f1_pipeline_dag.py
[2026-10-08T10:08:40.909+0000] {processor.py:840} INFO - DAG(s) 'f1_data_analytics' retrieved from /opt/airflow/dags/f1_pipeline_dag.py
[2026-10-08T10:08:40.931+0000] {logging_mixin.py:188} INFO - [2026-10-08T10:08:40.931+0000] {dag.py:3096} INFO - Sync 1 DAGs
[2026-10-08T10:08:40.938+0000] {logging_mixin.py:188} INFO - [2026-10-08T10:08:40.937+0000] {dag.py:3954} INFO - Setting next_dagrun for f1_data_analytics to None, run_after=None
[2026-10-08T10:08:40.949+0000] {processor.py:183} INFO - Processing /opt/airflow/dags/f1_pipeline_dag.py took 0.052 seconds
[2026-10-08T10:09:11.079+0000] {processor.py:161} INFO - Started process (PID=5623) to work on /opt/airflow/dags/f1_pipeline_dag.py
[2026-10-08T10:09:11.081+0000] {processor.py:830} INFO - Processing file /opt/airflow/dags/f1_pipeline_dag.py for tasks to queue
[2026-10-08T10:09:11.082+0000] {logging_mixin.py:188} INFO - [2026-10-08T10:09:11.081+0000] {dagbag.py:545} INFO - Filling up the DagBag from /opt/airflow/dags/f1_pipeline_dag.py
[2026-10-08T10:09:11.090+0000] {processor.py:840} INFO - DAG(s) 'f1_data_analytics' retrieved from /opt/airflow/dags/f1_pipeline_dag.py
[2026-10-08T10:09:11.112+0000] {logging_mixin.py:188} INFO - [2026-10-08T10:09:11.112+0000] {dag.py:3096} INFO - Sync 1 DAGs
[2026-10-08T10:09:11.119+0000] {logging_mixin.py:188} INFO - [2026-10-08T10:09:11.119+0000] {dag.py:3954} INFO - Setting next_dagrun for f1_data_analytics to None, run_after=None
[2026-10-08T10:09:11.130+0000] {processor.py:183} INFO - Processing /opt/airflow/dags/f1_pipeline_dag.py took 0.055 seconds
[2026-10-08T10:09:41.251+0000] {processor.py:161} INFO - Started process (PID=5624) to work on /opt/airflow/dags/f1_pipeline_dag.py
[2026-10-08T10:09:41.252+0000] {processor.py:830} INFO - Processing file /opt/airflow/dags/f1_pipeline_dag.py for tasks to queue
[2026-10-08T10:09:41.253+0000] {logging_mixin.py:188} INFO - [2026-10-08T10:09:41.252+0000] {dagbag.py:545} INFO - Filling up the DagBag from /opt/airflow/dags/f1_pipeline_dag.py
[2026-10-08T10:09:41.261+0000] {processor.py:840} INFO - DAG(s) 'f1_data_analytics' retrieved from /opt/airflow/dags/f1_pipeline_dag.py
[2026-10-08T10:09:41.282+0000] {logging_mixin.py:188} INFO - [2026-10-08T10:09:41.282+0000] {dag.py:3096} INFO - Sync 1 DAGs
[2026-10-08T10:09:41.289+0000] {logging_mixin.py:188} INFO - [2026-10-08T10:09:41.288+0000] {dag.py:3954} INFO - Setting next_dagrun for f1_data_analytics to None, run_after=None
[2026-10-08T10:09:41.301+0000] {processor.py:183} INFO - Processing /opt/airflow/dags/f1_pipeline_dag.py took 0.055 seconds
[2026-10-08T10:10:11.430+0000] {processor.py:161} INFO - Started process (PID=5625) to work on /opt/airflow/dags/f1_pipeline_dag.py
[2026-10-08T10:10:11.438+0000] {processor.py:830} INFO - Processing file /opt/airflow/dags/f1_pipeline_dag.py for tasks to queue
[2026-10-08T10:10:11.439+0000] {logging_mixin.py:188} INFO - [2026-10-08T10:10:11.439+0000] {dagbag.py:545} INFO - Filling up the DagBag from /opt/airflow/dags/f1_pipeline_dag.py
[2026-10-08T10:10:11.450+0000] {processor.py:840} INFO - DAG(s) 'f1_data_analytics' retrieved from /opt/airflow/dags/f1_pipeline_dag.py
[2026-10-08T10:10:11.471+0000] {logging_mixin.py:188} INFO - [2026-10-08T10:10:11.471+0000] {dag.py:3096} INFO - Sync 1 DAGs
[2026-10-08T10:10:11.477+0000] {logging_mixin.py:188} INFO - [2026-10-08T10:10:11.477+0000] {dag.py:3954} INFO - Setting next_dagrun for f1_data_analytics to None, run_after=None
[2026-10-08T10:10:11.489+0000] {processor.py:183} INFO - Processing /opt/airflow/dags/f1_pipeline_dag.py took 0.065 seconds
[2026-10-08T10:10:41.610+0000] {processor.py:161} INFO - Started process (PID=5626) to work on /opt/airflow/dags/f1_pipeline_dag.py
[2026-10-08T10:10:41.610+0000] {processor.py:830} INFO - Processing file /opt/airflow/dags/f1_pipeline_dag.py for tasks to queue
[2026-10-08T10:10:41.611+0000] {logging_mixin.py:188} INFO - [2026-10-08T10:10:41.611+0000] {dagbag.py:545} INFO - Filling up the DagBag from /opt/airflow/dags/f1_pipeline_dag.py
[2026-10-08T10:10:41.619+0000] {processor.py:840} INFO - DAG(s) 'f1_data_analytics' retrieved from /opt/airflow/dags/f1_pipeline_dag.py
[2026-10-08T10:10:41.642+0000] {logging_mixin.py:188} INFO - [2026-10-08T10:10:41.641+0000] {dag.py:3096} INFO - Sync 1 DAGs
[2026-10-08T10:10:41.648+0000] {logging_mixin.py:188} INFO - [2026-10-08T10:10:41.648+0000] {dag.py:3954} INFO - Setting next_dagrun for f1_data_analytics to None, run_after=None
[2026-10-08T10:10:41.660+0000] {processor.py:183} INFO - Processing /opt/airflow/dags/f1_pipeline_dag.py took 0.057 seconds
[2026-10-08T10:11:11.785+0000] {processor.py:161} INFO - Started process (PID=5627) to work on /opt/airflow/dags/f1_pipeline_dag.py
[2026-10-08T10:11:11.792+0000] {processor.py:830} INFO - Processing file /opt/airflow/dags/f1_pipeline_dag.py for tasks to queue
[2026-10-08T10:11:11.793+0000] {logging_mixin.py:188} INFO - [2026-10-08T10:11:11.793+0000] {dagbag.py:545} INFO - Filling up the DagBag from /opt/airflow/dags/f1_pipeline_dag.py
[2026-10-08T10:11:11.803+0000] {processor.py:840} INFO - DAG(s) 'f1_data_analytics' retrieved from /opt/airflow/dags/f1_pipeline_dag.py
[2026-10-08T10:11:11.826+0000] {logging_mixin.py:188} INFO - [2026-10-08T10:11:11.826+0000] {dag.py:3096} INFO - Sync 1 DAGs
[2026-10-08T10:11:11.832+0000] {logging_mixin.py:188} INFO - [2026-10-08T10:11:11.832+0000] {dag.py:3954} INFO - Setting next_dagrun for f1_data_analytics to None, run_after=None
[2026-10-08T10:11:11.843+0000] {processor.py:183} INFO - Processing /opt/airflow/dags/f1_pipeline_dag.py took 0.063 seconds
[2026-10-08T10:11:41.968+0000] {processor.py:161} INFO - Started process (PID=5628) to work on /opt/airflow/dags/f1_pipeline_dag.py
[2026-10-08T10:11:41.968+0000] {processor.py:830} INFO - Processing file /opt/airflow/dags/f1_pipeline_dag.py for tasks to queue
[2026-10-08T10:11:41.969+0000] {logging_mixin.py:188} INFO - [2026-10-08T10:11:41.969+0000] {dagbag.py:545} INFO - Filling up the DagBag from /opt/airflow/dags/f1_pipeline_dag.py
[2026-10-08T10:11:41.975+0000] {processor.py:840} INFO - DAG(s) 'f1_data_analytics' retrieved from /opt/airflow/dags/f1_pipeline_dag.py
[2026-10-08T10:11:41.998+0000] {logging_mixin.py:188} INFO - [2026-10-08T10:11:41.998+0000] {dag.py:3096} INFO - Sync 1 DAGs
[2026-10-08T10:11:42.004+0000] {logging_mixin.py:188} INFO - [2026-10-08T10:11:42.004+0000] {dag.py:3954} INFO - Setting next_dagrun for f1_data_analytics to None, run_after=None
[2026-10-08T10:11:42.016+0000] {processor.py:183} INFO - Processing /opt/airflow/dags/f1_pipeline_dag.py took 0.053 seconds
[2026-10-08T10:12:12.147+0000] {processor.py:161} INFO - Started process (PID=5629) to work on /opt/airflow/dags/f1_pipeline_dag.py
[2026-10-08T10:12:12.149+0000] {processor.py:830} INFO - Processing file /opt/airflow/dags/f1_pipeline_dag.py for tasks to queue
[2026-10-08T10:12:12.150+0000] {logging_mixin.py:188} INFO - [2026-10-08T10:12:12.150+0000] {dagbag.py:545} INFO - Filling up the DagBag from /opt/airflow/dags/f1_pipeline_dag.py
[2026-10-08T10:12:12.159+0000] {processor.py:840} INFO - DAG(s) 'f1_data_analytics' retrieved from /opt/airflow/dags/f1_pipeline_dag.py
[2026-10-08T10:12:12.180+0000] {logging_mixin.py:188} INFO - [2026-10-08T10:12:12.180+0000] {dag.py:3096} INFO - Sync 1 DAGs
[2026-10-08T10:12:12.187+0000] {logging_mixin.py:188} INFO - [2026-10-08T10:12:12.187+0000] {dag.py:3954} INFO - Setting next_dagrun for f1_data_analytics to None, run_after=None
[2026-10-08T10:12:12.199+0000] {processor.py:183} INFO - Processing /opt/airflow/dags/f1_pipeline_dag.py took 0.057 seconds
[2026-10-08T10:12:42.263+0000] {processor.py:161} INFO - Started process (PID=5630) to work on /opt/airflow/dags/f1_pipeline_dag.py
[2026-10-08T10:12:42.265+0000] {processor.py:830} INFO - Processing file /opt/airflow/dags/f1_pipeline_dag.py for tasks to queue
[2026-10-08T10:12:42.266+0000] {logging_mixin.py:188} INFO - [2026-10-08T10:12:42.266+0000] {dagbag.py:545} INFO - Filling up the DagBag from /opt/airflow/dags/f1_pipeline_dag.py
[2026-10-08T10:12:42.275+0000] {processor.py:840} INFO - DAG(s) 'f1_data_analytics' retrieved from /opt/airflow/dags/f1_pipeline_dag.py
[2026-10-08T10:12:42.296+0000] {logging_mixin.py:188} INFO - [2026-10-08T10:12:42.296+0000] {dag.py:3096} INFO - Sync 1 DAGs
[2026-10-08T10:12:42.302+0000] {logging_mixin.py:188} INFO - [2026-10-08T10:12:42.302+0000] {dag.py:3954} INFO - Setting next_dagrun for f1_data_analytics to None, run_after=None
[2026-10-08T10:12:42.314+0000] {processor.py:183} INFO - Processing /opt/airflow/dags/f1_pipeline_dag.py took 0.057 seconds
[2026-10-08T10:13:12.413+0000] {processor.py:161} INFO - Started process (PID=5631) to work on /opt/airflow/dags/f1_pipeline_dag.py
[2026-10-08T10:13:12.414+0000] {processor.py:830} INFO - Processing file /opt/airflow/dags/f1_pipeline_dag.py for tasks to queue
[2026-10-08T10:13:12.415+0000] {logging_mixin.py:188} INFO - [2026-10-08T10:13:12.414+0000] {dagbag.py:545} INFO - Filling up the DagBag from /opt/airflow/dags/f1_pipeline_dag.py
[2026-10-08T10:13:12.423+0000] {processor.py:840} INFO - DAG(s) 'f1_data_analytics' retrieved from /opt/airflow/dags/f1_pipeline_dag.py
[2026-10-08T10:13:12.444+0000] {logging_mixin.py:188} INFO - [2026-10-08T10:13:12.444+0000] {dag.py:3096} INFO - Sync 1 DAGs
[2026-10-08T10:13:12.450+0000] {logging_mixin.py:188} INFO - [2026-10-08T10:13:12.450+0000] {dag.py:3954} INFO - Setting next_dagrun for f1_data_analytics to None, run_after=None
[2026-10-08T10:13:12.462+0000] {processor.py:183} INFO - Processing /opt/airflow/dags/f1_pipeline_dag.py took 0.057 seconds
[2026-10-08T10:13:42.597+0000] {processor.py:161} INFO - Started process (PID=5632) to work on /opt/airflow/dags/f1_pipeline_dag.py
[2026-10-08T10:13:42.600+0000] {processor.py:830} INFO - Processing file /opt/airflow/dags/f1_pipeline_dag.py for tasks to queue
[2026-10-08T10:13:42.601+0000] {logging_mixin.py:188} INFO - [2026-10-08T10:13:42.600+0000] {dagbag.py:545} INFO - Filling up the DagBag from /opt/airflow/dags/f1_pipeline_dag.py
[2026-10-08T10:13:42.612+0000] {processor.py:840} INFO - DAG(s) 'f1_data_analytics' retrieved from /opt/airflow/dags/f1_pipeline_dag.py
[2026-10-08T10:13:42.633+0000] {logging_mixin.py:188} INFO - [2026-10-08T10:13:42.633+0000] {dag.py:3096} INFO - Sync 1 DAGs
[2026-10-08T10:13:42.640+0000] {logging_mixin.py:188} INFO - [2026-10-08T10:13:42.640+0000] {dag.py:3954} INFO - Setting next_dagrun for f1_data_analytics to None, run_after=None
[2026-10-08T10:13:42.650+0000] {processor.py:183} INFO - Processing /opt/airflow/dags/f1_pipeline_dag.py took 0.061 seconds
[2026-10-08T10:14:12.777+0000] {processor.py:161} INFO - Started process (PID=5633) to work on /opt/airflow/dags/f1_pipeline_dag.py
[2026-10-08T10:14:12.777+0000] {processor.py:830} INFO - Processing file /opt/airflow/dags/f1_pipeline_dag.py for tasks to queue
[2026-10-08T10:14:12.778+0000] {logging_mixin.py:188} INFO - [2026-10-08T10:14:12.778+0000] {dagbag.py:545} INFO - Filling up the DagBag from /opt/airflow/dags/f1_pipeline_dag.py
[2026-10-08T10:14:12.785+0000] {processor.py:840} INFO - DAG(s) 'f1_data_analytics' retrieved from /opt/airflow/dags/f1_pipeline_dag.py
[2026-10-08T10:14:12.809+0000] {logging_mixin.py:188} INFO - [2026-10-08T10:14:12.809+0000] {dag.py:3096} INFO - Sync 1 DAGs
[2026-10-08T10:14:12.816+0000] {logging_mixin.py:188} INFO - [2026-10-08T10:14:12.816+0000] {dag.py:3954} INFO - Setting next_dagrun for f1_data_analytics to None, run_after=None
[2026-10-08T10:14:12.828+0000] {processor.py:183} INFO - Processing /opt/airflow/dags/f1_pipeline_dag.py took 0.056 seconds
[2026-10-08T10:14:42.946+0000] {processor.py:161} INFO - Started process (PID=5634) to work on /opt/airflow/dags/f1_pipeline_dag.py
[2026-10-08T10:14:42.948+0000] {processor.py:830} INFO - Processing file /opt/airflow/dags/f1_pipeline_dag.py for tasks to queue
[2026-10-08T10:14:42.949+0000] {logging_mixin.py:188} INFO - [2026-10-08T10:14:42.949+0000] {dagbag.py:545} INFO - Filling up the DagBag from /opt/airflow/dags/f1_pipeline_dag.py
[2026-10-08T10:14:42.957+0000] {processor.py:840} INFO - DAG(s) 'f1_data_analytics' retrieved from /opt/airflow/dags/f1_pipeline_dag.py
[2026-10-08T10:14:42.979+0000] {logging_mixin.py:188} INFO - [2026-10-08T10:14:42.978+0000] {dag.py:3096} INFO - Sync 1 DAGs
[2026-10-08T10:14:42.985+0000] {logging_mixin.py:188} INFO - [2026-10-08T10:14:42.985+0000] {dag.py:3954} INFO - Setting next_dagrun for f1_data_analytics to None, run_after=None
[2026-10-08T10:14:42.996+0000] {processor.py:183} INFO - Processing /opt/airflow/dags/f1_pipeline_dag.py took 0.053 seconds
[2026-10-08T10:15:13.129+0000] {processor.py:161} INFO - Started process (PID=5635) to work on /opt/airflow/dags/f1_pipeline_dag.py
[2026-10-08T10:15:13.129+0000] {processor.py:830} INFO - Processing file /opt/airflow/dags/f1_pipeline_dag.py for tasks to queue
[2026-10-08T10:15:13.130+0000] {logging_mixin.py:188} INFO - [2026-10-08T10:15:13.129+0000] {dagbag.py:545} INFO - Filling up the DagBag from /opt/airflow/dags/f1_pipeline_dag.py
[2026-10-08T10:15:13.137+0000] {processor.py:840} INFO - DAG(s) 'f1_data_analytics' retrieved from /opt/airflow/dags/f1_pipeline_dag.py
[2026-10-08T10:15:13.159+0000] {logging_mixin.py:188} INFO - [2026-10-08T10:15:13.159+0000] {dag.py:3096} INFO - Sync 1 DAGs
[2026-10-08T10:15:13.166+0000] {logging_mixin.py:188} INFO - [2026-10-08T10:15:13.166+0000] {dag.py:3954} INFO - Setting next_dagrun for f1_data_analytics to None, run_after=None
[2026-10-08T10:15:13.178+0000] {processor.py:183} INFO - Processing /opt/airflow/dags/f1_pipeline_dag.py took 0.054 seconds
[2026-10-08T10:15:43.310+0000] {processor.py:161} INFO - Started process (PID=5636) to work on /opt/airflow/dags/f1_pipeline_dag.py
[2026-10-08T10:15:43.312+0000] {processor.py:830} INFO - Processing file /opt/airflow/dags/f1_pipeline_dag.py for tasks to queue
[2026-10-08T10:15:43.313+0000] {logging_mixin.py:188} INFO - [2026-10-08T10:15:43.312+0000] {dagbag.py:545} INFO - Filling up the DagBag from /opt/airflow/dags/f1_pipeline_dag.py
[2026-10-08T10:15:43.321+0000] {processor.py:840} INFO - DAG(s) 'f1_data_analytics' retrieved from /opt/airflow/dags/f1_pipeline_dag.py
[2026-10-08T10:15:43.343+0000] {logging_mixin.py:188} INFO - [2026-10-08T10:15:43.343+0000] {dag.py:3096} INFO - Sync 1 DAGs
[2026-10-08T10:15:43.350+0000] {logging_mixin.py:188} INFO - [2026-10-08T10:15:43.349+0000] {dag.py:3954} INFO - Setting next_dagrun for f1_data_analytics to None, run_after=None
[2026-10-08T10:15:43.361+0000] {processor.py:183} INFO - Processing /opt/airflow/dags/f1_pipeline_dag.py took 0.056 seconds
[2026-10-08T10:16:13.491+0000] {processor.py:161} INFO - Started process (PID=5637) to work on /opt/airflow/dags/f1_pipeline_dag.py
[2026-10-08T10:16:13.492+0000] {processor.py:830} INFO - Processing file /opt/airflow/dags/f1_pipeline_dag.py for tasks to queue
[2026-10-08T10:16:13.492+0000] {logging_mixin.py:188} INFO - [2026-10-08T10:16:13.492+0000] {dagbag.py:545} INFO - Filling up the DagBag from /opt/airflow/dags/f1_pipeline_dag.py
[2026-10-08T10:16:13.501+0000] {processor.py:840} INFO - DAG(s) 'f1_data_analytics' retrieved from /opt/airflow/dags/f1_pipeline_dag.py
[2026-10-08T10:16:13.522+0000] {logging_mixin.py:188} INFO - [2026-10-08T10:16:13.522+0000] {dag.py:3096} INFO - Sync 1 DAGs
[2026-10-08T10:16:13.528+0000] {logging_mixin.py:188} INFO - [2026-10-08T10:16:13.528+0000] {dag.py:3954} INFO - Setting next_dagrun for f1_data_analytics to None, run_after=None
[2026-10-08T10:16:13.540+0000] {processor.py:183} INFO - Processing /opt/airflow/dags/f1_pipeline_dag.py took 0.052 seconds
[2026-10-08T10:16:43.673+0000] {processor.py:161} INFO - Started process (PID=5638) to work on /opt/airflow/dags/f1_pipeline_dag.py
[2026-10-08T10:16:43.676+0000] {processor.py:830} INFO - Processing file /opt/airflow/dags/f1_pipeline_dag.py for tasks to queue
[2026-10-08T10:16:43.676+0000] {logging_mixin.py:188} INFO - [2026-10-08T10:16:43.676+0000] {dagbag.py:545} INFO - Filling up the DagBag from /opt/airflow/dags/f1_pipeline_dag.py
[2026-10-08T10:16:43.684+0000] {processor.py:840} INFO - DAG(s) 'f1_data_analytics' retrieved from /opt/airflow/dags/f1_pipeline_dag.py
[2026-10-08T10:16:43.707+0000] {logging_mixin.py:188} INFO - [2026-10-08T10:16:43.707+0000] {dag.py:3096} INFO - Sync 1 DAGs
[2026-10-08T10:16:43.713+0000] {logging_mixin.py:188} INFO - [2026-10-08T10:16:43.713+0000] {dag.py:3954} INFO - Setting next_dagrun for f1_data_analytics to None, run_after=None
[2026-10-08T10:16:43.725+0000] {processor.py:183} INFO - Processing /opt/airflow/dags/f1_pipeline_dag.py took 0.057 seconds
[2026-10-08T10:17:13.846+0000] {processor.py:161} INFO - Started process (PID=5639) to work on /opt/airflow/dags/f1_pipeline_dag.py
[2026-10-08T10:17:13.846+0000] {processor.py:830} INFO - Processing file /opt/airflow/dags/f1_pipeline_dag.py for tasks to queue
[2026-10-08T10:17:13.847+0000] {logging_mixin.py:188} INFO - [2026-10-08T10:17:13.847+0000] {dagbag.py:545} INFO - Filling up the DagBag from /opt/airflow/dags/f1_pipeline_dag.py
[2026-10-08T10:17:13.854+0000] {processor.py:840} INFO - DAG(s) 'f1_data_analytics' retrieved from /opt/airflow/dags/f1_pipeline_dag.py
[2026-10-08T10:17:13.878+0000] {logging_mixin.py:188} INFO - [2026-10-08T10:17:13.878+0000] {dag.py:3096} INFO - Sync 1 DAGs
[2026-10-08T10:17:13.885+0000] {logging_mixin.py:188} INFO - [2026-10-08T10:17:13.885+0000] {dag.py:3954} INFO - Setting next_dagrun for f1_data_analytics to None, run_after=None
[2026-10-08T10:17:13.897+0000] {processor.py:183} INFO - Processing /opt/airflow/dags/f1_pipeline_dag.py took 0.055 seconds
[2026-10-08T10:17:44.021+0000] {processor.py:161} INFO - Started process (PID=5640) to work on /opt/airflow/dags/f1_pipeline_dag.py
[2026-10-08T10:17:44.024+0000] {processor.py:830} INFO - Processing file /opt/airflow/dags/f1_pipeline_dag.py for tasks to queue
[2026-10-08T10:17:44.024+0000] {logging_mixin.py:188} INFO - [2026-10-08T10:17:44.024+0000] {dagbag.py:545} INFO - Filling up the DagBag from /opt/airflow/dags/f1_pipeline_dag.py
[2026-10-08T10:17:44.032+0000] {processor.py:840} INFO - DAG(s) 'f1_data_analytics' retrieved from /opt/airflow/dags/f1_pipeline_dag.py
[2026-10-08T10:17:44.055+0000] {logging_mixin.py:188} INFO - [2026-10-08T10:17:44.054+0000] {dag.py:3096} INFO - Sync 1 DAGs
[2026-10-08T10:17:44.061+0000] {logging_mixin.py:188} INFO - [2026-10-08T10:17:44.061+0000] {dag.py:3954} INFO - Setting next_dagrun for f1_data_analytics to None, run_after=None
[2026-10-08T10:17:44.073+0000] {processor.py:183} INFO - Processing /opt/airflow/dags/f1_pipeline_dag.py took 0.057 seconds
[2026-10-08T10:18:14.203+0000] {processor.py:161} INFO - Started process (PID=5641) to work on /opt/airflow/dags/f1_pipeline_dag.py
[2026-10-08T10:18:14.203+0000] {processor.py:830} INFO - Processing file /opt/airflow/dags/f1_pipeline_dag.py for tasks to queue
[2026-10-08T10:18:14.204+0000] {logging_mixin.py:188} INFO - [2026-10-08T10:18:14.204+0000] {dagbag.py:545} INFO - Filling up the DagBag from /opt/airflow/dags/f1_pipeline_dag.py
[2026-10-08T10:18:14.212+0000] {processor.py:840} INFO - DAG(s) 'f1_data_analytics' retrieved from /opt/airflow/dags/f1_pipeline_dag.py
[2026-10-08T10:18:14.233+0000] {logging_mixin.py:188} INFO - [2026-10-08T10:18:14.233+0000] {dag.py:3096} INFO - Sync 1 DAGs
[2026-10-08T10:18:14.240+0000] {logging_mixin.py:188} INFO - [2026-10-08T10:18:14.240+0000] {dag.py:3954} INFO - Setting next_dagrun for f1_data_analytics to None, run_after=None
[2026-10-08T10:18:14.251+0000] {processor.py:183} INFO - Processing /opt/airflow/dags/f1_pipeline_dag.py took 0.054 seconds
[2026-10-08T10:18:44.380+0000] {processor.py:161} INFO - Started process (PID=5642) to work on /opt/airflow/dags/f1_pipeline_dag.py
[2026-10-08T10:18:44.382+0000] {processor.py:830} INFO - Processing file /opt/airflow/dags/f1_pipeline_dag.py for tasks to queue
[2026-10-08T10:18:44.382+0000] {logging_mixin.py:188} INFO - [2026-10-08T10:18:44.382+0000] {dagbag.py:545} INFO - Filling up the DagBag from /opt/airflow/dags/f1_pipeline_dag.py
[2026-10-08T10:18:44.389+0000] {processor.py:840} INFO - DAG(s) 'f1_data_analytics' retrieved from /opt/airflow/dags/f1_pipeline_dag.py
[2026-10-08T10:18:44.412+0000] {logging_mixin.py:188} INFO - [2026-10-08T10:18:44.412+0000] {dag.py:3096} INFO - Sync 1 DAGs
[2026-10-08T10:18:44.418+0000] {logging_mixin.py:188} INFO - [2026-10-08T10:18:44.418+0000] {dag.py:3954} INFO - Setting next_dagrun for f1_data_analytics to None, run_after=None
[2026-10-08T10:18:44.430+0000] {processor.py:183} INFO - Processing /opt/airflow/dags/f1_pipeline_dag.py took 0.056 seconds
[2026-10-08T10:19:14.564+0000] {processor.py:161} INFO - Started process (PID=5643) to work on /opt/airflow/dags/f1_pipeline_dag.py
[2026-10-08T10:19:14.564+0000] {processor.py:830} INFO - Processing file /opt/airflow/dags/f1_pipeline_dag.py for tasks to queue
[2026-10-08T10:19:14.565+0000] {logging_mixin.py:188} INFO - [2026-10-08T10:19:14.565+0000] {dagbag.py:545} INFO - Filling up the DagBag from /opt/airflow/dags/f1_pipeline_dag.py
[2026-10-08T10:19:14.572+0000] {processor.py:840} INFO - DAG(s) 'f1_data_analytics' retrieved from /opt/airflow/dags/f1_pipeline_dag.py
[2026-10-08T10:19:14.593+0000] {logging_mixin.py:188} INFO - [2026-10-08T10:19:14.593+0000] {dag.py:3096} INFO - Sync 1 DAGs
[2026-10-08T10:19:14.599+0000] {logging_mixin.py:188} INFO - [2026-10-08T10:19:14.599+0000] {dag.py:3954} INFO - Setting next_dagrun for f1_data_analytics to None, run_after=None
[2026-10-08T10:19:14.610+0000] {processor.py:183} INFO - Processing /opt/airflow/dags/f1_pipeline_dag.py took 0.053 seconds
[2026-10-08T10:19:44.746+0000] {processor.py:161} INFO - Started process (PID=5644) to work on /opt/airflow/dags/f1_pipeline_dag.py
[2026-10-08T10:19:44.748+0000] {processor.py:830} INFO - Processing file /opt/airflow/dags/f1_pipeline_dag.py for tasks to queue
[2026-10-08T10:19:44.749+0000] {logging_mixin.py:188} INFO - [2026-10-08T10:19:44.748+0000] {dagbag.py:545} INFO - Filling up the DagBag from /opt/airflow/dags/f1_pipeline_dag.py
[2026-10-08T10:19:44.757+0000] {processor.py:840} INFO - DAG(s) 'f1_data_analytics' retrieved from /opt/airflow/dags/f1_pipeline_dag.py
[2026-10-08T10:19:44.779+0000] {logging_mixin.py:188} INFO - [2026-10-08T10:19:44.779+0000] {dag.py:3096} INFO - Sync 1 DAGs
[2026-10-08T10:19:44.786+0000] {logging_mixin.py:188} INFO - [2026-10-08T10:19:44.786+0000] {dag.py:3954} INFO - Setting next_dagrun for f1_data_analytics to None, run_after=None
[2026-10-08T10:19:44.797+0000] {processor.py:183} INFO - Processing /opt/airflow/dags/f1_pipeline_dag.py took 0.056 seconds
[2026-10-08T10:20:14.917+0000] {processor.py:161} INFO - Started process (PID=5645) to work on /opt/airflow/dags/f1_pipeline_dag.py
[2026-10-08T10:20:14.917+0000] {processor.py:830} INFO - Processing file /opt/airflow/dags/f1_pipeline_dag.py for tasks to queue
[2026-10-08T10:20:14.918+0000] {logging_mixin.py:188} INFO - [2026-10-08T10:20:14.918+0000] {dagbag.py:545} INFO - Filling up the DagBag from /opt/airflow/dags/f1_pipeline_dag.py
[2026-10-08T10:20:14.927+0000] {processor.py:840} INFO - DAG(s) 'f1_data_analytics' retrieved from /opt/airflow/dags/f1_pipeline_dag.py
[2026-10-08T10:20:14.949+0000] {logging_mixin.py:188} INFO - [2026-10-08T10:20:14.949+0000] {dag.py:3096} INFO - Sync 1 DAGs
[2026-10-08T10:20:14.958+0000] {logging_mixin.py:188} INFO - [2026-10-08T10:20:14.958+0000] {dag.py:3954} INFO - Setting next_dagrun for f1_data_analytics to None, run_after=None
[2026-10-08T10:20:14.970+0000] {processor.py:183} INFO - Processing /opt/airflow/dags/f1_pipeline_dag.py took 0.058 seconds
[2026-10-08T10:20:45.077+0000] {processor.py:161} INFO - Started process (PID=5646) to work on /opt/airflow/dags/f1_pipeline_dag.py
[2026-10-08T10:20:45.079+0000] {processor.py:830} INFO - Processing file /opt/airflow/dags/f1_pipeline_dag.py for tasks to queue
[2026-10-08T10:20:45.079+0000] {logging_mixin.py:188} INFO - [2026-10-08T10:20:45.079+0000] {dagbag.py:545} INFO - Filling up the DagBag from /opt/airflow/dags/f1_pipeline_dag.py
[2026-10-08T10:20:45.087+0000] {processor.py:840} INFO - DAG(s) 'f1_data_analytics' retrieved from /opt/airflow/dags/f1_pipeline_dag.py
[2026-10-08T10:20:45.109+0000] {logging_mixin.py:188} INFO - [2026-10-08T10:20:45.108+0000] {dag.py:3096} INFO - Sync 1 DAGs
[2026-10-08T10:20:45.115+0000] {logging_mixin.py:188} INFO - [2026-10-08T10:20:45.115+0000] {dag.py:3954} INFO - Setting next_dagrun for f1_data_analytics to None, run_after=None
[2026-10-08T10:20:45.126+0000] {processor.py:183} INFO - Processing /opt/airflow/dags/f1_pipeline_dag.py took 0.056 seconds
[2026-10-08T10:21:15.251+0000] {processor.py:161} INFO - Started process (PID=5647) to work on /opt/airflow/dags/f1_pipeline_dag.py
[2026-10-08T10:21:15.252+0000] {processor.py:830} INFO - Processing file /opt/airflow/dags/f1_pipeline_dag.py for tasks to queue
[2026-10-08T10:21:15.252+0000] {logging_mixin.py:188} INFO - [2026-10-08T10:21:15.252+0000] {dagbag.py:545} INFO - Filling up the DagBag from /opt/airflow/dags/f1_pipeline_dag.py
[2026-10-08T10:21:15.260+0000] {processor.py:840} INFO - DAG(s) 'f1_data_analytics' retrieved from /opt/airflow/dags/f1_pipeline_dag.py
[2026-10-08T10:21:15.282+0000] {logging_mixin.py:188} INFO - [2026-10-08T10:21:15.282+0000] {dag.py:3096} INFO - Sync 1 DAGs
[2026-10-08T10:21:15.288+0000] {logging_mixin.py:188} INFO - [2026-10-08T10:21:15.288+0000] {dag.py:3954} INFO - Setting next_dagrun for f1_data_analytics to None, run_after=None
[2026-10-08T10:21:15.301+0000] {processor.py:183} INFO - Processing /opt/airflow/dags/f1_pipeline_dag.py took 0.056 seconds
[2026-10-08T10:21:45.423+0000] {processor.py:161} INFO - Started process (PID=5648) to work on /opt/airflow/dags/f1_pipeline_dag.py
[2026-10-08T10:21:45.425+0000] {processor.py:830} INFO - Processing file /opt/airflow/dags/f1_pipeline_dag.py for tasks to queue
[2026-10-08T10:21:45.425+0000] {logging_mixin.py:188} INFO - [2026-10-08T10:21:45.425+0000] {dagbag.py:545} INFO - Filling up the DagBag from /opt/airflow/dags/f1_pipeline_dag.py
[2026-10-08T10:21:45.432+0000] {processor.py:840} INFO - DAG(s) 'f1_data_analytics' retrieved from /opt/airflow/dags/f1_pipeline_dag.py
[2026-10-08T10:21:45.454+0000] {logging_mixin.py:188} INFO - [2026-10-08T10:21:45.454+0000] {dag.py:3096} INFO - Sync 1 DAGs
[2026-10-08T10:21:45.460+0000] {logging_mixin.py:188} INFO - [2026-10-08T10:21:45.460+0000] {dag.py:3954} INFO - Setting next_dagrun for f1_data_analytics to None, run_after=None
[2026-10-08T10:21:45.472+0000] {processor.py:183} INFO - Processing /opt/airflow/dags/f1_pipeline_dag.py took 0.052 seconds
[2026-10-08T10:22:15.604+0000] {processor.py:161} INFO - Started process (PID=5649) to work on /opt/airflow/dags/f1_pipeline_dag.py
[2026-10-08T10:22:15.605+0000] {processor.py:830} INFO - Processing file /opt/airflow/dags/f1_pipeline_dag.py for tasks to queue
[2026-10-08T10:22:15.605+0000] {logging_mixin.py:188} INFO - [2026-10-08T10:22:15.605+0000] {dagbag.py:545} INFO - Filling up the DagBag from /opt/airflow/dags/f1_pipeline_dag.py
[2026-10-08T10:22:15.613+0000] {processor.py:840} INFO - DAG(s) 'f1_data_analytics' retrieved from /opt/airflow/dags/f1_pipeline_dag.py
[2026-10-08T10:22:15.635+0000] {logging_mixin.py:188} INFO - [2026-10-08T10:22:15.635+0000] {dag.py:3096} INFO - Sync 1 DAGs
[2026-10-08T10:22:15.641+0000] {logging_mixin.py:188} INFO - [2026-10-08T10:22:15.641+0000] {dag.py:3954} INFO - Setting next_dagrun for f1_data_analytics to None, run_after=None
[2026-10-08T10:22:15.653+0000] {processor.py:183} INFO - Processing /opt/airflow/dags/f1_pipeline_dag.py took 0.056 seconds
[2026-10-08T10:22:45.780+0000] {processor.py:161} INFO - Started process (PID=5650) to work on /opt/airflow/dags/f1_pipeline_dag.py
[2026-10-08T10:22:45.783+0000] {processor.py:830} INFO - Processing file /opt/airflow/dags/f1_pipeline_dag.py for tasks to queue
[2026-10-08T10:22:45.784+0000] {logging_mixin.py:188} INFO - [2026-10-08T10:22:45.783+0000] {dagbag.py:545} INFO - Filling up the DagBag from /opt/airflow/dags/f1_pipeline_dag.py
[2026-10-08T10:22:45.793+0000] {processor.py:840} INFO - DAG(s) 'f1_data_analytics' retrieved from /opt/airflow/dags/f1_pipeline_dag.py
[2026-10-08T10:22:45.815+0000] {logging_mixin.py:188} INFO - [2026-10-08T10:22:45.815+0000] {dag.py:3096} INFO - Sync 1 DAGs
[2026-10-08T10:22:45.823+0000] {logging_mixin.py:188} INFO - [2026-10-08T10:22:45.822+0000] {dag.py:3954} INFO - Setting next_dagrun for f1_data_analytics to None, run_after=None
[2026-10-08T10:22:45.834+0000] {processor.py:183} INFO - Processing /opt/airflow/dags/f1_pipeline_dag.py took 0.060 seconds
[2026-10-08T10:23:15.958+0000] {processor.py:161} INFO - Started process (PID=5651) to work on /opt/airflow/dags/f1_pipeline_dag.py
[2026-10-08T10:23:15.959+0000] {processor.py:830} INFO - Processing file /opt/airflow/dags/f1_pipeline_dag.py for tasks to queue
[2026-10-08T10:23:15.959+0000] {logging_mixin.py:188} INFO - [2026-10-08T10:23:15.959+0000] {dagbag.py:545} INFO - Filling up the DagBag from /opt/airflow/dags/f1_pipeline_dag.py
[2026-10-08T10:23:15.968+0000] {processor.py:840} INFO - DAG(s) 'f1_data_analytics' retrieved from /opt/airflow/dags/f1_pipeline_dag.py
[2026-10-08T10:23:15.989+0000] {logging_mixin.py:188} INFO - [2026-10-08T10:23:15.989+0000] {dag.py:3096} INFO - Sync 1 DAGs
[2026-10-08T10:23:15.995+0000] {logging_mixin.py:188} INFO - [2026-10-08T10:23:15.994+0000] {dag.py:3954} INFO - Setting next_dagrun for f1_data_analytics to None, run_after=None
[2026-10-08T10:23:16.006+0000] {processor.py:183} INFO - Processing /opt/airflow/dags/f1_pipeline_dag.py took 0.055 seconds
[2026-10-08T10:23:46.132+0000] {processor.py:161} INFO - Started process (PID=5652) to work on /opt/airflow/dags/f1_pipeline_dag.py
[2026-10-08T10:23:46.134+0000] {processor.py:830} INFO - Processing file /opt/airflow/dags/f1_pipeline_dag.py for tasks to queue
[2026-10-08T10:23:46.135+0000] {logging_mixin.py:188} INFO - [2026-10-08T10:23:46.135+0000] {dagbag.py:545} INFO - Filling up the DagBag from /opt/airflow/dags/f1_pipeline_dag.py
[2026-10-08T10:23:46.145+0000] {processor.py:840} INFO - DAG(s) 'f1_data_analytics' retrieved from /opt/airflow/dags/f1_pipeline_dag.py
[2026-10-08T10:23:46.167+0000] {logging_mixin.py:188} INFO - [2026-10-08T10:23:46.167+0000] {dag.py:3096} INFO - Sync 1 DAGs
[2026-10-08T10:23:46.173+0000] {logging_mixin.py:188} INFO - [2026-10-08T10:23:46.173+0000] {dag.py:3954} INFO - Setting next_dagrun for f1_data_analytics to None, run_after=None
[2026-10-08T10:23:46.185+0000] {processor.py:183} INFO - Processing /opt/airflow/dags/f1_pipeline_dag.py took 0.058 seconds
[2026-10-08T10:24:16.315+0000] {processor.py:161} INFO - Started process (PID=5653) to work on /opt/airflow/dags/f1_pipeline_dag.py
[2026-10-08T10:24:16.316+0000] {processor.py:830} INFO - Processing file /opt/airflow/dags/f1_pipeline_dag.py for tasks to queue
[2026-10-08T10:24:16.317+0000] {logging_mixin.py:188} INFO - [2026-10-08T10:24:16.316+0000] {dagbag.py:545} INFO - Filling up the DagBag from /opt/airflow/dags/f1_pipeline_dag.py
[2026-10-08T10:24:16.323+0000] {processor.py:840} INFO - DAG(s) 'f1_data_analytics' retrieved from /opt/airflow/dags/f1_pipeline_dag.py
[2026-10-08T10:24:16.345+0000] {logging_mixin.py:188} INFO - [2026-10-08T10:24:16.345+0000] {dag.py:3096} INFO - Sync 1 DAGs
[2026-10-08T10:24:16.351+0000] {logging_mixin.py:188} INFO - [2026-10-08T10:24:16.351+0000] {dag.py:3954} INFO - Setting next_dagrun for f1_data_analytics to None, run_after=None
[2026-10-08T10:24:16.362+0000] {processor.py:183} INFO - Processing /opt/airflow/dags/f1_pipeline_dag.py took 0.052 seconds
[2026-10-08T10:24:46.493+0000] {processor.py:161} INFO - Started process (PID=5654) to work on /opt/airflow/dags/f1_pipeline_dag.py
[2026-10-08T10:24:46.496+0000] {processor.py:830} INFO - Processing file /opt/airflow/dags/f1_pipeline_dag.py for tasks to queue
[2026-10-08T10:24:46.496+0000] {logging_mixin.py:188} INFO - [2026-10-08T10:24:46.496+0000] {dagbag.py:545} INFO - Filling up the DagBag from /opt/airflow/dags/f1_pipeline_dag.py
[2026-10-08T10:24:46.505+0000] {processor.py:840} INFO - DAG(s) 'f1_data_analytics' retrieved from /opt/airflow/dags/f1_pipeline_dag.py
[2026-10-08T10:24:46.526+0000] {logging_mixin.py:188} INFO - [2026-10-08T10:24:46.526+0000] {dag.py:3096} INFO - Sync 1 DAGs
[2026-10-08T10:24:46.532+0000] {logging_mixin.py:188} INFO - [2026-10-08T10:24:46.532+0000] {dag.py:3954} INFO - Setting next_dagrun for f1_data_analytics to None, run_after=None
[2026-10-08T10:24:46.543+0000] {processor.py:183} INFO - Processing /opt/airflow/dags/f1_pipeline_dag.py took 0.058 seconds
[2026-10-08T10:25:16.660+0000] {processor.py:161} INFO - Started process (PID=5655) to work on /opt/airflow/dags/f1_pipeline_dag.py
[2026-10-08T10:25:16.660+0000] {processor.py:830} INFO - Processing file /opt/airflow/dags/f1_pipeline_dag.py for tasks to queue
[2026-10-08T10:25:16.661+0000] {logging_mixin.py:188} INFO - [2026-10-08T10:25:16.661+0000] {dagbag.py:545} INFO - Filling up the DagBag from /opt/airflow/dags/f1_pipeline_dag.py
[2026-10-08T10:25:16.669+0000] {processor.py:840} INFO - DAG(s) 'f1_data_analytics' retrieved from /opt/airflow/dags/f1_pipeline_dag.py
[2026-10-08T10:25:16.690+0000] {logging_mixin.py:188} INFO - [2026-10-08T10:25:16.690+0000] {dag.py:3096} INFO - Sync 1 DAGs
[2026-10-08T10:25:16.696+0000] {logging_mixin.py:188} INFO - [2026-10-08T10:25:16.696+0000] {dag.py:3954} INFO - Setting next_dagrun for f1_data_analytics to None, run_after=None
[2026-10-08T10:25:16.708+0000] {processor.py:183} INFO - Processing /opt/airflow/dags/f1_pipeline_dag.py took 0.053 seconds
[2026-10-08T10:25:46.838+0000] {processor.py:161} INFO - Started process (PID=5656) to work on /opt/airflow/dags/f1_pipeline_dag.py
[2026-10-08T10:25:46.840+0000] {processor.py:830} INFO - Processing file /opt/airflow/dags/f1_pipeline_dag.py for tasks to queue
[2026-10-08T10:25:46.841+0000] {logging_mixin.py:188} INFO - [2026-10-08T10:25:46.841+0000] {dagbag.py:545} INFO - Filling up the DagBag from /opt/airflow/dags/f1_pipeline_dag.py
[2026-10-08T10:25:46.849+0000] {processor.py:840} INFO - DAG(s) 'f1_data_analytics' retrieved from /opt/airflow/dags/f1_pipeline_dag.py
[2026-10-08T10:25:46.872+0000] {logging_mixin.py:188} INFO - [2026-10-08T10:25:46.871+0000] {dag.py:3096} INFO - Sync 1 DAGs
[2026-10-08T10:25:46.879+0000] {logging_mixin.py:188} INFO - [2026-10-08T10:25:46.879+0000] {dag.py:3954} INFO - Setting next_dagrun for f1_data_analytics to None, run_after=None
[2026-10-08T10:25:46.891+0000] {processor.py:183} INFO - Processing /opt/airflow/dags/f1_pipeline_dag.py took 0.059 seconds
[2026-10-08T10:26:17.020+0000] {processor.py:161} INFO - Started process (PID=5657) to work on /opt/airflow/dags/f1_pipeline_dag.py
[2026-10-08T10:26:17.021+0000] {processor.py:830} INFO - Processing file /opt/airflow/dags/f1_pipeline_dag.py for tasks to queue
[2026-10-08T10:26:17.022+0000] {logging_mixin.py:188} INFO - [2026-10-08T10:26:17.022+0000] {dagbag.py:545} INFO - Filling up the DagBag from /opt/airflow/dags/f1_pipeline_dag.py
[2026-10-08T10:26:17.030+0000] {processor.py:840} INFO - DAG(s) 'f1_data_analytics' retrieved from /opt/airflow/dags/f1_pipeline_dag.py
[2026-10-08T10:26:17.051+0000] {logging_mixin.py:188} INFO - [2026-10-08T10:26:17.051+0000] {dag.py:3096} INFO - Sync 1 DAGs
[2026-10-08T10:26:17.057+0000] {logging_mixin.py:188} INFO - [2026-10-08T10:26:17.057+0000] {dag.py:3954} INFO - Setting next_dagrun for f1_data_analytics to None, run_after=None
[2026-10-08T10:26:17.068+0000] {processor.py:183} INFO - Processing /opt/airflow/dags/f1_pipeline_dag.py took 0.056 seconds
[2026-10-08T10:26:47.200+0000] {processor.py:161} INFO - Started process (PID=5658) to work on /opt/airflow/dags/f1_pipeline_dag.py
[2026-10-08T10:26:47.202+0000] {processor.py:830} INFO - Processing file /opt/airflow/dags/f1_pipeline_dag.py for tasks to queue
[2026-10-08T10:26:47.203+0000] {logging_mixin.py:188} INFO - [2026-10-08T10:26:47.203+0000] {dagbag.py:545} INFO - Filling up the DagBag from /opt/airflow/dags/f1_pipeline_dag.py
[2026-10-08T10:26:47.212+0000] {processor.py:840} INFO - DAG(s) 'f1_data_analytics' retrieved from /opt/airflow/dags/f1_pipeline_dag.py
[2026-10-08T10:26:47.233+0000] {logging_mixin.py:188} INFO - [2026-10-08T10:26:47.232+0000] {dag.py:3096} INFO - Sync 1 DAGs
[2026-10-08T10:26:47.239+0000] {logging_mixin.py:188} INFO - [2026-10-08T10:26:47.239+0000] {dag.py:3954} INFO - Setting next_dagrun for f1_data_analytics to None, run_after=None
[2026-10-08T10:26:47.250+0000] {processor.py:183} INFO - Processing /opt/airflow/dags/f1_pipeline_dag.py took 0.059 seconds
[2026-10-08T10:27:17.374+0000] {processor.py:161} INFO - Started process (PID=5659) to work on /opt/airflow/dags/f1_pipeline_dag.py
[2026-10-08T10:27:17.375+0000] {processor.py:830} INFO - Processing file /opt/airflow/dags/f1_pipeline_dag.py for tasks to queue
[2026-10-08T10:27:17.376+0000] {logging_mixin.py:188} INFO - [2026-10-08T10:27:17.375+0000] {dagbag.py:545} INFO - Filling up the DagBag from /opt/airflow/dags/f1_pipeline_dag.py
[2026-10-08T10:27:17.384+0000] {processor.py:840} INFO - DAG(s) 'f1_data_analytics' retrieved from /opt/airflow/dags/f1_pipeline_dag.py
[2026-10-08T10:27:17.406+0000] {logging_mixin.py:188} INFO - [2026-10-08T10:27:17.406+0000] {dag.py:3096} INFO - Sync 1 DAGs
[2026-10-08T10:27:17.414+0000] {logging_mixin.py:188} INFO - [2026-10-08T10:27:17.414+0000] {dag.py:3954} INFO - Setting next_dagrun for f1_data_analytics to None, run_after=None
[2026-10-08T10:27:17.426+0000] {processor.py:183} INFO - Processing /opt/airflow/dags/f1_pipeline_dag.py took 0.056 seconds
[2026-10-08T10:27:47.552+0000] {processor.py:161} INFO - Started process (PID=5660) to work on /opt/airflow/dags/f1_pipeline_dag.py
[2026-10-08T10:27:47.554+0000] {processor.py:830} INFO - Processing file /opt/airflow/dags/f1_pipeline_dag.py for tasks to queue
[2026-10-08T10:27:47.555+0000] {logging_mixin.py:188} INFO - [2026-10-08T10:27:47.555+0000] {dagbag.py:545} INFO - Filling up the DagBag from /opt/airflow/dags/f1_pipeline_dag.py
[2026-10-08T10:27:47.565+0000] {processor.py:840} INFO - DAG(s) 'f1_data_analytics' retrieved from /opt/airflow/dags/f1_pipeline_dag.py
[2026-10-08T10:27:47.585+0000] {logging_mixin.py:188} INFO - [2026-10-08T10:27:47.585+0000] {dag.py:3096} INFO - Sync 1 DAGs
[2026-10-08T10:27:47.592+0000] {logging_mixin.py:188} INFO - [2026-10-08T10:27:47.591+0000] {dag.py:3954} INFO - Setting next_dagrun for f1_data_analytics to None, run_after=None
[2026-10-08T10:27:47.603+0000] {processor.py:183} INFO - Processing /opt/airflow/dags/f1_pipeline_dag.py took 0.055 seconds
[2026-10-08T10:28:17.715+0000] {processor.py:161} INFO - Started process (PID=5661) to work on /opt/airflow/dags/f1_pipeline_dag.py
[2026-10-08T10:28:17.716+0000] {processor.py:830} INFO - Processing file /opt/airflow/dags/f1_pipeline_dag.py for tasks to queue
[2026-10-08T10:28:17.717+0000] {logging_mixin.py:188} INFO - [2026-10-08T10:28:17.717+0000] {dagbag.py:545} INFO - Filling up the DagBag from /opt/airflow/dags/f1_pipeline_dag.py
[2026-10-08T10:28:17.724+0000] {processor.py:840} INFO - DAG(s) 'f1_data_analytics' retrieved from /opt/airflow/dags/f1_pipeline_dag.py
[2026-10-08T10:28:17.746+0000] {logging_mixin.py:188} INFO - [2026-10-08T10:28:17.746+0000] {dag.py:3096} INFO - Sync 1 DAGs
[2026-10-08T10:28:17.752+0000] {logging_mixin.py:188} INFO - [2026-10-08T10:28:17.752+0000] {dag.py:3954} INFO - Setting next_dagrun for f1_data_analytics to None, run_after=None
[2026-10-08T10:28:17.764+0000] {processor.py:183} INFO - Processing /opt/airflow/dags/f1_pipeline_dag.py took 0.055 seconds
[2026-10-08T10:28:47.902+0000] {processor.py:161} INFO - Started process (PID=5662) to work on /opt/airflow/dags/f1_pipeline_dag.py
[2026-10-08T10:28:47.904+0000] {processor.py:830} INFO - Processing file /opt/airflow/dags/f1_pipeline_dag.py for tasks to queue
[2026-10-08T10:28:47.904+0000] {logging_mixin.py:188} INFO - [2026-10-08T10:28:47.904+0000] {dagbag.py:545} INFO - Filling up the DagBag from /opt/airflow/dags/f1_pipeline_dag.py
[2026-10-08T10:28:47.912+0000] {processor.py:840} INFO - DAG(s) 'f1_data_analytics' retrieved from /opt/airflow/dags/f1_pipeline_dag.py
[2026-10-08T10:28:47.934+0000] {logging_mixin.py:188} INFO - [2026-10-08T10:28:47.934+0000] {dag.py:3096} INFO - Sync 1 DAGs
[2026-10-08T10:28:47.941+0000] {logging_mixin.py:188} INFO - [2026-10-08T10:28:47.940+0000] {dag.py:3954} INFO - Setting next_dagrun for f1_data_analytics to None, run_after=None
[2026-10-08T10:28:47.952+0000] {processor.py:183} INFO - Processing /opt/airflow/dags/f1_pipeline_dag.py took 0.054 seconds
[2026-10-08T10:29:18.090+0000] {processor.py:161} INFO - Started process (PID=5663) to work on /opt/airflow/dags/f1_pipeline_dag.py
[2026-10-08T10:29:18.091+0000] {processor.py:830} INFO - Processing file /opt/airflow/dags/f1_pipeline_dag.py for tasks to queue
[2026-10-08T10:29:18.092+0000] {logging_mixin.py:188} INFO - [2026-10-08T10:29:18.091+0000] {dagbag.py:545} INFO - Filling up the DagBag from /opt/airflow/dags/f1_pipeline_dag.py
[2026-10-08T10:29:18.100+0000] {processor.py:840} INFO - DAG(s) 'f1_data_analytics' retrieved from /opt/airflow/dags/f1_pipeline_dag.py
[2026-10-08T10:29:18.121+0000] {logging_mixin.py:188} INFO - [2026-10-08T10:29:18.121+0000] {dag.py:3096} INFO - Sync 1 DAGs
[2026-10-08T10:29:18.127+0000] {logging_mixin.py:188} INFO - [2026-10-08T10:29:18.127+0000] {dag.py:3954} INFO - Setting next_dagrun for f1_data_analytics to None, run_after=None
[2026-10-08T10:29:18.138+0000] {processor.py:183} INFO - Processing /opt/airflow/dags/f1_pipeline_dag.py took 0.056 seconds
[2026-10-08T10:29:48.276+0000] {processor.py:161} INFO - Started process (PID=5664) to work on /opt/airflow/dags/f1_pipeline_dag.py
[2026-10-08T10:29:48.279+0000] {processor.py:830} INFO - Processing file /opt/airflow/dags/f1_pipeline_dag.py for tasks to queue
[2026-10-08T10:29:48.280+0000] {logging_mixin.py:188} INFO - [2026-10-08T10:29:48.279+0000] {dagbag.py:545} INFO - Filling up the DagBag from /opt/airflow/dags/f1_pipeline_dag.py
[2026-10-08T10:29:48.289+0000] {processor.py:840} INFO - DAG(s) 'f1_data_analytics' retrieved from /opt/airflow/dags/f1_pipeline_dag.py
[2026-10-08T10:29:48.310+0000] {logging_mixin.py:188} INFO - [2026-10-08T10:29:48.310+0000] {dag.py:3096} INFO - Sync 1 DAGs
[2026-10-08T10:29:48.316+0000] {logging_mixin.py:188} INFO - [2026-10-08T10:29:48.316+0000] {dag.py:3954} INFO - Setting next_dagrun for f1_data_analytics to None, run_after=None
[2026-10-08T10:29:48.327+0000] {processor.py:183} INFO - Processing /opt/airflow/dags/f1_pipeline_dag.py took 0.059 seconds
[2026-10-08T10:30:18.464+0000] {processor.py:161} INFO - Started process (PID=5665) to work on /opt/airflow/dags/f1_pipeline_dag.py
[2026-10-08T10:30:18.465+0000] {processor.py:830} INFO - Processing file /opt/airflow/dags/f1_pipeline_dag.py for tasks to queue
[2026-10-08T10:30:18.466+0000] {logging_mixin.py:188} INFO - [2026-10-08T10:30:18.465+0000] {dagbag.py:545} INFO - Filling up the DagBag from /opt/airflow/dags/f1_pipeline_dag.py
[2026-10-08T10:30:18.473+0000] {processor.py:840} INFO - DAG(s) 'f1_data_analytics' retrieved from /opt/airflow/dags/f1_pipeline_dag.py
[2026-10-08T10:30:18.495+0000] {logging_mixin.py:188} INFO - [2026-10-08T10:30:18.494+0000] {dag.py:3096} INFO - Sync 1 DAGs
[2026-10-08T10:30:18.501+0000] {logging_mixin.py:188} INFO - [2026-10-08T10:30:18.501+0000] {dag.py:3954} INFO - Setting next_dagrun for f1_data_analytics to None, run_after=None
[2026-10-08T10:30:18.513+0000] {processor.py:183} INFO - Processing /opt/airflow/dags/f1_pipeline_dag.py took 0.054 seconds
[2026-10-08T10:30:48.650+0000] {processor.py:161} INFO - Started process (PID=5666) to work on /opt/airflow/dags/f1_pipeline_dag.py
[2026-10-08T10:30:48.652+0000] {processor.py:830} INFO - Processing file /opt/airflow/dags/f1_pipeline_dag.py for tasks to queue
[2026-10-08T10:30:48.653+0000] {logging_mixin.py:188} INFO - [2026-10-08T10:30:48.652+0000] {dagbag.py:545} INFO - Filling up the DagBag from /opt/airflow/dags/f1_pipeline_dag.py
[2026-10-08T10:30:48.660+0000] {processor.py:840} INFO - DAG(s) 'f1_data_analytics' retrieved from /opt/airflow/dags/f1_pipeline_dag.py
[2026-10-08T10:30:48.682+0000] {logging_mixin.py:188} INFO - [2026-10-08T10:30:48.682+0000] {dag.py:3096} INFO - Sync 1 DAGs
[2026-10-08T10:30:48.689+0000] {logging_mixin.py:188} INFO - [2026-10-08T10:30:48.688+0000] {dag.py:3954} INFO - Setting next_dagrun for f1_data_analytics to None, run_after=None
[2026-10-08T10:30:48.700+0000] {processor.py:183} INFO - Processing /opt/airflow/dags/f1_pipeline_dag.py took 0.054 seconds
[2026-10-08T10:31:18.815+0000] {processor.py:161} INFO - Started process (PID=5667) to work on /opt/airflow/dags/f1_pipeline_dag.py
[2026-10-08T10:31:18.816+0000] {processor.py:830} INFO - Processing file /opt/airflow/dags/f1_pipeline_dag.py for tasks to queue
[2026-10-08T10:31:18.816+0000] {logging_mixin.py:188} INFO - [2026-10-08T10:31:18.816+0000] {dagbag.py:545} INFO - Filling up the DagBag from /opt/airflow/dags/f1_pipeline_dag.py
[2026-10-08T10:31:18.823+0000] {processor.py:840} INFO - DAG(s) 'f1_data_analytics' retrieved from /opt/airflow/dags/f1_pipeline_dag.py
[2026-10-08T10:31:18.845+0000] {logging_mixin.py:188} INFO - [2026-10-08T10:31:18.845+0000] {dag.py:3096} INFO - Sync 1 DAGs
[2026-10-08T10:31:18.852+0000] {logging_mixin.py:188} INFO - [2026-10-08T10:31:18.852+0000] {dag.py:3954} INFO - Setting next_dagrun for f1_data_analytics to None, run_after=None
[2026-10-08T10:31:18.864+0000] {processor.py:183} INFO - Processing /opt/airflow/dags/f1_pipeline_dag.py took 0.052 seconds
[2026-10-08T10:31:48.991+0000] {processor.py:161} INFO - Started process (PID=5668) to work on /opt/airflow/dags/f1_pipeline_dag.py
[2026-10-08T10:31:48.993+0000] {processor.py:830} INFO - Processing file /opt/airflow/dags/f1_pipeline_dag.py for tasks to queue
[2026-10-08T10:31:48.994+0000] {logging_mixin.py:188} INFO - [2026-10-08T10:31:48.994+0000] {dagbag.py:545} INFO - Filling up the DagBag from /opt/airflow/dags/f1_pipeline_dag.py
[2026-10-08T10:31:49.003+0000] {processor.py:840} INFO - DAG(s) 'f1_data_analytics' retrieved from /opt/airflow/dags/f1_pipeline_dag.py
[2026-10-08T10:31:49.025+0000] {logging_mixin.py:188} INFO - [2026-10-08T10:31:49.025+0000] {dag.py:3096} INFO - Sync 1 DAGs
[2026-10-08T10:31:49.032+0000] {logging_mixin.py:188} INFO - [2026-10-08T10:31:49.032+0000] {dag.py:3954} INFO - Setting next_dagrun for f1_data_analytics to None, run_after=None
[2026-10-08T10:31:49.044+0000] {processor.py:183} INFO - Processing /opt/airflow/dags/f1_pipeline_dag.py took 0.058 seconds
[2026-10-08T10:32:19.171+0000] {processor.py:161} INFO - Started process (PID=5669) to work on /opt/airflow/dags/f1_pipeline_dag.py
[2026-10-08T10:32:19.171+0000] {processor.py:830} INFO - Processing file /opt/airflow/dags/f1_pipeline_dag.py for tasks to queue
[2026-10-08T10:32:19.172+0000] {logging_mixin.py:188} INFO - [2026-10-08T10:32:19.172+0000] {dagbag.py:545} INFO - Filling up the DagBag from /opt/airflow/dags/f1_pipeline_dag.py
[2026-10-08T10:32:19.180+0000] {processor.py:840} INFO - DAG(s) 'f1_data_analytics' retrieved from /opt/airflow/dags/f1_pipeline_dag.py
[2026-10-08T10:32:19.202+0000] {logging_mixin.py:188} INFO - [2026-10-08T10:32:19.202+0000] {dag.py:3096} INFO - Sync 1 DAGs
[2026-10-08T10:32:19.209+0000] {logging_mixin.py:188} INFO - [2026-10-08T10:32:19.209+0000] {dag.py:3954} INFO - Setting next_dagrun for f1_data_analytics to None, run_after=None
[2026-10-08T10:32:19.222+0000] {processor.py:183} INFO - Processing /opt/airflow/dags/f1_pipeline_dag.py took 0.056 seconds
[2026-10-08T10:32:49.346+0000] {processor.py:161} INFO - Started process (PID=5670) to work on /opt/airflow/dags/f1_pipeline_dag.py
[2026-10-08T10:32:49.346+0000] {processor.py:830} INFO - Processing file /opt/airflow/dags/f1_pipeline_dag.py for tasks to queue
[2026-10-08T10:32:49.347+0000] {logging_mixin.py:188} INFO - [2026-10-08T10:32:49.346+0000] {dagbag.py:545} INFO - Filling up the DagBag from /opt/airflow/dags/f1_pipeline_dag.py
[2026-10-08T10:32:49.354+0000] {processor.py:840} INFO - DAG(s) 'f1_data_analytics' retrieved from /opt/airflow/dags/f1_pipeline_dag.py
[2026-10-08T10:32:49.376+0000] {logging_mixin.py:188} INFO - [2026-10-08T10:32:49.376+0000] {dag.py:3096} INFO - Sync 1 DAGs
[2026-10-08T10:32:49.383+0000] {logging_mixin.py:188} INFO - [2026-10-08T10:32:49.382+0000] {dag.py:3954} INFO - Setting next_dagrun for f1_data_analytics to None, run_after=None
[2026-10-08T10:32:49.394+0000] {processor.py:183} INFO - Processing /opt/airflow/dags/f1_pipeline_dag.py took 0.052 seconds
[2026-10-08T10:33:19.523+0000] {processor.py:161} INFO - Started process (PID=5671) to work on /opt/airflow/dags/f1_pipeline_dag.py
[2026-10-08T10:33:19.523+0000] {processor.py:830} INFO - Processing file /opt/airflow/dags/f1_pipeline_dag.py for tasks to queue
[2026-10-08T10:33:19.524+0000] {logging_mixin.py:188} INFO - [2026-10-08T10:33:19.524+0000] {dagbag.py:545} INFO - Filling up the DagBag from /opt/airflow/dags/f1_pipeline_dag.py
[2026-10-08T10:33:19.531+0000] {processor.py:840} INFO - DAG(s) 'f1_data_analytics' retrieved from /opt/airflow/dags/f1_pipeline_dag.py
[2026-10-08T10:33:19.555+0000] {logging_mixin.py:188} INFO - [2026-10-08T10:33:19.555+0000] {dag.py:3096} INFO - Sync 1 DAGs
[2026-10-08T10:33:19.562+0000] {logging_mixin.py:188} INFO - [2026-10-08T10:33:19.562+0000] {dag.py:3954} INFO - Setting next_dagrun for f1_data_analytics to None, run_after=None
[2026-10-08T10:33:19.573+0000] {processor.py:183} INFO - Processing /opt/airflow/dags/f1_pipeline_dag.py took 0.055 seconds
[2026-10-08T10:33:49.702+0000] {processor.py:161} INFO - Started process (PID=5672) to work on /opt/airflow/dags/f1_pipeline_dag.py
[2026-10-08T10:33:49.709+0000] {processor.py:830} INFO - Processing file /opt/airflow/dags/f1_pipeline_dag.py for tasks to queue
[2026-10-08T10:33:49.710+0000] {logging_mixin.py:188} INFO - [2026-10-08T10:33:49.710+0000] {dagbag.py:545} INFO - Filling up the DagBag from /opt/airflow/dags/f1_pipeline_dag.py
[2026-10-08T10:33:49.719+0000] {processor.py:840} INFO - DAG(s) 'f1_data_analytics' retrieved from /opt/airflow/dags/f1_pipeline_dag.py
[2026-10-08T10:33:49.741+0000] {logging_mixin.py:188} INFO - [2026-10-08T10:33:49.741+0000] {dag.py:3096} INFO - Sync 1 DAGs
[2026-10-08T10:33:49.747+0000] {logging_mixin.py:188} INFO - [2026-10-08T10:33:49.747+0000] {dag.py:3954} INFO - Setting next_dagrun for f1_data_analytics to None, run_after=None
[2026-10-08T10:33:49.758+0000] {processor.py:183} INFO - Processing /opt/airflow/dags/f1_pipeline_dag.py took 0.063 seconds
[2026-10-08T10:34:19.881+0000] {processor.py:161} INFO - Started process (PID=5673) to work on /opt/airflow/dags/f1_pipeline_dag.py
[2026-10-08T10:34:19.881+0000] {processor.py:830} INFO - Processing file /opt/airflow/dags/f1_pipeline_dag.py for tasks to queue
[2026-10-08T10:34:19.882+0000] {logging_mixin.py:188} INFO - [2026-10-08T10:34:19.882+0000] {dagbag.py:545} INFO - Filling up the DagBag from /opt/airflow/dags/f1_pipeline_dag.py
[2026-10-08T10:34:19.890+0000] {processor.py:840} INFO - DAG(s) 'f1_data_analytics' retrieved from /opt/airflow/dags/f1_pipeline_dag.py
[2026-10-08T10:34:19.910+0000] {logging_mixin.py:188} INFO - [2026-10-08T10:34:19.910+0000] {dag.py:3096} INFO - Sync 1 DAGs
[2026-10-08T10:34:19.916+0000] {logging_mixin.py:188} INFO - [2026-10-08T10:34:19.916+0000] {dag.py:3954} INFO - Setting next_dagrun for f1_data_analytics to None, run_after=None
[2026-10-08T10:34:19.927+0000] {processor.py:183} INFO - Processing /opt/airflow/dags/f1_pipeline_dag.py took 0.054 seconds
[2026-10-08T10:34:50.055+0000] {processor.py:161} INFO - Started process (PID=5674) to work on /opt/airflow/dags/f1_pipeline_dag.py
[2026-10-08T10:34:50.057+0000] {processor.py:830} INFO - Processing file /opt/airflow/dags/f1_pipeline_dag.py for tasks to queue
[2026-10-08T10:34:50.058+0000] {logging_mixin.py:188} INFO - [2026-10-08T10:34:50.057+0000] {dagbag.py:545} INFO - Filling up the DagBag from /opt/airflow/dags/f1_pipeline_dag.py
[2026-10-08T10:34:50.064+0000] {processor.py:840} INFO - DAG(s) 'f1_data_analytics' retrieved from /opt/airflow/dags/f1_pipeline_dag.py
[2026-10-08T10:34:50.086+0000] {logging_mixin.py:188} INFO - [2026-10-08T10:34:50.086+0000] {dag.py:3096} INFO - Sync 1 DAGs
[2026-10-08T10:34:50.093+0000] {logging_mixin.py:188} INFO - [2026-10-08T10:34:50.093+0000] {dag.py:3954} INFO - Setting next_dagrun for f1_data_analytics to None, run_after=None
[2026-10-08T10:34:50.104+0000] {processor.py:183} INFO - Processing /opt/airflow/dags/f1_pipeline_dag.py took 0.055 seconds
[2026-10-08T10:35:20.187+0000] {processor.py:161} INFO - Started process (PID=5675) to work on /opt/airflow/dags/f1_pipeline_dag.py
[2026-10-08T10:35:20.188+0000] {processor.py:830} INFO - Processing file /opt/airflow/dags/f1_pipeline_dag.py for tasks to queue
[2026-10-08T10:35:20.188+0000] {logging_mixin.py:188} INFO - [2026-10-08T10:35:20.188+0000] {dagbag.py:545} INFO - Filling up the DagBag from /opt/airflow/dags/f1_pipeline_dag.py
[2026-10-08T10:35:20.196+0000] {processor.py:840} INFO - DAG(s) 'f1_data_analytics' retrieved from /opt/airflow/dags/f1_pipeline_dag.py
[2026-10-08T10:35:20.218+0000] {logging_mixin.py:188} INFO - [2026-10-08T10:35:20.218+0000] {dag.py:3096} INFO - Sync 1 DAGs
[2026-10-08T10:35:20.225+0000] {logging_mixin.py:188} INFO - [2026-10-08T10:35:20.224+0000] {dag.py:3954} INFO - Setting next_dagrun for f1_data_analytics to None, run_after=None
[2026-10-08T10:35:20.237+0000] {processor.py:183} INFO - Processing /opt/airflow/dags/f1_pipeline_dag.py took 0.056 seconds
[2026-10-08T10:35:50.365+0000] {processor.py:161} INFO - Started process (PID=5676) to work on /opt/airflow/dags/f1_pipeline_dag.py
[2026-10-08T10:35:50.367+0000] {processor.py:830} INFO - Processing file /opt/airflow/dags/f1_pipeline_dag.py for tasks to queue
[2026-10-08T10:35:50.368+0000] {logging_mixin.py:188} INFO - [2026-10-08T10:35:50.367+0000] {dagbag.py:545} INFO - Filling up the DagBag from /opt/airflow/dags/f1_pipeline_dag.py
[2026-10-08T10:35:50.375+0000] {processor.py:840} INFO - DAG(s) 'f1_data_analytics' retrieved from /opt/airflow/dags/f1_pipeline_dag.py
[2026-10-08T10:35:50.395+0000] {logging_mixin.py:188} INFO - [2026-10-08T10:35:50.395+0000] {dag.py:3096} INFO - Sync 1 DAGs
[2026-10-08T10:35:50.401+0000] {logging_mixin.py:188} INFO - [2026-10-08T10:35:50.401+0000] {dag.py:3954} INFO - Setting next_dagrun for f1_data_analytics to None, run_after=None
[2026-10-08T10:35:50.412+0000] {processor.py:183} INFO - Processing /opt/airflow/dags/f1_pipeline_dag.py took 0.054 seconds
[2026-10-08T10:36:20.537+0000] {processor.py:161} INFO - Started process (PID=5677) to work on /opt/airflow/dags/f1_pipeline_dag.py
[2026-10-08T10:36:20.539+0000] {processor.py:830} INFO - Processing file /opt/airflow/dags/f1_pipeline_dag.py for tasks to queue
[2026-10-08T10:36:20.539+0000] {logging_mixin.py:188} INFO - [2026-10-08T10:36:20.539+0000] {dagbag.py:545} INFO - Filling up the DagBag from /opt/airflow/dags/f1_pipeline_dag.py
[2026-10-08T10:36:20.547+0000] {processor.py:840} INFO - DAG(s) 'f1_data_analytics' retrieved from /opt/airflow/dags/f1_pipeline_dag.py
[2026-10-08T10:36:20.568+0000] {logging_mixin.py:188} INFO - [2026-10-08T10:36:20.568+0000] {dag.py:3096} INFO - Sync 1 DAGs
[2026-10-08T10:36:20.574+0000] {logging_mixin.py:188} INFO - [2026-10-08T10:36:20.574+0000] {dag.py:3954} INFO - Setting next_dagrun for f1_data_analytics to None, run_after=None
[2026-10-08T10:36:20.586+0000] {processor.py:183} INFO - Processing /opt/airflow/dags/f1_pipeline_dag.py took 0.053 seconds
[2026-10-08T10:36:50.719+0000] {processor.py:161} INFO - Started process (PID=5678) to work on /opt/airflow/dags/f1_pipeline_dag.py
[2026-10-08T10:36:50.720+0000] {processor.py:830} INFO - Processing file /opt/airflow/dags/f1_pipeline_dag.py for tasks to queue
[2026-10-08T10:36:50.721+0000] {logging_mixin.py:188} INFO - [2026-10-08T10:36:50.720+0000] {dagbag.py:545} INFO - Filling up the DagBag from /opt/airflow/dags/f1_pipeline_dag.py
[2026-10-08T10:36:50.729+0000] {processor.py:840} INFO - DAG(s) 'f1_data_analytics' retrieved from /opt/airflow/dags/f1_pipeline_dag.py
[2026-10-08T10:36:50.751+0000] {logging_mixin.py:188} INFO - [2026-10-08T10:36:50.751+0000] {dag.py:3096} INFO - Sync 1 DAGs
[2026-10-08T10:36:50.757+0000] {logging_mixin.py:188} INFO - [2026-10-08T10:36:50.757+0000] {dag.py:3954} INFO - Setting next_dagrun for f1_data_analytics to None, run_after=None
[2026-10-08T10:36:50.769+0000] {processor.py:183} INFO - Processing /opt/airflow/dags/f1_pipeline_dag.py took 0.056 seconds
[2026-10-08T10:37:20.894+0000] {processor.py:161} INFO - Started process (PID=5679) to work on /opt/airflow/dags/f1_pipeline_dag.py
[2026-10-08T10:37:20.894+0000] {processor.py:830} INFO - Processing file /opt/airflow/dags/f1_pipeline_dag.py for tasks to queue
[2026-10-08T10:37:20.895+0000] {logging_mixin.py:188} INFO - [2026-10-08T10:37:20.895+0000] {dagbag.py:545} INFO - Filling up the DagBag from /opt/airflow/dags/f1_pipeline_dag.py
[2026-10-08T10:37:20.902+0000] {processor.py:840} INFO - DAG(s) 'f1_data_analytics' retrieved from /opt/airflow/dags/f1_pipeline_dag.py
[2026-10-08T10:37:20.924+0000] {logging_mixin.py:188} INFO - [2026-10-08T10:37:20.924+0000] {dag.py:3096} INFO - Sync 1 DAGs
[2026-10-08T10:37:20.930+0000] {logging_mixin.py:188} INFO - [2026-10-08T10:37:20.930+0000] {dag.py:3954} INFO - Setting next_dagrun for f1_data_analytics to None, run_after=None
[2026-10-08T10:37:20.941+0000] {processor.py:183} INFO - Processing /opt/airflow/dags/f1_pipeline_dag.py took 0.051 seconds
[2026-10-08T10:37:51.079+0000] {processor.py:161} INFO - Started process (PID=5680) to work on /opt/airflow/dags/f1_pipeline_dag.py
[2026-10-08T10:37:51.080+0000] {processor.py:830} INFO - Processing file /opt/airflow/dags/f1_pipeline_dag.py for tasks to queue
[2026-10-08T10:37:51.080+0000] {logging_mixin.py:188} INFO - [2026-10-08T10:37:51.080+0000] {dagbag.py:545} INFO - Filling up the DagBag from /opt/airflow/dags/f1_pipeline_dag.py
[2026-10-08T10:37:51.087+0000] {processor.py:840} INFO - DAG(s) 'f1_data_analytics' retrieved from /opt/airflow/dags/f1_pipeline_dag.py
[2026-10-08T10:37:51.110+0000] {logging_mixin.py:188} INFO - [2026-10-08T10:37:51.110+0000] {dag.py:3096} INFO - Sync 1 DAGs
[2026-10-08T10:37:51.117+0000] {logging_mixin.py:188} INFO - [2026-10-08T10:37:51.116+0000] {dag.py:3954} INFO - Setting next_dagrun for f1_data_analytics to None, run_after=None
[2026-10-08T10:37:51.128+0000] {processor.py:183} INFO - Processing /opt/airflow/dags/f1_pipeline_dag.py took 0.055 seconds
[2026-10-08T10:38:21.250+0000] {processor.py:161} INFO - Started process (PID=5681) to work on /opt/airflow/dags/f1_pipeline_dag.py
[2026-10-08T10:38:21.253+0000] {processor.py:830} INFO - Processing file /opt/airflow/dags/f1_pipeline_dag.py for tasks to queue
[2026-10-08T10:38:21.254+0000] {logging_mixin.py:188} INFO - [2026-10-08T10:38:21.253+0000] {dagbag.py:545} INFO - Filling up the DagBag from /opt/airflow/dags/f1_pipeline_dag.py
[2026-10-08T10:38:21.262+0000] {processor.py:840} INFO - DAG(s) 'f1_data_analytics' retrieved from /opt/airflow/dags/f1_pipeline_dag.py
[2026-10-08T10:38:21.283+0000] {logging_mixin.py:188} INFO - [2026-10-08T10:38:21.282+0000] {dag.py:3096} INFO - Sync 1 DAGs
[2026-10-08T10:38:21.289+0000] {logging_mixin.py:188} INFO - [2026-10-08T10:38:21.289+0000] {dag.py:3954} INFO - Setting next_dagrun for f1_data_analytics to None, run_after=None
[2026-10-08T10:38:21.300+0000] {processor.py:183} INFO - Processing /opt/airflow/dags/f1_pipeline_dag.py took 0.058 seconds
[2026-10-08T10:38:51.416+0000] {processor.py:161} INFO - Started process (PID=5682) to work on /opt/airflow/dags/f1_pipeline_dag.py
[2026-10-08T10:38:51.416+0000] {processor.py:830} INFO - Processing file /opt/airflow/dags/f1_pipeline_dag.py for tasks to queue
[2026-10-08T10:38:51.417+0000] {logging_mixin.py:188} INFO - [2026-10-08T10:38:51.416+0000] {dagbag.py:545} INFO - Filling up the DagBag from /opt/airflow/dags/f1_pipeline_dag.py
[2026-10-08T10:38:51.424+0000] {processor.py:840} INFO - DAG(s) 'f1_data_analytics' retrieved from /opt/airflow/dags/f1_pipeline_dag.py
[2026-10-08T10:38:51.446+0000] {logging_mixin.py:188} INFO - [2026-10-08T10:38:51.446+0000] {dag.py:3096} INFO - Sync 1 DAGs
[2026-10-08T10:38:51.452+0000] {logging_mixin.py:188} INFO - [2026-10-08T10:38:51.452+0000] {dag.py:3954} INFO - Setting next_dagrun for f1_data_analytics to None, run_after=None
[2026-10-08T10:38:51.464+0000] {processor.py:183} INFO - Processing /opt/airflow/dags/f1_pipeline_dag.py took 0.052 seconds
[2026-10-08T10:39:21.590+0000] {processor.py:161} INFO - Started process (PID=5683) to work on /opt/airflow/dags/f1_pipeline_dag.py
[2026-10-08T10:39:21.598+0000] {processor.py:830} INFO - Processing file /opt/airflow/dags/f1_pipeline_dag.py for tasks to queue
[2026-10-08T10:39:21.598+0000] {logging_mixin.py:188} INFO - [2026-10-08T10:39:21.598+0000] {dagbag.py:545} INFO - Filling up the DagBag from /opt/airflow/dags/f1_pipeline_dag.py
[2026-10-08T10:39:21.608+0000] {processor.py:840} INFO - DAG(s) 'f1_data_analytics' retrieved from /opt/airflow/dags/f1_pipeline_dag.py
[2026-10-08T10:39:21.631+0000] {logging_mixin.py:188} INFO - [2026-10-08T10:39:21.631+0000] {dag.py:3096} INFO - Sync 1 DAGs
[2026-10-08T10:39:21.638+0000] {logging_mixin.py:188} INFO - [2026-10-08T10:39:21.638+0000] {dag.py:3954} INFO - Setting next_dagrun for f1_data_analytics to None, run_after=None
[2026-10-08T10:39:21.650+0000] {processor.py:183} INFO - Processing /opt/airflow/dags/f1_pipeline_dag.py took 0.065 seconds
[2026-10-08T10:39:51.769+0000] {processor.py:161} INFO - Started process (PID=5684) to work on /opt/airflow/dags/f1_pipeline_dag.py
[2026-10-08T10:39:51.769+0000] {processor.py:830} INFO - Processing file /opt/airflow/dags/f1_pipeline_dag.py for tasks to queue
[2026-10-08T10:39:51.770+0000] {logging_mixin.py:188} INFO - [2026-10-08T10:39:51.770+0000] {dagbag.py:545} INFO - Filling up the DagBag from /opt/airflow/dags/f1_pipeline_dag.py
[2026-10-08T10:39:51.778+0000] {processor.py:840} INFO - DAG(s) 'f1_data_analytics' retrieved from /opt/airflow/dags/f1_pipeline_dag.py
[2026-10-08T10:39:51.801+0000] {logging_mixin.py:188} INFO - [2026-10-08T10:39:51.800+0000] {dag.py:3096} INFO - Sync 1 DAGs
[2026-10-08T10:39:51.808+0000] {logging_mixin.py:188} INFO - [2026-10-08T10:39:51.808+0000] {dag.py:3954} INFO - Setting next_dagrun for f1_data_analytics to None, run_after=None
[2026-10-08T10:39:51.821+0000] {processor.py:183} INFO - Processing /opt/airflow/dags/f1_pipeline_dag.py took 0.056 seconds
[2026-10-08T10:40:21.944+0000] {processor.py:161} INFO - Started process (PID=5685) to work on /opt/airflow/dags/f1_pipeline_dag.py
[2026-10-08T10:40:21.947+0000] {processor.py:830} INFO - Processing file /opt/airflow/dags/f1_pipeline_dag.py for tasks to queue
[2026-10-08T10:40:21.948+0000] {logging_mixin.py:188} INFO - [2026-10-08T10:40:21.948+0000] {dagbag.py:545} INFO - Filling up the DagBag from /opt/airflow/dags/f1_pipeline_dag.py
[2026-10-08T10:40:21.957+0000] {processor.py:840} INFO - DAG(s) 'f1_data_analytics' retrieved from /opt/airflow/dags/f1_pipeline_dag.py
[2026-10-08T10:40:21.978+0000] {logging_mixin.py:188} INFO - [2026-10-08T10:40:21.978+0000] {dag.py:3096} INFO - Sync 1 DAGs
[2026-10-08T10:40:21.984+0000] {logging_mixin.py:188} INFO - [2026-10-08T10:40:21.984+0000] {dag.py:3954} INFO - Setting next_dagrun for f1_data_analytics to None, run_after=None
[2026-10-08T10:40:21.996+0000] {processor.py:183} INFO - Processing /opt/airflow/dags/f1_pipeline_dag.py took 0.059 seconds
[2026-10-08T10:40:52.121+0000] {processor.py:161} INFO - Started process (PID=5686) to work on /opt/airflow/dags/f1_pipeline_dag.py
[2026-10-08T10:40:52.122+0000] {processor.py:830} INFO - Processing file /opt/airflow/dags/f1_pipeline_dag.py for tasks to queue
[2026-10-08T10:40:52.123+0000] {logging_mixin.py:188} INFO - [2026-10-08T10:40:52.123+0000] {dagbag.py:545} INFO - Filling up the DagBag from /opt/airflow/dags/f1_pipeline_dag.py
[2026-10-08T10:40:52.132+0000] {processor.py:840} INFO - DAG(s) 'f1_data_analytics' retrieved from /opt/airflow/dags/f1_pipeline_dag.py
[2026-10-08T10:40:52.152+0000] {logging_mixin.py:188} INFO - [2026-10-08T10:40:52.152+0000] {dag.py:3096} INFO - Sync 1 DAGs
[2026-10-08T10:40:52.159+0000] {logging_mixin.py:188} INFO - [2026-10-08T10:40:52.158+0000] {dag.py:3954} INFO - Setting next_dagrun for f1_data_analytics to None, run_after=None
[2026-10-08T10:40:52.170+0000] {processor.py:183} INFO - Processing /opt/airflow/dags/f1_pipeline_dag.py took 0.056 seconds
[2026-10-08T10:41:22.309+0000] {processor.py:161} INFO - Started process (PID=5687) to work on /opt/airflow/dags/f1_pipeline_dag.py
[2026-10-08T10:41:22.311+0000] {processor.py:830} INFO - Processing file /opt/airflow/dags/f1_pipeline_dag.py for tasks to queue
[2026-10-08T10:41:22.312+0000] {logging_mixin.py:188} INFO - [2026-10-08T10:41:22.311+0000] {dagbag.py:545} INFO - Filling up the DagBag from /opt/airflow/dags/f1_pipeline_dag.py
[2026-10-08T10:41:22.320+0000] {processor.py:840} INFO - DAG(s) 'f1_data_analytics' retrieved from /opt/airflow/dags/f1_pipeline_dag.py
[2026-10-08T10:41:22.342+0000] {logging_mixin.py:188} INFO - [2026-10-08T10:41:22.342+0000] {dag.py:3096} INFO - Sync 1 DAGs
[2026-10-08T10:41:22.349+0000] {logging_mixin.py:188} INFO - [2026-10-08T10:41:22.348+0000] {dag.py:3954} INFO - Setting next_dagrun for f1_data_analytics to None, run_after=None
[2026-10-08T10:41:22.360+0000] {processor.py:183} INFO - Processing /opt/airflow/dags/f1_pipeline_dag.py took 0.058 seconds
[2026-10-08T10:41:52.488+0000] {processor.py:161} INFO - Started process (PID=5688) to work on /opt/airflow/dags/f1_pipeline_dag.py
[2026-10-08T10:41:52.489+0000] {processor.py:830} INFO - Processing file /opt/airflow/dags/f1_pipeline_dag.py for tasks to queue
[2026-10-08T10:41:52.489+0000] {logging_mixin.py:188} INFO - [2026-10-08T10:41:52.489+0000] {dagbag.py:545} INFO - Filling up the DagBag from /opt/airflow/dags/f1_pipeline_dag.py
[2026-10-08T10:41:52.497+0000] {processor.py:840} INFO - DAG(s) 'f1_data_analytics' retrieved from /opt/airflow/dags/f1_pipeline_dag.py
[2026-10-08T10:41:52.519+0000] {logging_mixin.py:188} INFO - [2026-10-08T10:41:52.519+0000] {dag.py:3096} INFO - Sync 1 DAGs
[2026-10-08T10:41:52.525+0000] {logging_mixin.py:188} INFO - [2026-10-08T10:41:52.525+0000] {dag.py:3954} INFO - Setting next_dagrun for f1_data_analytics to None, run_after=None
[2026-10-08T10:41:52.538+0000] {processor.py:183} INFO - Processing /opt/airflow/dags/f1_pipeline_dag.py took 0.056 seconds
[2026-10-08T10:42:22.655+0000] {processor.py:161} INFO - Started process (PID=5689) to work on /opt/airflow/dags/f1_pipeline_dag.py
[2026-10-08T10:42:22.656+0000] {processor.py:830} INFO - Processing file /opt/airflow/dags/f1_pipeline_dag.py for tasks to queue
[2026-10-08T10:42:22.657+0000] {logging_mixin.py:188} INFO - [2026-10-08T10:42:22.657+0000] {dagbag.py:545} INFO - Filling up the DagBag from /opt/airflow/dags/f1_pipeline_dag.py
[2026-10-08T10:42:22.665+0000] {processor.py:840} INFO - DAG(s) 'f1_data_analytics' retrieved from /opt/airflow/dags/f1_pipeline_dag.py
[2026-10-08T10:42:22.693+0000] {logging_mixin.py:188} INFO - [2026-10-08T10:42:22.692+0000] {dag.py:3096} INFO - Sync 1 DAGs
[2026-10-08T10:42:22.701+0000] {logging_mixin.py:188} INFO - [2026-10-08T10:42:22.700+0000] {dag.py:3954} INFO - Setting next_dagrun for f1_data_analytics to None, run_after=None
[2026-10-08T10:42:22.716+0000] {processor.py:183} INFO - Processing /opt/airflow/dags/f1_pipeline_dag.py took 0.064 seconds
[2026-10-08T10:42:52.823+0000] {processor.py:161} INFO - Started process (PID=5690) to work on /opt/airflow/dags/f1_pipeline_dag.py
[2026-10-08T10:42:52.823+0000] {processor.py:830} INFO - Processing file /opt/airflow/dags/f1_pipeline_dag.py for tasks to queue
[2026-10-08T10:42:52.824+0000] {logging_mixin.py:188} INFO - [2026-10-08T10:42:52.823+0000] {dagbag.py:545} INFO - Filling up the DagBag from /opt/airflow/dags/f1_pipeline_dag.py
[2026-10-08T10:42:52.831+0000] {processor.py:840} INFO - DAG(s) 'f1_data_analytics' retrieved from /opt/airflow/dags/f1_pipeline_dag.py
[2026-10-08T10:42:52.852+0000] {logging_mixin.py:188} INFO - [2026-10-08T10:42:52.852+0000] {dag.py:3096} INFO - Sync 1 DAGs
[2026-10-08T10:42:52.858+0000] {logging_mixin.py:188} INFO - [2026-10-08T10:42:52.858+0000] {dag.py:3954} INFO - Setting next_dagrun for f1_data_analytics to None, run_after=None
[2026-10-08T10:42:52.870+0000] {processor.py:183} INFO - Processing /opt/airflow/dags/f1_pipeline_dag.py took 0.050 seconds
[2026-10-08T10:43:23.004+0000] {processor.py:161} INFO - Started process (PID=5691) to work on /opt/airflow/dags/f1_pipeline_dag.py
[2026-10-08T10:43:23.012+0000] {processor.py:830} INFO - Processing file /opt/airflow/dags/f1_pipeline_dag.py for tasks to queue
[2026-10-08T10:43:23.013+0000] {logging_mixin.py:188} INFO - [2026-10-08T10:43:23.013+0000] {dagbag.py:545} INFO - Filling up the DagBag from /opt/airflow/dags/f1_pipeline_dag.py
[2026-10-08T10:43:23.021+0000] {processor.py:840} INFO - DAG(s) 'f1_data_analytics' retrieved from /opt/airflow/dags/f1_pipeline_dag.py
[2026-10-08T10:43:23.043+0000] {logging_mixin.py:188} INFO - [2026-10-08T10:43:23.043+0000] {dag.py:3096} INFO - Sync 1 DAGs
[2026-10-08T10:43:23.050+0000] {logging_mixin.py:188} INFO - [2026-10-08T10:43:23.050+0000] {dag.py:3954} INFO - Setting next_dagrun for f1_data_analytics to None, run_after=None
[2026-10-08T10:43:23.061+0000] {processor.py:183} INFO - Processing /opt/airflow/dags/f1_pipeline_dag.py took 0.063 seconds
[2026-10-08T10:43:53.179+0000] {processor.py:161} INFO - Started process (PID=5692) to work on /opt/airflow/dags/f1_pipeline_dag.py
[2026-10-08T10:43:53.180+0000] {processor.py:830} INFO - Processing file /opt/airflow/dags/f1_pipeline_dag.py for tasks to queue
[2026-10-08T10:43:53.181+0000] {logging_mixin.py:188} INFO - [2026-10-08T10:43:53.181+0000] {dagbag.py:545} INFO - Filling up the DagBag from /opt/airflow/dags/f1_pipeline_dag.py
[2026-10-08T10:43:53.188+0000] {processor.py:840} INFO - DAG(s) 'f1_data_analytics' retrieved from /opt/airflow/dags/f1_pipeline_dag.py
[2026-10-08T10:43:53.210+0000] {logging_mixin.py:188} INFO - [2026-10-08T10:43:53.210+0000] {dag.py:3096} INFO - Sync 1 DAGs
[2026-10-08T10:43:53.217+0000] {logging_mixin.py:188} INFO - [2026-10-08T10:43:53.217+0000] {dag.py:3954} INFO - Setting next_dagrun for f1_data_analytics to None, run_after=None
[2026-10-08T10:43:53.229+0000] {processor.py:183} INFO - Processing /opt/airflow/dags/f1_pipeline_dag.py took 0.057 seconds
[2026-10-08T10:44:23.358+0000] {processor.py:161} INFO - Started process (PID=5693) to work on /opt/airflow/dags/f1_pipeline_dag.py
[2026-10-08T10:44:23.361+0000] {processor.py:830} INFO - Processing file /opt/airflow/dags/f1_pipeline_dag.py for tasks to queue
[2026-10-08T10:44:23.361+0000] {logging_mixin.py:188} INFO - [2026-10-08T10:44:23.361+0000] {dagbag.py:545} INFO - Filling up the DagBag from /opt/airflow/dags/f1_pipeline_dag.py
[2026-10-08T10:44:23.370+0000] {processor.py:840} INFO - DAG(s) 'f1_data_analytics' retrieved from /opt/airflow/dags/f1_pipeline_dag.py
[2026-10-08T10:44:23.392+0000] {logging_mixin.py:188} INFO - [2026-10-08T10:44:23.391+0000] {dag.py:3096} INFO - Sync 1 DAGs
[2026-10-08T10:44:23.399+0000] {logging_mixin.py:188} INFO - [2026-10-08T10:44:23.398+0000] {dag.py:3954} INFO - Setting next_dagrun for f1_data_analytics to None, run_after=None
[2026-10-08T10:44:23.411+0000] {processor.py:183} INFO - Processing /opt/airflow/dags/f1_pipeline_dag.py took 0.060 seconds
[2026-10-08T10:44:53.484+0000] {processor.py:161} INFO - Started process (PID=5694) to work on /opt/airflow/dags/f1_pipeline_dag.py
[2026-10-08T10:44:53.485+0000] {processor.py:830} INFO - Processing file /opt/airflow/dags/f1_pipeline_dag.py for tasks to queue
[2026-10-08T10:44:53.486+0000] {logging_mixin.py:188} INFO - [2026-10-08T10:44:53.485+0000] {dagbag.py:545} INFO - Filling up the DagBag from /opt/airflow/dags/f1_pipeline_dag.py
[2026-10-08T10:44:53.493+0000] {processor.py:840} INFO - DAG(s) 'f1_data_analytics' retrieved from /opt/airflow/dags/f1_pipeline_dag.py
[2026-10-08T10:44:53.516+0000] {logging_mixin.py:188} INFO - [2026-10-08T10:44:53.516+0000] {dag.py:3096} INFO - Sync 1 DAGs
[2026-10-08T10:44:53.524+0000] {logging_mixin.py:188} INFO - [2026-10-08T10:44:53.523+0000] {dag.py:3954} INFO - Setting next_dagrun for f1_data_analytics to None, run_after=None
[2026-10-08T10:44:53.536+0000] {processor.py:183} INFO - Processing /opt/airflow/dags/f1_pipeline_dag.py took 0.056 seconds
[2026-10-08T10:45:23.644+0000] {processor.py:161} INFO - Started process (PID=5695) to work on /opt/airflow/dags/f1_pipeline_dag.py
[2026-10-08T10:45:23.647+0000] {processor.py:830} INFO - Processing file /opt/airflow/dags/f1_pipeline_dag.py for tasks to queue
[2026-10-08T10:45:23.647+0000] {logging_mixin.py:188} INFO - [2026-10-08T10:45:23.647+0000] {dagbag.py:545} INFO - Filling up the DagBag from /opt/airflow/dags/f1_pipeline_dag.py
[2026-10-08T10:45:23.655+0000] {processor.py:840} INFO - DAG(s) 'f1_data_analytics' retrieved from /opt/airflow/dags/f1_pipeline_dag.py
[2026-10-08T10:45:23.678+0000] {logging_mixin.py:188} INFO - [2026-10-08T10:45:23.678+0000] {dag.py:3096} INFO - Sync 1 DAGs
[2026-10-08T10:45:23.685+0000] {logging_mixin.py:188} INFO - [2026-10-08T10:45:23.685+0000] {dag.py:3954} INFO - Setting next_dagrun for f1_data_analytics to None, run_after=None
[2026-10-08T10:45:23.697+0000] {processor.py:183} INFO - Processing /opt/airflow/dags/f1_pipeline_dag.py took 0.056 seconds
[2026-10-08T10:45:53.810+0000] {processor.py:161} INFO - Started process (PID=5696) to work on /opt/airflow/dags/f1_pipeline_dag.py
[2026-10-08T10:45:53.810+0000] {processor.py:830} INFO - Processing file /opt/airflow/dags/f1_pipeline_dag.py for tasks to queue
[2026-10-08T10:45:53.811+0000] {logging_mixin.py:188} INFO - [2026-10-08T10:45:53.810+0000] {dagbag.py:545} INFO - Filling up the DagBag from /opt/airflow/dags/f1_pipeline_dag.py
[2026-10-08T10:45:53.817+0000] {processor.py:840} INFO - DAG(s) 'f1_data_analytics' retrieved from /opt/airflow/dags/f1_pipeline_dag.py
[2026-10-08T10:45:53.841+0000] {logging_mixin.py:188} INFO - [2026-10-08T10:45:53.841+0000] {dag.py:3096} INFO - Sync 1 DAGs
[2026-10-08T10:45:53.849+0000] {logging_mixin.py:188} INFO - [2026-10-08T10:45:53.849+0000] {dag.py:3954} INFO - Setting next_dagrun for f1_data_analytics to None, run_after=None
[2026-10-08T10:45:53.862+0000] {processor.py:183} INFO - Processing /opt/airflow/dags/f1_pipeline_dag.py took 0.056 seconds
[2026-10-08T10:46:23.970+0000] {processor.py:161} INFO - Started process (PID=5697) to work on /opt/airflow/dags/f1_pipeline_dag.py
[2026-10-08T10:46:23.972+0000] {processor.py:830} INFO - Processing file /opt/airflow/dags/f1_pipeline_dag.py for tasks to queue
[2026-10-08T10:46:23.973+0000] {logging_mixin.py:188} INFO - [2026-10-08T10:46:23.972+0000] {dagbag.py:545} INFO - Filling up the DagBag from /opt/airflow/dags/f1_pipeline_dag.py
[2026-10-08T10:46:23.982+0000] {processor.py:840} INFO - DAG(s) 'f1_data_analytics' retrieved from /opt/airflow/dags/f1_pipeline_dag.py
[2026-10-08T10:46:24.003+0000] {logging_mixin.py:188} INFO - [2026-10-08T10:46:24.003+0000] {dag.py:3096} INFO - Sync 1 DAGs
[2026-10-08T10:46:24.010+0000] {logging_mixin.py:188} INFO - [2026-10-08T10:46:24.010+0000] {dag.py:3954} INFO - Setting next_dagrun for f1_data_analytics to None, run_after=None
[2026-10-08T10:46:24.021+0000] {processor.py:183} INFO - Processing /opt/airflow/dags/f1_pipeline_dag.py took 0.055 seconds
[2026-10-08T10:46:54.147+0000] {processor.py:161} INFO - Started process (PID=5698) to work on /opt/airflow/dags/f1_pipeline_dag.py
[2026-10-08T10:46:54.147+0000] {processor.py:830} INFO - Processing file /opt/airflow/dags/f1_pipeline_dag.py for tasks to queue
[2026-10-08T10:46:54.148+0000] {logging_mixin.py:188} INFO - [2026-10-08T10:46:54.148+0000] {dagbag.py:545} INFO - Filling up the DagBag from /opt/airflow/dags/f1_pipeline_dag.py
[2026-10-08T10:46:54.154+0000] {processor.py:840} INFO - DAG(s) 'f1_data_analytics' retrieved from /opt/airflow/dags/f1_pipeline_dag.py
[2026-10-08T10:46:54.175+0000] {logging_mixin.py:188} INFO - [2026-10-08T10:46:54.175+0000] {dag.py:3096} INFO - Sync 1 DAGs
[2026-10-08T10:46:54.182+0000] {logging_mixin.py:188} INFO - [2026-10-08T10:46:54.182+0000] {dag.py:3954} INFO - Setting next_dagrun for f1_data_analytics to None, run_after=None
[2026-10-08T10:46:54.193+0000] {processor.py:183} INFO - Processing /opt/airflow/dags/f1_pipeline_dag.py took 0.050 seconds
[2026-10-08T10:47:24.332+0000] {processor.py:161} INFO - Started process (PID=5699) to work on /opt/airflow/dags/f1_pipeline_dag.py
[2026-10-08T10:47:24.334+0000] {processor.py:830} INFO - Processing file /opt/airflow/dags/f1_pipeline_dag.py for tasks to queue
[2026-10-08T10:47:24.335+0000] {logging_mixin.py:188} INFO - [2026-10-08T10:47:24.334+0000] {dagbag.py:545} INFO - Filling up the DagBag from /opt/airflow/dags/f1_pipeline_dag.py
[2026-10-08T10:47:24.342+0000] {processor.py:840} INFO - DAG(s) 'f1_data_analytics' retrieved from /opt/airflow/dags/f1_pipeline_dag.py
[2026-10-08T10:47:24.363+0000] {logging_mixin.py:188} INFO - [2026-10-08T10:47:24.363+0000] {dag.py:3096} INFO - Sync 1 DAGs
[2026-10-08T10:47:24.370+0000] {logging_mixin.py:188} INFO - [2026-10-08T10:47:24.369+0000] {dag.py:3954} INFO - Setting next_dagrun for f1_data_analytics to None, run_after=None
[2026-10-08T10:47:24.381+0000] {processor.py:183} INFO - Processing /opt/airflow/dags/f1_pipeline_dag.py took 0.055 seconds
[2026-10-08T10:47:54.499+0000] {processor.py:161} INFO - Started process (PID=5700) to work on /opt/airflow/dags/f1_pipeline_dag.py
[2026-10-08T10:47:54.499+0000] {processor.py:830} INFO - Processing file /opt/airflow/dags/f1_pipeline_dag.py for tasks to queue
[2026-10-08T10:47:54.500+0000] {logging_mixin.py:188} INFO - [2026-10-08T10:47:54.499+0000] {dagbag.py:545} INFO - Filling up the DagBag from /opt/airflow/dags/f1_pipeline_dag.py
[2026-10-08T10:47:54.507+0000] {processor.py:840} INFO - DAG(s) 'f1_data_analytics' retrieved from /opt/airflow/dags/f1_pipeline_dag.py
[2026-10-08T10:47:54.530+0000] {logging_mixin.py:188} INFO - [2026-10-08T10:47:54.530+0000] {dag.py:3096} INFO - Sync 1 DAGs
[2026-10-08T10:47:54.537+0000] {logging_mixin.py:188} INFO - [2026-10-08T10:47:54.537+0000] {dag.py:3954} INFO - Setting next_dagrun for f1_data_analytics to None, run_after=None
[2026-10-08T10:47:54.549+0000] {processor.py:183} INFO - Processing /opt/airflow/dags/f1_pipeline_dag.py took 0.055 seconds
[2026-10-08T10:48:24.677+0000] {processor.py:161} INFO - Started process (PID=5701) to work on /opt/airflow/dags/f1_pipeline_dag.py
[2026-10-08T10:48:24.685+0000] {processor.py:830} INFO - Processing file /opt/airflow/dags/f1_pipeline_dag.py for tasks to queue
[2026-10-08T10:48:24.686+0000] {logging_mixin.py:188} INFO - [2026-10-08T10:48:24.686+0000] {dagbag.py:545} INFO - Filling up the DagBag from /opt/airflow/dags/f1_pipeline_dag.py
[2026-10-08T10:48:24.698+0000] {processor.py:840} INFO - DAG(s) 'f1_data_analytics' retrieved from /opt/airflow/dags/f1_pipeline_dag.py
[2026-10-08T10:48:24.719+0000] {logging_mixin.py:188} INFO - [2026-10-08T10:48:24.719+0000] {dag.py:3096} INFO - Sync 1 DAGs
[2026-10-08T10:48:24.725+0000] {logging_mixin.py:188} INFO - [2026-10-08T10:48:24.725+0000] {dag.py:3954} INFO - Setting next_dagrun for f1_data_analytics to None, run_after=None
[2026-10-08T10:48:24.737+0000] {processor.py:183} INFO - Processing /opt/airflow/dags/f1_pipeline_dag.py took 0.066 seconds
[2026-10-08T10:48:54.849+0000] {processor.py:161} INFO - Started process (PID=5702) to work on /opt/airflow/dags/f1_pipeline_dag.py
[2026-10-08T10:48:54.849+0000] {processor.py:830} INFO - Processing file /opt/airflow/dags/f1_pipeline_dag.py for tasks to queue
[2026-10-08T10:48:54.850+0000] {logging_mixin.py:188} INFO - [2026-10-08T10:48:54.850+0000] {dagbag.py:545} INFO - Filling up the DagBag from /opt/airflow/dags/f1_pipeline_dag.py
[2026-10-08T10:48:54.858+0000] {processor.py:840} INFO - DAG(s) 'f1_data_analytics' retrieved from /opt/airflow/dags/f1_pipeline_dag.py
[2026-10-08T10:48:54.880+0000] {logging_mixin.py:188} INFO - [2026-10-08T10:48:54.880+0000] {dag.py:3096} INFO - Sync 1 DAGs
[2026-10-08T10:48:54.886+0000] {logging_mixin.py:188} INFO - [2026-10-08T10:48:54.886+0000] {dag.py:3954} INFO - Setting next_dagrun for f1_data_analytics to None, run_after=None
[2026-10-08T10:48:54.898+0000] {processor.py:183} INFO - Processing /opt/airflow/dags/f1_pipeline_dag.py took 0.054 seconds
[2026-10-08T10:49:25.026+0000] {processor.py:161} INFO - Started process (PID=5703) to work on /opt/airflow/dags/f1_pipeline_dag.py
[2026-10-08T10:49:25.029+0000] {processor.py:830} INFO - Processing file /opt/airflow/dags/f1_pipeline_dag.py for tasks to queue
[2026-10-08T10:49:25.030+0000] {logging_mixin.py:188} INFO - [2026-10-08T10:49:25.029+0000] {dagbag.py:545} INFO - Filling up the DagBag from /opt/airflow/dags/f1_pipeline_dag.py
[2026-10-08T10:49:25.038+0000] {processor.py:840} INFO - DAG(s) 'f1_data_analytics' retrieved from /opt/airflow/dags/f1_pipeline_dag.py
[2026-10-08T10:49:25.059+0000] {logging_mixin.py:188} INFO - [2026-10-08T10:49:25.059+0000] {dag.py:3096} INFO - Sync 1 DAGs
[2026-10-08T10:49:25.065+0000] {logging_mixin.py:188} INFO - [2026-10-08T10:49:25.065+0000] {dag.py:3954} INFO - Setting next_dagrun for f1_data_analytics to None, run_after=None
[2026-10-08T10:49:25.077+0000] {processor.py:183} INFO - Processing /opt/airflow/dags/f1_pipeline_dag.py took 0.055 seconds
[2026-10-08T10:49:55.197+0000] {processor.py:161} INFO - Started process (PID=5704) to work on /opt/airflow/dags/f1_pipeline_dag.py
[2026-10-08T10:49:55.198+0000] {processor.py:830} INFO - Processing file /opt/airflow/dags/f1_pipeline_dag.py for tasks to queue
[2026-10-08T10:49:55.198+0000] {logging_mixin.py:188} INFO - [2026-10-08T10:49:55.198+0000] {dagbag.py:545} INFO - Filling up the DagBag from /opt/airflow/dags/f1_pipeline_dag.py
[2026-10-08T10:49:55.206+0000] {processor.py:840} INFO - DAG(s) 'f1_data_analytics' retrieved from /opt/airflow/dags/f1_pipeline_dag.py
[2026-10-08T10:49:55.229+0000] {logging_mixin.py:188} INFO - [2026-10-08T10:49:55.229+0000] {dag.py:3096} INFO - Sync 1 DAGs
[2026-10-08T10:49:55.235+0000] {logging_mixin.py:188} INFO - [2026-10-08T10:49:55.235+0000] {dag.py:3954} INFO - Setting next_dagrun for f1_data_analytics to None, run_after=None
[2026-10-08T10:49:55.247+0000] {processor.py:183} INFO - Processing /opt/airflow/dags/f1_pipeline_dag.py took 0.054 seconds
[2026-10-08T10:50:25.360+0000] {processor.py:161} INFO - Started process (PID=5705) to work on /opt/airflow/dags/f1_pipeline_dag.py
[2026-10-08T10:50:25.363+0000] {processor.py:830} INFO - Processing file /opt/airflow/dags/f1_pipeline_dag.py for tasks to queue
[2026-10-08T10:50:25.363+0000] {logging_mixin.py:188} INFO - [2026-10-08T10:50:25.363+0000] {dagbag.py:545} INFO - Filling up the DagBag from /opt/airflow/dags/f1_pipeline_dag.py
[2026-10-08T10:50:25.372+0000] {processor.py:840} INFO - DAG(s) 'f1_data_analytics' retrieved from /opt/airflow/dags/f1_pipeline_dag.py
[2026-10-08T10:50:25.398+0000] {logging_mixin.py:188} INFO - [2026-10-08T10:50:25.398+0000] {dag.py:3096} INFO - Sync 1 DAGs
[2026-10-08T10:50:25.406+0000] {logging_mixin.py:188} INFO - [2026-10-08T10:50:25.406+0000] {dag.py:3954} INFO - Setting next_dagrun for f1_data_analytics to None, run_after=None
[2026-10-08T10:50:25.419+0000] {processor.py:183} INFO - Processing /opt/airflow/dags/f1_pipeline_dag.py took 0.063 seconds
[2026-10-08T10:50:55.531+0000] {processor.py:161} INFO - Started process (PID=5706) to work on /opt/airflow/dags/f1_pipeline_dag.py
[2026-10-08T10:50:55.531+0000] {processor.py:830} INFO - Processing file /opt/airflow/dags/f1_pipeline_dag.py for tasks to queue
[2026-10-08T10:50:55.532+0000] {logging_mixin.py:188} INFO - [2026-10-08T10:50:55.532+0000] {dagbag.py:545} INFO - Filling up the DagBag from /opt/airflow/dags/f1_pipeline_dag.py
[2026-10-08T10:50:55.539+0000] {processor.py:840} INFO - DAG(s) 'f1_data_analytics' retrieved from /opt/airflow/dags/f1_pipeline_dag.py
[2026-10-08T10:50:55.561+0000] {logging_mixin.py:188} INFO - [2026-10-08T10:50:55.561+0000] {dag.py:3096} INFO - Sync 1 DAGs
[2026-10-08T10:50:55.567+0000] {logging_mixin.py:188} INFO - [2026-10-08T10:50:55.567+0000] {dag.py:3954} INFO - Setting next_dagrun for f1_data_analytics to None, run_after=None
[2026-10-08T10:50:55.578+0000] {processor.py:183} INFO - Processing /opt/airflow/dags/f1_pipeline_dag.py took 0.054 seconds
[2026-10-08T10:51:25.705+0000] {processor.py:161} INFO - Started process (PID=5707) to work on /opt/airflow/dags/f1_pipeline_dag.py
[2026-10-08T10:51:25.706+0000] {processor.py:830} INFO - Processing file /opt/airflow/dags/f1_pipeline_dag.py for tasks to queue
[2026-10-08T10:51:25.707+0000] {logging_mixin.py:188} INFO - [2026-10-08T10:51:25.706+0000] {dagbag.py:545} INFO - Filling up the DagBag from /opt/airflow/dags/f1_pipeline_dag.py
[2026-10-08T10:51:25.715+0000] {processor.py:840} INFO - DAG(s) 'f1_data_analytics' retrieved from /opt/airflow/dags/f1_pipeline_dag.py
[2026-10-08T10:51:25.736+0000] {logging_mixin.py:188} INFO - [2026-10-08T10:51:25.736+0000] {dag.py:3096} INFO - Sync 1 DAGs
[2026-10-08T10:51:25.743+0000] {logging_mixin.py:188} INFO - [2026-10-08T10:51:25.742+0000] {dag.py:3954} INFO - Setting next_dagrun for f1_data_analytics to None, run_after=None
[2026-10-08T10:51:25.754+0000] {processor.py:183} INFO - Processing /opt/airflow/dags/f1_pipeline_dag.py took 0.053 seconds
[2026-10-08T10:51:55.873+0000] {processor.py:161} INFO - Started process (PID=5708) to work on /opt/airflow/dags/f1_pipeline_dag.py
[2026-10-08T10:51:55.873+0000] {processor.py:830} INFO - Processing file /opt/airflow/dags/f1_pipeline_dag.py for tasks to queue
[2026-10-08T10:51:55.874+0000] {logging_mixin.py:188} INFO - [2026-10-08T10:51:55.874+0000] {dagbag.py:545} INFO - Filling up the DagBag from /opt/airflow/dags/f1_pipeline_dag.py
[2026-10-08T10:51:55.881+0000] {processor.py:840} INFO - DAG(s) 'f1_data_analytics' retrieved from /opt/airflow/dags/f1_pipeline_dag.py
[2026-10-08T10:51:55.906+0000] {logging_mixin.py:188} INFO - [2026-10-08T10:51:55.905+0000] {dag.py:3096} INFO - Sync 1 DAGs
[2026-10-08T10:51:55.913+0000] {logging_mixin.py:188} INFO - [2026-10-08T10:51:55.912+0000] {dag.py:3954} INFO - Setting next_dagrun for f1_data_analytics to None, run_after=None
[2026-10-08T10:51:55.925+0000] {processor.py:183} INFO - Processing /opt/airflow/dags/f1_pipeline_dag.py took 0.055 seconds
[2026-10-08T10:52:26.048+0000] {processor.py:161} INFO - Started process (PID=5709) to work on /opt/airflow/dags/f1_pipeline_dag.py
[2026-10-08T10:52:26.051+0000] {processor.py:830} INFO - Processing file /opt/airflow/dags/f1_pipeline_dag.py for tasks to queue
[2026-10-08T10:52:26.051+0000] {logging_mixin.py:188} INFO - [2026-10-08T10:52:26.051+0000] {dagbag.py:545} INFO - Filling up the DagBag from /opt/airflow/dags/f1_pipeline_dag.py
[2026-10-08T10:52:26.060+0000] {processor.py:840} INFO - DAG(s) 'f1_data_analytics' retrieved from /opt/airflow/dags/f1_pipeline_dag.py
[2026-10-08T10:52:26.082+0000] {logging_mixin.py:188} INFO - [2026-10-08T10:52:26.082+0000] {dag.py:3096} INFO - Sync 1 DAGs
[2026-10-08T10:52:26.089+0000] {logging_mixin.py:188} INFO - [2026-10-08T10:52:26.088+0000] {dag.py:3954} INFO - Setting next_dagrun for f1_data_analytics to None, run_after=None
[2026-10-08T10:52:26.100+0000] {processor.py:183} INFO - Processing /opt/airflow/dags/f1_pipeline_dag.py took 0.055 seconds
[2026-10-08T10:52:56.224+0000] {processor.py:161} INFO - Started process (PID=5710) to work on /opt/airflow/dags/f1_pipeline_dag.py
[2026-10-08T10:52:56.225+0000] {processor.py:830} INFO - Processing file /opt/airflow/dags/f1_pipeline_dag.py for tasks to queue
[2026-10-08T10:52:56.225+0000] {logging_mixin.py:188} INFO - [2026-10-08T10:52:56.225+0000] {dagbag.py:545} INFO - Filling up the DagBag from /opt/airflow/dags/f1_pipeline_dag.py
[2026-10-08T10:52:56.232+0000] {processor.py:840} INFO - DAG(s) 'f1_data_analytics' retrieved from /opt/airflow/dags/f1_pipeline_dag.py
[2026-10-08T10:52:56.254+0000] {logging_mixin.py:188} INFO - [2026-10-08T10:52:56.254+0000] {dag.py:3096} INFO - Sync 1 DAGs
[2026-10-08T10:52:56.263+0000] {logging_mixin.py:188} INFO - [2026-10-08T10:52:56.262+0000] {dag.py:3954} INFO - Setting next_dagrun for f1_data_analytics to None, run_after=None
[2026-10-08T10:52:56.274+0000] {processor.py:183} INFO - Processing /opt/airflow/dags/f1_pipeline_dag.py took 0.054 seconds
[2026-10-08T10:53:26.394+0000] {processor.py:161} INFO - Started process (PID=5711) to work on /opt/airflow/dags/f1_pipeline_dag.py
[2026-10-08T10:53:26.397+0000] {processor.py:830} INFO - Processing file /opt/airflow/dags/f1_pipeline_dag.py for tasks to queue
[2026-10-08T10:53:26.398+0000] {logging_mixin.py:188} INFO - [2026-10-08T10:53:26.397+0000] {dagbag.py:545} INFO - Filling up the DagBag from /opt/airflow/dags/f1_pipeline_dag.py
[2026-10-08T10:53:26.406+0000] {processor.py:840} INFO - DAG(s) 'f1_data_analytics' retrieved from /opt/airflow/dags/f1_pipeline_dag.py
[2026-10-08T10:53:26.427+0000] {logging_mixin.py:188} INFO - [2026-10-08T10:53:26.427+0000] {dag.py:3096} INFO - Sync 1 DAGs
[2026-10-08T10:53:26.434+0000] {logging_mixin.py:188} INFO - [2026-10-08T10:53:26.434+0000] {dag.py:3954} INFO - Setting next_dagrun for f1_data_analytics to None, run_after=None
[2026-10-08T10:53:26.446+0000] {processor.py:183} INFO - Processing /opt/airflow/dags/f1_pipeline_dag.py took 0.057 seconds
[2026-10-08T10:53:56.560+0000] {processor.py:161} INFO - Started process (PID=5712) to work on /opt/airflow/dags/f1_pipeline_dag.py
[2026-10-08T10:53:56.560+0000] {processor.py:830} INFO - Processing file /opt/airflow/dags/f1_pipeline_dag.py for tasks to queue
[2026-10-08T10:53:56.561+0000] {logging_mixin.py:188} INFO - [2026-10-08T10:53:56.561+0000] {dagbag.py:545} INFO - Filling up the DagBag from /opt/airflow/dags/f1_pipeline_dag.py
[2026-10-08T10:53:56.569+0000] {processor.py:840} INFO - DAG(s) 'f1_data_analytics' retrieved from /opt/airflow/dags/f1_pipeline_dag.py
[2026-10-08T10:53:56.592+0000] {logging_mixin.py:188} INFO - [2026-10-08T10:53:56.592+0000] {dag.py:3096} INFO - Sync 1 DAGs
[2026-10-08T10:53:56.598+0000] {logging_mixin.py:188} INFO - [2026-10-08T10:53:56.598+0000] {dag.py:3954} INFO - Setting next_dagrun for f1_data_analytics to None, run_after=None
[2026-10-08T10:53:56.610+0000] {processor.py:183} INFO - Processing /opt/airflow/dags/f1_pipeline_dag.py took 0.055 seconds
[2026-10-08T10:54:26.718+0000] {processor.py:161} INFO - Started process (PID=5713) to work on /opt/airflow/dags/f1_pipeline_dag.py
[2026-10-08T10:54:26.720+0000] {processor.py:830} INFO - Processing file /opt/airflow/dags/f1_pipeline_dag.py for tasks to queue
[2026-10-08T10:54:26.721+0000] {logging_mixin.py:188} INFO - [2026-10-08T10:54:26.721+0000] {dagbag.py:545} INFO - Filling up the DagBag from /opt/airflow/dags/f1_pipeline_dag.py
[2026-10-08T10:54:26.729+0000] {processor.py:840} INFO - DAG(s) 'f1_data_analytics' retrieved from /opt/airflow/dags/f1_pipeline_dag.py
[2026-10-08T10:54:26.750+0000] {logging_mixin.py:188} INFO - [2026-10-08T10:54:26.750+0000] {dag.py:3096} INFO - Sync 1 DAGs
[2026-10-08T10:54:26.756+0000] {logging_mixin.py:188} INFO - [2026-10-08T10:54:26.756+0000] {dag.py:3954} INFO - Setting next_dagrun for f1_data_analytics to None, run_after=None
[2026-10-08T10:54:26.768+0000] {processor.py:183} INFO - Processing /opt/airflow/dags/f1_pipeline_dag.py took 0.054 seconds
[2026-10-08T10:54:56.892+0000] {processor.py:161} INFO - Started process (PID=5714) to work on /opt/airflow/dags/f1_pipeline_dag.py
[2026-10-08T10:54:56.892+0000] {processor.py:830} INFO - Processing file /opt/airflow/dags/f1_pipeline_dag.py for tasks to queue
[2026-10-08T10:54:56.893+0000] {logging_mixin.py:188} INFO - [2026-10-08T10:54:56.892+0000] {dagbag.py:545} INFO - Filling up the DagBag from /opt/airflow/dags/f1_pipeline_dag.py
[2026-10-08T10:54:56.899+0000] {processor.py:840} INFO - DAG(s) 'f1_data_analytics' retrieved from /opt/airflow/dags/f1_pipeline_dag.py
[2026-10-08T10:54:56.921+0000] {logging_mixin.py:188} INFO - [2026-10-08T10:54:56.921+0000] {dag.py:3096} INFO - Sync 1 DAGs
[2026-10-08T10:54:56.927+0000] {logging_mixin.py:188} INFO - [2026-10-08T10:54:56.927+0000] {dag.py:3954} INFO - Setting next_dagrun for f1_data_analytics to None, run_after=None
[2026-10-08T10:54:56.939+0000] {processor.py:183} INFO - Processing /opt/airflow/dags/f1_pipeline_dag.py took 0.051 seconds
[2026-10-08T10:55:27.073+0000] {processor.py:161} INFO - Started process (PID=5715) to work on /opt/airflow/dags/f1_pipeline_dag.py
[2026-10-08T10:55:27.075+0000] {processor.py:830} INFO - Processing file /opt/airflow/dags/f1_pipeline_dag.py for tasks to queue
[2026-10-08T10:55:27.075+0000] {logging_mixin.py:188} INFO - [2026-10-08T10:55:27.075+0000] {dagbag.py:545} INFO - Filling up the DagBag from /opt/airflow/dags/f1_pipeline_dag.py
[2026-10-08T10:55:27.084+0000] {processor.py:840} INFO - DAG(s) 'f1_data_analytics' retrieved from /opt/airflow/dags/f1_pipeline_dag.py
[2026-10-08T10:55:27.106+0000] {logging_mixin.py:188} INFO - [2026-10-08T10:55:27.106+0000] {dag.py:3096} INFO - Sync 1 DAGs
[2026-10-08T10:55:27.113+0000] {logging_mixin.py:188} INFO - [2026-10-08T10:55:27.113+0000] {dag.py:3954} INFO - Setting next_dagrun for f1_data_analytics to None, run_after=None
[2026-10-08T10:55:27.125+0000] {processor.py:183} INFO - Processing /opt/airflow/dags/f1_pipeline_dag.py took 0.059 seconds
[2026-10-08T10:55:57.240+0000] {processor.py:161} INFO - Started process (PID=5716) to work on /opt/airflow/dags/f1_pipeline_dag.py
[2026-10-08T10:55:57.241+0000] {processor.py:830} INFO - Processing file /opt/airflow/dags/f1_pipeline_dag.py for tasks to queue
[2026-10-08T10:55:57.242+0000] {logging_mixin.py:188} INFO - [2026-10-08T10:55:57.241+0000] {dagbag.py:545} INFO - Filling up the DagBag from /opt/airflow/dags/f1_pipeline_dag.py
[2026-10-08T10:55:57.249+0000] {processor.py:840} INFO - DAG(s) 'f1_data_analytics' retrieved from /opt/airflow/dags/f1_pipeline_dag.py
[2026-10-08T10:55:57.271+0000] {logging_mixin.py:188} INFO - [2026-10-08T10:55:57.271+0000] {dag.py:3096} INFO - Sync 1 DAGs
[2026-10-08T10:55:57.278+0000] {logging_mixin.py:188} INFO - [2026-10-08T10:55:57.278+0000] {dag.py:3954} INFO - Setting next_dagrun for f1_data_analytics to None, run_after=None
[2026-10-08T10:55:57.290+0000] {processor.py:183} INFO - Processing /opt/airflow/dags/f1_pipeline_dag.py took 0.055 seconds
