[2026-10-06T14:18:43.953+0000] {processor.py:161} INFO - Started process (PID=5118) to work on /opt/airflow/dags/f1_pipeline_dag.py
[2026-10-06T14:18:43.954+0000] {processor.py:830} INFO - Processing file /opt/airflow/dags/f1_pipeline_dag.py for tasks to queue
[2026-10-06T14:18:43.956+0000] {logging_mixin.py:188} INFO - [2026-10-06T14:18:43.955+0000] {dagbag.py:545} INFO - Filling up the DagBag from /opt/airflow/dags/f1_pipeline_dag.py
[2026-10-06T14:18:43.977+0000] {processor.py:840} INFO - DAG(s) 'f1_data_analytics' retrieved from /opt/airflow/dags/f1_pipeline_dag.py
[2026-10-06T14:18:44.049+0000] {logging_mixin.py:188} INFO - [2026-10-06T14:18:44.048+0000] {dag.py:3096} INFO - Sync 1 DAGs
[2026-10-06T14:18:44.069+0000] {logging_mixin.py:188} INFO - [2026-10-06T14:18:44.068+0000] {dag.py:3954} INFO - Setting next_dagrun for f1_data_analytics to None, run_after=None
[2026-10-06T14:18:44.100+0000] {processor.py:183} INFO - Processing /opt/airflow/dags/f1_pipeline_dag.py took 0.159 seconds
[2026-10-06T14:19:14.318+0000] {processor.py:161} INFO - Started process (PID=5119) to work on /opt/airflow/dags/f1_pipeline_dag.py
[2026-10-06T14:19:14.320+0000] {processor.py:830} INFO - Processing file /opt/airflow/dags/f1_pipeline_dag.py for tasks to queue
[2026-10-06T14:19:14.321+0000] {logging_mixin.py:188} INFO - [2026-10-06T14:19:14.321+0000] {dagbag.py:545} INFO - Filling up the DagBag from /opt/airflow/dags/f1_pipeline_dag.py
[2026-10-06T14:19:14.331+0000] {processor.py:840} INFO - DAG(s) 'f1_data_analytics' retrieved from /opt/airflow/dags/f1_pipeline_dag.py
[2026-10-06T14:19:14.363+0000] {logging_mixin.py:188} INFO - [2026-10-06T14:19:14.363+0000] {dag.py:3096} INFO - Sync 1 DAGs
[2026-10-06T14:19:14.372+0000] {logging_mixin.py:188} INFO - [2026-10-06T14:19:14.372+0000] {dag.py:3954} INFO - Setting next_dagrun for f1_data_analytics to None, run_after=None
[2026-10-06T14:19:14.387+0000] {processor.py:183} INFO - Processing /opt/airflow/dags/f1_pipeline_dag.py took 0.073 seconds
[2026-10-06T14:19:44.564+0000] {processor.py:161} INFO - Started process (PID=5120) to work on /opt/airflow/dags/f1_pipeline_dag.py
[2026-10-06T14:19:44.565+0000] {processor.py:830} INFO - Processing file /opt/airflow/dags/f1_pipeline_dag.py for tasks to queue
[2026-10-06T14:19:44.566+0000] {logging_mixin.py:188} INFO - [2026-10-06T14:19:44.566+0000] {dagbag.py:545} INFO - Filling up the DagBag from /opt/airflow/dags/f1_pipeline_dag.py
[2026-10-06T14:19:44.586+0000] {processor.py:840} INFO - DAG(s) 'f1_data_analytics' retrieved from /opt/airflow/dags/f1_pipeline_dag.py
[2026-10-06T14:19:44.634+0000] {logging_mixin.py:188} INFO - [2026-10-06T14:19:44.633+0000] {dag.py:3096} INFO - Sync 1 DAGs
[2026-10-06T14:19:44.643+0000] {logging_mixin.py:188} INFO - [2026-10-06T14:19:44.643+0000] {dag.py:3954} INFO - Setting next_dagrun for f1_data_analytics to None, run_after=None
[2026-10-06T14:19:44.657+0000] {processor.py:183} INFO - Processing /opt/airflow/dags/f1_pipeline_dag.py took 0.104 seconds
[2026-10-06T14:20:14.908+0000] {processor.py:161} INFO - Started process (PID=5121) to work on /opt/airflow/dags/f1_pipeline_dag.py
[2026-10-06T14:20:14.910+0000] {processor.py:830} INFO - Processing file /opt/airflow/dags/f1_pipeline_dag.py for tasks to queue
[2026-10-06T14:20:14.911+0000] {logging_mixin.py:188} INFO - [2026-10-06T14:20:14.911+0000] {dagbag.py:545} INFO - Filling up the DagBag from /opt/airflow/dags/f1_pipeline_dag.py
[2026-10-06T14:20:14.922+0000] {processor.py:840} INFO - DAG(s) 'f1_data_analytics' retrieved from /opt/airflow/dags/f1_pipeline_dag.py
[2026-10-06T14:20:14.951+0000] {logging_mixin.py:188} INFO - [2026-10-06T14:20:14.951+0000] {dag.py:3096} INFO - Sync 1 DAGs
[2026-10-06T14:20:14.960+0000] {logging_mixin.py:188} INFO - [2026-10-06T14:20:14.960+0000] {dag.py:3954} INFO - Setting next_dagrun for f1_data_analytics to None, run_after=None
[2026-10-06T14:20:14.976+0000] {processor.py:183} INFO - Processing /opt/airflow/dags/f1_pipeline_dag.py took 0.074 seconds
[2026-10-06T14:20:45.146+0000] {processor.py:161} INFO - Started process (PID=5122) to work on /opt/airflow/dags/f1_pipeline_dag.py
[2026-10-06T14:20:45.147+0000] {processor.py:830} INFO - Processing file /opt/airflow/dags/f1_pipeline_dag.py for tasks to queue
[2026-10-06T14:20:45.148+0000] {logging_mixin.py:188} INFO - [2026-10-06T14:20:45.148+0000] {dagbag.py:545} INFO - Filling up the DagBag from /opt/airflow/dags/f1_pipeline_dag.py
[2026-10-06T14:20:45.168+0000] {processor.py:840} INFO - DAG(s) 'f1_data_analytics' retrieved from /opt/airflow/dags/f1_pipeline_dag.py
[2026-10-06T14:20:45.215+0000] {logging_mixin.py:188} INFO - [2026-10-06T14:20:45.215+0000] {dag.py:3096} INFO - Sync 1 DAGs
[2026-10-06T14:20:45.223+0000] {logging_mixin.py:188} INFO - [2026-10-06T14:20:45.223+0000] {dag.py:3954} INFO - Setting next_dagrun for f1_data_analytics to None, run_after=None
[2026-10-06T14:20:45.238+0000] {processor.py:183} INFO - Processing /opt/airflow/dags/f1_pipeline_dag.py took 0.102 seconds
[2026-10-06T14:21:15.495+0000] {processor.py:161} INFO - Started process (PID=5123) to work on /opt/airflow/dags/f1_pipeline_dag.py
[2026-10-06T14:21:15.505+0000] {processor.py:830} INFO - Processing file /opt/airflow/dags/f1_pipeline_dag.py for tasks to queue
[2026-10-06T14:21:15.506+0000] {logging_mixin.py:188} INFO - [2026-10-06T14:21:15.506+0000] {dagbag.py:545} INFO - Filling up the DagBag from /opt/airflow/dags/f1_pipeline_dag.py
[2026-10-06T14:21:15.527+0000] {processor.py:840} INFO - DAG(s) 'f1_data_analytics' retrieved from /opt/airflow/dags/f1_pipeline_dag.py
[2026-10-06T14:21:15.576+0000] {logging_mixin.py:188} INFO - [2026-10-06T14:21:15.576+0000] {dag.py:3096} INFO - Sync 1 DAGs
[2026-10-06T14:21:15.585+0000] {logging_mixin.py:188} INFO - [2026-10-06T14:21:15.585+0000] {dag.py:3954} INFO - Setting next_dagrun for f1_data_analytics to None, run_after=None
[2026-10-06T14:21:15.601+0000] {processor.py:183} INFO - Processing /opt/airflow/dags/f1_pipeline_dag.py took 0.115 seconds
[2026-10-06T14:21:45.845+0000] {processor.py:161} INFO - Started process (PID=5124) to work on /opt/airflow/dags/f1_pipeline_dag.py
[2026-10-06T14:21:45.846+0000] {processor.py:830} INFO - Processing file /opt/airflow/dags/f1_pipeline_dag.py for tasks to queue
[2026-10-06T14:21:45.848+0000] {logging_mixin.py:188} INFO - [2026-10-06T14:21:45.847+0000] {dagbag.py:545} INFO - Filling up the DagBag from /opt/airflow/dags/f1_pipeline_dag.py
[2026-10-06T14:21:45.867+0000] {processor.py:840} INFO - DAG(s) 'f1_data_analytics' retrieved from /opt/airflow/dags/f1_pipeline_dag.py
[2026-10-06T14:21:45.915+0000] {logging_mixin.py:188} INFO - [2026-10-06T14:21:45.914+0000] {dag.py:3096} INFO - Sync 1 DAGs
[2026-10-06T14:21:45.924+0000] {logging_mixin.py:188} INFO - [2026-10-06T14:21:45.924+0000] {dag.py:3954} INFO - Setting next_dagrun for f1_data_analytics to None, run_after=None
[2026-10-06T14:21:45.939+0000] {processor.py:183} INFO - Processing /opt/airflow/dags/f1_pipeline_dag.py took 0.104 seconds
[2026-10-06T14:22:16.194+0000] {processor.py:161} INFO - Started process (PID=5125) to work on /opt/airflow/dags/f1_pipeline_dag.py
[2026-10-06T14:22:16.197+0000] {processor.py:830} INFO - Processing file /opt/airflow/dags/f1_pipeline_dag.py for tasks to queue
[2026-10-06T14:22:16.199+0000] {logging_mixin.py:188} INFO - [2026-10-06T14:22:16.198+0000] {dagbag.py:545} INFO - Filling up the DagBag from /opt/airflow/dags/f1_pipeline_dag.py
[2026-10-06T14:22:16.218+0000] {processor.py:840} INFO - DAG(s) 'f1_data_analytics' retrieved from /opt/airflow/dags/f1_pipeline_dag.py
[2026-10-06T14:22:16.266+0000] {logging_mixin.py:188} INFO - [2026-10-06T14:22:16.266+0000] {dag.py:3096} INFO - Sync 1 DAGs
[2026-10-06T14:22:16.275+0000] {logging_mixin.py:188} INFO - [2026-10-06T14:22:16.275+0000] {dag.py:3954} INFO - Setting next_dagrun for f1_data_analytics to None, run_after=None
[2026-10-06T14:22:16.289+0000] {processor.py:183} INFO - Processing /opt/airflow/dags/f1_pipeline_dag.py took 0.105 seconds
[2026-10-06T14:22:46.539+0000] {processor.py:161} INFO - Started process (PID=5126) to work on /opt/airflow/dags/f1_pipeline_dag.py
[2026-10-06T14:22:46.541+0000] {processor.py:830} INFO - Processing file /opt/airflow/dags/f1_pipeline_dag.py for tasks to queue
[2026-10-06T14:22:46.542+0000] {logging_mixin.py:188} INFO - [2026-10-06T14:22:46.542+0000] {dagbag.py:545} INFO - Filling up the DagBag from /opt/airflow/dags/f1_pipeline_dag.py
[2026-10-06T14:22:46.561+0000] {processor.py:840} INFO - DAG(s) 'f1_data_analytics' retrieved from /opt/airflow/dags/f1_pipeline_dag.py
[2026-10-06T14:22:46.608+0000] {logging_mixin.py:188} INFO - [2026-10-06T14:22:46.608+0000] {dag.py:3096} INFO - Sync 1 DAGs
[2026-10-06T14:22:46.617+0000] {logging_mixin.py:188} INFO - [2026-10-06T14:22:46.617+0000] {dag.py:3954} INFO - Setting next_dagrun for f1_data_analytics to None, run_after=None
[2026-10-06T14:22:46.632+0000] {processor.py:183} INFO - Processing /opt/airflow/dags/f1_pipeline_dag.py took 0.103 seconds
[2026-10-06T14:23:16.888+0000] {processor.py:161} INFO - Started process (PID=5127) to work on /opt/airflow/dags/f1_pipeline_dag.py
[2026-10-06T14:23:16.890+0000] {processor.py:830} INFO - Processing file /opt/airflow/dags/f1_pipeline_dag.py for tasks to queue
[2026-10-06T14:23:16.891+0000] {logging_mixin.py:188} INFO - [2026-10-06T14:23:16.891+0000] {dagbag.py:545} INFO - Filling up the DagBag from /opt/airflow/dags/f1_pipeline_dag.py
[2026-10-06T14:23:16.912+0000] {processor.py:840} INFO - DAG(s) 'f1_data_analytics' retrieved from /opt/airflow/dags/f1_pipeline_dag.py
[2026-10-06T14:23:16.959+0000] {logging_mixin.py:188} INFO - [2026-10-06T14:23:16.959+0000] {dag.py:3096} INFO - Sync 1 DAGs
[2026-10-06T14:23:16.968+0000] {logging_mixin.py:188} INFO - [2026-10-06T14:23:16.967+0000] {dag.py:3954} INFO - Setting next_dagrun for f1_data_analytics to None, run_after=None
[2026-10-06T14:23:16.982+0000] {processor.py:183} INFO - Processing /opt/airflow/dags/f1_pipeline_dag.py took 0.104 seconds
[2026-10-06T14:23:47.234+0000] {processor.py:161} INFO - Started process (PID=5128) to work on /opt/airflow/dags/f1_pipeline_dag.py
[2026-10-06T14:23:47.237+0000] {processor.py:830} INFO - Processing file /opt/airflow/dags/f1_pipeline_dag.py for tasks to queue
[2026-10-06T14:23:47.237+0000] {logging_mixin.py:188} INFO - [2026-10-06T14:23:47.237+0000] {dagbag.py:545} INFO - Filling up the DagBag from /opt/airflow/dags/f1_pipeline_dag.py
[2026-10-06T14:23:47.249+0000] {processor.py:840} INFO - DAG(s) 'f1_data_analytics' retrieved from /opt/airflow/dags/f1_pipeline_dag.py
[2026-10-06T14:23:47.295+0000] {logging_mixin.py:188} INFO - [2026-10-06T14:23:47.295+0000] {dag.py:3096} INFO - Sync 1 DAGs
[2026-10-06T14:23:47.305+0000] {logging_mixin.py:188} INFO - [2026-10-06T14:23:47.304+0000] {dag.py:3954} INFO - Setting next_dagrun for f1_data_analytics to None, run_after=None
[2026-10-06T14:23:47.320+0000] {processor.py:183} INFO - Processing /opt/airflow/dags/f1_pipeline_dag.py took 0.093 seconds
[2026-10-06T14:24:17.482+0000] {processor.py:161} INFO - Started process (PID=5129) to work on /opt/airflow/dags/f1_pipeline_dag.py
[2026-10-06T14:24:17.483+0000] {processor.py:830} INFO - Processing file /opt/airflow/dags/f1_pipeline_dag.py for tasks to queue
[2026-10-06T14:24:17.484+0000] {logging_mixin.py:188} INFO - [2026-10-06T14:24:17.484+0000] {dagbag.py:545} INFO - Filling up the DagBag from /opt/airflow/dags/f1_pipeline_dag.py
[2026-10-06T14:24:17.504+0000] {processor.py:840} INFO - DAG(s) 'f1_data_analytics' retrieved from /opt/airflow/dags/f1_pipeline_dag.py
[2026-10-06T14:24:17.553+0000] {logging_mixin.py:188} INFO - [2026-10-06T14:24:17.553+0000] {dag.py:3096} INFO - Sync 1 DAGs
[2026-10-06T14:24:17.562+0000] {logging_mixin.py:188} INFO - [2026-10-06T14:24:17.562+0000] {dag.py:3954} INFO - Setting next_dagrun for f1_data_analytics to None, run_after=None
[2026-10-06T14:24:17.578+0000] {processor.py:183} INFO - Processing /opt/airflow/dags/f1_pipeline_dag.py took 0.106 seconds
[2026-10-06T14:24:47.833+0000] {processor.py:161} INFO - Started process (PID=5130) to work on /opt/airflow/dags/f1_pipeline_dag.py
[2026-10-06T14:24:47.836+0000] {processor.py:830} INFO - Processing file /opt/airflow/dags/f1_pipeline_dag.py for tasks to queue
[2026-10-06T14:24:47.838+0000] {logging_mixin.py:188} INFO - [2026-10-06T14:24:47.837+0000] {dagbag.py:545} INFO - Filling up the DagBag from /opt/airflow/dags/f1_pipeline_dag.py
[2026-10-06T14:24:47.857+0000] {processor.py:840} INFO - DAG(s) 'f1_data_analytics' retrieved from /opt/airflow/dags/f1_pipeline_dag.py
[2026-10-06T14:24:47.906+0000] {logging_mixin.py:188} INFO - [2026-10-06T14:24:47.905+0000] {dag.py:3096} INFO - Sync 1 DAGs
[2026-10-06T14:24:47.915+0000] {logging_mixin.py:188} INFO - [2026-10-06T14:24:47.915+0000] {dag.py:3954} INFO - Setting next_dagrun for f1_data_analytics to None, run_after=None
[2026-10-06T14:24:47.929+0000] {processor.py:183} INFO - Processing /opt/airflow/dags/f1_pipeline_dag.py took 0.106 seconds
[2026-10-06T14:25:18.176+0000] {processor.py:161} INFO - Started process (PID=5131) to work on /opt/airflow/dags/f1_pipeline_dag.py
[2026-10-06T14:25:18.176+0000] {processor.py:830} INFO - Processing file /opt/airflow/dags/f1_pipeline_dag.py for tasks to queue
[2026-10-06T14:25:18.177+0000] {logging_mixin.py:188} INFO - [2026-10-06T14:25:18.177+0000] {dagbag.py:545} INFO - Filling up the DagBag from /opt/airflow/dags/f1_pipeline_dag.py
[2026-10-06T14:25:18.188+0000] {processor.py:840} INFO - DAG(s) 'f1_data_analytics' retrieved from /opt/airflow/dags/f1_pipeline_dag.py
[2026-10-06T14:25:18.244+0000] {logging_mixin.py:188} INFO - [2026-10-06T14:25:18.244+0000] {dag.py:3096} INFO - Sync 1 DAGs
[2026-10-06T14:25:18.252+0000] {logging_mixin.py:188} INFO - [2026-10-06T14:25:18.252+0000] {dag.py:3954} INFO - Setting next_dagrun for f1_data_analytics to None, run_after=None
[2026-10-06T14:25:18.267+0000] {processor.py:183} INFO - Processing /opt/airflow/dags/f1_pipeline_dag.py took 0.096 seconds
[2026-10-06T14:25:48.493+0000] {processor.py:161} INFO - Started process (PID=5132) to work on /opt/airflow/dags/f1_pipeline_dag.py
[2026-10-06T14:25:48.497+0000] {processor.py:830} INFO - Processing file /opt/airflow/dags/f1_pipeline_dag.py for tasks to queue
[2026-10-06T14:25:48.498+0000] {logging_mixin.py:188} INFO - [2026-10-06T14:25:48.498+0000] {dagbag.py:545} INFO - Filling up the DagBag from /opt/airflow/dags/f1_pipeline_dag.py
[2026-10-06T14:25:48.518+0000] {processor.py:840} INFO - DAG(s) 'f1_data_analytics' retrieved from /opt/airflow/dags/f1_pipeline_dag.py
[2026-10-06T14:25:48.566+0000] {logging_mixin.py:188} INFO - [2026-10-06T14:25:48.566+0000] {dag.py:3096} INFO - Sync 1 DAGs
[2026-10-06T14:25:48.575+0000] {logging_mixin.py:188} INFO - [2026-10-06T14:25:48.575+0000] {dag.py:3954} INFO - Setting next_dagrun for f1_data_analytics to None, run_after=None
[2026-10-06T14:25:48.590+0000] {processor.py:183} INFO - Processing /opt/airflow/dags/f1_pipeline_dag.py took 0.106 seconds
[2026-10-06T14:26:18.795+0000] {processor.py:161} INFO - Started process (PID=5133) to work on /opt/airflow/dags/f1_pipeline_dag.py
[2026-10-06T14:26:18.796+0000] {processor.py:830} INFO - Processing file /opt/airflow/dags/f1_pipeline_dag.py for tasks to queue
[2026-10-06T14:26:18.796+0000] {logging_mixin.py:188} INFO - [2026-10-06T14:26:18.796+0000] {dagbag.py:545} INFO - Filling up the DagBag from /opt/airflow/dags/f1_pipeline_dag.py
[2026-10-06T14:26:18.805+0000] {processor.py:840} INFO - DAG(s) 'f1_data_analytics' retrieved from /opt/airflow/dags/f1_pipeline_dag.py
[2026-10-06T14:26:18.837+0000] {logging_mixin.py:188} INFO - [2026-10-06T14:26:18.837+0000] {dag.py:3096} INFO - Sync 1 DAGs
[2026-10-06T14:26:18.847+0000] {logging_mixin.py:188} INFO - [2026-10-06T14:26:18.847+0000] {dag.py:3954} INFO - Setting next_dagrun for f1_data_analytics to None, run_after=None
[2026-10-06T14:26:18.862+0000] {processor.py:183} INFO - Processing /opt/airflow/dags/f1_pipeline_dag.py took 0.071 seconds
[2026-10-06T14:26:49.011+0000] {processor.py:161} INFO - Started process (PID=5134) to work on /opt/airflow/dags/f1_pipeline_dag.py
[2026-10-06T14:26:49.015+0000] {processor.py:830} INFO - Processing file /opt/airflow/dags/f1_pipeline_dag.py for tasks to queue
[2026-10-06T14:26:49.016+0000] {logging_mixin.py:188} INFO - [2026-10-06T14:26:49.016+0000] {dagbag.py:545} INFO - Filling up the DagBag from /opt/airflow/dags/f1_pipeline_dag.py
[2026-10-06T14:26:49.035+0000] {processor.py:840} INFO - DAG(s) 'f1_data_analytics' retrieved from /opt/airflow/dags/f1_pipeline_dag.py
[2026-10-06T14:26:49.084+0000] {logging_mixin.py:188} INFO - [2026-10-06T14:26:49.083+0000] {dag.py:3096} INFO - Sync 1 DAGs
[2026-10-06T14:26:49.093+0000] {logging_mixin.py:188} INFO - [2026-10-06T14:26:49.092+0000] {dag.py:3954} INFO - Setting next_dagrun for f1_data_analytics to None, run_after=None
[2026-10-06T14:26:49.107+0000] {processor.py:183} INFO - Processing /opt/airflow/dags/f1_pipeline_dag.py took 0.106 seconds
[2026-10-06T14:27:19.307+0000] {processor.py:161} INFO - Started process (PID=5135) to work on /opt/airflow/dags/f1_pipeline_dag.py
[2026-10-06T14:27:19.308+0000] {processor.py:830} INFO - Processing file /opt/airflow/dags/f1_pipeline_dag.py for tasks to queue
[2026-10-06T14:27:19.310+0000] {logging_mixin.py:188} INFO - [2026-10-06T14:27:19.309+0000] {dagbag.py:545} INFO - Filling up the DagBag from /opt/airflow/dags/f1_pipeline_dag.py
[2026-10-06T14:27:19.330+0000] {processor.py:840} INFO - DAG(s) 'f1_data_analytics' retrieved from /opt/airflow/dags/f1_pipeline_dag.py
[2026-10-06T14:27:19.378+0000] {logging_mixin.py:188} INFO - [2026-10-06T14:27:19.378+0000] {dag.py:3096} INFO - Sync 1 DAGs
[2026-10-06T14:27:19.387+0000] {logging_mixin.py:188} INFO - [2026-10-06T14:27:19.387+0000] {dag.py:3954} INFO - Setting next_dagrun for f1_data_analytics to None, run_after=None
[2026-10-06T14:27:19.402+0000] {processor.py:183} INFO - Processing /opt/airflow/dags/f1_pipeline_dag.py took 0.105 seconds
[2026-10-06T14:27:49.612+0000] {processor.py:161} INFO - Started process (PID=5136) to work on /opt/airflow/dags/f1_pipeline_dag.py
[2026-10-06T14:27:49.616+0000] {processor.py:830} INFO - Processing file /opt/airflow/dags/f1_pipeline_dag.py for tasks to queue
[2026-10-06T14:27:49.617+0000] {logging_mixin.py:188} INFO - [2026-10-06T14:27:49.617+0000] {dagbag.py:545} INFO - Filling up the DagBag from /opt/airflow/dags/f1_pipeline_dag.py
[2026-10-06T14:27:49.636+0000] {processor.py:840} INFO - DAG(s) 'f1_data_analytics' retrieved from /opt/airflow/dags/f1_pipeline_dag.py
[2026-10-06T14:27:49.685+0000] {logging_mixin.py:188} INFO - [2026-10-06T14:27:49.685+0000] {dag.py:3096} INFO - Sync 1 DAGs
[2026-10-06T14:27:49.694+0000] {logging_mixin.py:188} INFO - [2026-10-06T14:27:49.694+0000] {dag.py:3954} INFO - Setting next_dagrun for f1_data_analytics to None, run_after=None
[2026-10-06T14:27:49.709+0000] {processor.py:183} INFO - Processing /opt/airflow/dags/f1_pipeline_dag.py took 0.106 seconds
[2026-10-06T14:28:19.912+0000] {processor.py:161} INFO - Started process (PID=5137) to work on /opt/airflow/dags/f1_pipeline_dag.py
[2026-10-06T14:28:19.913+0000] {processor.py:830} INFO - Processing file /opt/airflow/dags/f1_pipeline_dag.py for tasks to queue
[2026-10-06T14:28:19.913+0000] {logging_mixin.py:188} INFO - [2026-10-06T14:28:19.913+0000] {dagbag.py:545} INFO - Filling up the DagBag from /opt/airflow/dags/f1_pipeline_dag.py
[2026-10-06T14:28:19.922+0000] {processor.py:840} INFO - DAG(s) 'f1_data_analytics' retrieved from /opt/airflow/dags/f1_pipeline_dag.py
[2026-10-06T14:28:19.952+0000] {logging_mixin.py:188} INFO - [2026-10-06T14:28:19.952+0000] {dag.py:3096} INFO - Sync 1 DAGs
[2026-10-06T14:28:19.960+0000] {logging_mixin.py:188} INFO - [2026-10-06T14:28:19.960+0000] {dag.py:3954} INFO - Setting next_dagrun for f1_data_analytics to None, run_after=None
[2026-10-06T14:28:19.976+0000] {processor.py:183} INFO - Processing /opt/airflow/dags/f1_pipeline_dag.py took 0.068 seconds
[2026-10-06T14:28:50.113+0000] {processor.py:161} INFO - Started process (PID=5138) to work on /opt/airflow/dags/f1_pipeline_dag.py
[2026-10-06T14:28:50.116+0000] {processor.py:830} INFO - Processing file /opt/airflow/dags/f1_pipeline_dag.py for tasks to queue
[2026-10-06T14:28:50.117+0000] {logging_mixin.py:188} INFO - [2026-10-06T14:28:50.117+0000] {dagbag.py:545} INFO - Filling up the DagBag from /opt/airflow/dags/f1_pipeline_dag.py
[2026-10-06T14:28:50.138+0000] {processor.py:840} INFO - DAG(s) 'f1_data_analytics' retrieved from /opt/airflow/dags/f1_pipeline_dag.py
[2026-10-06T14:28:50.188+0000] {logging_mixin.py:188} INFO - [2026-10-06T14:28:50.188+0000] {dag.py:3096} INFO - Sync 1 DAGs
[2026-10-06T14:28:50.197+0000] {logging_mixin.py:188} INFO - [2026-10-06T14:28:50.197+0000] {dag.py:3954} INFO - Setting next_dagrun for f1_data_analytics to None, run_after=None
[2026-10-06T14:28:50.212+0000] {processor.py:183} INFO - Processing /opt/airflow/dags/f1_pipeline_dag.py took 0.103 seconds
[2026-10-06T14:29:20.396+0000] {processor.py:161} INFO - Started process (PID=5139) to work on /opt/airflow/dags/f1_pipeline_dag.py
[2026-10-06T14:29:20.397+0000] {processor.py:830} INFO - Processing file /opt/airflow/dags/f1_pipeline_dag.py for tasks to queue
[2026-10-06T14:29:20.398+0000] {logging_mixin.py:188} INFO - [2026-10-06T14:29:20.398+0000] {dagbag.py:545} INFO - Filling up the DagBag from /opt/airflow/dags/f1_pipeline_dag.py
[2026-10-06T14:29:20.417+0000] {processor.py:840} INFO - DAG(s) 'f1_data_analytics' retrieved from /opt/airflow/dags/f1_pipeline_dag.py
[2026-10-06T14:29:20.465+0000] {logging_mixin.py:188} INFO - [2026-10-06T14:29:20.464+0000] {dag.py:3096} INFO - Sync 1 DAGs
[2026-10-06T14:29:20.473+0000] {logging_mixin.py:188} INFO - [2026-10-06T14:29:20.473+0000] {dag.py:3954} INFO - Setting next_dagrun for f1_data_analytics to None, run_after=None
[2026-10-06T14:29:20.488+0000] {processor.py:183} INFO - Processing /opt/airflow/dags/f1_pipeline_dag.py took 0.103 seconds
[2026-10-06T14:29:50.658+0000] {processor.py:161} INFO - Started process (PID=5140) to work on /opt/airflow/dags/f1_pipeline_dag.py
[2026-10-06T14:29:50.665+0000] {processor.py:830} INFO - Processing file /opt/airflow/dags/f1_pipeline_dag.py for tasks to queue
[2026-10-06T14:29:50.666+0000] {logging_mixin.py:188} INFO - [2026-10-06T14:29:50.666+0000] {dagbag.py:545} INFO - Filling up the DagBag from /opt/airflow/dags/f1_pipeline_dag.py
[2026-10-06T14:29:50.683+0000] {processor.py:840} INFO - DAG(s) 'f1_data_analytics' retrieved from /opt/airflow/dags/f1_pipeline_dag.py
[2026-10-06T14:29:50.735+0000] {logging_mixin.py:188} INFO - [2026-10-06T14:29:50.735+0000] {dag.py:3096} INFO - Sync 1 DAGs
[2026-10-06T14:29:50.744+0000] {logging_mixin.py:188} INFO - [2026-10-06T14:29:50.744+0000] {dag.py:3954} INFO - Setting next_dagrun for f1_data_analytics to None, run_after=None
[2026-10-06T14:29:50.759+0000] {processor.py:183} INFO - Processing /opt/airflow/dags/f1_pipeline_dag.py took 0.107 seconds
[2026-10-06T14:30:20.969+0000] {processor.py:161} INFO - Started process (PID=5141) to work on /opt/airflow/dags/f1_pipeline_dag.py
[2026-10-06T14:30:20.970+0000] {processor.py:830} INFO - Processing file /opt/airflow/dags/f1_pipeline_dag.py for tasks to queue
[2026-10-06T14:30:20.972+0000] {logging_mixin.py:188} INFO - [2026-10-06T14:30:20.971+0000] {dagbag.py:545} INFO - Filling up the DagBag from /opt/airflow/dags/f1_pipeline_dag.py
[2026-10-06T14:30:20.991+0000] {processor.py:840} INFO - DAG(s) 'f1_data_analytics' retrieved from /opt/airflow/dags/f1_pipeline_dag.py
[2026-10-06T14:30:21.040+0000] {logging_mixin.py:188} INFO - [2026-10-06T14:30:21.040+0000] {dag.py:3096} INFO - Sync 1 DAGs
[2026-10-06T14:30:21.049+0000] {logging_mixin.py:188} INFO - [2026-10-06T14:30:21.049+0000] {dag.py:3954} INFO - Setting next_dagrun for f1_data_analytics to None, run_after=None
[2026-10-06T14:30:21.064+0000] {processor.py:183} INFO - Processing /opt/airflow/dags/f1_pipeline_dag.py took 0.105 seconds
[2026-10-06T14:30:51.249+0000] {processor.py:161} INFO - Started process (PID=5142) to work on /opt/airflow/dags/f1_pipeline_dag.py
[2026-10-06T14:30:51.258+0000] {processor.py:830} INFO - Processing file /opt/airflow/dags/f1_pipeline_dag.py for tasks to queue
[2026-10-06T14:30:51.260+0000] {logging_mixin.py:188} INFO - [2026-10-06T14:30:51.259+0000] {dagbag.py:545} INFO - Filling up the DagBag from /opt/airflow/dags/f1_pipeline_dag.py
[2026-10-06T14:30:51.278+0000] {processor.py:840} INFO - DAG(s) 'f1_data_analytics' retrieved from /opt/airflow/dags/f1_pipeline_dag.py
[2026-10-06T14:30:51.328+0000] {logging_mixin.py:188} INFO - [2026-10-06T14:30:51.328+0000] {dag.py:3096} INFO - Sync 1 DAGs
[2026-10-06T14:30:51.337+0000] {logging_mixin.py:188} INFO - [2026-10-06T14:30:51.337+0000] {dag.py:3954} INFO - Setting next_dagrun for f1_data_analytics to None, run_after=None
[2026-10-06T14:30:51.352+0000] {processor.py:183} INFO - Processing /opt/airflow/dags/f1_pipeline_dag.py took 0.113 seconds
[2026-10-06T14:31:21.553+0000] {processor.py:161} INFO - Started process (PID=5143) to work on /opt/airflow/dags/f1_pipeline_dag.py
[2026-10-06T14:31:21.555+0000] {processor.py:830} INFO - Processing file /opt/airflow/dags/f1_pipeline_dag.py for tasks to queue
[2026-10-06T14:31:21.556+0000] {logging_mixin.py:188} INFO - [2026-10-06T14:31:21.556+0000] {dagbag.py:545} INFO - Filling up the DagBag from /opt/airflow/dags/f1_pipeline_dag.py
[2026-10-06T14:31:21.576+0000] {processor.py:840} INFO - DAG(s) 'f1_data_analytics' retrieved from /opt/airflow/dags/f1_pipeline_dag.py
[2026-10-06T14:31:21.624+0000] {logging_mixin.py:188} INFO - [2026-10-06T14:31:21.624+0000] {dag.py:3096} INFO - Sync 1 DAGs
[2026-10-06T14:31:21.633+0000] {logging_mixin.py:188} INFO - [2026-10-06T14:31:21.632+0000] {dag.py:3954} INFO - Setting next_dagrun for f1_data_analytics to None, run_after=None
[2026-10-06T14:31:21.647+0000] {processor.py:183} INFO - Processing /opt/airflow/dags/f1_pipeline_dag.py took 0.104 seconds
[2026-10-06T14:31:51.853+0000] {processor.py:161} INFO - Started process (PID=5144) to work on /opt/airflow/dags/f1_pipeline_dag.py
[2026-10-06T14:31:51.861+0000] {processor.py:830} INFO - Processing file /opt/airflow/dags/f1_pipeline_dag.py for tasks to queue
[2026-10-06T14:31:51.862+0000] {logging_mixin.py:188} INFO - [2026-10-06T14:31:51.861+0000] {dagbag.py:545} INFO - Filling up the DagBag from /opt/airflow/dags/f1_pipeline_dag.py
[2026-10-06T14:31:51.878+0000] {processor.py:840} INFO - DAG(s) 'f1_data_analytics' retrieved from /opt/airflow/dags/f1_pipeline_dag.py
[2026-10-06T14:31:51.931+0000] {logging_mixin.py:188} INFO - [2026-10-06T14:31:51.931+0000] {dag.py:3096} INFO - Sync 1 DAGs
[2026-10-06T14:31:51.940+0000] {logging_mixin.py:188} INFO - [2026-10-06T14:31:51.940+0000] {dag.py:3954} INFO - Setting next_dagrun for f1_data_analytics to None, run_after=None
[2026-10-06T14:31:51.955+0000] {processor.py:183} INFO - Processing /opt/airflow/dags/f1_pipeline_dag.py took 0.106 seconds
[2026-10-06T14:32:22.166+0000] {processor.py:161} INFO - Started process (PID=5145) to work on /opt/airflow/dags/f1_pipeline_dag.py
[2026-10-06T14:32:22.168+0000] {processor.py:830} INFO - Processing file /opt/airflow/dags/f1_pipeline_dag.py for tasks to queue
[2026-10-06T14:32:22.169+0000] {logging_mixin.py:188} INFO - [2026-10-06T14:32:22.169+0000] {dagbag.py:545} INFO - Filling up the DagBag from /opt/airflow/dags/f1_pipeline_dag.py
[2026-10-06T14:32:22.189+0000] {processor.py:840} INFO - DAG(s) 'f1_data_analytics' retrieved from /opt/airflow/dags/f1_pipeline_dag.py
[2026-10-06T14:32:22.237+0000] {logging_mixin.py:188} INFO - [2026-10-06T14:32:22.237+0000] {dag.py:3096} INFO - Sync 1 DAGs
[2026-10-06T14:32:22.246+0000] {logging_mixin.py:188} INFO - [2026-10-06T14:32:22.245+0000] {dag.py:3954} INFO - Setting next_dagrun for f1_data_analytics to None, run_after=None
[2026-10-06T14:32:22.260+0000] {processor.py:183} INFO - Processing /opt/airflow/dags/f1_pipeline_dag.py took 0.105 seconds
[2026-10-06T14:32:52.475+0000] {processor.py:161} INFO - Started process (PID=5146) to work on /opt/airflow/dags/f1_pipeline_dag.py
[2026-10-06T14:32:52.483+0000] {processor.py:830} INFO - Processing file /opt/airflow/dags/f1_pipeline_dag.py for tasks to queue
[2026-10-06T14:32:52.485+0000] {logging_mixin.py:188} INFO - [2026-10-06T14:32:52.484+0000] {dagbag.py:545} INFO - Filling up the DagBag from /opt/airflow/dags/f1_pipeline_dag.py
[2026-10-06T14:32:52.503+0000] {processor.py:840} INFO - DAG(s) 'f1_data_analytics' retrieved from /opt/airflow/dags/f1_pipeline_dag.py
[2026-10-06T14:32:52.552+0000] {logging_mixin.py:188} INFO - [2026-10-06T14:32:52.552+0000] {dag.py:3096} INFO - Sync 1 DAGs
[2026-10-06T14:32:52.561+0000] {logging_mixin.py:188} INFO - [2026-10-06T14:32:52.561+0000] {dag.py:3954} INFO - Setting next_dagrun for f1_data_analytics to None, run_after=None
[2026-10-06T14:32:52.576+0000] {processor.py:183} INFO - Processing /opt/airflow/dags/f1_pipeline_dag.py took 0.111 seconds
[2026-10-06T14:33:22.772+0000] {processor.py:161} INFO - Started process (PID=5147) to work on /opt/airflow/dags/f1_pipeline_dag.py
[2026-10-06T14:33:22.773+0000] {processor.py:830} INFO - Processing file /opt/airflow/dags/f1_pipeline_dag.py for tasks to queue
[2026-10-06T14:33:22.774+0000] {logging_mixin.py:188} INFO - [2026-10-06T14:33:22.773+0000] {dagbag.py:545} INFO - Filling up the DagBag from /opt/airflow/dags/f1_pipeline_dag.py
[2026-10-06T14:33:22.783+0000] {processor.py:840} INFO - DAG(s) 'f1_data_analytics' retrieved from /opt/airflow/dags/f1_pipeline_dag.py
[2026-10-06T14:33:22.811+0000] {logging_mixin.py:188} INFO - [2026-10-06T14:33:22.811+0000] {dag.py:3096} INFO - Sync 1 DAGs
[2026-10-06T14:33:22.820+0000] {logging_mixin.py:188} INFO - [2026-10-06T14:33:22.819+0000] {dag.py:3954} INFO - Setting next_dagrun for f1_data_analytics to None, run_after=None
[2026-10-06T14:33:22.835+0000] {processor.py:183} INFO - Processing /opt/airflow/dags/f1_pipeline_dag.py took 0.067 seconds
[2026-10-06T14:33:52.983+0000] {processor.py:161} INFO - Started process (PID=5148) to work on /opt/airflow/dags/f1_pipeline_dag.py
[2026-10-06T14:33:52.986+0000] {processor.py:830} INFO - Processing file /opt/airflow/dags/f1_pipeline_dag.py for tasks to queue
[2026-10-06T14:33:52.988+0000] {logging_mixin.py:188} INFO - [2026-10-06T14:33:52.987+0000] {dagbag.py:545} INFO - Filling up the DagBag from /opt/airflow/dags/f1_pipeline_dag.py
[2026-10-06T14:33:53.007+0000] {processor.py:840} INFO - DAG(s) 'f1_data_analytics' retrieved from /opt/airflow/dags/f1_pipeline_dag.py
[2026-10-06T14:33:53.055+0000] {logging_mixin.py:188} INFO - [2026-10-06T14:33:53.054+0000] {dag.py:3096} INFO - Sync 1 DAGs
[2026-10-06T14:33:53.064+0000] {logging_mixin.py:188} INFO - [2026-10-06T14:33:53.064+0000] {dag.py:3954} INFO - Setting next_dagrun for f1_data_analytics to None, run_after=None
[2026-10-06T14:33:53.079+0000] {processor.py:183} INFO - Processing /opt/airflow/dags/f1_pipeline_dag.py took 0.106 seconds
[2026-10-06T14:34:23.283+0000] {processor.py:161} INFO - Started process (PID=5149) to work on /opt/airflow/dags/f1_pipeline_dag.py
[2026-10-06T14:34:23.283+0000] {processor.py:830} INFO - Processing file /opt/airflow/dags/f1_pipeline_dag.py for tasks to queue
[2026-10-06T14:34:23.284+0000] {logging_mixin.py:188} INFO - [2026-10-06T14:34:23.284+0000] {dagbag.py:545} INFO - Filling up the DagBag from /opt/airflow/dags/f1_pipeline_dag.py
[2026-10-06T14:34:23.293+0000] {processor.py:840} INFO - DAG(s) 'f1_data_analytics' retrieved from /opt/airflow/dags/f1_pipeline_dag.py
[2026-10-06T14:34:23.336+0000] {logging_mixin.py:188} INFO - [2026-10-06T14:34:23.335+0000] {dag.py:3096} INFO - Sync 1 DAGs
[2026-10-06T14:34:23.345+0000] {logging_mixin.py:188} INFO - [2026-10-06T14:34:23.345+0000] {dag.py:3954} INFO - Setting next_dagrun for f1_data_analytics to None, run_after=None
[2026-10-06T14:34:23.359+0000] {processor.py:183} INFO - Processing /opt/airflow/dags/f1_pipeline_dag.py took 0.081 seconds
[2026-10-06T14:34:53.486+0000] {processor.py:161} INFO - Started process (PID=5150) to work on /opt/airflow/dags/f1_pipeline_dag.py
[2026-10-06T14:34:53.490+0000] {processor.py:830} INFO - Processing file /opt/airflow/dags/f1_pipeline_dag.py for tasks to queue
[2026-10-06T14:34:53.491+0000] {logging_mixin.py:188} INFO - [2026-10-06T14:34:53.490+0000] {dagbag.py:545} INFO - Filling up the DagBag from /opt/airflow/dags/f1_pipeline_dag.py
[2026-10-06T14:34:53.510+0000] {processor.py:840} INFO - DAG(s) 'f1_data_analytics' retrieved from /opt/airflow/dags/f1_pipeline_dag.py
[2026-10-06T14:34:53.558+0000] {logging_mixin.py:188} INFO - [2026-10-06T14:34:53.558+0000] {dag.py:3096} INFO - Sync 1 DAGs
[2026-10-06T14:34:53.567+0000] {logging_mixin.py:188} INFO - [2026-10-06T14:34:53.567+0000] {dag.py:3954} INFO - Setting next_dagrun for f1_data_analytics to None, run_after=None
[2026-10-06T14:34:53.581+0000] {processor.py:183} INFO - Processing /opt/airflow/dags/f1_pipeline_dag.py took 0.105 seconds
[2026-10-06T14:35:23.791+0000] {processor.py:161} INFO - Started process (PID=5151) to work on /opt/airflow/dags/f1_pipeline_dag.py
[2026-10-06T14:35:23.792+0000] {processor.py:830} INFO - Processing file /opt/airflow/dags/f1_pipeline_dag.py for tasks to queue
[2026-10-06T14:35:23.794+0000] {logging_mixin.py:188} INFO - [2026-10-06T14:35:23.793+0000] {dagbag.py:545} INFO - Filling up the DagBag from /opt/airflow/dags/f1_pipeline_dag.py
[2026-10-06T14:35:23.813+0000] {processor.py:840} INFO - DAG(s) 'f1_data_analytics' retrieved from /opt/airflow/dags/f1_pipeline_dag.py
[2026-10-06T14:35:23.860+0000] {logging_mixin.py:188} INFO - [2026-10-06T14:35:23.860+0000] {dag.py:3096} INFO - Sync 1 DAGs
[2026-10-06T14:35:23.870+0000] {logging_mixin.py:188} INFO - [2026-10-06T14:35:23.869+0000] {dag.py:3954} INFO - Setting next_dagrun for f1_data_analytics to None, run_after=None
[2026-10-06T14:35:23.884+0000] {processor.py:183} INFO - Processing /opt/airflow/dags/f1_pipeline_dag.py took 0.103 seconds
[2026-10-06T14:35:54.094+0000] {processor.py:161} INFO - Started process (PID=5152) to work on /opt/airflow/dags/f1_pipeline_dag.py
[2026-10-06T14:35:54.098+0000] {processor.py:830} INFO - Processing file /opt/airflow/dags/f1_pipeline_dag.py for tasks to queue
[2026-10-06T14:35:54.099+0000] {logging_mixin.py:188} INFO - [2026-10-06T14:35:54.099+0000] {dagbag.py:545} INFO - Filling up the DagBag from /opt/airflow/dags/f1_pipeline_dag.py
[2026-10-06T14:35:54.119+0000] {processor.py:840} INFO - DAG(s) 'f1_data_analytics' retrieved from /opt/airflow/dags/f1_pipeline_dag.py
[2026-10-06T14:35:54.168+0000] {logging_mixin.py:188} INFO - [2026-10-06T14:35:54.168+0000] {dag.py:3096} INFO - Sync 1 DAGs
[2026-10-06T14:35:54.177+0000] {logging_mixin.py:188} INFO - [2026-10-06T14:35:54.177+0000] {dag.py:3954} INFO - Setting next_dagrun for f1_data_analytics to None, run_after=None
[2026-10-06T14:35:54.192+0000] {processor.py:183} INFO - Processing /opt/airflow/dags/f1_pipeline_dag.py took 0.107 seconds
[2026-10-06T14:36:24.402+0000] {processor.py:161} INFO - Started process (PID=5153) to work on /opt/airflow/dags/f1_pipeline_dag.py
[2026-10-06T14:36:24.403+0000] {processor.py:830} INFO - Processing file /opt/airflow/dags/f1_pipeline_dag.py for tasks to queue
[2026-10-06T14:36:24.405+0000] {logging_mixin.py:188} INFO - [2026-10-06T14:36:24.404+0000] {dagbag.py:545} INFO - Filling up the DagBag from /opt/airflow/dags/f1_pipeline_dag.py
[2026-10-06T14:36:24.424+0000] {processor.py:840} INFO - DAG(s) 'f1_data_analytics' retrieved from /opt/airflow/dags/f1_pipeline_dag.py
[2026-10-06T14:36:24.472+0000] {logging_mixin.py:188} INFO - [2026-10-06T14:36:24.472+0000] {dag.py:3096} INFO - Sync 1 DAGs
[2026-10-06T14:36:24.482+0000] {logging_mixin.py:188} INFO - [2026-10-06T14:36:24.481+0000] {dag.py:3954} INFO - Setting next_dagrun for f1_data_analytics to None, run_after=None
[2026-10-06T14:36:24.497+0000] {processor.py:183} INFO - Processing /opt/airflow/dags/f1_pipeline_dag.py took 0.106 seconds
[2026-10-06T14:36:54.708+0000] {processor.py:161} INFO - Started process (PID=5154) to work on /opt/airflow/dags/f1_pipeline_dag.py
[2026-10-06T14:36:54.712+0000] {processor.py:830} INFO - Processing file /opt/airflow/dags/f1_pipeline_dag.py for tasks to queue
[2026-10-06T14:36:54.713+0000] {logging_mixin.py:188} INFO - [2026-10-06T14:36:54.713+0000] {dagbag.py:545} INFO - Filling up the DagBag from /opt/airflow/dags/f1_pipeline_dag.py
[2026-10-06T14:36:54.733+0000] {processor.py:840} INFO - DAG(s) 'f1_data_analytics' retrieved from /opt/airflow/dags/f1_pipeline_dag.py
[2026-10-06T14:36:54.781+0000] {logging_mixin.py:188} INFO - [2026-10-06T14:36:54.781+0000] {dag.py:3096} INFO - Sync 1 DAGs
[2026-10-06T14:36:54.790+0000] {logging_mixin.py:188} INFO - [2026-10-06T14:36:54.790+0000] {dag.py:3954} INFO - Setting next_dagrun for f1_data_analytics to None, run_after=None
[2026-10-06T14:36:54.805+0000] {processor.py:183} INFO - Processing /opt/airflow/dags/f1_pipeline_dag.py took 0.107 seconds
[2026-10-06T14:37:25.009+0000] {processor.py:161} INFO - Started process (PID=5155) to work on /opt/airflow/dags/f1_pipeline_dag.py
[2026-10-06T14:37:25.009+0000] {processor.py:830} INFO - Processing file /opt/airflow/dags/f1_pipeline_dag.py for tasks to queue
[2026-10-06T14:37:25.010+0000] {logging_mixin.py:188} INFO - [2026-10-06T14:37:25.010+0000] {dagbag.py:545} INFO - Filling up the DagBag from /opt/airflow/dags/f1_pipeline_dag.py
[2026-10-06T14:37:25.020+0000] {processor.py:840} INFO - DAG(s) 'f1_data_analytics' retrieved from /opt/airflow/dags/f1_pipeline_dag.py
[2026-10-06T14:37:25.075+0000] {logging_mixin.py:188} INFO - [2026-10-06T14:37:25.075+0000] {dag.py:3096} INFO - Sync 1 DAGs
[2026-10-06T14:37:25.083+0000] {logging_mixin.py:188} INFO - [2026-10-06T14:37:25.083+0000] {dag.py:3954} INFO - Setting next_dagrun for f1_data_analytics to None, run_after=None
[2026-10-06T14:37:25.098+0000] {processor.py:183} INFO - Processing /opt/airflow/dags/f1_pipeline_dag.py took 0.094 seconds
[2026-10-06T14:37:55.207+0000] {processor.py:161} INFO - Started process (PID=5156) to work on /opt/airflow/dags/f1_pipeline_dag.py
[2026-10-06T14:37:55.210+0000] {processor.py:830} INFO - Processing file /opt/airflow/dags/f1_pipeline_dag.py for tasks to queue
[2026-10-06T14:37:55.212+0000] {logging_mixin.py:188} INFO - [2026-10-06T14:37:55.211+0000] {dagbag.py:545} INFO - Filling up the DagBag from /opt/airflow/dags/f1_pipeline_dag.py
[2026-10-06T14:37:55.231+0000] {processor.py:840} INFO - DAG(s) 'f1_data_analytics' retrieved from /opt/airflow/dags/f1_pipeline_dag.py
[2026-10-06T14:37:55.279+0000] {logging_mixin.py:188} INFO - [2026-10-06T14:37:55.279+0000] {dag.py:3096} INFO - Sync 1 DAGs
[2026-10-06T14:37:55.292+0000] {logging_mixin.py:188} INFO - [2026-10-06T14:37:55.292+0000] {dag.py:3954} INFO - Setting next_dagrun for f1_data_analytics to None, run_after=None
[2026-10-06T14:37:55.307+0000] {processor.py:183} INFO - Processing /opt/airflow/dags/f1_pipeline_dag.py took 0.110 seconds
[2026-10-06T14:38:25.511+0000] {processor.py:161} INFO - Started process (PID=5157) to work on /opt/airflow/dags/f1_pipeline_dag.py
[2026-10-06T14:38:25.512+0000] {processor.py:830} INFO - Processing file /opt/airflow/dags/f1_pipeline_dag.py for tasks to queue
[2026-10-06T14:38:25.513+0000] {logging_mixin.py:188} INFO - [2026-10-06T14:38:25.513+0000] {dagbag.py:545} INFO - Filling up the DagBag from /opt/airflow/dags/f1_pipeline_dag.py
[2026-10-06T14:38:25.534+0000] {processor.py:840} INFO - DAG(s) 'f1_data_analytics' retrieved from /opt/airflow/dags/f1_pipeline_dag.py
[2026-10-06T14:38:25.581+0000] {logging_mixin.py:188} INFO - [2026-10-06T14:38:25.581+0000] {dag.py:3096} INFO - Sync 1 DAGs
[2026-10-06T14:38:25.590+0000] {logging_mixin.py:188} INFO - [2026-10-06T14:38:25.590+0000] {dag.py:3954} INFO - Setting next_dagrun for f1_data_analytics to None, run_after=None
[2026-10-06T14:38:25.605+0000] {processor.py:183} INFO - Processing /opt/airflow/dags/f1_pipeline_dag.py took 0.104 seconds
[2026-10-06T14:38:55.813+0000] {processor.py:161} INFO - Started process (PID=5158) to work on /opt/airflow/dags/f1_pipeline_dag.py
[2026-10-06T14:38:55.816+0000] {processor.py:830} INFO - Processing file /opt/airflow/dags/f1_pipeline_dag.py for tasks to queue
[2026-10-06T14:38:55.818+0000] {logging_mixin.py:188} INFO - [2026-10-06T14:38:55.817+0000] {dagbag.py:545} INFO - Filling up the DagBag from /opt/airflow/dags/f1_pipeline_dag.py
[2026-10-06T14:38:55.839+0000] {processor.py:840} INFO - DAG(s) 'f1_data_analytics' retrieved from /opt/airflow/dags/f1_pipeline_dag.py
[2026-10-06T14:38:55.886+0000] {logging_mixin.py:188} INFO - [2026-10-06T14:38:55.886+0000] {dag.py:3096} INFO - Sync 1 DAGs
[2026-10-06T14:38:55.895+0000] {logging_mixin.py:188} INFO - [2026-10-06T14:38:55.895+0000] {dag.py:3954} INFO - Setting next_dagrun for f1_data_analytics to None, run_after=None
[2026-10-06T14:38:55.910+0000] {processor.py:183} INFO - Processing /opt/airflow/dags/f1_pipeline_dag.py took 0.107 seconds
[2026-10-06T14:39:26.108+0000] {processor.py:161} INFO - Started process (PID=5159) to work on /opt/airflow/dags/f1_pipeline_dag.py
[2026-10-06T14:39:26.110+0000] {processor.py:830} INFO - Processing file /opt/airflow/dags/f1_pipeline_dag.py for tasks to queue
[2026-10-06T14:39:26.111+0000] {logging_mixin.py:188} INFO - [2026-10-06T14:39:26.111+0000] {dagbag.py:545} INFO - Filling up the DagBag from /opt/airflow/dags/f1_pipeline_dag.py
[2026-10-06T14:39:26.128+0000] {processor.py:840} INFO - DAG(s) 'f1_data_analytics' retrieved from /opt/airflow/dags/f1_pipeline_dag.py
[2026-10-06T14:39:26.179+0000] {logging_mixin.py:188} INFO - [2026-10-06T14:39:26.179+0000] {dag.py:3096} INFO - Sync 1 DAGs
[2026-10-06T14:39:26.188+0000] {logging_mixin.py:188} INFO - [2026-10-06T14:39:26.188+0000] {dag.py:3954} INFO - Setting next_dagrun for f1_data_analytics to None, run_after=None
[2026-10-06T14:39:26.204+0000] {processor.py:183} INFO - Processing /opt/airflow/dags/f1_pipeline_dag.py took 0.100 seconds
[2026-10-06T14:39:56.349+0000] {processor.py:161} INFO - Started process (PID=5160) to work on /opt/airflow/dags/f1_pipeline_dag.py
[2026-10-06T14:39:56.350+0000] {processor.py:830} INFO - Processing file /opt/airflow/dags/f1_pipeline_dag.py for tasks to queue
[2026-10-06T14:39:56.352+0000] {logging_mixin.py:188} INFO - [2026-10-06T14:39:56.351+0000] {dagbag.py:545} INFO - Filling up the DagBag from /opt/airflow/dags/f1_pipeline_dag.py
[2026-10-06T14:39:56.372+0000] {processor.py:840} INFO - DAG(s) 'f1_data_analytics' retrieved from /opt/airflow/dags/f1_pipeline_dag.py
[2026-10-06T14:39:56.419+0000] {logging_mixin.py:188} INFO - [2026-10-06T14:39:56.419+0000] {dag.py:3096} INFO - Sync 1 DAGs
[2026-10-06T14:39:56.429+0000] {logging_mixin.py:188} INFO - [2026-10-06T14:39:56.428+0000] {dag.py:3954} INFO - Setting next_dagrun for f1_data_analytics to None, run_after=None
[2026-10-06T14:39:56.444+0000] {processor.py:183} INFO - Processing /opt/airflow/dags/f1_pipeline_dag.py took 0.105 seconds
[2026-10-06T14:40:26.654+0000] {processor.py:161} INFO - Started process (PID=5161) to work on /opt/airflow/dags/f1_pipeline_dag.py
[2026-10-06T14:40:26.663+0000] {processor.py:830} INFO - Processing file /opt/airflow/dags/f1_pipeline_dag.py for tasks to queue
[2026-10-06T14:40:26.664+0000] {logging_mixin.py:188} INFO - [2026-10-06T14:40:26.664+0000] {dagbag.py:545} INFO - Filling up the DagBag from /opt/airflow/dags/f1_pipeline_dag.py
[2026-10-06T14:40:26.684+0000] {processor.py:840} INFO - DAG(s) 'f1_data_analytics' retrieved from /opt/airflow/dags/f1_pipeline_dag.py
[2026-10-06T14:40:26.734+0000] {logging_mixin.py:188} INFO - [2026-10-06T14:40:26.734+0000] {dag.py:3096} INFO - Sync 1 DAGs
[2026-10-06T14:40:26.743+0000] {logging_mixin.py:188} INFO - [2026-10-06T14:40:26.743+0000] {dag.py:3954} INFO - Setting next_dagrun for f1_data_analytics to None, run_after=None
[2026-10-06T14:40:26.758+0000] {processor.py:183} INFO - Processing /opt/airflow/dags/f1_pipeline_dag.py took 0.113 seconds
[2026-10-06T14:40:56.943+0000] {processor.py:161} INFO - Started process (PID=5162) to work on /opt/airflow/dags/f1_pipeline_dag.py
[2026-10-06T14:40:56.944+0000] {processor.py:830} INFO - Processing file /opt/airflow/dags/f1_pipeline_dag.py for tasks to queue
[2026-10-06T14:40:56.946+0000] {logging_mixin.py:188} INFO - [2026-10-06T14:40:56.945+0000] {dagbag.py:545} INFO - Filling up the DagBag from /opt/airflow/dags/f1_pipeline_dag.py
[2026-10-06T14:40:56.966+0000] {processor.py:840} INFO - DAG(s) 'f1_data_analytics' retrieved from /opt/airflow/dags/f1_pipeline_dag.py
[2026-10-06T14:40:57.017+0000] {logging_mixin.py:188} INFO - [2026-10-06T14:40:57.017+0000] {dag.py:3096} INFO - Sync 1 DAGs
[2026-10-06T14:40:57.027+0000] {logging_mixin.py:188} INFO - [2026-10-06T14:40:57.026+0000] {dag.py:3954} INFO - Setting next_dagrun for f1_data_analytics to None, run_after=None
[2026-10-06T14:40:57.042+0000] {processor.py:183} INFO - Processing /opt/airflow/dags/f1_pipeline_dag.py took 0.110 seconds
[2026-10-06T14:41:27.244+0000] {processor.py:161} INFO - Started process (PID=5163) to work on /opt/airflow/dags/f1_pipeline_dag.py
[2026-10-06T14:41:27.247+0000] {processor.py:830} INFO - Processing file /opt/airflow/dags/f1_pipeline_dag.py for tasks to queue
[2026-10-06T14:41:27.249+0000] {logging_mixin.py:188} INFO - [2026-10-06T14:41:27.248+0000] {dagbag.py:545} INFO - Filling up the DagBag from /opt/airflow/dags/f1_pipeline_dag.py
[2026-10-06T14:41:27.268+0000] {processor.py:840} INFO - DAG(s) 'f1_data_analytics' retrieved from /opt/airflow/dags/f1_pipeline_dag.py
[2026-10-06T14:41:27.316+0000] {logging_mixin.py:188} INFO - [2026-10-06T14:41:27.316+0000] {dag.py:3096} INFO - Sync 1 DAGs
[2026-10-06T14:41:27.325+0000] {logging_mixin.py:188} INFO - [2026-10-06T14:41:27.325+0000] {dag.py:3954} INFO - Setting next_dagrun for f1_data_analytics to None, run_after=None
[2026-10-06T14:41:27.340+0000] {processor.py:183} INFO - Processing /opt/airflow/dags/f1_pipeline_dag.py took 0.106 seconds
[2026-10-06T14:41:57.555+0000] {processor.py:161} INFO - Started process (PID=5164) to work on /opt/airflow/dags/f1_pipeline_dag.py
[2026-10-06T14:41:57.556+0000] {processor.py:830} INFO - Processing file /opt/airflow/dags/f1_pipeline_dag.py for tasks to queue
[2026-10-06T14:41:57.558+0000] {logging_mixin.py:188} INFO - [2026-10-06T14:41:57.557+0000] {dagbag.py:545} INFO - Filling up the DagBag from /opt/airflow/dags/f1_pipeline_dag.py
[2026-10-06T14:41:57.576+0000] {processor.py:840} INFO - DAG(s) 'f1_data_analytics' retrieved from /opt/airflow/dags/f1_pipeline_dag.py
[2026-10-06T14:41:57.625+0000] {logging_mixin.py:188} INFO - [2026-10-06T14:41:57.625+0000] {dag.py:3096} INFO - Sync 1 DAGs
[2026-10-06T14:41:57.635+0000] {logging_mixin.py:188} INFO - [2026-10-06T14:41:57.634+0000] {dag.py:3954} INFO - Setting next_dagrun for f1_data_analytics to None, run_after=None
[2026-10-06T14:41:57.650+0000] {processor.py:183} INFO - Processing /opt/airflow/dags/f1_pipeline_dag.py took 0.105 seconds
[2026-10-06T14:42:27.861+0000] {processor.py:161} INFO - Started process (PID=5165) to work on /opt/airflow/dags/f1_pipeline_dag.py
[2026-10-06T14:42:27.864+0000] {processor.py:830} INFO - Processing file /opt/airflow/dags/f1_pipeline_dag.py for tasks to queue
[2026-10-06T14:42:27.866+0000] {logging_mixin.py:188} INFO - [2026-10-06T14:42:27.865+0000] {dagbag.py:545} INFO - Filling up the DagBag from /opt/airflow/dags/f1_pipeline_dag.py
[2026-10-06T14:42:27.885+0000] {processor.py:840} INFO - DAG(s) 'f1_data_analytics' retrieved from /opt/airflow/dags/f1_pipeline_dag.py
[2026-10-06T14:42:27.934+0000] {logging_mixin.py:188} INFO - [2026-10-06T14:42:27.934+0000] {dag.py:3096} INFO - Sync 1 DAGs
[2026-10-06T14:42:27.943+0000] {logging_mixin.py:188} INFO - [2026-10-06T14:42:27.943+0000] {dag.py:3954} INFO - Setting next_dagrun for f1_data_analytics to None, run_after=None
[2026-10-06T14:42:27.958+0000] {processor.py:183} INFO - Processing /opt/airflow/dags/f1_pipeline_dag.py took 0.107 seconds
[2026-10-06T14:42:58.169+0000] {processor.py:161} INFO - Started process (PID=5166) to work on /opt/airflow/dags/f1_pipeline_dag.py
[2026-10-06T14:42:58.171+0000] {processor.py:830} INFO - Processing file /opt/airflow/dags/f1_pipeline_dag.py for tasks to queue
[2026-10-06T14:42:58.172+0000] {logging_mixin.py:188} INFO - [2026-10-06T14:42:58.172+0000] {dagbag.py:545} INFO - Filling up the DagBag from /opt/airflow/dags/f1_pipeline_dag.py
[2026-10-06T14:42:58.191+0000] {processor.py:840} INFO - DAG(s) 'f1_data_analytics' retrieved from /opt/airflow/dags/f1_pipeline_dag.py
[2026-10-06T14:42:58.240+0000] {logging_mixin.py:188} INFO - [2026-10-06T14:42:58.239+0000] {dag.py:3096} INFO - Sync 1 DAGs
[2026-10-06T14:42:58.249+0000] {logging_mixin.py:188} INFO - [2026-10-06T14:42:58.249+0000] {dag.py:3954} INFO - Setting next_dagrun for f1_data_analytics to None, run_after=None
[2026-10-06T14:42:58.264+0000] {processor.py:183} INFO - Processing /opt/airflow/dags/f1_pipeline_dag.py took 0.105 seconds
[2026-10-06T14:43:28.474+0000] {processor.py:161} INFO - Started process (PID=5167) to work on /opt/airflow/dags/f1_pipeline_dag.py
[2026-10-06T14:43:28.477+0000] {processor.py:830} INFO - Processing file /opt/airflow/dags/f1_pipeline_dag.py for tasks to queue
[2026-10-06T14:43:28.479+0000] {logging_mixin.py:188} INFO - [2026-10-06T14:43:28.478+0000] {dagbag.py:545} INFO - Filling up the DagBag from /opt/airflow/dags/f1_pipeline_dag.py
[2026-10-06T14:43:28.498+0000] {processor.py:840} INFO - DAG(s) 'f1_data_analytics' retrieved from /opt/airflow/dags/f1_pipeline_dag.py
[2026-10-06T14:43:28.546+0000] {logging_mixin.py:188} INFO - [2026-10-06T14:43:28.546+0000] {dag.py:3096} INFO - Sync 1 DAGs
[2026-10-06T14:43:28.555+0000] {logging_mixin.py:188} INFO - [2026-10-06T14:43:28.555+0000] {dag.py:3954} INFO - Setting next_dagrun for f1_data_analytics to None, run_after=None
[2026-10-06T14:43:28.570+0000] {processor.py:183} INFO - Processing /opt/airflow/dags/f1_pipeline_dag.py took 0.105 seconds
[2026-10-06T14:43:58.781+0000] {processor.py:161} INFO - Started process (PID=5168) to work on /opt/airflow/dags/f1_pipeline_dag.py
[2026-10-06T14:43:58.783+0000] {processor.py:830} INFO - Processing file /opt/airflow/dags/f1_pipeline_dag.py for tasks to queue
[2026-10-06T14:43:58.784+0000] {logging_mixin.py:188} INFO - [2026-10-06T14:43:58.784+0000] {dagbag.py:545} INFO - Filling up the DagBag from /opt/airflow/dags/f1_pipeline_dag.py
[2026-10-06T14:43:58.804+0000] {processor.py:840} INFO - DAG(s) 'f1_data_analytics' retrieved from /opt/airflow/dags/f1_pipeline_dag.py
[2026-10-06T14:43:58.852+0000] {logging_mixin.py:188} INFO - [2026-10-06T14:43:58.852+0000] {dag.py:3096} INFO - Sync 1 DAGs
[2026-10-06T14:43:58.860+0000] {logging_mixin.py:188} INFO - [2026-10-06T14:43:58.860+0000] {dag.py:3954} INFO - Setting next_dagrun for f1_data_analytics to None, run_after=None
[2026-10-06T14:43:58.875+0000] {processor.py:183} INFO - Processing /opt/airflow/dags/f1_pipeline_dag.py took 0.103 seconds
[2026-10-06T14:44:29.087+0000] {processor.py:161} INFO - Started process (PID=5169) to work on /opt/airflow/dags/f1_pipeline_dag.py
[2026-10-06T14:44:29.090+0000] {processor.py:830} INFO - Processing file /opt/airflow/dags/f1_pipeline_dag.py for tasks to queue
[2026-10-06T14:44:29.092+0000] {logging_mixin.py:188} INFO - [2026-10-06T14:44:29.091+0000] {dagbag.py:545} INFO - Filling up the DagBag from /opt/airflow/dags/f1_pipeline_dag.py
[2026-10-06T14:44:29.111+0000] {processor.py:840} INFO - DAG(s) 'f1_data_analytics' retrieved from /opt/airflow/dags/f1_pipeline_dag.py
[2026-10-06T14:44:29.160+0000] {logging_mixin.py:188} INFO - [2026-10-06T14:44:29.159+0000] {dag.py:3096} INFO - Sync 1 DAGs
[2026-10-06T14:44:29.168+0000] {logging_mixin.py:188} INFO - [2026-10-06T14:44:29.168+0000] {dag.py:3954} INFO - Setting next_dagrun for f1_data_analytics to None, run_after=None
[2026-10-06T14:44:29.183+0000] {processor.py:183} INFO - Processing /opt/airflow/dags/f1_pipeline_dag.py took 0.106 seconds
[2026-10-06T14:44:59.378+0000] {processor.py:161} INFO - Started process (PID=5171) to work on /opt/airflow/dags/f1_pipeline_dag.py
[2026-10-06T14:44:59.380+0000] {processor.py:830} INFO - Processing file /opt/airflow/dags/f1_pipeline_dag.py for tasks to queue
[2026-10-06T14:44:59.381+0000] {logging_mixin.py:188} INFO - [2026-10-06T14:44:59.380+0000] {dagbag.py:545} INFO - Filling up the DagBag from /opt/airflow/dags/f1_pipeline_dag.py
[2026-10-06T14:44:59.402+0000] {processor.py:840} INFO - DAG(s) 'f1_data_analytics' retrieved from /opt/airflow/dags/f1_pipeline_dag.py
[2026-10-06T14:44:59.450+0000] {logging_mixin.py:188} INFO - [2026-10-06T14:44:59.450+0000] {dag.py:3096} INFO - Sync 1 DAGs
[2026-10-06T14:44:59.460+0000] {logging_mixin.py:188} INFO - [2026-10-06T14:44:59.460+0000] {dag.py:3954} INFO - Setting next_dagrun for f1_data_analytics to None, run_after=None
[2026-10-06T14:44:59.477+0000] {processor.py:183} INFO - Processing /opt/airflow/dags/f1_pipeline_dag.py took 0.109 seconds
[2026-10-06T14:45:29.679+0000] {processor.py:161} INFO - Started process (PID=5172) to work on /opt/airflow/dags/f1_pipeline_dag.py
[2026-10-06T14:45:29.688+0000] {processor.py:830} INFO - Processing file /opt/airflow/dags/f1_pipeline_dag.py for tasks to queue
[2026-10-06T14:45:29.690+0000] {logging_mixin.py:188} INFO - [2026-10-06T14:45:29.689+0000] {dagbag.py:545} INFO - Filling up the DagBag from /opt/airflow/dags/f1_pipeline_dag.py
[2026-10-06T14:45:29.711+0000] {processor.py:840} INFO - DAG(s) 'f1_data_analytics' retrieved from /opt/airflow/dags/f1_pipeline_dag.py
[2026-10-06T14:45:29.758+0000] {logging_mixin.py:188} INFO - [2026-10-06T14:45:29.758+0000] {dag.py:3096} INFO - Sync 1 DAGs
[2026-10-06T14:45:29.767+0000] {logging_mixin.py:188} INFO - [2026-10-06T14:45:29.767+0000] {dag.py:3954} INFO - Setting next_dagrun for f1_data_analytics to None, run_after=None
[2026-10-06T14:45:29.783+0000] {processor.py:183} INFO - Processing /opt/airflow/dags/f1_pipeline_dag.py took 0.115 seconds
[2026-10-06T14:45:59.984+0000] {processor.py:161} INFO - Started process (PID=5173) to work on /opt/airflow/dags/f1_pipeline_dag.py
[2026-10-06T14:45:59.986+0000] {processor.py:830} INFO - Processing file /opt/airflow/dags/f1_pipeline_dag.py for tasks to queue
[2026-10-06T14:45:59.987+0000] {logging_mixin.py:188} INFO - [2026-10-06T14:45:59.987+0000] {dagbag.py:545} INFO - Filling up the DagBag from /opt/airflow/dags/f1_pipeline_dag.py
[2026-10-06T14:46:00.007+0000] {processor.py:840} INFO - DAG(s) 'f1_data_analytics' retrieved from /opt/airflow/dags/f1_pipeline_dag.py
[2026-10-06T14:46:00.055+0000] {logging_mixin.py:188} INFO - [2026-10-06T14:46:00.055+0000] {dag.py:3096} INFO - Sync 1 DAGs
[2026-10-06T14:46:00.064+0000] {logging_mixin.py:188} INFO - [2026-10-06T14:46:00.064+0000] {dag.py:3954} INFO - Setting next_dagrun for f1_data_analytics to None, run_after=None
[2026-10-06T14:46:00.079+0000] {processor.py:183} INFO - Processing /opt/airflow/dags/f1_pipeline_dag.py took 0.105 seconds
[2026-10-06T14:46:30.287+0000] {processor.py:161} INFO - Started process (PID=5174) to work on /opt/airflow/dags/f1_pipeline_dag.py
[2026-10-06T14:46:30.295+0000] {processor.py:830} INFO - Processing file /opt/airflow/dags/f1_pipeline_dag.py for tasks to queue
[2026-10-06T14:46:30.297+0000] {logging_mixin.py:188} INFO - [2026-10-06T14:46:30.296+0000] {dagbag.py:545} INFO - Filling up the DagBag from /opt/airflow/dags/f1_pipeline_dag.py
[2026-10-06T14:46:30.316+0000] {processor.py:840} INFO - DAG(s) 'f1_data_analytics' retrieved from /opt/airflow/dags/f1_pipeline_dag.py
[2026-10-06T14:46:30.366+0000] {logging_mixin.py:188} INFO - [2026-10-06T14:46:30.365+0000] {dag.py:3096} INFO - Sync 1 DAGs
[2026-10-06T14:46:30.375+0000] {logging_mixin.py:188} INFO - [2026-10-06T14:46:30.374+0000] {dag.py:3954} INFO - Setting next_dagrun for f1_data_analytics to None, run_after=None
[2026-10-06T14:46:30.390+0000] {processor.py:183} INFO - Processing /opt/airflow/dags/f1_pipeline_dag.py took 0.113 seconds
[2026-10-06T14:47:00.595+0000] {processor.py:161} INFO - Started process (PID=5175) to work on /opt/airflow/dags/f1_pipeline_dag.py
[2026-10-06T14:47:00.596+0000] {processor.py:830} INFO - Processing file /opt/airflow/dags/f1_pipeline_dag.py for tasks to queue
[2026-10-06T14:47:00.598+0000] {logging_mixin.py:188} INFO - [2026-10-06T14:47:00.597+0000] {dagbag.py:545} INFO - Filling up the DagBag from /opt/airflow/dags/f1_pipeline_dag.py
[2026-10-06T14:47:00.616+0000] {processor.py:840} INFO - DAG(s) 'f1_data_analytics' retrieved from /opt/airflow/dags/f1_pipeline_dag.py
[2026-10-06T14:47:00.665+0000] {logging_mixin.py:188} INFO - [2026-10-06T14:47:00.665+0000] {dag.py:3096} INFO - Sync 1 DAGs
[2026-10-06T14:47:00.674+0000] {logging_mixin.py:188} INFO - [2026-10-06T14:47:00.673+0000] {dag.py:3954} INFO - Setting next_dagrun for f1_data_analytics to None, run_after=None
[2026-10-06T14:47:00.688+0000] {processor.py:183} INFO - Processing /opt/airflow/dags/f1_pipeline_dag.py took 0.104 seconds
[2026-10-06T14:47:30.900+0000] {processor.py:161} INFO - Started process (PID=5176) to work on /opt/airflow/dags/f1_pipeline_dag.py
[2026-10-06T14:47:30.908+0000] {processor.py:830} INFO - Processing file /opt/airflow/dags/f1_pipeline_dag.py for tasks to queue
[2026-10-06T14:47:30.909+0000] {logging_mixin.py:188} INFO - [2026-10-06T14:47:30.909+0000] {dagbag.py:545} INFO - Filling up the DagBag from /opt/airflow/dags/f1_pipeline_dag.py
[2026-10-06T14:47:30.928+0000] {processor.py:840} INFO - DAG(s) 'f1_data_analytics' retrieved from /opt/airflow/dags/f1_pipeline_dag.py
[2026-10-06T14:47:30.977+0000] {logging_mixin.py:188} INFO - [2026-10-06T14:47:30.977+0000] {dag.py:3096} INFO - Sync 1 DAGs
[2026-10-06T14:47:30.986+0000] {logging_mixin.py:188} INFO - [2026-10-06T14:47:30.986+0000] {dag.py:3954} INFO - Setting next_dagrun for f1_data_analytics to None, run_after=None
[2026-10-06T14:47:31.000+0000] {processor.py:183} INFO - Processing /opt/airflow/dags/f1_pipeline_dag.py took 0.111 seconds
[2026-10-06T14:48:01.207+0000] {processor.py:161} INFO - Started process (PID=5177) to work on /opt/airflow/dags/f1_pipeline_dag.py
[2026-10-06T14:48:01.208+0000] {processor.py:830} INFO - Processing file /opt/airflow/dags/f1_pipeline_dag.py for tasks to queue
[2026-10-06T14:48:01.210+0000] {logging_mixin.py:188} INFO - [2026-10-06T14:48:01.209+0000] {dagbag.py:545} INFO - Filling up the DagBag from /opt/airflow/dags/f1_pipeline_dag.py
[2026-10-06T14:48:01.228+0000] {processor.py:840} INFO - DAG(s) 'f1_data_analytics' retrieved from /opt/airflow/dags/f1_pipeline_dag.py
[2026-10-06T14:48:01.277+0000] {logging_mixin.py:188} INFO - [2026-10-06T14:48:01.277+0000] {dag.py:3096} INFO - Sync 1 DAGs
[2026-10-06T14:48:01.285+0000] {logging_mixin.py:188} INFO - [2026-10-06T14:48:01.285+0000] {dag.py:3954} INFO - Setting next_dagrun for f1_data_analytics to None, run_after=None
[2026-10-06T14:48:01.300+0000] {processor.py:183} INFO - Processing /opt/airflow/dags/f1_pipeline_dag.py took 0.103 seconds
[2026-10-06T14:48:31.512+0000] {processor.py:161} INFO - Started process (PID=5178) to work on /opt/airflow/dags/f1_pipeline_dag.py
[2026-10-06T14:48:31.521+0000] {processor.py:830} INFO - Processing file /opt/airflow/dags/f1_pipeline_dag.py for tasks to queue
[2026-10-06T14:48:31.522+0000] {logging_mixin.py:188} INFO - [2026-10-06T14:48:31.522+0000] {dagbag.py:545} INFO - Filling up the DagBag from /opt/airflow/dags/f1_pipeline_dag.py
[2026-10-06T14:48:31.542+0000] {processor.py:840} INFO - DAG(s) 'f1_data_analytics' retrieved from /opt/airflow/dags/f1_pipeline_dag.py
[2026-10-06T14:48:31.591+0000] {logging_mixin.py:188} INFO - [2026-10-06T14:48:31.591+0000] {dag.py:3096} INFO - Sync 1 DAGs
[2026-10-06T14:48:31.600+0000] {logging_mixin.py:188} INFO - [2026-10-06T14:48:31.600+0000] {dag.py:3954} INFO - Setting next_dagrun for f1_data_analytics to None, run_after=None
[2026-10-06T14:48:31.615+0000] {processor.py:183} INFO - Processing /opt/airflow/dags/f1_pipeline_dag.py took 0.113 seconds
[2026-10-06T14:49:01.813+0000] {processor.py:161} INFO - Started process (PID=5179) to work on /opt/airflow/dags/f1_pipeline_dag.py
[2026-10-06T14:49:01.815+0000] {processor.py:830} INFO - Processing file /opt/airflow/dags/f1_pipeline_dag.py for tasks to queue
[2026-10-06T14:49:01.816+0000] {logging_mixin.py:188} INFO - [2026-10-06T14:49:01.815+0000] {dagbag.py:545} INFO - Filling up the DagBag from /opt/airflow/dags/f1_pipeline_dag.py
[2026-10-06T14:49:01.836+0000] {processor.py:840} INFO - DAG(s) 'f1_data_analytics' retrieved from /opt/airflow/dags/f1_pipeline_dag.py
[2026-10-06T14:49:01.883+0000] {logging_mixin.py:188} INFO - [2026-10-06T14:49:01.883+0000] {dag.py:3096} INFO - Sync 1 DAGs
[2026-10-06T14:49:01.893+0000] {logging_mixin.py:188} INFO - [2026-10-06T14:49:01.893+0000] {dag.py:3954} INFO - Setting next_dagrun for f1_data_analytics to None, run_after=None
[2026-10-06T14:49:01.909+0000] {processor.py:183} INFO - Processing /opt/airflow/dags/f1_pipeline_dag.py took 0.106 seconds
[2026-10-06T14:49:32.103+0000] {processor.py:161} INFO - Started process (PID=5180) to work on /opt/airflow/dags/f1_pipeline_dag.py
[2026-10-06T14:49:32.106+0000] {processor.py:830} INFO - Processing file /opt/airflow/dags/f1_pipeline_dag.py for tasks to queue
[2026-10-06T14:49:32.107+0000] {logging_mixin.py:188} INFO - [2026-10-06T14:49:32.107+0000] {dagbag.py:545} INFO - Filling up the DagBag from /opt/airflow/dags/f1_pipeline_dag.py
[2026-10-06T14:49:32.125+0000] {processor.py:840} INFO - DAG(s) 'f1_data_analytics' retrieved from /opt/airflow/dags/f1_pipeline_dag.py
[2026-10-06T14:49:32.175+0000] {logging_mixin.py:188} INFO - [2026-10-06T14:49:32.174+0000] {dag.py:3096} INFO - Sync 1 DAGs
[2026-10-06T14:49:32.184+0000] {logging_mixin.py:188} INFO - [2026-10-06T14:49:32.184+0000] {dag.py:3954} INFO - Setting next_dagrun for f1_data_analytics to None, run_after=None
[2026-10-06T14:49:32.199+0000] {processor.py:183} INFO - Processing /opt/airflow/dags/f1_pipeline_dag.py took 0.105 seconds
[2026-10-06T14:50:02.409+0000] {processor.py:161} INFO - Started process (PID=5181) to work on /opt/airflow/dags/f1_pipeline_dag.py
[2026-10-06T14:50:02.410+0000] {processor.py:830} INFO - Processing file /opt/airflow/dags/f1_pipeline_dag.py for tasks to queue
[2026-10-06T14:50:02.411+0000] {logging_mixin.py:188} INFO - [2026-10-06T14:50:02.411+0000] {dagbag.py:545} INFO - Filling up the DagBag from /opt/airflow/dags/f1_pipeline_dag.py
[2026-10-06T14:50:02.429+0000] {processor.py:840} INFO - DAG(s) 'f1_data_analytics' retrieved from /opt/airflow/dags/f1_pipeline_dag.py
[2026-10-06T14:50:02.477+0000] {logging_mixin.py:188} INFO - [2026-10-06T14:50:02.477+0000] {dag.py:3096} INFO - Sync 1 DAGs
[2026-10-06T14:50:02.485+0000] {logging_mixin.py:188} INFO - [2026-10-06T14:50:02.485+0000] {dag.py:3954} INFO - Setting next_dagrun for f1_data_analytics to None, run_after=None
[2026-10-06T14:50:02.501+0000] {processor.py:183} INFO - Processing /opt/airflow/dags/f1_pipeline_dag.py took 0.102 seconds
[2026-10-06T14:50:32.712+0000] {processor.py:161} INFO - Started process (PID=5182) to work on /opt/airflow/dags/f1_pipeline_dag.py
[2026-10-06T14:50:32.715+0000] {processor.py:830} INFO - Processing file /opt/airflow/dags/f1_pipeline_dag.py for tasks to queue
[2026-10-06T14:50:32.717+0000] {logging_mixin.py:188} INFO - [2026-10-06T14:50:32.716+0000] {dagbag.py:545} INFO - Filling up the DagBag from /opt/airflow/dags/f1_pipeline_dag.py
[2026-10-06T14:50:32.736+0000] {processor.py:840} INFO - DAG(s) 'f1_data_analytics' retrieved from /opt/airflow/dags/f1_pipeline_dag.py
[2026-10-06T14:50:32.785+0000] {logging_mixin.py:188} INFO - [2026-10-06T14:50:32.785+0000] {dag.py:3096} INFO - Sync 1 DAGs
[2026-10-06T14:50:32.795+0000] {logging_mixin.py:188} INFO - [2026-10-06T14:50:32.794+0000] {dag.py:3954} INFO - Setting next_dagrun for f1_data_analytics to None, run_after=None
[2026-10-06T14:50:32.809+0000] {processor.py:183} INFO - Processing /opt/airflow/dags/f1_pipeline_dag.py took 0.107 seconds
[2026-10-06T14:51:03.023+0000] {processor.py:161} INFO - Started process (PID=5183) to work on /opt/airflow/dags/f1_pipeline_dag.py
[2026-10-06T14:51:03.024+0000] {processor.py:830} INFO - Processing file /opt/airflow/dags/f1_pipeline_dag.py for tasks to queue
[2026-10-06T14:51:03.026+0000] {logging_mixin.py:188} INFO - [2026-10-06T14:51:03.025+0000] {dagbag.py:545} INFO - Filling up the DagBag from /opt/airflow/dags/f1_pipeline_dag.py
[2026-10-06T14:51:03.046+0000] {processor.py:840} INFO - DAG(s) 'f1_data_analytics' retrieved from /opt/airflow/dags/f1_pipeline_dag.py
[2026-10-06T14:51:03.092+0000] {logging_mixin.py:188} INFO - [2026-10-06T14:51:03.092+0000] {dag.py:3096} INFO - Sync 1 DAGs
[2026-10-06T14:51:03.101+0000] {logging_mixin.py:188} INFO - [2026-10-06T14:51:03.101+0000] {dag.py:3954} INFO - Setting next_dagrun for f1_data_analytics to None, run_after=None
[2026-10-06T14:51:03.117+0000] {processor.py:183} INFO - Processing /opt/airflow/dags/f1_pipeline_dag.py took 0.103 seconds
[2026-10-06T14:51:33.331+0000] {processor.py:161} INFO - Started process (PID=5184) to work on /opt/airflow/dags/f1_pipeline_dag.py
[2026-10-06T14:51:33.335+0000] {processor.py:830} INFO - Processing file /opt/airflow/dags/f1_pipeline_dag.py for tasks to queue
[2026-10-06T14:51:33.336+0000] {logging_mixin.py:188} INFO - [2026-10-06T14:51:33.336+0000] {dagbag.py:545} INFO - Filling up the DagBag from /opt/airflow/dags/f1_pipeline_dag.py
[2026-10-06T14:51:33.356+0000] {processor.py:840} INFO - DAG(s) 'f1_data_analytics' retrieved from /opt/airflow/dags/f1_pipeline_dag.py
[2026-10-06T14:51:33.404+0000] {logging_mixin.py:188} INFO - [2026-10-06T14:51:33.403+0000] {dag.py:3096} INFO - Sync 1 DAGs
[2026-10-06T14:51:33.413+0000] {logging_mixin.py:188} INFO - [2026-10-06T14:51:33.412+0000] {dag.py:3954} INFO - Setting next_dagrun for f1_data_analytics to None, run_after=None
[2026-10-06T14:51:33.429+0000] {processor.py:183} INFO - Processing /opt/airflow/dags/f1_pipeline_dag.py took 0.108 seconds
[2026-10-06T14:52:03.637+0000] {processor.py:161} INFO - Started process (PID=5185) to work on /opt/airflow/dags/f1_pipeline_dag.py
[2026-10-06T14:52:03.638+0000] {processor.py:830} INFO - Processing file /opt/airflow/dags/f1_pipeline_dag.py for tasks to queue
[2026-10-06T14:52:03.640+0000] {logging_mixin.py:188} INFO - [2026-10-06T14:52:03.639+0000] {dagbag.py:545} INFO - Filling up the DagBag from /opt/airflow/dags/f1_pipeline_dag.py
[2026-10-06T14:52:03.658+0000] {processor.py:840} INFO - DAG(s) 'f1_data_analytics' retrieved from /opt/airflow/dags/f1_pipeline_dag.py
[2026-10-06T14:52:03.707+0000] {logging_mixin.py:188} INFO - [2026-10-06T14:52:03.707+0000] {dag.py:3096} INFO - Sync 1 DAGs
[2026-10-06T14:52:03.716+0000] {logging_mixin.py:188} INFO - [2026-10-06T14:52:03.716+0000] {dag.py:3954} INFO - Setting next_dagrun for f1_data_analytics to None, run_after=None
[2026-10-06T14:52:03.730+0000] {processor.py:183} INFO - Processing /opt/airflow/dags/f1_pipeline_dag.py took 0.103 seconds
[2026-10-06T14:52:33.934+0000] {processor.py:161} INFO - Started process (PID=5186) to work on /opt/airflow/dags/f1_pipeline_dag.py
[2026-10-06T14:52:33.936+0000] {processor.py:830} INFO - Processing file /opt/airflow/dags/f1_pipeline_dag.py for tasks to queue
[2026-10-06T14:52:33.937+0000] {logging_mixin.py:188} INFO - [2026-10-06T14:52:33.937+0000] {dagbag.py:545} INFO - Filling up the DagBag from /opt/airflow/dags/f1_pipeline_dag.py
[2026-10-06T14:52:33.956+0000] {processor.py:840} INFO - DAG(s) 'f1_data_analytics' retrieved from /opt/airflow/dags/f1_pipeline_dag.py
[2026-10-06T14:52:34.006+0000] {logging_mixin.py:188} INFO - [2026-10-06T14:52:34.006+0000] {dag.py:3096} INFO - Sync 1 DAGs
[2026-10-06T14:52:34.016+0000] {logging_mixin.py:188} INFO - [2026-10-06T14:52:34.015+0000] {dag.py:3954} INFO - Setting next_dagrun for f1_data_analytics to None, run_after=None
[2026-10-06T14:52:34.031+0000] {processor.py:183} INFO - Processing /opt/airflow/dags/f1_pipeline_dag.py took 0.107 seconds
[2026-10-06T14:53:04.245+0000] {processor.py:161} INFO - Started process (PID=5187) to work on /opt/airflow/dags/f1_pipeline_dag.py
[2026-10-06T14:53:04.248+0000] {processor.py:830} INFO - Processing file /opt/airflow/dags/f1_pipeline_dag.py for tasks to queue
[2026-10-06T14:53:04.250+0000] {logging_mixin.py:188} INFO - [2026-10-06T14:53:04.249+0000] {dagbag.py:545} INFO - Filling up the DagBag from /opt/airflow/dags/f1_pipeline_dag.py
[2026-10-06T14:53:04.268+0000] {processor.py:840} INFO - DAG(s) 'f1_data_analytics' retrieved from /opt/airflow/dags/f1_pipeline_dag.py
[2026-10-06T14:53:04.317+0000] {logging_mixin.py:188} INFO - [2026-10-06T14:53:04.317+0000] {dag.py:3096} INFO - Sync 1 DAGs
[2026-10-06T14:53:04.326+0000] {logging_mixin.py:188} INFO - [2026-10-06T14:53:04.325+0000] {dag.py:3954} INFO - Setting next_dagrun for f1_data_analytics to None, run_after=None
[2026-10-06T14:53:04.340+0000] {processor.py:183} INFO - Processing /opt/airflow/dags/f1_pipeline_dag.py took 0.105 seconds
[2026-10-06T14:53:34.551+0000] {processor.py:161} INFO - Started process (PID=5188) to work on /opt/airflow/dags/f1_pipeline_dag.py
[2026-10-06T14:53:34.553+0000] {processor.py:830} INFO - Processing file /opt/airflow/dags/f1_pipeline_dag.py for tasks to queue
[2026-10-06T14:53:34.554+0000] {logging_mixin.py:188} INFO - [2026-10-06T14:53:34.554+0000] {dagbag.py:545} INFO - Filling up the DagBag from /opt/airflow/dags/f1_pipeline_dag.py
[2026-10-06T14:53:34.574+0000] {processor.py:840} INFO - DAG(s) 'f1_data_analytics' retrieved from /opt/airflow/dags/f1_pipeline_dag.py
[2026-10-06T14:53:34.623+0000] {logging_mixin.py:188} INFO - [2026-10-06T14:53:34.623+0000] {dag.py:3096} INFO - Sync 1 DAGs
[2026-10-06T14:53:34.632+0000] {logging_mixin.py:188} INFO - [2026-10-06T14:53:34.632+0000] {dag.py:3954} INFO - Setting next_dagrun for f1_data_analytics to None, run_after=None
[2026-10-06T14:53:34.647+0000] {processor.py:183} INFO - Processing /opt/airflow/dags/f1_pipeline_dag.py took 0.106 seconds
[2026-10-06T14:54:04.856+0000] {processor.py:161} INFO - Started process (PID=5189) to work on /opt/airflow/dags/f1_pipeline_dag.py
[2026-10-06T14:54:04.858+0000] {processor.py:830} INFO - Processing file /opt/airflow/dags/f1_pipeline_dag.py for tasks to queue
[2026-10-06T14:54:04.860+0000] {logging_mixin.py:188} INFO - [2026-10-06T14:54:04.859+0000] {dagbag.py:545} INFO - Filling up the DagBag from /opt/airflow/dags/f1_pipeline_dag.py
[2026-10-06T14:54:04.878+0000] {processor.py:840} INFO - DAG(s) 'f1_data_analytics' retrieved from /opt/airflow/dags/f1_pipeline_dag.py
[2026-10-06T14:54:04.926+0000] {logging_mixin.py:188} INFO - [2026-10-06T14:54:04.926+0000] {dag.py:3096} INFO - Sync 1 DAGs
[2026-10-06T14:54:04.935+0000] {logging_mixin.py:188} INFO - [2026-10-06T14:54:04.935+0000] {dag.py:3954} INFO - Setting next_dagrun for f1_data_analytics to None, run_after=None
[2026-10-06T14:54:04.951+0000] {processor.py:183} INFO - Processing /opt/airflow/dags/f1_pipeline_dag.py took 0.105 seconds
[2026-10-06T14:54:35.152+0000] {processor.py:161} INFO - Started process (PID=5190) to work on /opt/airflow/dags/f1_pipeline_dag.py
[2026-10-06T14:54:35.154+0000] {processor.py:830} INFO - Processing file /opt/airflow/dags/f1_pipeline_dag.py for tasks to queue
[2026-10-06T14:54:35.155+0000] {logging_mixin.py:188} INFO - [2026-10-06T14:54:35.155+0000] {dagbag.py:545} INFO - Filling up the DagBag from /opt/airflow/dags/f1_pipeline_dag.py
[2026-10-06T14:54:35.176+0000] {processor.py:840} INFO - DAG(s) 'f1_data_analytics' retrieved from /opt/airflow/dags/f1_pipeline_dag.py
[2026-10-06T14:54:35.224+0000] {logging_mixin.py:188} INFO - [2026-10-06T14:54:35.224+0000] {dag.py:3096} INFO - Sync 1 DAGs
[2026-10-06T14:54:35.233+0000] {logging_mixin.py:188} INFO - [2026-10-06T14:54:35.233+0000] {dag.py:3954} INFO - Setting next_dagrun for f1_data_analytics to None, run_after=None
[2026-10-06T14:54:35.249+0000] {processor.py:183} INFO - Processing /opt/airflow/dags/f1_pipeline_dag.py took 0.107 seconds
[2026-10-06T14:55:05.459+0000] {processor.py:161} INFO - Started process (PID=5191) to work on /opt/airflow/dags/f1_pipeline_dag.py
[2026-10-06T14:55:05.468+0000] {processor.py:830} INFO - Processing file /opt/airflow/dags/f1_pipeline_dag.py for tasks to queue
[2026-10-06T14:55:05.470+0000] {logging_mixin.py:188} INFO - [2026-10-06T14:55:05.469+0000] {dagbag.py:545} INFO - Filling up the DagBag from /opt/airflow/dags/f1_pipeline_dag.py
[2026-10-06T14:55:05.490+0000] {processor.py:840} INFO - DAG(s) 'f1_data_analytics' retrieved from /opt/airflow/dags/f1_pipeline_dag.py
[2026-10-06T14:55:05.538+0000] {logging_mixin.py:188} INFO - [2026-10-06T14:55:05.538+0000] {dag.py:3096} INFO - Sync 1 DAGs
[2026-10-06T14:55:05.548+0000] {logging_mixin.py:188} INFO - [2026-10-06T14:55:05.548+0000] {dag.py:3954} INFO - Setting next_dagrun for f1_data_analytics to None, run_after=None
[2026-10-06T14:55:05.563+0000] {processor.py:183} INFO - Processing /opt/airflow/dags/f1_pipeline_dag.py took 0.114 seconds
[2026-10-06T14:55:35.755+0000] {processor.py:161} INFO - Started process (PID=5192) to work on /opt/airflow/dags/f1_pipeline_dag.py
[2026-10-06T14:55:35.756+0000] {processor.py:830} INFO - Processing file /opt/airflow/dags/f1_pipeline_dag.py for tasks to queue
[2026-10-06T14:55:35.758+0000] {logging_mixin.py:188} INFO - [2026-10-06T14:55:35.757+0000] {dagbag.py:545} INFO - Filling up the DagBag from /opt/airflow/dags/f1_pipeline_dag.py
[2026-10-06T14:55:35.778+0000] {processor.py:840} INFO - DAG(s) 'f1_data_analytics' retrieved from /opt/airflow/dags/f1_pipeline_dag.py
[2026-10-06T14:55:35.826+0000] {logging_mixin.py:188} INFO - [2026-10-06T14:55:35.826+0000] {dag.py:3096} INFO - Sync 1 DAGs
[2026-10-06T14:55:35.836+0000] {logging_mixin.py:188} INFO - [2026-10-06T14:55:35.836+0000] {dag.py:3954} INFO - Setting next_dagrun for f1_data_analytics to None, run_after=None
[2026-10-06T14:55:35.851+0000] {processor.py:183} INFO - Processing /opt/airflow/dags/f1_pipeline_dag.py took 0.107 seconds
[2026-10-06T14:56:06.058+0000] {processor.py:161} INFO - Started process (PID=5193) to work on /opt/airflow/dags/f1_pipeline_dag.py
[2026-10-06T14:56:06.067+0000] {processor.py:830} INFO - Processing file /opt/airflow/dags/f1_pipeline_dag.py for tasks to queue
[2026-10-06T14:56:06.068+0000] {logging_mixin.py:188} INFO - [2026-10-06T14:56:06.068+0000] {dagbag.py:545} INFO - Filling up the DagBag from /opt/airflow/dags/f1_pipeline_dag.py
[2026-10-06T14:56:06.089+0000] {processor.py:840} INFO - DAG(s) 'f1_data_analytics' retrieved from /opt/airflow/dags/f1_pipeline_dag.py
[2026-10-06T14:56:06.137+0000] {logging_mixin.py:188} INFO - [2026-10-06T14:56:06.137+0000] {dag.py:3096} INFO - Sync 1 DAGs
[2026-10-06T14:56:06.146+0000] {logging_mixin.py:188} INFO - [2026-10-06T14:56:06.146+0000] {dag.py:3954} INFO - Setting next_dagrun for f1_data_analytics to None, run_after=None
[2026-10-06T14:56:06.161+0000] {processor.py:183} INFO - Processing /opt/airflow/dags/f1_pipeline_dag.py took 0.113 seconds
[2026-10-06T14:56:36.361+0000] {processor.py:161} INFO - Started process (PID=5194) to work on /opt/airflow/dags/f1_pipeline_dag.py
[2026-10-06T14:56:36.362+0000] {processor.py:830} INFO - Processing file /opt/airflow/dags/f1_pipeline_dag.py for tasks to queue
[2026-10-06T14:56:36.363+0000] {logging_mixin.py:188} INFO - [2026-10-06T14:56:36.363+0000] {dagbag.py:545} INFO - Filling up the DagBag from /opt/airflow/dags/f1_pipeline_dag.py
[2026-10-06T14:56:36.382+0000] {processor.py:840} INFO - DAG(s) 'f1_data_analytics' retrieved from /opt/airflow/dags/f1_pipeline_dag.py
[2026-10-06T14:56:36.431+0000] {logging_mixin.py:188} INFO - [2026-10-06T14:56:36.431+0000] {dag.py:3096} INFO - Sync 1 DAGs
[2026-10-06T14:56:36.440+0000] {logging_mixin.py:188} INFO - [2026-10-06T14:56:36.440+0000] {dag.py:3954} INFO - Setting next_dagrun for f1_data_analytics to None, run_after=None
[2026-10-06T14:56:36.455+0000] {processor.py:183} INFO - Processing /opt/airflow/dags/f1_pipeline_dag.py took 0.104 seconds
[2026-10-06T14:57:06.666+0000] {processor.py:161} INFO - Started process (PID=5195) to work on /opt/airflow/dags/f1_pipeline_dag.py
[2026-10-06T14:57:06.669+0000] {processor.py:830} INFO - Processing file /opt/airflow/dags/f1_pipeline_dag.py for tasks to queue
[2026-10-06T14:57:06.671+0000] {logging_mixin.py:188} INFO - [2026-10-06T14:57:06.670+0000] {dagbag.py:545} INFO - Filling up the DagBag from /opt/airflow/dags/f1_pipeline_dag.py
[2026-10-06T14:57:06.691+0000] {processor.py:840} INFO - DAG(s) 'f1_data_analytics' retrieved from /opt/airflow/dags/f1_pipeline_dag.py
[2026-10-06T14:57:06.739+0000] {logging_mixin.py:188} INFO - [2026-10-06T14:57:06.739+0000] {dag.py:3096} INFO - Sync 1 DAGs
[2026-10-06T14:57:06.748+0000] {logging_mixin.py:188} INFO - [2026-10-06T14:57:06.748+0000] {dag.py:3954} INFO - Setting next_dagrun for f1_data_analytics to None, run_after=None
[2026-10-06T14:57:06.763+0000] {processor.py:183} INFO - Processing /opt/airflow/dags/f1_pipeline_dag.py took 0.107 seconds
[2026-10-06T14:57:36.971+0000] {processor.py:161} INFO - Started process (PID=5196) to work on /opt/airflow/dags/f1_pipeline_dag.py
[2026-10-06T14:57:36.972+0000] {processor.py:830} INFO - Processing file /opt/airflow/dags/f1_pipeline_dag.py for tasks to queue
[2026-10-06T14:57:36.973+0000] {logging_mixin.py:188} INFO - [2026-10-06T14:57:36.973+0000] {dagbag.py:545} INFO - Filling up the DagBag from /opt/airflow/dags/f1_pipeline_dag.py
[2026-10-06T14:57:36.991+0000] {processor.py:840} INFO - DAG(s) 'f1_data_analytics' retrieved from /opt/airflow/dags/f1_pipeline_dag.py
[2026-10-06T14:57:37.040+0000] {logging_mixin.py:188} INFO - [2026-10-06T14:57:37.040+0000] {dag.py:3096} INFO - Sync 1 DAGs
[2026-10-06T14:57:37.049+0000] {logging_mixin.py:188} INFO - [2026-10-06T14:57:37.049+0000] {dag.py:3954} INFO - Setting next_dagrun for f1_data_analytics to None, run_after=None
[2026-10-06T14:57:37.065+0000] {processor.py:183} INFO - Processing /opt/airflow/dags/f1_pipeline_dag.py took 0.104 seconds
[2026-10-06T14:58:07.272+0000] {processor.py:161} INFO - Started process (PID=5197) to work on /opt/airflow/dags/f1_pipeline_dag.py
[2026-10-06T14:58:07.280+0000] {processor.py:830} INFO - Processing file /opt/airflow/dags/f1_pipeline_dag.py for tasks to queue
[2026-10-06T14:58:07.282+0000] {logging_mixin.py:188} INFO - [2026-10-06T14:58:07.281+0000] {dagbag.py:545} INFO - Filling up the DagBag from /opt/airflow/dags/f1_pipeline_dag.py
[2026-10-06T14:58:07.302+0000] {processor.py:840} INFO - DAG(s) 'f1_data_analytics' retrieved from /opt/airflow/dags/f1_pipeline_dag.py
[2026-10-06T14:58:07.353+0000] {logging_mixin.py:188} INFO - [2026-10-06T14:58:07.353+0000] {dag.py:3096} INFO - Sync 1 DAGs
[2026-10-06T14:58:07.363+0000] {logging_mixin.py:188} INFO - [2026-10-06T14:58:07.362+0000] {dag.py:3954} INFO - Setting next_dagrun for f1_data_analytics to None, run_after=None
[2026-10-06T14:58:07.377+0000] {processor.py:183} INFO - Processing /opt/airflow/dags/f1_pipeline_dag.py took 0.109 seconds
[2026-10-06T14:58:37.579+0000] {processor.py:161} INFO - Started process (PID=5198) to work on /opt/airflow/dags/f1_pipeline_dag.py
[2026-10-06T14:58:37.580+0000] {processor.py:830} INFO - Processing file /opt/airflow/dags/f1_pipeline_dag.py for tasks to queue
[2026-10-06T14:58:37.581+0000] {logging_mixin.py:188} INFO - [2026-10-06T14:58:37.580+0000] {dagbag.py:545} INFO - Filling up the DagBag from /opt/airflow/dags/f1_pipeline_dag.py
[2026-10-06T14:58:37.589+0000] {processor.py:840} INFO - DAG(s) 'f1_data_analytics' retrieved from /opt/airflow/dags/f1_pipeline_dag.py
[2026-10-06T14:58:37.642+0000] {logging_mixin.py:188} INFO - [2026-10-06T14:58:37.642+0000] {dag.py:3096} INFO - Sync 1 DAGs
[2026-10-06T14:58:37.651+0000] {logging_mixin.py:188} INFO - [2026-10-06T14:58:37.651+0000] {dag.py:3954} INFO - Setting next_dagrun for f1_data_analytics to None, run_after=None
[2026-10-06T14:58:37.666+0000] {processor.py:183} INFO - Processing /opt/airflow/dags/f1_pipeline_dag.py took 0.091 seconds
[2026-10-06T14:59:07.774+0000] {processor.py:161} INFO - Started process (PID=5199) to work on /opt/airflow/dags/f1_pipeline_dag.py
[2026-10-06T14:59:07.776+0000] {processor.py:830} INFO - Processing file /opt/airflow/dags/f1_pipeline_dag.py for tasks to queue
[2026-10-06T14:59:07.777+0000] {logging_mixin.py:188} INFO - [2026-10-06T14:59:07.777+0000] {dagbag.py:545} INFO - Filling up the DagBag from /opt/airflow/dags/f1_pipeline_dag.py
[2026-10-06T14:59:07.797+0000] {processor.py:840} INFO - DAG(s) 'f1_data_analytics' retrieved from /opt/airflow/dags/f1_pipeline_dag.py
[2026-10-06T14:59:07.848+0000] {logging_mixin.py:188} INFO - [2026-10-06T14:59:07.847+0000] {dag.py:3096} INFO - Sync 1 DAGs
[2026-10-06T14:59:07.857+0000] {logging_mixin.py:188} INFO - [2026-10-06T14:59:07.857+0000] {dag.py:3954} INFO - Setting next_dagrun for f1_data_analytics to None, run_after=None
[2026-10-06T14:59:07.872+0000] {processor.py:183} INFO - Processing /opt/airflow/dags/f1_pipeline_dag.py took 0.103 seconds
[2026-10-06T14:59:38.080+0000] {processor.py:161} INFO - Started process (PID=5200) to work on /opt/airflow/dags/f1_pipeline_dag.py
[2026-10-06T14:59:38.081+0000] {processor.py:830} INFO - Processing file /opt/airflow/dags/f1_pipeline_dag.py for tasks to queue
[2026-10-06T14:59:38.081+0000] {logging_mixin.py:188} INFO - [2026-10-06T14:59:38.081+0000] {dagbag.py:545} INFO - Filling up the DagBag from /opt/airflow/dags/f1_pipeline_dag.py
[2026-10-06T14:59:38.099+0000] {processor.py:840} INFO - DAG(s) 'f1_data_analytics' retrieved from /opt/airflow/dags/f1_pipeline_dag.py
[2026-10-06T14:59:38.150+0000] {logging_mixin.py:188} INFO - [2026-10-06T14:59:38.150+0000] {dag.py:3096} INFO - Sync 1 DAGs
[2026-10-06T14:59:38.159+0000] {logging_mixin.py:188} INFO - [2026-10-06T14:59:38.159+0000] {dag.py:3954} INFO - Setting next_dagrun for f1_data_analytics to None, run_after=None
[2026-10-06T14:59:38.174+0000] {processor.py:183} INFO - Processing /opt/airflow/dags/f1_pipeline_dag.py took 0.099 seconds
[2026-10-06T15:00:08.390+0000] {processor.py:161} INFO - Started process (PID=5201) to work on /opt/airflow/dags/f1_pipeline_dag.py
[2026-10-06T15:00:08.394+0000] {processor.py:830} INFO - Processing file /opt/airflow/dags/f1_pipeline_dag.py for tasks to queue
[2026-10-06T15:00:08.395+0000] {logging_mixin.py:188} INFO - [2026-10-06T15:00:08.395+0000] {dagbag.py:545} INFO - Filling up the DagBag from /opt/airflow/dags/f1_pipeline_dag.py
[2026-10-06T15:00:08.415+0000] {processor.py:840} INFO - DAG(s) 'f1_data_analytics' retrieved from /opt/airflow/dags/f1_pipeline_dag.py
[2026-10-06T15:00:08.462+0000] {logging_mixin.py:188} INFO - [2026-10-06T15:00:08.462+0000] {dag.py:3096} INFO - Sync 1 DAGs
[2026-10-06T15:00:08.471+0000] {logging_mixin.py:188} INFO - [2026-10-06T15:00:08.471+0000] {dag.py:3954} INFO - Setting next_dagrun for f1_data_analytics to None, run_after=None
[2026-10-06T15:00:08.486+0000] {processor.py:183} INFO - Processing /opt/airflow/dags/f1_pipeline_dag.py took 0.106 seconds
[2026-10-06T15:00:38.691+0000] {processor.py:161} INFO - Started process (PID=5202) to work on /opt/airflow/dags/f1_pipeline_dag.py
[2026-10-06T15:00:38.693+0000] {processor.py:830} INFO - Processing file /opt/airflow/dags/f1_pipeline_dag.py for tasks to queue
[2026-10-06T15:00:38.694+0000] {logging_mixin.py:188} INFO - [2026-10-06T15:00:38.693+0000] {dagbag.py:545} INFO - Filling up the DagBag from /opt/airflow/dags/f1_pipeline_dag.py
[2026-10-06T15:00:38.714+0000] {processor.py:840} INFO - DAG(s) 'f1_data_analytics' retrieved from /opt/airflow/dags/f1_pipeline_dag.py
[2026-10-06T15:00:38.761+0000] {logging_mixin.py:188} INFO - [2026-10-06T15:00:38.761+0000] {dag.py:3096} INFO - Sync 1 DAGs
[2026-10-06T15:00:38.770+0000] {logging_mixin.py:188} INFO - [2026-10-06T15:00:38.769+0000] {dag.py:3954} INFO - Setting next_dagrun for f1_data_analytics to None, run_after=None
[2026-10-06T15:00:38.785+0000] {processor.py:183} INFO - Processing /opt/airflow/dags/f1_pipeline_dag.py took 0.105 seconds
[2026-10-06T15:01:08.991+0000] {processor.py:161} INFO - Started process (PID=5203) to work on /opt/airflow/dags/f1_pipeline_dag.py
[2026-10-06T15:01:08.993+0000] {processor.py:830} INFO - Processing file /opt/airflow/dags/f1_pipeline_dag.py for tasks to queue
[2026-10-06T15:01:08.994+0000] {logging_mixin.py:188} INFO - [2026-10-06T15:01:08.994+0000] {dagbag.py:545} INFO - Filling up the DagBag from /opt/airflow/dags/f1_pipeline_dag.py
[2026-10-06T15:01:09.014+0000] {processor.py:840} INFO - DAG(s) 'f1_data_analytics' retrieved from /opt/airflow/dags/f1_pipeline_dag.py
[2026-10-06T15:01:09.065+0000] {logging_mixin.py:188} INFO - [2026-10-06T15:01:09.065+0000] {dag.py:3096} INFO - Sync 1 DAGs
[2026-10-06T15:01:09.074+0000] {logging_mixin.py:188} INFO - [2026-10-06T15:01:09.074+0000] {dag.py:3954} INFO - Setting next_dagrun for f1_data_analytics to None, run_after=None
[2026-10-06T15:01:09.089+0000] {processor.py:183} INFO - Processing /opt/airflow/dags/f1_pipeline_dag.py took 0.102 seconds
[2026-10-06T15:01:39.296+0000] {processor.py:161} INFO - Started process (PID=5204) to work on /opt/airflow/dags/f1_pipeline_dag.py
[2026-10-06T15:01:39.297+0000] {processor.py:830} INFO - Processing file /opt/airflow/dags/f1_pipeline_dag.py for tasks to queue
[2026-10-06T15:01:39.297+0000] {logging_mixin.py:188} INFO - [2026-10-06T15:01:39.297+0000] {dagbag.py:545} INFO - Filling up the DagBag from /opt/airflow/dags/f1_pipeline_dag.py
[2026-10-06T15:01:39.314+0000] {processor.py:840} INFO - DAG(s) 'f1_data_analytics' retrieved from /opt/airflow/dags/f1_pipeline_dag.py
[2026-10-06T15:01:39.367+0000] {logging_mixin.py:188} INFO - [2026-10-06T15:01:39.367+0000] {dag.py:3096} INFO - Sync 1 DAGs
[2026-10-06T15:01:39.376+0000] {logging_mixin.py:188} INFO - [2026-10-06T15:01:39.376+0000] {dag.py:3954} INFO - Setting next_dagrun for f1_data_analytics to None, run_after=None
[2026-10-06T15:01:39.390+0000] {processor.py:183} INFO - Processing /opt/airflow/dags/f1_pipeline_dag.py took 0.099 seconds
[2026-10-06T15:02:09.600+0000] {processor.py:161} INFO - Started process (PID=5205) to work on /opt/airflow/dags/f1_pipeline_dag.py
[2026-10-06T15:02:09.603+0000] {processor.py:830} INFO - Processing file /opt/airflow/dags/f1_pipeline_dag.py for tasks to queue
[2026-10-06T15:02:09.604+0000] {logging_mixin.py:188} INFO - [2026-10-06T15:02:09.604+0000] {dagbag.py:545} INFO - Filling up the DagBag from /opt/airflow/dags/f1_pipeline_dag.py
[2026-10-06T15:02:09.622+0000] {processor.py:840} INFO - DAG(s) 'f1_data_analytics' retrieved from /opt/airflow/dags/f1_pipeline_dag.py
[2026-10-06T15:02:09.674+0000] {logging_mixin.py:188} INFO - [2026-10-06T15:02:09.673+0000] {dag.py:3096} INFO - Sync 1 DAGs
[2026-10-06T15:02:09.682+0000] {logging_mixin.py:188} INFO - [2026-10-06T15:02:09.682+0000] {dag.py:3954} INFO - Setting next_dagrun for f1_data_analytics to None, run_after=None
[2026-10-06T15:02:09.697+0000] {processor.py:183} INFO - Processing /opt/airflow/dags/f1_pipeline_dag.py took 0.101 seconds
[2026-10-06T15:02:39.906+0000] {processor.py:161} INFO - Started process (PID=5206) to work on /opt/airflow/dags/f1_pipeline_dag.py
[2026-10-06T15:02:39.907+0000] {processor.py:830} INFO - Processing file /opt/airflow/dags/f1_pipeline_dag.py for tasks to queue
[2026-10-06T15:02:39.908+0000] {logging_mixin.py:188} INFO - [2026-10-06T15:02:39.908+0000] {dagbag.py:545} INFO - Filling up the DagBag from /opt/airflow/dags/f1_pipeline_dag.py
[2026-10-06T15:02:39.926+0000] {processor.py:840} INFO - DAG(s) 'f1_data_analytics' retrieved from /opt/airflow/dags/f1_pipeline_dag.py
[2026-10-06T15:02:39.973+0000] {logging_mixin.py:188} INFO - [2026-10-06T15:02:39.973+0000] {dag.py:3096} INFO - Sync 1 DAGs
[2026-10-06T15:02:39.981+0000] {logging_mixin.py:188} INFO - [2026-10-06T15:02:39.981+0000] {dag.py:3954} INFO - Setting next_dagrun for f1_data_analytics to None, run_after=None
[2026-10-06T15:02:39.999+0000] {processor.py:183} INFO - Processing /opt/airflow/dags/f1_pipeline_dag.py took 0.102 seconds
[2026-10-06T15:03:10.199+0000] {processor.py:161} INFO - Started process (PID=5207) to work on /opt/airflow/dags/f1_pipeline_dag.py
[2026-10-06T15:03:10.208+0000] {processor.py:830} INFO - Processing file /opt/airflow/dags/f1_pipeline_dag.py for tasks to queue
[2026-10-06T15:03:10.209+0000] {logging_mixin.py:188} INFO - [2026-10-06T15:03:10.209+0000] {dagbag.py:545} INFO - Filling up the DagBag from /opt/airflow/dags/f1_pipeline_dag.py
[2026-10-06T15:03:10.228+0000] {processor.py:840} INFO - DAG(s) 'f1_data_analytics' retrieved from /opt/airflow/dags/f1_pipeline_dag.py
[2026-10-06T15:03:10.278+0000] {logging_mixin.py:188} INFO - [2026-10-06T15:03:10.278+0000] {dag.py:3096} INFO - Sync 1 DAGs
[2026-10-06T15:03:10.286+0000] {logging_mixin.py:188} INFO - [2026-10-06T15:03:10.286+0000] {dag.py:3954} INFO - Setting next_dagrun for f1_data_analytics to None, run_after=None
[2026-10-06T15:03:10.301+0000] {processor.py:183} INFO - Processing /opt/airflow/dags/f1_pipeline_dag.py took 0.112 seconds
[2026-10-06T15:03:40.505+0000] {processor.py:161} INFO - Started process (PID=5208) to work on /opt/airflow/dags/f1_pipeline_dag.py
[2026-10-06T15:03:40.506+0000] {processor.py:830} INFO - Processing file /opt/airflow/dags/f1_pipeline_dag.py for tasks to queue
[2026-10-06T15:03:40.507+0000] {logging_mixin.py:188} INFO - [2026-10-06T15:03:40.507+0000] {dagbag.py:545} INFO - Filling up the DagBag from /opt/airflow/dags/f1_pipeline_dag.py
[2026-10-06T15:03:40.527+0000] {processor.py:840} INFO - DAG(s) 'f1_data_analytics' retrieved from /opt/airflow/dags/f1_pipeline_dag.py
[2026-10-06T15:03:40.575+0000] {logging_mixin.py:188} INFO - [2026-10-06T15:03:40.575+0000] {dag.py:3096} INFO - Sync 1 DAGs
[2026-10-06T15:03:40.583+0000] {logging_mixin.py:188} INFO - [2026-10-06T15:03:40.583+0000] {dag.py:3954} INFO - Setting next_dagrun for f1_data_analytics to None, run_after=None
[2026-10-06T15:03:40.599+0000] {processor.py:183} INFO - Processing /opt/airflow/dags/f1_pipeline_dag.py took 0.105 seconds
[2026-10-06T15:04:10.810+0000] {processor.py:161} INFO - Started process (PID=5209) to work on /opt/airflow/dags/f1_pipeline_dag.py
[2026-10-06T15:04:10.818+0000] {processor.py:830} INFO - Processing file /opt/airflow/dags/f1_pipeline_dag.py for tasks to queue
[2026-10-06T15:04:10.820+0000] {logging_mixin.py:188} INFO - [2026-10-06T15:04:10.819+0000] {dagbag.py:545} INFO - Filling up the DagBag from /opt/airflow/dags/f1_pipeline_dag.py
[2026-10-06T15:04:10.840+0000] {processor.py:840} INFO - DAG(s) 'f1_data_analytics' retrieved from /opt/airflow/dags/f1_pipeline_dag.py
[2026-10-06T15:04:10.888+0000] {logging_mixin.py:188} INFO - [2026-10-06T15:04:10.888+0000] {dag.py:3096} INFO - Sync 1 DAGs
[2026-10-06T15:04:10.897+0000] {logging_mixin.py:188} INFO - [2026-10-06T15:04:10.897+0000] {dag.py:3954} INFO - Setting next_dagrun for f1_data_analytics to None, run_after=None
[2026-10-06T15:04:10.912+0000] {processor.py:183} INFO - Processing /opt/airflow/dags/f1_pipeline_dag.py took 0.112 seconds
[2026-10-06T15:04:41.113+0000] {processor.py:161} INFO - Started process (PID=5210) to work on /opt/airflow/dags/f1_pipeline_dag.py
[2026-10-06T15:04:41.114+0000] {processor.py:830} INFO - Processing file /opt/airflow/dags/f1_pipeline_dag.py for tasks to queue
[2026-10-06T15:04:41.116+0000] {logging_mixin.py:188} INFO - [2026-10-06T15:04:41.115+0000] {dagbag.py:545} INFO - Filling up the DagBag from /opt/airflow/dags/f1_pipeline_dag.py
[2026-10-06T15:04:41.136+0000] {processor.py:840} INFO - DAG(s) 'f1_data_analytics' retrieved from /opt/airflow/dags/f1_pipeline_dag.py
[2026-10-06T15:04:41.185+0000] {logging_mixin.py:188} INFO - [2026-10-06T15:04:41.185+0000] {dag.py:3096} INFO - Sync 1 DAGs
[2026-10-06T15:04:41.194+0000] {logging_mixin.py:188} INFO - [2026-10-06T15:04:41.194+0000] {dag.py:3954} INFO - Setting next_dagrun for f1_data_analytics to None, run_after=None
[2026-10-06T15:04:41.208+0000] {processor.py:183} INFO - Processing /opt/airflow/dags/f1_pipeline_dag.py took 0.105 seconds
[2026-10-06T15:05:11.421+0000] {processor.py:161} INFO - Started process (PID=5211) to work on /opt/airflow/dags/f1_pipeline_dag.py
[2026-10-06T15:05:11.424+0000] {processor.py:830} INFO - Processing file /opt/airflow/dags/f1_pipeline_dag.py for tasks to queue
[2026-10-06T15:05:11.425+0000] {logging_mixin.py:188} INFO - [2026-10-06T15:05:11.425+0000] {dagbag.py:545} INFO - Filling up the DagBag from /opt/airflow/dags/f1_pipeline_dag.py
[2026-10-06T15:05:11.444+0000] {processor.py:840} INFO - DAG(s) 'f1_data_analytics' retrieved from /opt/airflow/dags/f1_pipeline_dag.py
[2026-10-06T15:05:11.493+0000] {logging_mixin.py:188} INFO - [2026-10-06T15:05:11.492+0000] {dag.py:3096} INFO - Sync 1 DAGs
[2026-10-06T15:05:11.501+0000] {logging_mixin.py:188} INFO - [2026-10-06T15:05:11.501+0000] {dag.py:3954} INFO - Setting next_dagrun for f1_data_analytics to None, run_after=None
[2026-10-06T15:05:11.516+0000] {processor.py:183} INFO - Processing /opt/airflow/dags/f1_pipeline_dag.py took 0.105 seconds
[2026-10-06T15:05:41.729+0000] {processor.py:161} INFO - Started process (PID=5212) to work on /opt/airflow/dags/f1_pipeline_dag.py
[2026-10-06T15:05:41.730+0000] {processor.py:830} INFO - Processing file /opt/airflow/dags/f1_pipeline_dag.py for tasks to queue
[2026-10-06T15:05:41.731+0000] {logging_mixin.py:188} INFO - [2026-10-06T15:05:41.731+0000] {dagbag.py:545} INFO - Filling up the DagBag from /opt/airflow/dags/f1_pipeline_dag.py
[2026-10-06T15:05:41.751+0000] {processor.py:840} INFO - DAG(s) 'f1_data_analytics' retrieved from /opt/airflow/dags/f1_pipeline_dag.py
[2026-10-06T15:05:41.799+0000] {logging_mixin.py:188} INFO - [2026-10-06T15:05:41.799+0000] {dag.py:3096} INFO - Sync 1 DAGs
[2026-10-06T15:05:41.808+0000] {logging_mixin.py:188} INFO - [2026-10-06T15:05:41.808+0000] {dag.py:3954} INFO - Setting next_dagrun for f1_data_analytics to None, run_after=None
[2026-10-06T15:05:41.823+0000] {processor.py:183} INFO - Processing /opt/airflow/dags/f1_pipeline_dag.py took 0.105 seconds
[2026-10-06T15:06:12.034+0000] {processor.py:161} INFO - Started process (PID=5213) to work on /opt/airflow/dags/f1_pipeline_dag.py
[2026-10-06T15:06:12.037+0000] {processor.py:830} INFO - Processing file /opt/airflow/dags/f1_pipeline_dag.py for tasks to queue
[2026-10-06T15:06:12.039+0000] {logging_mixin.py:188} INFO - [2026-10-06T15:06:12.038+0000] {dagbag.py:545} INFO - Filling up the DagBag from /opt/airflow/dags/f1_pipeline_dag.py
[2026-10-06T15:06:12.057+0000] {processor.py:840} INFO - DAG(s) 'f1_data_analytics' retrieved from /opt/airflow/dags/f1_pipeline_dag.py
[2026-10-06T15:06:12.107+0000] {logging_mixin.py:188} INFO - [2026-10-06T15:06:12.107+0000] {dag.py:3096} INFO - Sync 1 DAGs
[2026-10-06T15:06:12.116+0000] {logging_mixin.py:188} INFO - [2026-10-06T15:06:12.116+0000] {dag.py:3954} INFO - Setting next_dagrun for f1_data_analytics to None, run_after=None
[2026-10-06T15:06:12.131+0000] {processor.py:183} INFO - Processing /opt/airflow/dags/f1_pipeline_dag.py took 0.107 seconds
[2026-10-06T15:06:42.336+0000] {processor.py:161} INFO - Started process (PID=5214) to work on /opt/airflow/dags/f1_pipeline_dag.py
[2026-10-06T15:06:42.337+0000] {processor.py:830} INFO - Processing file /opt/airflow/dags/f1_pipeline_dag.py for tasks to queue
[2026-10-06T15:06:42.339+0000] {logging_mixin.py:188} INFO - [2026-10-06T15:06:42.338+0000] {dagbag.py:545} INFO - Filling up the DagBag from /opt/airflow/dags/f1_pipeline_dag.py
[2026-10-06T15:06:42.359+0000] {processor.py:840} INFO - DAG(s) 'f1_data_analytics' retrieved from /opt/airflow/dags/f1_pipeline_dag.py
[2026-10-06T15:06:42.406+0000] {logging_mixin.py:188} INFO - [2026-10-06T15:06:42.405+0000] {dag.py:3096} INFO - Sync 1 DAGs
[2026-10-06T15:06:42.414+0000] {logging_mixin.py:188} INFO - [2026-10-06T15:06:42.414+0000] {dag.py:3954} INFO - Setting next_dagrun for f1_data_analytics to None, run_after=None
[2026-10-06T15:06:42.430+0000] {processor.py:183} INFO - Processing /opt/airflow/dags/f1_pipeline_dag.py took 0.105 seconds
[2026-10-06T15:07:12.646+0000] {processor.py:161} INFO - Started process (PID=5215) to work on /opt/airflow/dags/f1_pipeline_dag.py
[2026-10-06T15:07:12.655+0000] {processor.py:830} INFO - Processing file /opt/airflow/dags/f1_pipeline_dag.py for tasks to queue
[2026-10-06T15:07:12.657+0000] {logging_mixin.py:188} INFO - [2026-10-06T15:07:12.656+0000] {dagbag.py:545} INFO - Filling up the DagBag from /opt/airflow/dags/f1_pipeline_dag.py
[2026-10-06T15:07:12.677+0000] {processor.py:840} INFO - DAG(s) 'f1_data_analytics' retrieved from /opt/airflow/dags/f1_pipeline_dag.py
[2026-10-06T15:07:12.726+0000] {logging_mixin.py:188} INFO - [2026-10-06T15:07:12.726+0000] {dag.py:3096} INFO - Sync 1 DAGs
[2026-10-06T15:07:12.735+0000] {logging_mixin.py:188} INFO - [2026-10-06T15:07:12.735+0000] {dag.py:3954} INFO - Setting next_dagrun for f1_data_analytics to None, run_after=None
[2026-10-06T15:07:12.750+0000] {processor.py:183} INFO - Processing /opt/airflow/dags/f1_pipeline_dag.py took 0.114 seconds
[2026-10-06T15:07:42.945+0000] {processor.py:161} INFO - Started process (PID=5216) to work on /opt/airflow/dags/f1_pipeline_dag.py
[2026-10-06T15:07:42.945+0000] {processor.py:830} INFO - Processing file /opt/airflow/dags/f1_pipeline_dag.py for tasks to queue
[2026-10-06T15:07:42.946+0000] {logging_mixin.py:188} INFO - [2026-10-06T15:07:42.946+0000] {dagbag.py:545} INFO - Filling up the DagBag from /opt/airflow/dags/f1_pipeline_dag.py
[2026-10-06T15:07:42.963+0000] {processor.py:840} INFO - DAG(s) 'f1_data_analytics' retrieved from /opt/airflow/dags/f1_pipeline_dag.py
[2026-10-06T15:07:43.015+0000] {logging_mixin.py:188} INFO - [2026-10-06T15:07:43.014+0000] {dag.py:3096} INFO - Sync 1 DAGs
[2026-10-06T15:07:43.024+0000] {logging_mixin.py:188} INFO - [2026-10-06T15:07:43.024+0000] {dag.py:3954} INFO - Setting next_dagrun for f1_data_analytics to None, run_after=None
[2026-10-06T15:07:43.039+0000] {processor.py:183} INFO - Processing /opt/airflow/dags/f1_pipeline_dag.py took 0.099 seconds
[2026-10-06T15:08:13.253+0000] {processor.py:161} INFO - Started process (PID=5217) to work on /opt/airflow/dags/f1_pipeline_dag.py
[2026-10-06T15:08:13.256+0000] {processor.py:830} INFO - Processing file /opt/airflow/dags/f1_pipeline_dag.py for tasks to queue
[2026-10-06T15:08:13.258+0000] {logging_mixin.py:188} INFO - [2026-10-06T15:08:13.257+0000] {dagbag.py:545} INFO - Filling up the DagBag from /opt/airflow/dags/f1_pipeline_dag.py
[2026-10-06T15:08:13.276+0000] {processor.py:840} INFO - DAG(s) 'f1_data_analytics' retrieved from /opt/airflow/dags/f1_pipeline_dag.py
[2026-10-06T15:08:13.325+0000] {logging_mixin.py:188} INFO - [2026-10-06T15:08:13.325+0000] {dag.py:3096} INFO - Sync 1 DAGs
[2026-10-06T15:08:13.333+0000] {logging_mixin.py:188} INFO - [2026-10-06T15:08:13.333+0000] {dag.py:3954} INFO - Setting next_dagrun for f1_data_analytics to None, run_after=None
[2026-10-06T15:08:13.348+0000] {processor.py:183} INFO - Processing /opt/airflow/dags/f1_pipeline_dag.py took 0.105 seconds
[2026-10-06T15:08:43.558+0000] {processor.py:161} INFO - Started process (PID=5218) to work on /opt/airflow/dags/f1_pipeline_dag.py
[2026-10-06T15:08:43.559+0000] {processor.py:830} INFO - Processing file /opt/airflow/dags/f1_pipeline_dag.py for tasks to queue
[2026-10-06T15:08:43.560+0000] {logging_mixin.py:188} INFO - [2026-10-06T15:08:43.560+0000] {dagbag.py:545} INFO - Filling up the DagBag from /opt/airflow/dags/f1_pipeline_dag.py
[2026-10-06T15:08:43.580+0000] {processor.py:840} INFO - DAG(s) 'f1_data_analytics' retrieved from /opt/airflow/dags/f1_pipeline_dag.py
[2026-10-06T15:08:43.628+0000] {logging_mixin.py:188} INFO - [2026-10-06T15:08:43.627+0000] {dag.py:3096} INFO - Sync 1 DAGs
[2026-10-06T15:08:43.636+0000] {logging_mixin.py:188} INFO - [2026-10-06T15:08:43.636+0000] {dag.py:3954} INFO - Setting next_dagrun for f1_data_analytics to None, run_after=None
[2026-10-06T15:08:43.651+0000] {processor.py:183} INFO - Processing /opt/airflow/dags/f1_pipeline_dag.py took 0.104 seconds
[2026-10-06T15:09:13.859+0000] {processor.py:161} INFO - Started process (PID=5219) to work on /opt/airflow/dags/f1_pipeline_dag.py
[2026-10-06T15:09:13.863+0000] {processor.py:830} INFO - Processing file /opt/airflow/dags/f1_pipeline_dag.py for tasks to queue
[2026-10-06T15:09:13.865+0000] {logging_mixin.py:188} INFO - [2026-10-06T15:09:13.864+0000] {dagbag.py:545} INFO - Filling up the DagBag from /opt/airflow/dags/f1_pipeline_dag.py
[2026-10-06T15:09:13.883+0000] {processor.py:840} INFO - DAG(s) 'f1_data_analytics' retrieved from /opt/airflow/dags/f1_pipeline_dag.py
[2026-10-06T15:09:13.932+0000] {logging_mixin.py:188} INFO - [2026-10-06T15:09:13.931+0000] {dag.py:3096} INFO - Sync 1 DAGs
[2026-10-06T15:09:13.940+0000] {logging_mixin.py:188} INFO - [2026-10-06T15:09:13.940+0000] {dag.py:3954} INFO - Setting next_dagrun for f1_data_analytics to None, run_after=None
[2026-10-06T15:09:13.955+0000] {processor.py:183} INFO - Processing /opt/airflow/dags/f1_pipeline_dag.py took 0.105 seconds
[2026-10-06T15:09:44.068+0000] {processor.py:161} INFO - Started process (PID=5220) to work on /opt/airflow/dags/f1_pipeline_dag.py
[2026-10-06T15:09:44.069+0000] {processor.py:830} INFO - Processing file /opt/airflow/dags/f1_pipeline_dag.py for tasks to queue
[2026-10-06T15:09:44.071+0000] {logging_mixin.py:188} INFO - [2026-10-06T15:09:44.070+0000] {dagbag.py:545} INFO - Filling up the DagBag from /opt/airflow/dags/f1_pipeline_dag.py
[2026-10-06T15:09:44.089+0000] {processor.py:840} INFO - DAG(s) 'f1_data_analytics' retrieved from /opt/airflow/dags/f1_pipeline_dag.py
[2026-10-06T15:09:44.140+0000] {logging_mixin.py:188} INFO - [2026-10-06T15:09:44.139+0000] {dag.py:3096} INFO - Sync 1 DAGs
[2026-10-06T15:09:44.148+0000] {logging_mixin.py:188} INFO - [2026-10-06T15:09:44.148+0000] {dag.py:3954} INFO - Setting next_dagrun for f1_data_analytics to None, run_after=None
[2026-10-06T15:09:44.164+0000] {processor.py:183} INFO - Processing /opt/airflow/dags/f1_pipeline_dag.py took 0.107 seconds
[2026-10-06T15:10:14.372+0000] {processor.py:161} INFO - Started process (PID=5221) to work on /opt/airflow/dags/f1_pipeline_dag.py
[2026-10-06T15:10:14.375+0000] {processor.py:830} INFO - Processing file /opt/airflow/dags/f1_pipeline_dag.py for tasks to queue
[2026-10-06T15:10:14.377+0000] {logging_mixin.py:188} INFO - [2026-10-06T15:10:14.376+0000] {dagbag.py:545} INFO - Filling up the DagBag from /opt/airflow/dags/f1_pipeline_dag.py
[2026-10-06T15:10:14.395+0000] {processor.py:840} INFO - DAG(s) 'f1_data_analytics' retrieved from /opt/airflow/dags/f1_pipeline_dag.py
[2026-10-06T15:10:14.443+0000] {logging_mixin.py:188} INFO - [2026-10-06T15:10:14.443+0000] {dag.py:3096} INFO - Sync 1 DAGs
[2026-10-06T15:10:14.452+0000] {logging_mixin.py:188} INFO - [2026-10-06T15:10:14.452+0000] {dag.py:3954} INFO - Setting next_dagrun for f1_data_analytics to None, run_after=None
[2026-10-06T15:10:14.467+0000] {processor.py:183} INFO - Processing /opt/airflow/dags/f1_pipeline_dag.py took 0.105 seconds
[2026-10-06T15:10:44.657+0000] {processor.py:161} INFO - Started process (PID=5222) to work on /opt/airflow/dags/f1_pipeline_dag.py
[2026-10-06T15:10:44.659+0000] {processor.py:830} INFO - Processing file /opt/airflow/dags/f1_pipeline_dag.py for tasks to queue
[2026-10-06T15:10:44.660+0000] {logging_mixin.py:188} INFO - [2026-10-06T15:10:44.660+0000] {dagbag.py:545} INFO - Filling up the DagBag from /opt/airflow/dags/f1_pipeline_dag.py
[2026-10-06T15:10:44.680+0000] {processor.py:840} INFO - DAG(s) 'f1_data_analytics' retrieved from /opt/airflow/dags/f1_pipeline_dag.py
[2026-10-06T15:10:44.727+0000] {logging_mixin.py:188} INFO - [2026-10-06T15:10:44.727+0000] {dag.py:3096} INFO - Sync 1 DAGs
[2026-10-06T15:10:44.736+0000] {logging_mixin.py:188} INFO - [2026-10-06T15:10:44.736+0000] {dag.py:3954} INFO - Setting next_dagrun for f1_data_analytics to None, run_after=None
[2026-10-06T15:10:44.751+0000] {processor.py:183} INFO - Processing /opt/airflow/dags/f1_pipeline_dag.py took 0.104 seconds
[2026-10-06T15:11:14.968+0000] {processor.py:161} INFO - Started process (PID=5223) to work on /opt/airflow/dags/f1_pipeline_dag.py
[2026-10-06T15:11:14.972+0000] {processor.py:830} INFO - Processing file /opt/airflow/dags/f1_pipeline_dag.py for tasks to queue
[2026-10-06T15:11:14.973+0000] {logging_mixin.py:188} INFO - [2026-10-06T15:11:14.973+0000] {dagbag.py:545} INFO - Filling up the DagBag from /opt/airflow/dags/f1_pipeline_dag.py
[2026-10-06T15:11:14.993+0000] {processor.py:840} INFO - DAG(s) 'f1_data_analytics' retrieved from /opt/airflow/dags/f1_pipeline_dag.py
[2026-10-06T15:11:15.041+0000] {logging_mixin.py:188} INFO - [2026-10-06T15:11:15.041+0000] {dag.py:3096} INFO - Sync 1 DAGs
[2026-10-06T15:11:15.050+0000] {logging_mixin.py:188} INFO - [2026-10-06T15:11:15.050+0000] {dag.py:3954} INFO - Setting next_dagrun for f1_data_analytics to None, run_after=None
[2026-10-06T15:11:15.065+0000] {processor.py:183} INFO - Processing /opt/airflow/dags/f1_pipeline_dag.py took 0.107 seconds
[2026-10-06T15:11:45.276+0000] {processor.py:161} INFO - Started process (PID=5224) to work on /opt/airflow/dags/f1_pipeline_dag.py
[2026-10-06T15:11:45.277+0000] {processor.py:830} INFO - Processing file /opt/airflow/dags/f1_pipeline_dag.py for tasks to queue
[2026-10-06T15:11:45.279+0000] {logging_mixin.py:188} INFO - [2026-10-06T15:11:45.278+0000] {dagbag.py:545} INFO - Filling up the DagBag from /opt/airflow/dags/f1_pipeline_dag.py
[2026-10-06T15:11:45.299+0000] {processor.py:840} INFO - DAG(s) 'f1_data_analytics' retrieved from /opt/airflow/dags/f1_pipeline_dag.py
[2026-10-06T15:11:45.347+0000] {logging_mixin.py:188} INFO - [2026-10-06T15:11:45.347+0000] {dag.py:3096} INFO - Sync 1 DAGs
[2026-10-06T15:11:45.355+0000] {logging_mixin.py:188} INFO - [2026-10-06T15:11:45.355+0000] {dag.py:3954} INFO - Setting next_dagrun for f1_data_analytics to None, run_after=None
[2026-10-06T15:11:45.369+0000] {processor.py:183} INFO - Processing /opt/airflow/dags/f1_pipeline_dag.py took 0.103 seconds
[2026-10-06T15:12:15.587+0000] {processor.py:161} INFO - Started process (PID=5225) to work on /opt/airflow/dags/f1_pipeline_dag.py
[2026-10-06T15:12:15.590+0000] {processor.py:830} INFO - Processing file /opt/airflow/dags/f1_pipeline_dag.py for tasks to queue
[2026-10-06T15:12:15.592+0000] {logging_mixin.py:188} INFO - [2026-10-06T15:12:15.591+0000] {dagbag.py:545} INFO - Filling up the DagBag from /opt/airflow/dags/f1_pipeline_dag.py
[2026-10-06T15:12:15.611+0000] {processor.py:840} INFO - DAG(s) 'f1_data_analytics' retrieved from /opt/airflow/dags/f1_pipeline_dag.py
[2026-10-06T15:12:15.659+0000] {logging_mixin.py:188} INFO - [2026-10-06T15:12:15.659+0000] {dag.py:3096} INFO - Sync 1 DAGs
[2026-10-06T15:12:15.668+0000] {logging_mixin.py:188} INFO - [2026-10-06T15:12:15.668+0000] {dag.py:3954} INFO - Setting next_dagrun for f1_data_analytics to None, run_after=None
[2026-10-06T15:12:15.683+0000] {processor.py:183} INFO - Processing /opt/airflow/dags/f1_pipeline_dag.py took 0.106 seconds
[2026-10-06T15:12:45.895+0000] {processor.py:161} INFO - Started process (PID=5226) to work on /opt/airflow/dags/f1_pipeline_dag.py
[2026-10-06T15:12:45.896+0000] {processor.py:830} INFO - Processing file /opt/airflow/dags/f1_pipeline_dag.py for tasks to queue
[2026-10-06T15:12:45.897+0000] {logging_mixin.py:188} INFO - [2026-10-06T15:12:45.897+0000] {dagbag.py:545} INFO - Filling up the DagBag from /opt/airflow/dags/f1_pipeline_dag.py
[2026-10-06T15:12:45.917+0000] {processor.py:840} INFO - DAG(s) 'f1_data_analytics' retrieved from /opt/airflow/dags/f1_pipeline_dag.py
[2026-10-06T15:12:45.964+0000] {logging_mixin.py:188} INFO - [2026-10-06T15:12:45.964+0000] {dag.py:3096} INFO - Sync 1 DAGs
[2026-10-06T15:12:45.973+0000] {logging_mixin.py:188} INFO - [2026-10-06T15:12:45.973+0000] {dag.py:3954} INFO - Setting next_dagrun for f1_data_analytics to None, run_after=None
[2026-10-06T15:12:45.988+0000] {processor.py:183} INFO - Processing /opt/airflow/dags/f1_pipeline_dag.py took 0.104 seconds
[2026-10-06T15:13:16.197+0000] {processor.py:161} INFO - Started process (PID=5227) to work on /opt/airflow/dags/f1_pipeline_dag.py
[2026-10-06T15:13:16.200+0000] {processor.py:830} INFO - Processing file /opt/airflow/dags/f1_pipeline_dag.py for tasks to queue
[2026-10-06T15:13:16.202+0000] {logging_mixin.py:188} INFO - [2026-10-06T15:13:16.201+0000] {dagbag.py:545} INFO - Filling up the DagBag from /opt/airflow/dags/f1_pipeline_dag.py
[2026-10-06T15:13:16.222+0000] {processor.py:840} INFO - DAG(s) 'f1_data_analytics' retrieved from /opt/airflow/dags/f1_pipeline_dag.py
[2026-10-06T15:13:16.270+0000] {logging_mixin.py:188} INFO - [2026-10-06T15:13:16.270+0000] {dag.py:3096} INFO - Sync 1 DAGs
[2026-10-06T15:13:16.280+0000] {logging_mixin.py:188} INFO - [2026-10-06T15:13:16.280+0000] {dag.py:3954} INFO - Setting next_dagrun for f1_data_analytics to None, run_after=None
[2026-10-06T15:13:16.295+0000] {processor.py:183} INFO - Processing /opt/airflow/dags/f1_pipeline_dag.py took 0.107 seconds
[2026-10-06T15:13:46.506+0000] {processor.py:161} INFO - Started process (PID=5228) to work on /opt/airflow/dags/f1_pipeline_dag.py
[2026-10-06T15:13:46.508+0000] {processor.py:830} INFO - Processing file /opt/airflow/dags/f1_pipeline_dag.py for tasks to queue
[2026-10-06T15:13:46.509+0000] {logging_mixin.py:188} INFO - [2026-10-06T15:13:46.509+0000] {dagbag.py:545} INFO - Filling up the DagBag from /opt/airflow/dags/f1_pipeline_dag.py
[2026-10-06T15:13:46.530+0000] {processor.py:840} INFO - DAG(s) 'f1_data_analytics' retrieved from /opt/airflow/dags/f1_pipeline_dag.py
[2026-10-06T15:13:46.578+0000] {logging_mixin.py:188} INFO - [2026-10-06T15:13:46.578+0000] {dag.py:3096} INFO - Sync 1 DAGs
[2026-10-06T15:13:46.587+0000] {logging_mixin.py:188} INFO - [2026-10-06T15:13:46.587+0000] {dag.py:3954} INFO - Setting next_dagrun for f1_data_analytics to None, run_after=None
[2026-10-06T15:13:46.601+0000] {processor.py:183} INFO - Processing /opt/airflow/dags/f1_pipeline_dag.py took 0.105 seconds
[2026-10-06T15:14:16.809+0000] {processor.py:161} INFO - Started process (PID=5229) to work on /opt/airflow/dags/f1_pipeline_dag.py
[2026-10-06T15:14:16.812+0000] {processor.py:830} INFO - Processing file /opt/airflow/dags/f1_pipeline_dag.py for tasks to queue
[2026-10-06T15:14:16.813+0000] {logging_mixin.py:188} INFO - [2026-10-06T15:14:16.813+0000] {dagbag.py:545} INFO - Filling up the DagBag from /opt/airflow/dags/f1_pipeline_dag.py
[2026-10-06T15:14:16.833+0000] {processor.py:840} INFO - DAG(s) 'f1_data_analytics' retrieved from /opt/airflow/dags/f1_pipeline_dag.py
[2026-10-06T15:14:16.884+0000] {logging_mixin.py:188} INFO - [2026-10-06T15:14:16.884+0000] {dag.py:3096} INFO - Sync 1 DAGs
[2026-10-06T15:14:16.892+0000] {logging_mixin.py:188} INFO - [2026-10-06T15:14:16.892+0000] {dag.py:3954} INFO - Setting next_dagrun for f1_data_analytics to None, run_after=None
[2026-10-06T15:14:16.907+0000] {processor.py:183} INFO - Processing /opt/airflow/dags/f1_pipeline_dag.py took 0.102 seconds
[2026-10-06T15:14:47.121+0000] {processor.py:161} INFO - Started process (PID=5230) to work on /opt/airflow/dags/f1_pipeline_dag.py
[2026-10-06T15:14:47.122+0000] {processor.py:830} INFO - Processing file /opt/airflow/dags/f1_pipeline_dag.py for tasks to queue
[2026-10-06T15:14:47.124+0000] {logging_mixin.py:188} INFO - [2026-10-06T15:14:47.123+0000] {dagbag.py:545} INFO - Filling up the DagBag from /opt/airflow/dags/f1_pipeline_dag.py
[2026-10-06T15:14:47.143+0000] {processor.py:840} INFO - DAG(s) 'f1_data_analytics' retrieved from /opt/airflow/dags/f1_pipeline_dag.py
[2026-10-06T15:14:47.191+0000] {logging_mixin.py:188} INFO - [2026-10-06T15:14:47.191+0000] {dag.py:3096} INFO - Sync 1 DAGs
[2026-10-06T15:14:47.200+0000] {logging_mixin.py:188} INFO - [2026-10-06T15:14:47.200+0000] {dag.py:3954} INFO - Setting next_dagrun for f1_data_analytics to None, run_after=None
[2026-10-06T15:14:47.215+0000] {processor.py:183} INFO - Processing /opt/airflow/dags/f1_pipeline_dag.py took 0.104 seconds
[2026-10-06T15:15:17.427+0000] {processor.py:161} INFO - Started process (PID=5231) to work on /opt/airflow/dags/f1_pipeline_dag.py
[2026-10-06T15:15:17.430+0000] {processor.py:830} INFO - Processing file /opt/airflow/dags/f1_pipeline_dag.py for tasks to queue
[2026-10-06T15:15:17.432+0000] {logging_mixin.py:188} INFO - [2026-10-06T15:15:17.431+0000] {dagbag.py:545} INFO - Filling up the DagBag from /opt/airflow/dags/f1_pipeline_dag.py
[2026-10-06T15:15:17.451+0000] {processor.py:840} INFO - DAG(s) 'f1_data_analytics' retrieved from /opt/airflow/dags/f1_pipeline_dag.py
[2026-10-06T15:15:17.508+0000] {logging_mixin.py:188} INFO - [2026-10-06T15:15:17.508+0000] {dag.py:3096} INFO - Sync 1 DAGs
[2026-10-06T15:15:17.517+0000] {logging_mixin.py:188} INFO - [2026-10-06T15:15:17.517+0000] {dag.py:3954} INFO - Setting next_dagrun for f1_data_analytics to None, run_after=None
[2026-10-06T15:15:17.532+0000] {processor.py:183} INFO - Processing /opt/airflow/dags/f1_pipeline_dag.py took 0.114 seconds
[2026-10-06T15:15:47.735+0000] {processor.py:161} INFO - Started process (PID=5232) to work on /opt/airflow/dags/f1_pipeline_dag.py
[2026-10-06T15:15:47.736+0000] {processor.py:830} INFO - Processing file /opt/airflow/dags/f1_pipeline_dag.py for tasks to queue
[2026-10-06T15:15:47.738+0000] {logging_mixin.py:188} INFO - [2026-10-06T15:15:47.737+0000] {dagbag.py:545} INFO - Filling up the DagBag from /opt/airflow/dags/f1_pipeline_dag.py
[2026-10-06T15:15:47.757+0000] {processor.py:840} INFO - DAG(s) 'f1_data_analytics' retrieved from /opt/airflow/dags/f1_pipeline_dag.py
[2026-10-06T15:15:47.806+0000] {logging_mixin.py:188} INFO - [2026-10-06T15:15:47.806+0000] {dag.py:3096} INFO - Sync 1 DAGs
[2026-10-06T15:15:47.816+0000] {logging_mixin.py:188} INFO - [2026-10-06T15:15:47.815+0000] {dag.py:3954} INFO - Setting next_dagrun for f1_data_analytics to None, run_after=None
[2026-10-06T15:15:47.831+0000] {processor.py:183} INFO - Processing /opt/airflow/dags/f1_pipeline_dag.py took 0.106 seconds
[2026-10-06T15:16:18.042+0000] {processor.py:161} INFO - Started process (PID=5233) to work on /opt/airflow/dags/f1_pipeline_dag.py
[2026-10-06T15:16:18.045+0000] {processor.py:830} INFO - Processing file /opt/airflow/dags/f1_pipeline_dag.py for tasks to queue
[2026-10-06T15:16:18.047+0000] {logging_mixin.py:188} INFO - [2026-10-06T15:16:18.046+0000] {dagbag.py:545} INFO - Filling up the DagBag from /opt/airflow/dags/f1_pipeline_dag.py
[2026-10-06T15:16:18.065+0000] {processor.py:840} INFO - DAG(s) 'f1_data_analytics' retrieved from /opt/airflow/dags/f1_pipeline_dag.py
[2026-10-06T15:16:18.114+0000] {logging_mixin.py:188} INFO - [2026-10-06T15:16:18.114+0000] {dag.py:3096} INFO - Sync 1 DAGs
[2026-10-06T15:16:18.123+0000] {logging_mixin.py:188} INFO - [2026-10-06T15:16:18.123+0000] {dag.py:3954} INFO - Setting next_dagrun for f1_data_analytics to None, run_after=None
[2026-10-06T15:16:18.138+0000] {processor.py:183} INFO - Processing /opt/airflow/dags/f1_pipeline_dag.py took 0.105 seconds
[2026-10-06T15:16:48.348+0000] {processor.py:161} INFO - Started process (PID=5234) to work on /opt/airflow/dags/f1_pipeline_dag.py
[2026-10-06T15:16:48.349+0000] {processor.py:830} INFO - Processing file /opt/airflow/dags/f1_pipeline_dag.py for tasks to queue
[2026-10-06T15:16:48.350+0000] {logging_mixin.py:188} INFO - [2026-10-06T15:16:48.350+0000] {dagbag.py:545} INFO - Filling up the DagBag from /opt/airflow/dags/f1_pipeline_dag.py
[2026-10-06T15:16:48.370+0000] {processor.py:840} INFO - DAG(s) 'f1_data_analytics' retrieved from /opt/airflow/dags/f1_pipeline_dag.py
[2026-10-06T15:16:48.419+0000] {logging_mixin.py:188} INFO - [2026-10-06T15:16:48.418+0000] {dag.py:3096} INFO - Sync 1 DAGs
[2026-10-06T15:16:48.427+0000] {logging_mixin.py:188} INFO - [2026-10-06T15:16:48.427+0000] {dag.py:3954} INFO - Setting next_dagrun for f1_data_analytics to None, run_after=None
[2026-10-06T15:16:48.442+0000] {processor.py:183} INFO - Processing /opt/airflow/dags/f1_pipeline_dag.py took 0.104 seconds
[2026-10-06T15:17:18.658+0000] {processor.py:161} INFO - Started process (PID=5235) to work on /opt/airflow/dags/f1_pipeline_dag.py
[2026-10-06T15:17:18.661+0000] {processor.py:830} INFO - Processing file /opt/airflow/dags/f1_pipeline_dag.py for tasks to queue
[2026-10-06T15:17:18.662+0000] {logging_mixin.py:188} INFO - [2026-10-06T15:17:18.662+0000] {dagbag.py:545} INFO - Filling up the DagBag from /opt/airflow/dags/f1_pipeline_dag.py
[2026-10-06T15:17:18.682+0000] {processor.py:840} INFO - DAG(s) 'f1_data_analytics' retrieved from /opt/airflow/dags/f1_pipeline_dag.py
[2026-10-06T15:17:18.730+0000] {logging_mixin.py:188} INFO - [2026-10-06T15:17:18.730+0000] {dag.py:3096} INFO - Sync 1 DAGs
[2026-10-06T15:17:18.739+0000] {logging_mixin.py:188} INFO - [2026-10-06T15:17:18.739+0000] {dag.py:3954} INFO - Setting next_dagrun for f1_data_analytics to None, run_after=None
[2026-10-06T15:17:18.754+0000] {processor.py:183} INFO - Processing /opt/airflow/dags/f1_pipeline_dag.py took 0.106 seconds
[2026-10-06T15:17:48.966+0000] {processor.py:161} INFO - Started process (PID=5236) to work on /opt/airflow/dags/f1_pipeline_dag.py
[2026-10-06T15:17:48.968+0000] {processor.py:830} INFO - Processing file /opt/airflow/dags/f1_pipeline_dag.py for tasks to queue
[2026-10-06T15:17:48.969+0000] {logging_mixin.py:188} INFO - [2026-10-06T15:17:48.968+0000] {dagbag.py:545} INFO - Filling up the DagBag from /opt/airflow/dags/f1_pipeline_dag.py
[2026-10-06T15:17:48.989+0000] {processor.py:840} INFO - DAG(s) 'f1_data_analytics' retrieved from /opt/airflow/dags/f1_pipeline_dag.py
[2026-10-06T15:17:49.038+0000] {logging_mixin.py:188} INFO - [2026-10-06T15:17:49.038+0000] {dag.py:3096} INFO - Sync 1 DAGs
[2026-10-06T15:17:49.047+0000] {logging_mixin.py:188} INFO - [2026-10-06T15:17:49.047+0000] {dag.py:3954} INFO - Setting next_dagrun for f1_data_analytics to None, run_after=None
[2026-10-06T15:17:49.061+0000] {processor.py:183} INFO - Processing /opt/airflow/dags/f1_pipeline_dag.py took 0.105 seconds
[2026-10-06T15:18:19.274+0000] {processor.py:161} INFO - Started process (PID=5237) to work on /opt/airflow/dags/f1_pipeline_dag.py
[2026-10-06T15:18:19.277+0000] {processor.py:830} INFO - Processing file /opt/airflow/dags/f1_pipeline_dag.py for tasks to queue
[2026-10-06T15:18:19.279+0000] {logging_mixin.py:188} INFO - [2026-10-06T15:18:19.278+0000] {dagbag.py:545} INFO - Filling up the DagBag from /opt/airflow/dags/f1_pipeline_dag.py
[2026-10-06T15:18:19.299+0000] {processor.py:840} INFO - DAG(s) 'f1_data_analytics' retrieved from /opt/airflow/dags/f1_pipeline_dag.py
[2026-10-06T15:18:19.346+0000] {logging_mixin.py:188} INFO - [2026-10-06T15:18:19.346+0000] {dag.py:3096} INFO - Sync 1 DAGs
[2026-10-06T15:18:19.355+0000] {logging_mixin.py:188} INFO - [2026-10-06T15:18:19.355+0000] {dag.py:3954} INFO - Setting next_dagrun for f1_data_analytics to None, run_after=None
[2026-10-06T15:18:19.370+0000] {processor.py:183} INFO - Processing /opt/airflow/dags/f1_pipeline_dag.py took 0.106 seconds
[2026-10-06T15:18:49.581+0000] {processor.py:161} INFO - Started process (PID=5238) to work on /opt/airflow/dags/f1_pipeline_dag.py
[2026-10-06T15:18:49.582+0000] {processor.py:830} INFO - Processing file /opt/airflow/dags/f1_pipeline_dag.py for tasks to queue
[2026-10-06T15:18:49.584+0000] {logging_mixin.py:188} INFO - [2026-10-06T15:18:49.583+0000] {dagbag.py:545} INFO - Filling up the DagBag from /opt/airflow/dags/f1_pipeline_dag.py
[2026-10-06T15:18:49.603+0000] {processor.py:840} INFO - DAG(s) 'f1_data_analytics' retrieved from /opt/airflow/dags/f1_pipeline_dag.py
[2026-10-06T15:18:49.651+0000] {logging_mixin.py:188} INFO - [2026-10-06T15:18:49.650+0000] {dag.py:3096} INFO - Sync 1 DAGs
[2026-10-06T15:18:49.659+0000] {logging_mixin.py:188} INFO - [2026-10-06T15:18:49.659+0000] {dag.py:3954} INFO - Setting next_dagrun for f1_data_analytics to None, run_after=None
[2026-10-06T15:18:49.675+0000] {processor.py:183} INFO - Processing /opt/airflow/dags/f1_pipeline_dag.py took 0.104 seconds
[2026-10-06T15:19:19.893+0000] {processor.py:161} INFO - Started process (PID=5239) to work on /opt/airflow/dags/f1_pipeline_dag.py
[2026-10-06T15:19:19.896+0000] {processor.py:830} INFO - Processing file /opt/airflow/dags/f1_pipeline_dag.py for tasks to queue
[2026-10-06T15:19:19.898+0000] {logging_mixin.py:188} INFO - [2026-10-06T15:19:19.897+0000] {dagbag.py:545} INFO - Filling up the DagBag from /opt/airflow/dags/f1_pipeline_dag.py
[2026-10-06T15:19:19.918+0000] {processor.py:840} INFO - DAG(s) 'f1_data_analytics' retrieved from /opt/airflow/dags/f1_pipeline_dag.py
[2026-10-06T15:19:19.965+0000] {logging_mixin.py:188} INFO - [2026-10-06T15:19:19.965+0000] {dag.py:3096} INFO - Sync 1 DAGs
[2026-10-06T15:19:19.975+0000] {logging_mixin.py:188} INFO - [2026-10-06T15:19:19.975+0000] {dag.py:3954} INFO - Setting next_dagrun for f1_data_analytics to None, run_after=None
[2026-10-06T15:19:19.989+0000] {processor.py:183} INFO - Processing /opt/airflow/dags/f1_pipeline_dag.py took 0.107 seconds
