[2026-10-07T10:04:12.368+0000] {processor.py:161} INFO - Started process (PID=5240) to work on /opt/airflow/dags/f1_pipeline_dag.py
[2026-10-07T10:04:12.369+0000] {processor.py:830} INFO - Processing file /opt/airflow/dags/f1_pipeline_dag.py for tasks to queue
[2026-10-07T10:04:12.369+0000] {logging_mixin.py:188} INFO - [2026-10-07T10:04:12.369+0000] {dagbag.py:545} INFO - Filling up the DagBag from /opt/airflow/dags/f1_pipeline_dag.py
[2026-10-07T10:04:12.379+0000] {processor.py:840} INFO - DAG(s) 'f1_data_analytics' retrieved from /opt/airflow/dags/f1_pipeline_dag.py
[2026-10-07T10:04:12.410+0000] {logging_mixin.py:188} INFO - [2026-10-07T10:04:12.410+0000] {dag.py:3096} INFO - Sync 1 DAGs
[2026-10-07T10:04:12.419+0000] {logging_mixin.py:188} INFO - [2026-10-07T10:04:12.419+0000] {dag.py:3954} INFO - Setting next_dagrun for f1_data_analytics to None, run_after=None
[2026-10-07T10:04:12.433+0000] {processor.py:183} INFO - Processing /opt/airflow/dags/f1_pipeline_dag.py took 0.070 seconds
[2026-10-07T10:04:42.849+0000] {processor.py:161} INFO - Started process (PID=5241) to work on /opt/airflow/dags/f1_pipeline_dag.py
[2026-10-07T10:04:42.852+0000] {processor.py:830} INFO - Processing file /opt/airflow/dags/f1_pipeline_dag.py for tasks to queue
[2026-10-07T10:04:42.854+0000] {logging_mixin.py:188} INFO - [2026-10-07T10:04:42.853+0000] {dagbag.py:545} INFO - Filling up the DagBag from /opt/airflow/dags/f1_pipeline_dag.py
[2026-10-07T10:04:42.874+0000] {processor.py:840} INFO - DAG(s) 'f1_data_analytics' retrieved from /opt/airflow/dags/f1_pipeline_dag.py
[2026-10-07T10:04:42.926+0000] {logging_mixin.py:188} INFO - [2026-10-07T10:04:42.926+0000] {dag.py:3096} INFO - Sync 1 DAGs
[2026-10-07T10:04:42.935+0000] {logging_mixin.py:188} INFO - [2026-10-07T10:04:42.935+0000] {dag.py:3954} INFO - Setting next_dagrun for f1_data_analytics to None, run_after=None
[2026-10-07T10:04:42.949+0000] {processor.py:183} INFO - Processing /opt/airflow/dags/f1_pipeline_dag.py took 0.110 seconds
[2026-10-07T10:05:13.405+0000] {processor.py:161} INFO - Started process (PID=5242) to work on /opt/airflow/dags/f1_pipeline_dag.py
[2026-10-07T10:05:13.406+0000] {processor.py:830} INFO - Processing file /opt/airflow/dags/f1_pipeline_dag.py for tasks to queue
[2026-10-07T10:05:13.408+0000] {logging_mixin.py:188} INFO - [2026-10-07T10:05:13.407+0000] {dagbag.py:545} INFO - Filling up the DagBag from /opt/airflow/dags/f1_pipeline_dag.py
[2026-10-07T10:05:13.428+0000] {processor.py:840} INFO - DAG(s) 'f1_data_analytics' retrieved from /opt/airflow/dags/f1_pipeline_dag.py
[2026-10-07T10:05:13.476+0000] {logging_mixin.py:188} INFO - [2026-10-07T10:05:13.476+0000] {dag.py:3096} INFO - Sync 1 DAGs
[2026-10-07T10:05:13.485+0000] {logging_mixin.py:188} INFO - [2026-10-07T10:05:13.485+0000] {dag.py:3954} INFO - Setting next_dagrun for f1_data_analytics to None, run_after=None
[2026-10-07T10:05:13.500+0000] {processor.py:183} INFO - Processing /opt/airflow/dags/f1_pipeline_dag.py took 0.105 seconds
[2026-10-07T10:05:43.979+0000] {processor.py:161} INFO - Started process (PID=5243) to work on /opt/airflow/dags/f1_pipeline_dag.py
[2026-10-07T10:05:43.982+0000] {processor.py:830} INFO - Processing file /opt/airflow/dags/f1_pipeline_dag.py for tasks to queue
[2026-10-07T10:05:43.984+0000] {logging_mixin.py:188} INFO - [2026-10-07T10:05:43.983+0000] {dagbag.py:545} INFO - Filling up the DagBag from /opt/airflow/dags/f1_pipeline_dag.py
[2026-10-07T10:05:44.004+0000] {processor.py:840} INFO - DAG(s) 'f1_data_analytics' retrieved from /opt/airflow/dags/f1_pipeline_dag.py
[2026-10-07T10:05:44.052+0000] {logging_mixin.py:188} INFO - [2026-10-07T10:05:44.052+0000] {dag.py:3096} INFO - Sync 1 DAGs
[2026-10-07T10:05:44.061+0000] {logging_mixin.py:188} INFO - [2026-10-07T10:05:44.061+0000] {dag.py:3954} INFO - Setting next_dagrun for f1_data_analytics to None, run_after=None
[2026-10-07T10:05:44.075+0000] {processor.py:183} INFO - Processing /opt/airflow/dags/f1_pipeline_dag.py took 0.107 seconds
[2026-10-07T10:06:14.278+0000] {processor.py:161} INFO - Started process (PID=5244) to work on /opt/airflow/dags/f1_pipeline_dag.py
[2026-10-07T10:06:14.280+0000] {processor.py:830} INFO - Processing file /opt/airflow/dags/f1_pipeline_dag.py for tasks to queue
[2026-10-07T10:06:14.281+0000] {logging_mixin.py:188} INFO - [2026-10-07T10:06:14.280+0000] {dagbag.py:545} INFO - Filling up the DagBag from /opt/airflow/dags/f1_pipeline_dag.py
[2026-10-07T10:06:14.301+0000] {processor.py:840} INFO - DAG(s) 'f1_data_analytics' retrieved from /opt/airflow/dags/f1_pipeline_dag.py
[2026-10-07T10:06:14.348+0000] {logging_mixin.py:188} INFO - [2026-10-07T10:06:14.348+0000] {dag.py:3096} INFO - Sync 1 DAGs
[2026-10-07T10:06:14.357+0000] {logging_mixin.py:188} INFO - [2026-10-07T10:06:14.356+0000] {dag.py:3954} INFO - Setting next_dagrun for f1_data_analytics to None, run_after=None
[2026-10-07T10:06:14.371+0000] {processor.py:183} INFO - Processing /opt/airflow/dags/f1_pipeline_dag.py took 0.102 seconds
[2026-10-07T10:06:44.887+0000] {processor.py:161} INFO - Started process (PID=5245) to work on /opt/airflow/dags/f1_pipeline_dag.py
[2026-10-07T10:06:44.890+0000] {processor.py:830} INFO - Processing file /opt/airflow/dags/f1_pipeline_dag.py for tasks to queue
[2026-10-07T10:06:44.892+0000] {logging_mixin.py:188} INFO - [2026-10-07T10:06:44.891+0000] {dagbag.py:545} INFO - Filling up the DagBag from /opt/airflow/dags/f1_pipeline_dag.py
[2026-10-07T10:06:44.911+0000] {processor.py:840} INFO - DAG(s) 'f1_data_analytics' retrieved from /opt/airflow/dags/f1_pipeline_dag.py
[2026-10-07T10:06:44.959+0000] {logging_mixin.py:188} INFO - [2026-10-07T10:06:44.959+0000] {dag.py:3096} INFO - Sync 1 DAGs
[2026-10-07T10:06:44.969+0000] {logging_mixin.py:188} INFO - [2026-10-07T10:06:44.969+0000] {dag.py:3954} INFO - Setting next_dagrun for f1_data_analytics to None, run_after=None
[2026-10-07T10:06:44.983+0000] {processor.py:183} INFO - Processing /opt/airflow/dags/f1_pipeline_dag.py took 0.106 seconds
[2026-10-07T10:07:15.454+0000] {processor.py:161} INFO - Started process (PID=5246) to work on /opt/airflow/dags/f1_pipeline_dag.py
[2026-10-07T10:07:15.455+0000] {processor.py:830} INFO - Processing file /opt/airflow/dags/f1_pipeline_dag.py for tasks to queue
[2026-10-07T10:07:15.456+0000] {logging_mixin.py:188} INFO - [2026-10-07T10:07:15.456+0000] {dagbag.py:545} INFO - Filling up the DagBag from /opt/airflow/dags/f1_pipeline_dag.py
[2026-10-07T10:07:15.476+0000] {processor.py:840} INFO - DAG(s) 'f1_data_analytics' retrieved from /opt/airflow/dags/f1_pipeline_dag.py
[2026-10-07T10:07:15.524+0000] {logging_mixin.py:188} INFO - [2026-10-07T10:07:15.523+0000] {dag.py:3096} INFO - Sync 1 DAGs
[2026-10-07T10:07:15.533+0000] {logging_mixin.py:188} INFO - [2026-10-07T10:07:15.532+0000] {dag.py:3954} INFO - Setting next_dagrun for f1_data_analytics to None, run_after=None
[2026-10-07T10:07:15.547+0000] {processor.py:183} INFO - Processing /opt/airflow/dags/f1_pipeline_dag.py took 0.103 seconds
[2026-10-07T10:07:46.029+0000] {processor.py:161} INFO - Started process (PID=5247) to work on /opt/airflow/dags/f1_pipeline_dag.py
[2026-10-07T10:07:46.038+0000] {processor.py:830} INFO - Processing file /opt/airflow/dags/f1_pipeline_dag.py for tasks to queue
[2026-10-07T10:07:46.040+0000] {logging_mixin.py:188} INFO - [2026-10-07T10:07:46.039+0000] {dagbag.py:545} INFO - Filling up the DagBag from /opt/airflow/dags/f1_pipeline_dag.py
[2026-10-07T10:07:46.059+0000] {processor.py:840} INFO - DAG(s) 'f1_data_analytics' retrieved from /opt/airflow/dags/f1_pipeline_dag.py
[2026-10-07T10:07:46.111+0000] {logging_mixin.py:188} INFO - [2026-10-07T10:07:46.111+0000] {dag.py:3096} INFO - Sync 1 DAGs
[2026-10-07T10:07:46.120+0000] {logging_mixin.py:188} INFO - [2026-10-07T10:07:46.120+0000] {dag.py:3954} INFO - Setting next_dagrun for f1_data_analytics to None, run_after=None
[2026-10-07T10:07:46.134+0000] {processor.py:183} INFO - Processing /opt/airflow/dags/f1_pipeline_dag.py took 0.115 seconds
[2026-10-07T10:08:16.613+0000] {processor.py:161} INFO - Started process (PID=5248) to work on /opt/airflow/dags/f1_pipeline_dag.py
[2026-10-07T10:08:16.615+0000] {processor.py:830} INFO - Processing file /opt/airflow/dags/f1_pipeline_dag.py for tasks to queue
[2026-10-07T10:08:16.616+0000] {logging_mixin.py:188} INFO - [2026-10-07T10:08:16.615+0000] {dagbag.py:545} INFO - Filling up the DagBag from /opt/airflow/dags/f1_pipeline_dag.py
[2026-10-07T10:08:16.636+0000] {processor.py:840} INFO - DAG(s) 'f1_data_analytics' retrieved from /opt/airflow/dags/f1_pipeline_dag.py
[2026-10-07T10:08:16.684+0000] {logging_mixin.py:188} INFO - [2026-10-07T10:08:16.684+0000] {dag.py:3096} INFO - Sync 1 DAGs
[2026-10-07T10:08:16.693+0000] {logging_mixin.py:188} INFO - [2026-10-07T10:08:16.692+0000] {dag.py:3954} INFO - Setting next_dagrun for f1_data_analytics to None, run_after=None
[2026-10-07T10:08:16.708+0000] {processor.py:183} INFO - Processing /opt/airflow/dags/f1_pipeline_dag.py took 0.105 seconds
[2026-10-07T10:08:47.189+0000] {processor.py:161} INFO - Started process (PID=5249) to work on /opt/airflow/dags/f1_pipeline_dag.py
[2026-10-07T10:08:47.198+0000] {processor.py:830} INFO - Processing file /opt/airflow/dags/f1_pipeline_dag.py for tasks to queue
[2026-10-07T10:08:47.200+0000] {logging_mixin.py:188} INFO - [2026-10-07T10:08:47.199+0000] {dagbag.py:545} INFO - Filling up the DagBag from /opt/airflow/dags/f1_pipeline_dag.py
[2026-10-07T10:08:47.220+0000] {processor.py:840} INFO - DAG(s) 'f1_data_analytics' retrieved from /opt/airflow/dags/f1_pipeline_dag.py
[2026-10-07T10:08:47.271+0000] {logging_mixin.py:188} INFO - [2026-10-07T10:08:47.271+0000] {dag.py:3096} INFO - Sync 1 DAGs
[2026-10-07T10:08:47.280+0000] {logging_mixin.py:188} INFO - [2026-10-07T10:08:47.280+0000] {dag.py:3954} INFO - Setting next_dagrun for f1_data_analytics to None, run_after=None
[2026-10-07T10:08:47.295+0000] {processor.py:183} INFO - Processing /opt/airflow/dags/f1_pipeline_dag.py took 0.110 seconds
[2026-10-07T10:09:17.778+0000] {processor.py:161} INFO - Started process (PID=5250) to work on /opt/airflow/dags/f1_pipeline_dag.py
[2026-10-07T10:09:17.778+0000] {processor.py:830} INFO - Processing file /opt/airflow/dags/f1_pipeline_dag.py for tasks to queue
[2026-10-07T10:09:17.779+0000] {logging_mixin.py:188} INFO - [2026-10-07T10:09:17.779+0000] {dagbag.py:545} INFO - Filling up the DagBag from /opt/airflow/dags/f1_pipeline_dag.py
[2026-10-07T10:09:17.788+0000] {processor.py:840} INFO - DAG(s) 'f1_data_analytics' retrieved from /opt/airflow/dags/f1_pipeline_dag.py
[2026-10-07T10:09:17.819+0000] {logging_mixin.py:188} INFO - [2026-10-07T10:09:17.819+0000] {dag.py:3096} INFO - Sync 1 DAGs
[2026-10-07T10:09:17.828+0000] {logging_mixin.py:188} INFO - [2026-10-07T10:09:17.827+0000] {dag.py:3954} INFO - Setting next_dagrun for f1_data_analytics to None, run_after=None
[2026-10-07T10:09:17.842+0000] {processor.py:183} INFO - Processing /opt/airflow/dags/f1_pipeline_dag.py took 0.069 seconds
[2026-10-07T10:09:48.221+0000] {processor.py:161} INFO - Started process (PID=5251) to work on /opt/airflow/dags/f1_pipeline_dag.py
[2026-10-07T10:09:48.224+0000] {processor.py:830} INFO - Processing file /opt/airflow/dags/f1_pipeline_dag.py for tasks to queue
[2026-10-07T10:09:48.226+0000] {logging_mixin.py:188} INFO - [2026-10-07T10:09:48.225+0000] {dagbag.py:545} INFO - Filling up the DagBag from /opt/airflow/dags/f1_pipeline_dag.py
[2026-10-07T10:09:48.245+0000] {processor.py:840} INFO - DAG(s) 'f1_data_analytics' retrieved from /opt/airflow/dags/f1_pipeline_dag.py
[2026-10-07T10:09:48.293+0000] {logging_mixin.py:188} INFO - [2026-10-07T10:09:48.293+0000] {dag.py:3096} INFO - Sync 1 DAGs
[2026-10-07T10:09:48.302+0000] {logging_mixin.py:188} INFO - [2026-10-07T10:09:48.302+0000] {dag.py:3954} INFO - Setting next_dagrun for f1_data_analytics to None, run_after=None
[2026-10-07T10:09:48.317+0000] {processor.py:183} INFO - Processing /opt/airflow/dags/f1_pipeline_dag.py took 0.106 seconds
[2026-10-07T10:10:18.797+0000] {processor.py:161} INFO - Started process (PID=5252) to work on /opt/airflow/dags/f1_pipeline_dag.py
[2026-10-07T10:10:18.798+0000] {processor.py:830} INFO - Processing file /opt/airflow/dags/f1_pipeline_dag.py for tasks to queue
[2026-10-07T10:10:18.800+0000] {logging_mixin.py:188} INFO - [2026-10-07T10:10:18.799+0000] {dagbag.py:545} INFO - Filling up the DagBag from /opt/airflow/dags/f1_pipeline_dag.py
[2026-10-07T10:10:18.818+0000] {processor.py:840} INFO - DAG(s) 'f1_data_analytics' retrieved from /opt/airflow/dags/f1_pipeline_dag.py
[2026-10-07T10:10:18.866+0000] {logging_mixin.py:188} INFO - [2026-10-07T10:10:18.866+0000] {dag.py:3096} INFO - Sync 1 DAGs
[2026-10-07T10:10:18.875+0000] {logging_mixin.py:188} INFO - [2026-10-07T10:10:18.875+0000] {dag.py:3954} INFO - Setting next_dagrun for f1_data_analytics to None, run_after=None
[2026-10-07T10:10:18.890+0000] {processor.py:183} INFO - Processing /opt/airflow/dags/f1_pipeline_dag.py took 0.103 seconds
[2026-10-07T10:10:49.355+0000] {processor.py:161} INFO - Started process (PID=5253) to work on /opt/airflow/dags/f1_pipeline_dag.py
[2026-10-07T10:10:49.359+0000] {processor.py:830} INFO - Processing file /opt/airflow/dags/f1_pipeline_dag.py for tasks to queue
[2026-10-07T10:10:49.360+0000] {logging_mixin.py:188} INFO - [2026-10-07T10:10:49.360+0000] {dagbag.py:545} INFO - Filling up the DagBag from /opt/airflow/dags/f1_pipeline_dag.py
[2026-10-07T10:10:49.380+0000] {processor.py:840} INFO - DAG(s) 'f1_data_analytics' retrieved from /opt/airflow/dags/f1_pipeline_dag.py
[2026-10-07T10:10:49.428+0000] {logging_mixin.py:188} INFO - [2026-10-07T10:10:49.428+0000] {dag.py:3096} INFO - Sync 1 DAGs
[2026-10-07T10:10:49.437+0000] {logging_mixin.py:188} INFO - [2026-10-07T10:10:49.437+0000] {dag.py:3954} INFO - Setting next_dagrun for f1_data_analytics to None, run_after=None
[2026-10-07T10:10:49.451+0000] {processor.py:183} INFO - Processing /opt/airflow/dags/f1_pipeline_dag.py took 0.105 seconds
[2026-10-07T10:11:19.929+0000] {processor.py:161} INFO - Started process (PID=5254) to work on /opt/airflow/dags/f1_pipeline_dag.py
[2026-10-07T10:11:19.931+0000] {processor.py:830} INFO - Processing file /opt/airflow/dags/f1_pipeline_dag.py for tasks to queue
[2026-10-07T10:11:19.932+0000] {logging_mixin.py:188} INFO - [2026-10-07T10:11:19.931+0000] {dagbag.py:545} INFO - Filling up the DagBag from /opt/airflow/dags/f1_pipeline_dag.py
[2026-10-07T10:11:19.952+0000] {processor.py:840} INFO - DAG(s) 'f1_data_analytics' retrieved from /opt/airflow/dags/f1_pipeline_dag.py
[2026-10-07T10:11:19.999+0000] {logging_mixin.py:188} INFO - [2026-10-07T10:11:19.999+0000] {dag.py:3096} INFO - Sync 1 DAGs
[2026-10-07T10:11:20.008+0000] {logging_mixin.py:188} INFO - [2026-10-07T10:11:20.008+0000] {dag.py:3954} INFO - Setting next_dagrun for f1_data_analytics to None, run_after=None
[2026-10-07T10:11:20.023+0000] {processor.py:183} INFO - Processing /opt/airflow/dags/f1_pipeline_dag.py took 0.104 seconds
[2026-10-07T10:11:50.493+0000] {processor.py:161} INFO - Started process (PID=5255) to work on /opt/airflow/dags/f1_pipeline_dag.py
[2026-10-07T10:11:50.503+0000] {processor.py:830} INFO - Processing file /opt/airflow/dags/f1_pipeline_dag.py for tasks to queue
[2026-10-07T10:11:50.505+0000] {logging_mixin.py:188} INFO - [2026-10-07T10:11:50.504+0000] {dagbag.py:545} INFO - Filling up the DagBag from /opt/airflow/dags/f1_pipeline_dag.py
[2026-10-07T10:11:50.524+0000] {processor.py:840} INFO - DAG(s) 'f1_data_analytics' retrieved from /opt/airflow/dags/f1_pipeline_dag.py
[2026-10-07T10:11:50.574+0000] {logging_mixin.py:188} INFO - [2026-10-07T10:11:50.574+0000] {dag.py:3096} INFO - Sync 1 DAGs
[2026-10-07T10:11:50.583+0000] {logging_mixin.py:188} INFO - [2026-10-07T10:11:50.583+0000] {dag.py:3954} INFO - Setting next_dagrun for f1_data_analytics to None, run_after=None
[2026-10-07T10:11:50.598+0000] {processor.py:183} INFO - Processing /opt/airflow/dags/f1_pipeline_dag.py took 0.115 seconds
[2026-10-07T10:12:21.069+0000] {processor.py:161} INFO - Started process (PID=5256) to work on /opt/airflow/dags/f1_pipeline_dag.py
[2026-10-07T10:12:21.070+0000] {processor.py:830} INFO - Processing file /opt/airflow/dags/f1_pipeline_dag.py for tasks to queue
[2026-10-07T10:12:21.072+0000] {logging_mixin.py:188} INFO - [2026-10-07T10:12:21.071+0000] {dagbag.py:545} INFO - Filling up the DagBag from /opt/airflow/dags/f1_pipeline_dag.py
[2026-10-07T10:12:21.092+0000] {processor.py:840} INFO - DAG(s) 'f1_data_analytics' retrieved from /opt/airflow/dags/f1_pipeline_dag.py
[2026-10-07T10:12:21.151+0000] {logging_mixin.py:188} INFO - [2026-10-07T10:12:21.151+0000] {dag.py:3096} INFO - Sync 1 DAGs
[2026-10-07T10:12:21.163+0000] {logging_mixin.py:188} INFO - [2026-10-07T10:12:21.163+0000] {dag.py:3954} INFO - Setting next_dagrun for f1_data_analytics to None, run_after=None
[2026-10-07T10:12:21.179+0000] {processor.py:183} INFO - Processing /opt/airflow/dags/f1_pipeline_dag.py took 0.120 seconds
[2026-10-07T10:12:51.648+0000] {processor.py:161} INFO - Started process (PID=5257) to work on /opt/airflow/dags/f1_pipeline_dag.py
[2026-10-07T10:12:51.657+0000] {processor.py:830} INFO - Processing file /opt/airflow/dags/f1_pipeline_dag.py for tasks to queue
[2026-10-07T10:12:51.658+0000] {logging_mixin.py:188} INFO - [2026-10-07T10:12:51.658+0000] {dagbag.py:545} INFO - Filling up the DagBag from /opt/airflow/dags/f1_pipeline_dag.py
[2026-10-07T10:12:51.677+0000] {processor.py:840} INFO - DAG(s) 'f1_data_analytics' retrieved from /opt/airflow/dags/f1_pipeline_dag.py
[2026-10-07T10:12:51.729+0000] {logging_mixin.py:188} INFO - [2026-10-07T10:12:51.729+0000] {dag.py:3096} INFO - Sync 1 DAGs
[2026-10-07T10:12:51.739+0000] {logging_mixin.py:188} INFO - [2026-10-07T10:12:51.738+0000] {dag.py:3954} INFO - Setting next_dagrun for f1_data_analytics to None, run_after=None
[2026-10-07T10:12:51.753+0000] {processor.py:183} INFO - Processing /opt/airflow/dags/f1_pipeline_dag.py took 0.109 seconds
[2026-10-07T10:13:22.115+0000] {processor.py:161} INFO - Started process (PID=5258) to work on /opt/airflow/dags/f1_pipeline_dag.py
[2026-10-07T10:13:22.116+0000] {processor.py:830} INFO - Processing file /opt/airflow/dags/f1_pipeline_dag.py for tasks to queue
[2026-10-07T10:13:22.118+0000] {logging_mixin.py:188} INFO - [2026-10-07T10:13:22.117+0000] {dagbag.py:545} INFO - Filling up the DagBag from /opt/airflow/dags/f1_pipeline_dag.py
[2026-10-07T10:13:22.137+0000] {processor.py:840} INFO - DAG(s) 'f1_data_analytics' retrieved from /opt/airflow/dags/f1_pipeline_dag.py
[2026-10-07T10:13:22.185+0000] {logging_mixin.py:188} INFO - [2026-10-07T10:13:22.185+0000] {dag.py:3096} INFO - Sync 1 DAGs
[2026-10-07T10:13:22.194+0000] {logging_mixin.py:188} INFO - [2026-10-07T10:13:22.194+0000] {dag.py:3954} INFO - Setting next_dagrun for f1_data_analytics to None, run_after=None
[2026-10-07T10:13:22.209+0000] {processor.py:183} INFO - Processing /opt/airflow/dags/f1_pipeline_dag.py took 0.105 seconds
[2026-10-07T10:13:52.475+0000] {processor.py:161} INFO - Started process (PID=5259) to work on /opt/airflow/dags/f1_pipeline_dag.py
[2026-10-07T10:13:52.484+0000] {processor.py:830} INFO - Processing file /opt/airflow/dags/f1_pipeline_dag.py for tasks to queue
[2026-10-07T10:13:52.486+0000] {logging_mixin.py:188} INFO - [2026-10-07T10:13:52.485+0000] {dagbag.py:545} INFO - Filling up the DagBag from /opt/airflow/dags/f1_pipeline_dag.py
[2026-10-07T10:13:52.505+0000] {processor.py:840} INFO - DAG(s) 'f1_data_analytics' retrieved from /opt/airflow/dags/f1_pipeline_dag.py
[2026-10-07T10:13:52.555+0000] {logging_mixin.py:188} INFO - [2026-10-07T10:13:52.555+0000] {dag.py:3096} INFO - Sync 1 DAGs
[2026-10-07T10:13:52.564+0000] {logging_mixin.py:188} INFO - [2026-10-07T10:13:52.564+0000] {dag.py:3954} INFO - Setting next_dagrun for f1_data_analytics to None, run_after=None
[2026-10-07T10:13:52.581+0000] {processor.py:183} INFO - Processing /opt/airflow/dags/f1_pipeline_dag.py took 0.117 seconds
[2026-10-07T10:14:22.850+0000] {processor.py:161} INFO - Started process (PID=5260) to work on /opt/airflow/dags/f1_pipeline_dag.py
[2026-10-07T10:14:22.852+0000] {processor.py:830} INFO - Processing file /opt/airflow/dags/f1_pipeline_dag.py for tasks to queue
[2026-10-07T10:14:22.853+0000] {logging_mixin.py:188} INFO - [2026-10-07T10:14:22.853+0000] {dagbag.py:545} INFO - Filling up the DagBag from /opt/airflow/dags/f1_pipeline_dag.py
[2026-10-07T10:14:22.874+0000] {processor.py:840} INFO - DAG(s) 'f1_data_analytics' retrieved from /opt/airflow/dags/f1_pipeline_dag.py
[2026-10-07T10:14:22.920+0000] {logging_mixin.py:188} INFO - [2026-10-07T10:14:22.919+0000] {dag.py:3096} INFO - Sync 1 DAGs
[2026-10-07T10:14:22.928+0000] {logging_mixin.py:188} INFO - [2026-10-07T10:14:22.928+0000] {dag.py:3954} INFO - Setting next_dagrun for f1_data_analytics to None, run_after=None
[2026-10-07T10:14:22.943+0000] {processor.py:183} INFO - Processing /opt/airflow/dags/f1_pipeline_dag.py took 0.103 seconds
[2026-10-07T10:14:53.207+0000] {processor.py:161} INFO - Started process (PID=5261) to work on /opt/airflow/dags/f1_pipeline_dag.py
[2026-10-07T10:14:53.215+0000] {processor.py:830} INFO - Processing file /opt/airflow/dags/f1_pipeline_dag.py for tasks to queue
[2026-10-07T10:14:53.217+0000] {logging_mixin.py:188} INFO - [2026-10-07T10:14:53.216+0000] {dagbag.py:545} INFO - Filling up the DagBag from /opt/airflow/dags/f1_pipeline_dag.py
[2026-10-07T10:14:53.236+0000] {processor.py:840} INFO - DAG(s) 'f1_data_analytics' retrieved from /opt/airflow/dags/f1_pipeline_dag.py
[2026-10-07T10:14:53.285+0000] {logging_mixin.py:188} INFO - [2026-10-07T10:14:53.285+0000] {dag.py:3096} INFO - Sync 1 DAGs
[2026-10-07T10:14:53.294+0000] {logging_mixin.py:188} INFO - [2026-10-07T10:14:53.294+0000] {dag.py:3954} INFO - Setting next_dagrun for f1_data_analytics to None, run_after=None
[2026-10-07T10:14:53.309+0000] {processor.py:183} INFO - Processing /opt/airflow/dags/f1_pipeline_dag.py took 0.112 seconds
[2026-10-07T10:15:23.567+0000] {processor.py:161} INFO - Started process (PID=5262) to work on /opt/airflow/dags/f1_pipeline_dag.py
[2026-10-07T10:15:23.568+0000] {processor.py:830} INFO - Processing file /opt/airflow/dags/f1_pipeline_dag.py for tasks to queue
[2026-10-07T10:15:23.570+0000] {logging_mixin.py:188} INFO - [2026-10-07T10:15:23.569+0000] {dagbag.py:545} INFO - Filling up the DagBag from /opt/airflow/dags/f1_pipeline_dag.py
[2026-10-07T10:15:23.589+0000] {processor.py:840} INFO - DAG(s) 'f1_data_analytics' retrieved from /opt/airflow/dags/f1_pipeline_dag.py
[2026-10-07T10:15:23.636+0000] {logging_mixin.py:188} INFO - [2026-10-07T10:15:23.636+0000] {dag.py:3096} INFO - Sync 1 DAGs
[2026-10-07T10:15:23.644+0000] {logging_mixin.py:188} INFO - [2026-10-07T10:15:23.644+0000] {dag.py:3954} INFO - Setting next_dagrun for f1_data_analytics to None, run_after=None
[2026-10-07T10:15:23.659+0000] {processor.py:183} INFO - Processing /opt/airflow/dags/f1_pipeline_dag.py took 0.103 seconds
[2026-10-07T10:15:53.929+0000] {processor.py:161} INFO - Started process (PID=5263) to work on /opt/airflow/dags/f1_pipeline_dag.py
[2026-10-07T10:15:53.937+0000] {processor.py:830} INFO - Processing file /opt/airflow/dags/f1_pipeline_dag.py for tasks to queue
[2026-10-07T10:15:53.938+0000] {logging_mixin.py:188} INFO - [2026-10-07T10:15:53.938+0000] {dagbag.py:545} INFO - Filling up the DagBag from /opt/airflow/dags/f1_pipeline_dag.py
[2026-10-07T10:15:53.947+0000] {processor.py:840} INFO - DAG(s) 'f1_data_analytics' retrieved from /opt/airflow/dags/f1_pipeline_dag.py
[2026-10-07T10:15:53.979+0000] {logging_mixin.py:188} INFO - [2026-10-07T10:15:53.979+0000] {dag.py:3096} INFO - Sync 1 DAGs
[2026-10-07T10:15:53.990+0000] {logging_mixin.py:188} INFO - [2026-10-07T10:15:53.990+0000] {dag.py:3954} INFO - Setting next_dagrun for f1_data_analytics to None, run_after=None
[2026-10-07T10:15:54.005+0000] {processor.py:183} INFO - Processing /opt/airflow/dags/f1_pipeline_dag.py took 0.082 seconds
[2026-10-07T10:16:24.172+0000] {processor.py:161} INFO - Started process (PID=5264) to work on /opt/airflow/dags/f1_pipeline_dag.py
[2026-10-07T10:16:24.173+0000] {processor.py:830} INFO - Processing file /opt/airflow/dags/f1_pipeline_dag.py for tasks to queue
[2026-10-07T10:16:24.175+0000] {logging_mixin.py:188} INFO - [2026-10-07T10:16:24.174+0000] {dagbag.py:545} INFO - Filling up the DagBag from /opt/airflow/dags/f1_pipeline_dag.py
[2026-10-07T10:16:24.194+0000] {processor.py:840} INFO - DAG(s) 'f1_data_analytics' retrieved from /opt/airflow/dags/f1_pipeline_dag.py
[2026-10-07T10:16:24.242+0000] {logging_mixin.py:188} INFO - [2026-10-07T10:16:24.242+0000] {dag.py:3096} INFO - Sync 1 DAGs
[2026-10-07T10:16:24.251+0000] {logging_mixin.py:188} INFO - [2026-10-07T10:16:24.251+0000] {dag.py:3954} INFO - Setting next_dagrun for f1_data_analytics to None, run_after=None
[2026-10-07T10:16:24.266+0000] {processor.py:183} INFO - Processing /opt/airflow/dags/f1_pipeline_dag.py took 0.104 seconds
[2026-10-07T10:16:54.516+0000] {processor.py:161} INFO - Started process (PID=5265) to work on /opt/airflow/dags/f1_pipeline_dag.py
[2026-10-07T10:16:54.525+0000] {processor.py:830} INFO - Processing file /opt/airflow/dags/f1_pipeline_dag.py for tasks to queue
[2026-10-07T10:16:54.526+0000] {logging_mixin.py:188} INFO - [2026-10-07T10:16:54.526+0000] {dagbag.py:545} INFO - Filling up the DagBag from /opt/airflow/dags/f1_pipeline_dag.py
[2026-10-07T10:16:54.545+0000] {processor.py:840} INFO - DAG(s) 'f1_data_analytics' retrieved from /opt/airflow/dags/f1_pipeline_dag.py
[2026-10-07T10:16:54.595+0000] {logging_mixin.py:188} INFO - [2026-10-07T10:16:54.595+0000] {dag.py:3096} INFO - Sync 1 DAGs
[2026-10-07T10:16:54.605+0000] {logging_mixin.py:188} INFO - [2026-10-07T10:16:54.604+0000] {dag.py:3954} INFO - Setting next_dagrun for f1_data_analytics to None, run_after=None
[2026-10-07T10:16:54.619+0000] {processor.py:183} INFO - Processing /opt/airflow/dags/f1_pipeline_dag.py took 0.113 seconds
[2026-10-07T10:17:24.853+0000] {processor.py:161} INFO - Started process (PID=5266) to work on /opt/airflow/dags/f1_pipeline_dag.py
[2026-10-07T10:17:24.854+0000] {processor.py:830} INFO - Processing file /opt/airflow/dags/f1_pipeline_dag.py for tasks to queue
[2026-10-07T10:17:24.854+0000] {logging_mixin.py:188} INFO - [2026-10-07T10:17:24.854+0000] {dagbag.py:545} INFO - Filling up the DagBag from /opt/airflow/dags/f1_pipeline_dag.py
[2026-10-07T10:17:24.866+0000] {processor.py:840} INFO - DAG(s) 'f1_data_analytics' retrieved from /opt/airflow/dags/f1_pipeline_dag.py
[2026-10-07T10:17:24.901+0000] {logging_mixin.py:188} INFO - [2026-10-07T10:17:24.900+0000] {dag.py:3096} INFO - Sync 1 DAGs
[2026-10-07T10:17:24.910+0000] {logging_mixin.py:188} INFO - [2026-10-07T10:17:24.910+0000] {dag.py:3954} INFO - Setting next_dagrun for f1_data_analytics to None, run_after=None
[2026-10-07T10:17:24.926+0000] {processor.py:183} INFO - Processing /opt/airflow/dags/f1_pipeline_dag.py took 0.077 seconds
[2026-10-07T10:17:55.096+0000] {processor.py:161} INFO - Started process (PID=5267) to work on /opt/airflow/dags/f1_pipeline_dag.py
[2026-10-07T10:17:55.106+0000] {processor.py:830} INFO - Processing file /opt/airflow/dags/f1_pipeline_dag.py for tasks to queue
[2026-10-07T10:17:55.107+0000] {logging_mixin.py:188} INFO - [2026-10-07T10:17:55.107+0000] {dagbag.py:545} INFO - Filling up the DagBag from /opt/airflow/dags/f1_pipeline_dag.py
[2026-10-07T10:17:55.126+0000] {processor.py:840} INFO - DAG(s) 'f1_data_analytics' retrieved from /opt/airflow/dags/f1_pipeline_dag.py
[2026-10-07T10:17:55.165+0000] {logging_mixin.py:188} INFO - [2026-10-07T10:17:55.164+0000] {dag.py:3096} INFO - Sync 1 DAGs
[2026-10-07T10:17:55.173+0000] {logging_mixin.py:188} INFO - [2026-10-07T10:17:55.173+0000] {dag.py:3954} INFO - Setting next_dagrun for f1_data_analytics to None, run_after=None
[2026-10-07T10:17:55.188+0000] {processor.py:183} INFO - Processing /opt/airflow/dags/f1_pipeline_dag.py took 0.102 seconds
[2026-10-07T10:18:25.452+0000] {processor.py:161} INFO - Started process (PID=5268) to work on /opt/airflow/dags/f1_pipeline_dag.py
[2026-10-07T10:18:25.453+0000] {processor.py:830} INFO - Processing file /opt/airflow/dags/f1_pipeline_dag.py for tasks to queue
[2026-10-07T10:18:25.454+0000] {logging_mixin.py:188} INFO - [2026-10-07T10:18:25.454+0000] {dagbag.py:545} INFO - Filling up the DagBag from /opt/airflow/dags/f1_pipeline_dag.py
[2026-10-07T10:18:25.473+0000] {processor.py:840} INFO - DAG(s) 'f1_data_analytics' retrieved from /opt/airflow/dags/f1_pipeline_dag.py
[2026-10-07T10:18:25.521+0000] {logging_mixin.py:188} INFO - [2026-10-07T10:18:25.521+0000] {dag.py:3096} INFO - Sync 1 DAGs
[2026-10-07T10:18:25.530+0000] {logging_mixin.py:188} INFO - [2026-10-07T10:18:25.530+0000] {dag.py:3954} INFO - Setting next_dagrun for f1_data_analytics to None, run_after=None
[2026-10-07T10:18:25.545+0000] {processor.py:183} INFO - Processing /opt/airflow/dags/f1_pipeline_dag.py took 0.103 seconds
[2026-10-07T10:18:55.811+0000] {processor.py:161} INFO - Started process (PID=5269) to work on /opt/airflow/dags/f1_pipeline_dag.py
[2026-10-07T10:18:55.814+0000] {processor.py:830} INFO - Processing file /opt/airflow/dags/f1_pipeline_dag.py for tasks to queue
[2026-10-07T10:18:55.816+0000] {logging_mixin.py:188} INFO - [2026-10-07T10:18:55.815+0000] {dagbag.py:545} INFO - Filling up the DagBag from /opt/airflow/dags/f1_pipeline_dag.py
[2026-10-07T10:18:55.835+0000] {processor.py:840} INFO - DAG(s) 'f1_data_analytics' retrieved from /opt/airflow/dags/f1_pipeline_dag.py
[2026-10-07T10:18:55.882+0000] {logging_mixin.py:188} INFO - [2026-10-07T10:18:55.882+0000] {dag.py:3096} INFO - Sync 1 DAGs
[2026-10-07T10:18:55.892+0000] {logging_mixin.py:188} INFO - [2026-10-07T10:18:55.892+0000] {dag.py:3954} INFO - Setting next_dagrun for f1_data_analytics to None, run_after=None
[2026-10-07T10:18:55.907+0000] {processor.py:183} INFO - Processing /opt/airflow/dags/f1_pipeline_dag.py took 0.106 seconds
[2026-10-07T10:19:26.170+0000] {processor.py:161} INFO - Started process (PID=5270) to work on /opt/airflow/dags/f1_pipeline_dag.py
[2026-10-07T10:19:26.172+0000] {processor.py:830} INFO - Processing file /opt/airflow/dags/f1_pipeline_dag.py for tasks to queue
[2026-10-07T10:19:26.173+0000] {logging_mixin.py:188} INFO - [2026-10-07T10:19:26.173+0000] {dagbag.py:545} INFO - Filling up the DagBag from /opt/airflow/dags/f1_pipeline_dag.py
[2026-10-07T10:19:26.193+0000] {processor.py:840} INFO - DAG(s) 'f1_data_analytics' retrieved from /opt/airflow/dags/f1_pipeline_dag.py
[2026-10-07T10:19:26.241+0000] {logging_mixin.py:188} INFO - [2026-10-07T10:19:26.240+0000] {dag.py:3096} INFO - Sync 1 DAGs
[2026-10-07T10:19:26.249+0000] {logging_mixin.py:188} INFO - [2026-10-07T10:19:26.249+0000] {dag.py:3954} INFO - Setting next_dagrun for f1_data_analytics to None, run_after=None
[2026-10-07T10:19:26.264+0000] {processor.py:183} INFO - Processing /opt/airflow/dags/f1_pipeline_dag.py took 0.104 seconds
[2026-10-07T10:19:56.411+0000] {processor.py:161} INFO - Started process (PID=5271) to work on /opt/airflow/dags/f1_pipeline_dag.py
[2026-10-07T10:19:56.414+0000] {processor.py:830} INFO - Processing file /opt/airflow/dags/f1_pipeline_dag.py for tasks to queue
[2026-10-07T10:19:56.416+0000] {logging_mixin.py:188} INFO - [2026-10-07T10:19:56.415+0000] {dagbag.py:545} INFO - Filling up the DagBag from /opt/airflow/dags/f1_pipeline_dag.py
[2026-10-07T10:19:56.436+0000] {processor.py:840} INFO - DAG(s) 'f1_data_analytics' retrieved from /opt/airflow/dags/f1_pipeline_dag.py
[2026-10-07T10:19:56.484+0000] {logging_mixin.py:188} INFO - [2026-10-07T10:19:56.484+0000] {dag.py:3096} INFO - Sync 1 DAGs
[2026-10-07T10:19:56.493+0000] {logging_mixin.py:188} INFO - [2026-10-07T10:19:56.493+0000] {dag.py:3954} INFO - Setting next_dagrun for f1_data_analytics to None, run_after=None
[2026-10-07T10:19:56.509+0000] {processor.py:183} INFO - Processing /opt/airflow/dags/f1_pipeline_dag.py took 0.108 seconds
[2026-10-07T10:20:26.752+0000] {processor.py:161} INFO - Started process (PID=5272) to work on /opt/airflow/dags/f1_pipeline_dag.py
[2026-10-07T10:20:26.753+0000] {processor.py:830} INFO - Processing file /opt/airflow/dags/f1_pipeline_dag.py for tasks to queue
[2026-10-07T10:20:26.754+0000] {logging_mixin.py:188} INFO - [2026-10-07T10:20:26.754+0000] {dagbag.py:545} INFO - Filling up the DagBag from /opt/airflow/dags/f1_pipeline_dag.py
[2026-10-07T10:20:26.773+0000] {processor.py:840} INFO - DAG(s) 'f1_data_analytics' retrieved from /opt/airflow/dags/f1_pipeline_dag.py
[2026-10-07T10:20:26.820+0000] {logging_mixin.py:188} INFO - [2026-10-07T10:20:26.820+0000] {dag.py:3096} INFO - Sync 1 DAGs
[2026-10-07T10:20:26.829+0000] {logging_mixin.py:188} INFO - [2026-10-07T10:20:26.829+0000] {dag.py:3954} INFO - Setting next_dagrun for f1_data_analytics to None, run_after=None
[2026-10-07T10:20:26.844+0000] {processor.py:183} INFO - Processing /opt/airflow/dags/f1_pipeline_dag.py took 0.102 seconds
[2026-10-07T10:20:57.086+0000] {processor.py:161} INFO - Started process (PID=5273) to work on /opt/airflow/dags/f1_pipeline_dag.py
[2026-10-07T10:20:57.089+0000] {processor.py:830} INFO - Processing file /opt/airflow/dags/f1_pipeline_dag.py for tasks to queue
[2026-10-07T10:20:57.090+0000] {logging_mixin.py:188} INFO - [2026-10-07T10:20:57.089+0000] {dagbag.py:545} INFO - Filling up the DagBag from /opt/airflow/dags/f1_pipeline_dag.py
[2026-10-07T10:20:57.100+0000] {processor.py:840} INFO - DAG(s) 'f1_data_analytics' retrieved from /opt/airflow/dags/f1_pipeline_dag.py
[2026-10-07T10:20:57.150+0000] {logging_mixin.py:188} INFO - [2026-10-07T10:20:57.150+0000] {dag.py:3096} INFO - Sync 1 DAGs
[2026-10-07T10:20:57.160+0000] {logging_mixin.py:188} INFO - [2026-10-07T10:20:57.159+0000] {dag.py:3954} INFO - Setting next_dagrun for f1_data_analytics to None, run_after=None
[2026-10-07T10:20:57.177+0000] {processor.py:183} INFO - Processing /opt/airflow/dags/f1_pipeline_dag.py took 0.095 seconds
[2026-10-07T10:21:27.317+0000] {processor.py:161} INFO - Started process (PID=5274) to work on /opt/airflow/dags/f1_pipeline_dag.py
[2026-10-07T10:21:27.318+0000] {processor.py:830} INFO - Processing file /opt/airflow/dags/f1_pipeline_dag.py for tasks to queue
[2026-10-07T10:21:27.319+0000] {logging_mixin.py:188} INFO - [2026-10-07T10:21:27.319+0000] {dagbag.py:545} INFO - Filling up the DagBag from /opt/airflow/dags/f1_pipeline_dag.py
[2026-10-07T10:21:27.339+0000] {processor.py:840} INFO - DAG(s) 'f1_data_analytics' retrieved from /opt/airflow/dags/f1_pipeline_dag.py
[2026-10-07T10:21:27.387+0000] {logging_mixin.py:188} INFO - [2026-10-07T10:21:27.387+0000] {dag.py:3096} INFO - Sync 1 DAGs
[2026-10-07T10:21:27.396+0000] {logging_mixin.py:188} INFO - [2026-10-07T10:21:27.396+0000] {dag.py:3954} INFO - Setting next_dagrun for f1_data_analytics to None, run_after=None
[2026-10-07T10:21:27.410+0000] {processor.py:183} INFO - Processing /opt/airflow/dags/f1_pipeline_dag.py took 0.103 seconds
[2026-10-07T10:21:57.650+0000] {processor.py:161} INFO - Started process (PID=5275) to work on /opt/airflow/dags/f1_pipeline_dag.py
[2026-10-07T10:21:57.651+0000] {processor.py:830} INFO - Processing file /opt/airflow/dags/f1_pipeline_dag.py for tasks to queue
[2026-10-07T10:21:57.652+0000] {logging_mixin.py:188} INFO - [2026-10-07T10:21:57.651+0000] {dagbag.py:545} INFO - Filling up the DagBag from /opt/airflow/dags/f1_pipeline_dag.py
[2026-10-07T10:21:57.669+0000] {processor.py:840} INFO - DAG(s) 'f1_data_analytics' retrieved from /opt/airflow/dags/f1_pipeline_dag.py
[2026-10-07T10:21:57.718+0000] {logging_mixin.py:188} INFO - [2026-10-07T10:21:57.718+0000] {dag.py:3096} INFO - Sync 1 DAGs
[2026-10-07T10:21:57.727+0000] {logging_mixin.py:188} INFO - [2026-10-07T10:21:57.727+0000] {dag.py:3954} INFO - Setting next_dagrun for f1_data_analytics to None, run_after=None
[2026-10-07T10:21:57.742+0000] {processor.py:183} INFO - Processing /opt/airflow/dags/f1_pipeline_dag.py took 0.099 seconds
[2026-10-07T10:22:27.963+0000] {processor.py:161} INFO - Started process (PID=5276) to work on /opt/airflow/dags/f1_pipeline_dag.py
[2026-10-07T10:22:27.972+0000] {processor.py:830} INFO - Processing file /opt/airflow/dags/f1_pipeline_dag.py for tasks to queue
[2026-10-07T10:22:27.974+0000] {logging_mixin.py:188} INFO - [2026-10-07T10:22:27.973+0000] {dagbag.py:545} INFO - Filling up the DagBag from /opt/airflow/dags/f1_pipeline_dag.py
[2026-10-07T10:22:27.993+0000] {processor.py:840} INFO - DAG(s) 'f1_data_analytics' retrieved from /opt/airflow/dags/f1_pipeline_dag.py
[2026-10-07T10:22:28.042+0000] {logging_mixin.py:188} INFO - [2026-10-07T10:22:28.042+0000] {dag.py:3096} INFO - Sync 1 DAGs
[2026-10-07T10:22:28.052+0000] {logging_mixin.py:188} INFO - [2026-10-07T10:22:28.052+0000] {dag.py:3954} INFO - Setting next_dagrun for f1_data_analytics to None, run_after=None
[2026-10-07T10:22:28.067+0000] {processor.py:183} INFO - Processing /opt/airflow/dags/f1_pipeline_dag.py took 0.113 seconds
[2026-10-07T10:22:58.276+0000] {processor.py:161} INFO - Started process (PID=5277) to work on /opt/airflow/dags/f1_pipeline_dag.py
[2026-10-07T10:22:58.277+0000] {processor.py:830} INFO - Processing file /opt/airflow/dags/f1_pipeline_dag.py for tasks to queue
[2026-10-07T10:22:58.279+0000] {logging_mixin.py:188} INFO - [2026-10-07T10:22:58.278+0000] {dagbag.py:545} INFO - Filling up the DagBag from /opt/airflow/dags/f1_pipeline_dag.py
[2026-10-07T10:22:58.298+0000] {processor.py:840} INFO - DAG(s) 'f1_data_analytics' retrieved from /opt/airflow/dags/f1_pipeline_dag.py
[2026-10-07T10:22:58.347+0000] {logging_mixin.py:188} INFO - [2026-10-07T10:22:58.346+0000] {dag.py:3096} INFO - Sync 1 DAGs
[2026-10-07T10:22:58.355+0000] {logging_mixin.py:188} INFO - [2026-10-07T10:22:58.355+0000] {dag.py:3954} INFO - Setting next_dagrun for f1_data_analytics to None, run_after=None
[2026-10-07T10:22:58.370+0000] {processor.py:183} INFO - Processing /opt/airflow/dags/f1_pipeline_dag.py took 0.103 seconds
[2026-10-07T10:23:28.580+0000] {processor.py:161} INFO - Started process (PID=5278) to work on /opt/airflow/dags/f1_pipeline_dag.py
[2026-10-07T10:23:28.589+0000] {processor.py:830} INFO - Processing file /opt/airflow/dags/f1_pipeline_dag.py for tasks to queue
[2026-10-07T10:23:28.590+0000] {logging_mixin.py:188} INFO - [2026-10-07T10:23:28.589+0000] {dagbag.py:545} INFO - Filling up the DagBag from /opt/airflow/dags/f1_pipeline_dag.py
[2026-10-07T10:23:28.607+0000] {processor.py:840} INFO - DAG(s) 'f1_data_analytics' retrieved from /opt/airflow/dags/f1_pipeline_dag.py
[2026-10-07T10:23:28.659+0000] {logging_mixin.py:188} INFO - [2026-10-07T10:23:28.659+0000] {dag.py:3096} INFO - Sync 1 DAGs
[2026-10-07T10:23:28.668+0000] {logging_mixin.py:188} INFO - [2026-10-07T10:23:28.668+0000] {dag.py:3954} INFO - Setting next_dagrun for f1_data_analytics to None, run_after=None
[2026-10-07T10:23:28.683+0000] {processor.py:183} INFO - Processing /opt/airflow/dags/f1_pipeline_dag.py took 0.108 seconds
[2026-10-07T10:23:58.884+0000] {processor.py:161} INFO - Started process (PID=5279) to work on /opt/airflow/dags/f1_pipeline_dag.py
[2026-10-07T10:23:58.885+0000] {processor.py:830} INFO - Processing file /opt/airflow/dags/f1_pipeline_dag.py for tasks to queue
[2026-10-07T10:23:58.886+0000] {logging_mixin.py:188} INFO - [2026-10-07T10:23:58.886+0000] {dagbag.py:545} INFO - Filling up the DagBag from /opt/airflow/dags/f1_pipeline_dag.py
[2026-10-07T10:23:58.905+0000] {processor.py:840} INFO - DAG(s) 'f1_data_analytics' retrieved from /opt/airflow/dags/f1_pipeline_dag.py
[2026-10-07T10:23:58.953+0000] {logging_mixin.py:188} INFO - [2026-10-07T10:23:58.953+0000] {dag.py:3096} INFO - Sync 1 DAGs
[2026-10-07T10:23:58.962+0000] {logging_mixin.py:188} INFO - [2026-10-07T10:23:58.962+0000] {dag.py:3954} INFO - Setting next_dagrun for f1_data_analytics to None, run_after=None
[2026-10-07T10:23:58.979+0000] {processor.py:183} INFO - Processing /opt/airflow/dags/f1_pipeline_dag.py took 0.105 seconds
[2026-10-07T10:24:29.180+0000] {processor.py:161} INFO - Started process (PID=5280) to work on /opt/airflow/dags/f1_pipeline_dag.py
[2026-10-07T10:24:29.183+0000] {processor.py:830} INFO - Processing file /opt/airflow/dags/f1_pipeline_dag.py for tasks to queue
[2026-10-07T10:24:29.184+0000] {logging_mixin.py:188} INFO - [2026-10-07T10:24:29.184+0000] {dagbag.py:545} INFO - Filling up the DagBag from /opt/airflow/dags/f1_pipeline_dag.py
[2026-10-07T10:24:29.204+0000] {processor.py:840} INFO - DAG(s) 'f1_data_analytics' retrieved from /opt/airflow/dags/f1_pipeline_dag.py
[2026-10-07T10:24:29.251+0000] {logging_mixin.py:188} INFO - [2026-10-07T10:24:29.250+0000] {dag.py:3096} INFO - Sync 1 DAGs
[2026-10-07T10:24:29.259+0000] {logging_mixin.py:188} INFO - [2026-10-07T10:24:29.259+0000] {dag.py:3954} INFO - Setting next_dagrun for f1_data_analytics to None, run_after=None
[2026-10-07T10:24:29.274+0000] {processor.py:183} INFO - Processing /opt/airflow/dags/f1_pipeline_dag.py took 0.104 seconds
[2026-10-07T10:24:59.495+0000] {processor.py:161} INFO - Started process (PID=5281) to work on /opt/airflow/dags/f1_pipeline_dag.py
[2026-10-07T10:24:59.496+0000] {processor.py:830} INFO - Processing file /opt/airflow/dags/f1_pipeline_dag.py for tasks to queue
[2026-10-07T10:24:59.498+0000] {logging_mixin.py:188} INFO - [2026-10-07T10:24:59.497+0000] {dagbag.py:545} INFO - Filling up the DagBag from /opt/airflow/dags/f1_pipeline_dag.py
[2026-10-07T10:24:59.518+0000] {processor.py:840} INFO - DAG(s) 'f1_data_analytics' retrieved from /opt/airflow/dags/f1_pipeline_dag.py
[2026-10-07T10:24:59.567+0000] {logging_mixin.py:188} INFO - [2026-10-07T10:24:59.566+0000] {dag.py:3096} INFO - Sync 1 DAGs
[2026-10-07T10:24:59.576+0000] {logging_mixin.py:188} INFO - [2026-10-07T10:24:59.576+0000] {dag.py:3954} INFO - Setting next_dagrun for f1_data_analytics to None, run_after=None
[2026-10-07T10:24:59.591+0000] {processor.py:183} INFO - Processing /opt/airflow/dags/f1_pipeline_dag.py took 0.106 seconds
[2026-10-07T10:25:29.799+0000] {processor.py:161} INFO - Started process (PID=5282) to work on /opt/airflow/dags/f1_pipeline_dag.py
[2026-10-07T10:25:29.808+0000] {processor.py:830} INFO - Processing file /opt/airflow/dags/f1_pipeline_dag.py for tasks to queue
[2026-10-07T10:25:29.810+0000] {logging_mixin.py:188} INFO - [2026-10-07T10:25:29.809+0000] {dagbag.py:545} INFO - Filling up the DagBag from /opt/airflow/dags/f1_pipeline_dag.py
[2026-10-07T10:25:29.829+0000] {processor.py:840} INFO - DAG(s) 'f1_data_analytics' retrieved from /opt/airflow/dags/f1_pipeline_dag.py
[2026-10-07T10:25:29.882+0000] {logging_mixin.py:188} INFO - [2026-10-07T10:25:29.882+0000] {dag.py:3096} INFO - Sync 1 DAGs
[2026-10-07T10:25:29.892+0000] {logging_mixin.py:188} INFO - [2026-10-07T10:25:29.892+0000] {dag.py:3954} INFO - Setting next_dagrun for f1_data_analytics to None, run_after=None
[2026-10-07T10:25:29.907+0000] {processor.py:183} INFO - Processing /opt/airflow/dags/f1_pipeline_dag.py took 0.118 seconds
[2026-10-07T10:26:00.103+0000] {processor.py:161} INFO - Started process (PID=5283) to work on /opt/airflow/dags/f1_pipeline_dag.py
[2026-10-07T10:26:00.104+0000] {processor.py:830} INFO - Processing file /opt/airflow/dags/f1_pipeline_dag.py for tasks to queue
[2026-10-07T10:26:00.106+0000] {logging_mixin.py:188} INFO - [2026-10-07T10:26:00.105+0000] {dagbag.py:545} INFO - Filling up the DagBag from /opt/airflow/dags/f1_pipeline_dag.py
[2026-10-07T10:26:00.125+0000] {processor.py:840} INFO - DAG(s) 'f1_data_analytics' retrieved from /opt/airflow/dags/f1_pipeline_dag.py
[2026-10-07T10:26:00.173+0000] {logging_mixin.py:188} INFO - [2026-10-07T10:26:00.172+0000] {dag.py:3096} INFO - Sync 1 DAGs
[2026-10-07T10:26:00.181+0000] {logging_mixin.py:188} INFO - [2026-10-07T10:26:00.181+0000] {dag.py:3954} INFO - Setting next_dagrun for f1_data_analytics to None, run_after=None
[2026-10-07T10:26:00.196+0000] {processor.py:183} INFO - Processing /opt/airflow/dags/f1_pipeline_dag.py took 0.103 seconds
[2026-10-07T10:26:30.411+0000] {processor.py:161} INFO - Started process (PID=5284) to work on /opt/airflow/dags/f1_pipeline_dag.py
[2026-10-07T10:26:30.420+0000] {processor.py:830} INFO - Processing file /opt/airflow/dags/f1_pipeline_dag.py for tasks to queue
[2026-10-07T10:26:30.422+0000] {logging_mixin.py:188} INFO - [2026-10-07T10:26:30.421+0000] {dagbag.py:545} INFO - Filling up the DagBag from /opt/airflow/dags/f1_pipeline_dag.py
[2026-10-07T10:26:30.442+0000] {processor.py:840} INFO - DAG(s) 'f1_data_analytics' retrieved from /opt/airflow/dags/f1_pipeline_dag.py
[2026-10-07T10:26:30.491+0000] {logging_mixin.py:188} INFO - [2026-10-07T10:26:30.491+0000] {dag.py:3096} INFO - Sync 1 DAGs
[2026-10-07T10:26:30.499+0000] {logging_mixin.py:188} INFO - [2026-10-07T10:26:30.499+0000] {dag.py:3954} INFO - Setting next_dagrun for f1_data_analytics to None, run_after=None
[2026-10-07T10:26:30.514+0000] {processor.py:183} INFO - Processing /opt/airflow/dags/f1_pipeline_dag.py took 0.114 seconds
[2026-10-07T10:27:00.714+0000] {processor.py:161} INFO - Started process (PID=5285) to work on /opt/airflow/dags/f1_pipeline_dag.py
[2026-10-07T10:27:00.715+0000] {processor.py:830} INFO - Processing file /opt/airflow/dags/f1_pipeline_dag.py for tasks to queue
[2026-10-07T10:27:00.717+0000] {logging_mixin.py:188} INFO - [2026-10-07T10:27:00.716+0000] {dagbag.py:545} INFO - Filling up the DagBag from /opt/airflow/dags/f1_pipeline_dag.py
[2026-10-07T10:27:00.737+0000] {processor.py:840} INFO - DAG(s) 'f1_data_analytics' retrieved from /opt/airflow/dags/f1_pipeline_dag.py
[2026-10-07T10:27:00.785+0000] {logging_mixin.py:188} INFO - [2026-10-07T10:27:00.785+0000] {dag.py:3096} INFO - Sync 1 DAGs
[2026-10-07T10:27:00.794+0000] {logging_mixin.py:188} INFO - [2026-10-07T10:27:00.794+0000] {dag.py:3954} INFO - Setting next_dagrun for f1_data_analytics to None, run_after=None
[2026-10-07T10:27:00.809+0000] {processor.py:183} INFO - Processing /opt/airflow/dags/f1_pipeline_dag.py took 0.104 seconds
[2026-10-07T10:27:31.015+0000] {processor.py:161} INFO - Started process (PID=5286) to work on /opt/airflow/dags/f1_pipeline_dag.py
[2026-10-07T10:27:31.018+0000] {processor.py:830} INFO - Processing file /opt/airflow/dags/f1_pipeline_dag.py for tasks to queue
[2026-10-07T10:27:31.020+0000] {logging_mixin.py:188} INFO - [2026-10-07T10:27:31.019+0000] {dagbag.py:545} INFO - Filling up the DagBag from /opt/airflow/dags/f1_pipeline_dag.py
[2026-10-07T10:27:31.039+0000] {processor.py:840} INFO - DAG(s) 'f1_data_analytics' retrieved from /opt/airflow/dags/f1_pipeline_dag.py
[2026-10-07T10:27:31.090+0000] {logging_mixin.py:188} INFO - [2026-10-07T10:27:31.090+0000] {dag.py:3096} INFO - Sync 1 DAGs
[2026-10-07T10:27:31.099+0000] {logging_mixin.py:188} INFO - [2026-10-07T10:27:31.099+0000] {dag.py:3954} INFO - Setting next_dagrun for f1_data_analytics to None, run_after=None
[2026-10-07T10:27:31.114+0000] {processor.py:183} INFO - Processing /opt/airflow/dags/f1_pipeline_dag.py took 0.104 seconds
[2026-10-07T10:28:01.327+0000] {processor.py:161} INFO - Started process (PID=5287) to work on /opt/airflow/dags/f1_pipeline_dag.py
[2026-10-07T10:28:01.328+0000] {processor.py:830} INFO - Processing file /opt/airflow/dags/f1_pipeline_dag.py for tasks to queue
[2026-10-07T10:28:01.330+0000] {logging_mixin.py:188} INFO - [2026-10-07T10:28:01.329+0000] {dagbag.py:545} INFO - Filling up the DagBag from /opt/airflow/dags/f1_pipeline_dag.py
[2026-10-07T10:28:01.349+0000] {processor.py:840} INFO - DAG(s) 'f1_data_analytics' retrieved from /opt/airflow/dags/f1_pipeline_dag.py
[2026-10-07T10:28:01.397+0000] {logging_mixin.py:188} INFO - [2026-10-07T10:28:01.397+0000] {dag.py:3096} INFO - Sync 1 DAGs
[2026-10-07T10:28:01.407+0000] {logging_mixin.py:188} INFO - [2026-10-07T10:28:01.406+0000] {dag.py:3954} INFO - Setting next_dagrun for f1_data_analytics to None, run_after=None
[2026-10-07T10:28:01.421+0000] {processor.py:183} INFO - Processing /opt/airflow/dags/f1_pipeline_dag.py took 0.104 seconds
[2026-10-07T10:28:31.633+0000] {processor.py:161} INFO - Started process (PID=5288) to work on /opt/airflow/dags/f1_pipeline_dag.py
[2026-10-07T10:28:31.637+0000] {processor.py:830} INFO - Processing file /opt/airflow/dags/f1_pipeline_dag.py for tasks to queue
[2026-10-07T10:28:31.638+0000] {logging_mixin.py:188} INFO - [2026-10-07T10:28:31.637+0000] {dagbag.py:545} INFO - Filling up the DagBag from /opt/airflow/dags/f1_pipeline_dag.py
[2026-10-07T10:28:31.657+0000] {processor.py:840} INFO - DAG(s) 'f1_data_analytics' retrieved from /opt/airflow/dags/f1_pipeline_dag.py
[2026-10-07T10:28:31.705+0000] {logging_mixin.py:188} INFO - [2026-10-07T10:28:31.705+0000] {dag.py:3096} INFO - Sync 1 DAGs
[2026-10-07T10:28:31.714+0000] {logging_mixin.py:188} INFO - [2026-10-07T10:28:31.714+0000] {dag.py:3954} INFO - Setting next_dagrun for f1_data_analytics to None, run_after=None
[2026-10-07T10:28:31.729+0000] {processor.py:183} INFO - Processing /opt/airflow/dags/f1_pipeline_dag.py took 0.106 seconds
[2026-10-07T10:29:01.945+0000] {processor.py:161} INFO - Started process (PID=5289) to work on /opt/airflow/dags/f1_pipeline_dag.py
[2026-10-07T10:29:01.946+0000] {processor.py:830} INFO - Processing file /opt/airflow/dags/f1_pipeline_dag.py for tasks to queue
[2026-10-07T10:29:01.948+0000] {logging_mixin.py:188} INFO - [2026-10-07T10:29:01.947+0000] {dagbag.py:545} INFO - Filling up the DagBag from /opt/airflow/dags/f1_pipeline_dag.py
[2026-10-07T10:29:01.967+0000] {processor.py:840} INFO - DAG(s) 'f1_data_analytics' retrieved from /opt/airflow/dags/f1_pipeline_dag.py
[2026-10-07T10:29:02.015+0000] {logging_mixin.py:188} INFO - [2026-10-07T10:29:02.015+0000] {dag.py:3096} INFO - Sync 1 DAGs
[2026-10-07T10:29:02.024+0000] {logging_mixin.py:188} INFO - [2026-10-07T10:29:02.024+0000] {dag.py:3954} INFO - Setting next_dagrun for f1_data_analytics to None, run_after=None
[2026-10-07T10:29:02.039+0000] {processor.py:183} INFO - Processing /opt/airflow/dags/f1_pipeline_dag.py took 0.103 seconds
[2026-10-07T10:29:32.253+0000] {processor.py:161} INFO - Started process (PID=5290) to work on /opt/airflow/dags/f1_pipeline_dag.py
[2026-10-07T10:29:32.257+0000] {processor.py:830} INFO - Processing file /opt/airflow/dags/f1_pipeline_dag.py for tasks to queue
[2026-10-07T10:29:32.259+0000] {logging_mixin.py:188} INFO - [2026-10-07T10:29:32.258+0000] {dagbag.py:545} INFO - Filling up the DagBag from /opt/airflow/dags/f1_pipeline_dag.py
[2026-10-07T10:29:32.279+0000] {processor.py:840} INFO - DAG(s) 'f1_data_analytics' retrieved from /opt/airflow/dags/f1_pipeline_dag.py
[2026-10-07T10:29:32.326+0000] {logging_mixin.py:188} INFO - [2026-10-07T10:29:32.326+0000] {dag.py:3096} INFO - Sync 1 DAGs
[2026-10-07T10:29:32.335+0000] {logging_mixin.py:188} INFO - [2026-10-07T10:29:32.334+0000] {dag.py:3954} INFO - Setting next_dagrun for f1_data_analytics to None, run_after=None
[2026-10-07T10:29:32.350+0000] {processor.py:183} INFO - Processing /opt/airflow/dags/f1_pipeline_dag.py took 0.107 seconds
[2026-10-07T10:30:02.559+0000] {processor.py:161} INFO - Started process (PID=5291) to work on /opt/airflow/dags/f1_pipeline_dag.py
[2026-10-07T10:30:02.560+0000] {processor.py:830} INFO - Processing file /opt/airflow/dags/f1_pipeline_dag.py for tasks to queue
[2026-10-07T10:30:02.561+0000] {logging_mixin.py:188} INFO - [2026-10-07T10:30:02.561+0000] {dagbag.py:545} INFO - Filling up the DagBag from /opt/airflow/dags/f1_pipeline_dag.py
[2026-10-07T10:30:02.581+0000] {processor.py:840} INFO - DAG(s) 'f1_data_analytics' retrieved from /opt/airflow/dags/f1_pipeline_dag.py
[2026-10-07T10:30:02.628+0000] {logging_mixin.py:188} INFO - [2026-10-07T10:30:02.628+0000] {dag.py:3096} INFO - Sync 1 DAGs
[2026-10-07T10:30:02.637+0000] {logging_mixin.py:188} INFO - [2026-10-07T10:30:02.637+0000] {dag.py:3954} INFO - Setting next_dagrun for f1_data_analytics to None, run_after=None
[2026-10-07T10:30:02.652+0000] {processor.py:183} INFO - Processing /opt/airflow/dags/f1_pipeline_dag.py took 0.104 seconds
[2026-10-07T10:30:32.797+0000] {processor.py:161} INFO - Started process (PID=5292) to work on /opt/airflow/dags/f1_pipeline_dag.py
[2026-10-07T10:30:32.799+0000] {processor.py:830} INFO - Processing file /opt/airflow/dags/f1_pipeline_dag.py for tasks to queue
[2026-10-07T10:30:32.801+0000] {logging_mixin.py:188} INFO - [2026-10-07T10:30:32.800+0000] {dagbag.py:545} INFO - Filling up the DagBag from /opt/airflow/dags/f1_pipeline_dag.py
[2026-10-07T10:30:32.820+0000] {processor.py:840} INFO - DAG(s) 'f1_data_analytics' retrieved from /opt/airflow/dags/f1_pipeline_dag.py
[2026-10-07T10:30:32.868+0000] {logging_mixin.py:188} INFO - [2026-10-07T10:30:32.868+0000] {dag.py:3096} INFO - Sync 1 DAGs
[2026-10-07T10:30:32.876+0000] {logging_mixin.py:188} INFO - [2026-10-07T10:30:32.876+0000] {dag.py:3954} INFO - Setting next_dagrun for f1_data_analytics to None, run_after=None
[2026-10-07T10:30:32.891+0000] {processor.py:183} INFO - Processing /opt/airflow/dags/f1_pipeline_dag.py took 0.105 seconds
[2026-10-07T10:31:03.044+0000] {processor.py:161} INFO - Started process (PID=5293) to work on /opt/airflow/dags/f1_pipeline_dag.py
[2026-10-07T10:31:03.045+0000] {processor.py:830} INFO - Processing file /opt/airflow/dags/f1_pipeline_dag.py for tasks to queue
[2026-10-07T10:31:03.047+0000] {logging_mixin.py:188} INFO - [2026-10-07T10:31:03.046+0000] {dagbag.py:545} INFO - Filling up the DagBag from /opt/airflow/dags/f1_pipeline_dag.py
[2026-10-07T10:31:03.066+0000] {processor.py:840} INFO - DAG(s) 'f1_data_analytics' retrieved from /opt/airflow/dags/f1_pipeline_dag.py
[2026-10-07T10:31:03.114+0000] {logging_mixin.py:188} INFO - [2026-10-07T10:31:03.114+0000] {dag.py:3096} INFO - Sync 1 DAGs
[2026-10-07T10:31:03.123+0000] {logging_mixin.py:188} INFO - [2026-10-07T10:31:03.123+0000] {dag.py:3954} INFO - Setting next_dagrun for f1_data_analytics to None, run_after=None
[2026-10-07T10:31:03.138+0000] {processor.py:183} INFO - Processing /opt/airflow/dags/f1_pipeline_dag.py took 0.104 seconds
[2026-10-07T10:31:33.347+0000] {processor.py:161} INFO - Started process (PID=5294) to work on /opt/airflow/dags/f1_pipeline_dag.py
[2026-10-07T10:31:33.356+0000] {processor.py:830} INFO - Processing file /opt/airflow/dags/f1_pipeline_dag.py for tasks to queue
[2026-10-07T10:31:33.357+0000] {logging_mixin.py:188} INFO - [2026-10-07T10:31:33.357+0000] {dagbag.py:545} INFO - Filling up the DagBag from /opt/airflow/dags/f1_pipeline_dag.py
[2026-10-07T10:31:33.377+0000] {processor.py:840} INFO - DAG(s) 'f1_data_analytics' retrieved from /opt/airflow/dags/f1_pipeline_dag.py
[2026-10-07T10:31:33.426+0000] {logging_mixin.py:188} INFO - [2026-10-07T10:31:33.426+0000] {dag.py:3096} INFO - Sync 1 DAGs
[2026-10-07T10:31:33.435+0000] {logging_mixin.py:188} INFO - [2026-10-07T10:31:33.435+0000] {dag.py:3954} INFO - Setting next_dagrun for f1_data_analytics to None, run_after=None
[2026-10-07T10:31:33.450+0000] {processor.py:183} INFO - Processing /opt/airflow/dags/f1_pipeline_dag.py took 0.113 seconds
[2026-10-07T10:32:03.637+0000] {processor.py:161} INFO - Started process (PID=5295) to work on /opt/airflow/dags/f1_pipeline_dag.py
[2026-10-07T10:32:03.639+0000] {processor.py:830} INFO - Processing file /opt/airflow/dags/f1_pipeline_dag.py for tasks to queue
[2026-10-07T10:32:03.640+0000] {logging_mixin.py:188} INFO - [2026-10-07T10:32:03.640+0000] {dagbag.py:545} INFO - Filling up the DagBag from /opt/airflow/dags/f1_pipeline_dag.py
[2026-10-07T10:32:03.660+0000] {processor.py:840} INFO - DAG(s) 'f1_data_analytics' retrieved from /opt/airflow/dags/f1_pipeline_dag.py
[2026-10-07T10:32:03.711+0000] {logging_mixin.py:188} INFO - [2026-10-07T10:32:03.711+0000] {dag.py:3096} INFO - Sync 1 DAGs
[2026-10-07T10:32:03.722+0000] {logging_mixin.py:188} INFO - [2026-10-07T10:32:03.722+0000] {dag.py:3954} INFO - Setting next_dagrun for f1_data_analytics to None, run_after=None
[2026-10-07T10:32:03.745+0000] {processor.py:183} INFO - Processing /opt/airflow/dags/f1_pipeline_dag.py took 0.115 seconds
[2026-10-07T10:32:33.940+0000] {processor.py:161} INFO - Started process (PID=5296) to work on /opt/airflow/dags/f1_pipeline_dag.py
[2026-10-07T10:32:33.949+0000] {processor.py:830} INFO - Processing file /opt/airflow/dags/f1_pipeline_dag.py for tasks to queue
[2026-10-07T10:32:33.951+0000] {logging_mixin.py:188} INFO - [2026-10-07T10:32:33.951+0000] {dagbag.py:545} INFO - Filling up the DagBag from /opt/airflow/dags/f1_pipeline_dag.py
[2026-10-07T10:32:33.972+0000] {processor.py:840} INFO - DAG(s) 'f1_data_analytics' retrieved from /opt/airflow/dags/f1_pipeline_dag.py
[2026-10-07T10:32:34.022+0000] {logging_mixin.py:188} INFO - [2026-10-07T10:32:34.022+0000] {dag.py:3096} INFO - Sync 1 DAGs
[2026-10-07T10:32:34.031+0000] {logging_mixin.py:188} INFO - [2026-10-07T10:32:34.031+0000] {dag.py:3954} INFO - Setting next_dagrun for f1_data_analytics to None, run_after=None
[2026-10-07T10:32:34.046+0000] {processor.py:183} INFO - Processing /opt/airflow/dags/f1_pipeline_dag.py took 0.116 seconds
[2026-10-07T10:33:04.246+0000] {processor.py:161} INFO - Started process (PID=5297) to work on /opt/airflow/dags/f1_pipeline_dag.py
[2026-10-07T10:33:04.247+0000] {processor.py:830} INFO - Processing file /opt/airflow/dags/f1_pipeline_dag.py for tasks to queue
[2026-10-07T10:33:04.249+0000] {logging_mixin.py:188} INFO - [2026-10-07T10:33:04.248+0000] {dagbag.py:545} INFO - Filling up the DagBag from /opt/airflow/dags/f1_pipeline_dag.py
[2026-10-07T10:33:04.269+0000] {processor.py:840} INFO - DAG(s) 'f1_data_analytics' retrieved from /opt/airflow/dags/f1_pipeline_dag.py
[2026-10-07T10:33:04.316+0000] {logging_mixin.py:188} INFO - [2026-10-07T10:33:04.316+0000] {dag.py:3096} INFO - Sync 1 DAGs
[2026-10-07T10:33:04.325+0000] {logging_mixin.py:188} INFO - [2026-10-07T10:33:04.324+0000] {dag.py:3954} INFO - Setting next_dagrun for f1_data_analytics to None, run_after=None
[2026-10-07T10:33:04.345+0000] {processor.py:183} INFO - Processing /opt/airflow/dags/f1_pipeline_dag.py took 0.110 seconds
[2026-10-07T10:33:34.552+0000] {processor.py:161} INFO - Started process (PID=5298) to work on /opt/airflow/dags/f1_pipeline_dag.py
[2026-10-07T10:33:34.561+0000] {processor.py:830} INFO - Processing file /opt/airflow/dags/f1_pipeline_dag.py for tasks to queue
[2026-10-07T10:33:34.562+0000] {logging_mixin.py:188} INFO - [2026-10-07T10:33:34.562+0000] {dagbag.py:545} INFO - Filling up the DagBag from /opt/airflow/dags/f1_pipeline_dag.py
[2026-10-07T10:33:34.582+0000] {processor.py:840} INFO - DAG(s) 'f1_data_analytics' retrieved from /opt/airflow/dags/f1_pipeline_dag.py
[2026-10-07T10:33:34.632+0000] {logging_mixin.py:188} INFO - [2026-10-07T10:33:34.632+0000] {dag.py:3096} INFO - Sync 1 DAGs
[2026-10-07T10:33:34.641+0000] {logging_mixin.py:188} INFO - [2026-10-07T10:33:34.641+0000] {dag.py:3954} INFO - Setting next_dagrun for f1_data_analytics to None, run_after=None
[2026-10-07T10:33:34.656+0000] {processor.py:183} INFO - Processing /opt/airflow/dags/f1_pipeline_dag.py took 0.114 seconds
[2026-10-07T10:34:04.864+0000] {processor.py:161} INFO - Started process (PID=5299) to work on /opt/airflow/dags/f1_pipeline_dag.py
[2026-10-07T10:34:04.866+0000] {processor.py:830} INFO - Processing file /opt/airflow/dags/f1_pipeline_dag.py for tasks to queue
[2026-10-07T10:34:04.867+0000] {logging_mixin.py:188} INFO - [2026-10-07T10:34:04.866+0000] {dagbag.py:545} INFO - Filling up the DagBag from /opt/airflow/dags/f1_pipeline_dag.py
[2026-10-07T10:34:04.886+0000] {processor.py:840} INFO - DAG(s) 'f1_data_analytics' retrieved from /opt/airflow/dags/f1_pipeline_dag.py
[2026-10-07T10:34:04.934+0000] {logging_mixin.py:188} INFO - [2026-10-07T10:34:04.934+0000] {dag.py:3096} INFO - Sync 1 DAGs
[2026-10-07T10:34:04.944+0000] {logging_mixin.py:188} INFO - [2026-10-07T10:34:04.944+0000] {dag.py:3954} INFO - Setting next_dagrun for f1_data_analytics to None, run_after=None
[2026-10-07T10:34:04.959+0000] {processor.py:183} INFO - Processing /opt/airflow/dags/f1_pipeline_dag.py took 0.106 seconds
[2026-10-07T10:34:35.166+0000] {processor.py:161} INFO - Started process (PID=5300) to work on /opt/airflow/dags/f1_pipeline_dag.py
[2026-10-07T10:34:35.175+0000] {processor.py:830} INFO - Processing file /opt/airflow/dags/f1_pipeline_dag.py for tasks to queue
[2026-10-07T10:34:35.177+0000] {logging_mixin.py:188} INFO - [2026-10-07T10:34:35.176+0000] {dagbag.py:545} INFO - Filling up the DagBag from /opt/airflow/dags/f1_pipeline_dag.py
[2026-10-07T10:34:35.196+0000] {processor.py:840} INFO - DAG(s) 'f1_data_analytics' retrieved from /opt/airflow/dags/f1_pipeline_dag.py
[2026-10-07T10:34:35.245+0000] {logging_mixin.py:188} INFO - [2026-10-07T10:34:35.245+0000] {dag.py:3096} INFO - Sync 1 DAGs
[2026-10-07T10:34:35.254+0000] {logging_mixin.py:188} INFO - [2026-10-07T10:34:35.254+0000] {dag.py:3954} INFO - Setting next_dagrun for f1_data_analytics to None, run_after=None
[2026-10-07T10:34:35.269+0000] {processor.py:183} INFO - Processing /opt/airflow/dags/f1_pipeline_dag.py took 0.113 seconds
[2026-10-07T10:35:05.470+0000] {processor.py:161} INFO - Started process (PID=5301) to work on /opt/airflow/dags/f1_pipeline_dag.py
[2026-10-07T10:35:05.471+0000] {processor.py:830} INFO - Processing file /opt/airflow/dags/f1_pipeline_dag.py for tasks to queue
[2026-10-07T10:35:05.472+0000] {logging_mixin.py:188} INFO - [2026-10-07T10:35:05.472+0000] {dagbag.py:545} INFO - Filling up the DagBag from /opt/airflow/dags/f1_pipeline_dag.py
[2026-10-07T10:35:05.491+0000] {processor.py:840} INFO - DAG(s) 'f1_data_analytics' retrieved from /opt/airflow/dags/f1_pipeline_dag.py
[2026-10-07T10:35:05.539+0000] {logging_mixin.py:188} INFO - [2026-10-07T10:35:05.539+0000] {dag.py:3096} INFO - Sync 1 DAGs
[2026-10-07T10:35:05.548+0000] {logging_mixin.py:188} INFO - [2026-10-07T10:35:05.548+0000] {dag.py:3954} INFO - Setting next_dagrun for f1_data_analytics to None, run_after=None
[2026-10-07T10:35:05.563+0000] {processor.py:183} INFO - Processing /opt/airflow/dags/f1_pipeline_dag.py took 0.104 seconds
[2026-10-07T10:35:35.774+0000] {processor.py:161} INFO - Started process (PID=5302) to work on /opt/airflow/dags/f1_pipeline_dag.py
[2026-10-07T10:35:35.783+0000] {processor.py:830} INFO - Processing file /opt/airflow/dags/f1_pipeline_dag.py for tasks to queue
[2026-10-07T10:35:35.784+0000] {logging_mixin.py:188} INFO - [2026-10-07T10:35:35.784+0000] {dagbag.py:545} INFO - Filling up the DagBag from /opt/airflow/dags/f1_pipeline_dag.py
[2026-10-07T10:35:35.805+0000] {processor.py:840} INFO - DAG(s) 'f1_data_analytics' retrieved from /opt/airflow/dags/f1_pipeline_dag.py
[2026-10-07T10:35:35.854+0000] {logging_mixin.py:188} INFO - [2026-10-07T10:35:35.854+0000] {dag.py:3096} INFO - Sync 1 DAGs
[2026-10-07T10:35:35.863+0000] {logging_mixin.py:188} INFO - [2026-10-07T10:35:35.863+0000] {dag.py:3954} INFO - Setting next_dagrun for f1_data_analytics to None, run_after=None
[2026-10-07T10:35:35.879+0000] {processor.py:183} INFO - Processing /opt/airflow/dags/f1_pipeline_dag.py took 0.115 seconds
[2026-10-07T10:36:06.077+0000] {processor.py:161} INFO - Started process (PID=5303) to work on /opt/airflow/dags/f1_pipeline_dag.py
[2026-10-07T10:36:06.078+0000] {processor.py:830} INFO - Processing file /opt/airflow/dags/f1_pipeline_dag.py for tasks to queue
[2026-10-07T10:36:06.080+0000] {logging_mixin.py:188} INFO - [2026-10-07T10:36:06.079+0000] {dagbag.py:545} INFO - Filling up the DagBag from /opt/airflow/dags/f1_pipeline_dag.py
[2026-10-07T10:36:06.100+0000] {processor.py:840} INFO - DAG(s) 'f1_data_analytics' retrieved from /opt/airflow/dags/f1_pipeline_dag.py
[2026-10-07T10:36:06.147+0000] {logging_mixin.py:188} INFO - [2026-10-07T10:36:06.147+0000] {dag.py:3096} INFO - Sync 1 DAGs
[2026-10-07T10:36:06.156+0000] {logging_mixin.py:188} INFO - [2026-10-07T10:36:06.156+0000] {dag.py:3954} INFO - Setting next_dagrun for f1_data_analytics to None, run_after=None
[2026-10-07T10:36:06.171+0000] {processor.py:183} INFO - Processing /opt/airflow/dags/f1_pipeline_dag.py took 0.103 seconds
[2026-10-07T10:36:36.382+0000] {processor.py:161} INFO - Started process (PID=5304) to work on /opt/airflow/dags/f1_pipeline_dag.py
[2026-10-07T10:36:36.386+0000] {processor.py:830} INFO - Processing file /opt/airflow/dags/f1_pipeline_dag.py for tasks to queue
[2026-10-07T10:36:36.387+0000] {logging_mixin.py:188} INFO - [2026-10-07T10:36:36.387+0000] {dagbag.py:545} INFO - Filling up the DagBag from /opt/airflow/dags/f1_pipeline_dag.py
[2026-10-07T10:36:36.407+0000] {processor.py:840} INFO - DAG(s) 'f1_data_analytics' retrieved from /opt/airflow/dags/f1_pipeline_dag.py
[2026-10-07T10:36:36.455+0000] {logging_mixin.py:188} INFO - [2026-10-07T10:36:36.455+0000] {dag.py:3096} INFO - Sync 1 DAGs
[2026-10-07T10:36:36.464+0000] {logging_mixin.py:188} INFO - [2026-10-07T10:36:36.463+0000] {dag.py:3954} INFO - Setting next_dagrun for f1_data_analytics to None, run_after=None
[2026-10-07T10:36:36.478+0000] {processor.py:183} INFO - Processing /opt/airflow/dags/f1_pipeline_dag.py took 0.106 seconds
[2026-10-07T10:37:06.684+0000] {processor.py:161} INFO - Started process (PID=5305) to work on /opt/airflow/dags/f1_pipeline_dag.py
[2026-10-07T10:37:06.685+0000] {processor.py:830} INFO - Processing file /opt/airflow/dags/f1_pipeline_dag.py for tasks to queue
[2026-10-07T10:37:06.686+0000] {logging_mixin.py:188} INFO - [2026-10-07T10:37:06.685+0000] {dagbag.py:545} INFO - Filling up the DagBag from /opt/airflow/dags/f1_pipeline_dag.py
[2026-10-07T10:37:06.695+0000] {processor.py:840} INFO - DAG(s) 'f1_data_analytics' retrieved from /opt/airflow/dags/f1_pipeline_dag.py
[2026-10-07T10:37:06.723+0000] {logging_mixin.py:188} INFO - [2026-10-07T10:37:06.723+0000] {dag.py:3096} INFO - Sync 1 DAGs
[2026-10-07T10:37:06.733+0000] {logging_mixin.py:188} INFO - [2026-10-07T10:37:06.732+0000] {dag.py:3954} INFO - Setting next_dagrun for f1_data_analytics to None, run_after=None
[2026-10-07T10:37:06.747+0000] {processor.py:183} INFO - Processing /opt/airflow/dags/f1_pipeline_dag.py took 0.067 seconds
[2026-10-07T10:37:36.893+0000] {processor.py:161} INFO - Started process (PID=5306) to work on /opt/airflow/dags/f1_pipeline_dag.py
[2026-10-07T10:37:36.896+0000] {processor.py:830} INFO - Processing file /opt/airflow/dags/f1_pipeline_dag.py for tasks to queue
[2026-10-07T10:37:36.898+0000] {logging_mixin.py:188} INFO - [2026-10-07T10:37:36.897+0000] {dagbag.py:545} INFO - Filling up the DagBag from /opt/airflow/dags/f1_pipeline_dag.py
[2026-10-07T10:37:36.917+0000] {processor.py:840} INFO - DAG(s) 'f1_data_analytics' retrieved from /opt/airflow/dags/f1_pipeline_dag.py
[2026-10-07T10:37:36.965+0000] {logging_mixin.py:188} INFO - [2026-10-07T10:37:36.965+0000] {dag.py:3096} INFO - Sync 1 DAGs
[2026-10-07T10:37:36.974+0000] {logging_mixin.py:188} INFO - [2026-10-07T10:37:36.974+0000] {dag.py:3954} INFO - Setting next_dagrun for f1_data_analytics to None, run_after=None
[2026-10-07T10:37:36.989+0000] {processor.py:183} INFO - Processing /opt/airflow/dags/f1_pipeline_dag.py took 0.106 seconds
[2026-10-07T10:38:07.193+0000] {processor.py:161} INFO - Started process (PID=5307) to work on /opt/airflow/dags/f1_pipeline_dag.py
[2026-10-07T10:38:07.194+0000] {processor.py:830} INFO - Processing file /opt/airflow/dags/f1_pipeline_dag.py for tasks to queue
[2026-10-07T10:38:07.196+0000] {logging_mixin.py:188} INFO - [2026-10-07T10:38:07.195+0000] {dagbag.py:545} INFO - Filling up the DagBag from /opt/airflow/dags/f1_pipeline_dag.py
[2026-10-07T10:38:07.214+0000] {processor.py:840} INFO - DAG(s) 'f1_data_analytics' retrieved from /opt/airflow/dags/f1_pipeline_dag.py
[2026-10-07T10:38:07.262+0000] {logging_mixin.py:188} INFO - [2026-10-07T10:38:07.262+0000] {dag.py:3096} INFO - Sync 1 DAGs
[2026-10-07T10:38:07.270+0000] {logging_mixin.py:188} INFO - [2026-10-07T10:38:07.270+0000] {dag.py:3954} INFO - Setting next_dagrun for f1_data_analytics to None, run_after=None
[2026-10-07T10:38:07.285+0000] {processor.py:183} INFO - Processing /opt/airflow/dags/f1_pipeline_dag.py took 0.101 seconds
[2026-10-07T10:38:37.498+0000] {processor.py:161} INFO - Started process (PID=5308) to work on /opt/airflow/dags/f1_pipeline_dag.py
[2026-10-07T10:38:37.501+0000] {processor.py:830} INFO - Processing file /opt/airflow/dags/f1_pipeline_dag.py for tasks to queue
[2026-10-07T10:38:37.503+0000] {logging_mixin.py:188} INFO - [2026-10-07T10:38:37.502+0000] {dagbag.py:545} INFO - Filling up the DagBag from /opt/airflow/dags/f1_pipeline_dag.py
[2026-10-07T10:38:37.522+0000] {processor.py:840} INFO - DAG(s) 'f1_data_analytics' retrieved from /opt/airflow/dags/f1_pipeline_dag.py
[2026-10-07T10:38:37.567+0000] {logging_mixin.py:188} INFO - [2026-10-07T10:38:37.567+0000] {dag.py:3096} INFO - Sync 1 DAGs
[2026-10-07T10:38:37.576+0000] {logging_mixin.py:188} INFO - [2026-10-07T10:38:37.576+0000] {dag.py:3954} INFO - Setting next_dagrun for f1_data_analytics to None, run_after=None
[2026-10-07T10:38:37.591+0000] {processor.py:183} INFO - Processing /opt/airflow/dags/f1_pipeline_dag.py took 0.102 seconds
[2026-10-07T10:39:07.792+0000] {processor.py:161} INFO - Started process (PID=5309) to work on /opt/airflow/dags/f1_pipeline_dag.py
[2026-10-07T10:39:07.793+0000] {processor.py:830} INFO - Processing file /opt/airflow/dags/f1_pipeline_dag.py for tasks to queue
[2026-10-07T10:39:07.794+0000] {logging_mixin.py:188} INFO - [2026-10-07T10:39:07.793+0000] {dagbag.py:545} INFO - Filling up the DagBag from /opt/airflow/dags/f1_pipeline_dag.py
[2026-10-07T10:39:07.803+0000] {processor.py:840} INFO - DAG(s) 'f1_data_analytics' retrieved from /opt/airflow/dags/f1_pipeline_dag.py
[2026-10-07T10:39:07.845+0000] {logging_mixin.py:188} INFO - [2026-10-07T10:39:07.845+0000] {dag.py:3096} INFO - Sync 1 DAGs
[2026-10-07T10:39:07.854+0000] {logging_mixin.py:188} INFO - [2026-10-07T10:39:07.854+0000] {dag.py:3954} INFO - Setting next_dagrun for f1_data_analytics to None, run_after=None
[2026-10-07T10:39:07.868+0000] {processor.py:183} INFO - Processing /opt/airflow/dags/f1_pipeline_dag.py took 0.081 seconds
[2026-10-07T10:39:37.988+0000] {processor.py:161} INFO - Started process (PID=5310) to work on /opt/airflow/dags/f1_pipeline_dag.py
[2026-10-07T10:39:37.997+0000] {processor.py:830} INFO - Processing file /opt/airflow/dags/f1_pipeline_dag.py for tasks to queue
[2026-10-07T10:39:37.998+0000] {logging_mixin.py:188} INFO - [2026-10-07T10:39:37.997+0000] {dagbag.py:545} INFO - Filling up the DagBag from /opt/airflow/dags/f1_pipeline_dag.py
[2026-10-07T10:39:38.013+0000] {processor.py:840} INFO - DAG(s) 'f1_data_analytics' retrieved from /opt/airflow/dags/f1_pipeline_dag.py
[2026-10-07T10:39:38.047+0000] {logging_mixin.py:188} INFO - [2026-10-07T10:39:38.046+0000] {dag.py:3096} INFO - Sync 1 DAGs
[2026-10-07T10:39:38.056+0000] {logging_mixin.py:188} INFO - [2026-10-07T10:39:38.056+0000] {dag.py:3954} INFO - Setting next_dagrun for f1_data_analytics to None, run_after=None
[2026-10-07T10:39:38.071+0000] {processor.py:183} INFO - Processing /opt/airflow/dags/f1_pipeline_dag.py took 0.090 seconds
[2026-10-07T10:40:08.186+0000] {processor.py:161} INFO - Started process (PID=5311) to work on /opt/airflow/dags/f1_pipeline_dag.py
[2026-10-07T10:40:08.187+0000] {processor.py:830} INFO - Processing file /opt/airflow/dags/f1_pipeline_dag.py for tasks to queue
[2026-10-07T10:40:08.189+0000] {logging_mixin.py:188} INFO - [2026-10-07T10:40:08.188+0000] {dagbag.py:545} INFO - Filling up the DagBag from /opt/airflow/dags/f1_pipeline_dag.py
[2026-10-07T10:40:08.209+0000] {processor.py:840} INFO - DAG(s) 'f1_data_analytics' retrieved from /opt/airflow/dags/f1_pipeline_dag.py
[2026-10-07T10:40:08.256+0000] {logging_mixin.py:188} INFO - [2026-10-07T10:40:08.255+0000] {dag.py:3096} INFO - Sync 1 DAGs
[2026-10-07T10:40:08.265+0000] {logging_mixin.py:188} INFO - [2026-10-07T10:40:08.265+0000] {dag.py:3954} INFO - Setting next_dagrun for f1_data_analytics to None, run_after=None
[2026-10-07T10:40:08.280+0000] {processor.py:183} INFO - Processing /opt/airflow/dags/f1_pipeline_dag.py took 0.105 seconds
[2026-10-07T10:40:38.492+0000] {processor.py:161} INFO - Started process (PID=5312) to work on /opt/airflow/dags/f1_pipeline_dag.py
[2026-10-07T10:40:38.495+0000] {processor.py:830} INFO - Processing file /opt/airflow/dags/f1_pipeline_dag.py for tasks to queue
[2026-10-07T10:40:38.497+0000] {logging_mixin.py:188} INFO - [2026-10-07T10:40:38.496+0000] {dagbag.py:545} INFO - Filling up the DagBag from /opt/airflow/dags/f1_pipeline_dag.py
[2026-10-07T10:40:38.521+0000] {processor.py:840} INFO - DAG(s) 'f1_data_analytics' retrieved from /opt/airflow/dags/f1_pipeline_dag.py
[2026-10-07T10:40:38.559+0000] {logging_mixin.py:188} INFO - [2026-10-07T10:40:38.558+0000] {dag.py:3096} INFO - Sync 1 DAGs
[2026-10-07T10:40:38.569+0000] {logging_mixin.py:188} INFO - [2026-10-07T10:40:38.569+0000] {dag.py:3954} INFO - Setting next_dagrun for f1_data_analytics to None, run_after=None
[2026-10-07T10:40:38.586+0000] {processor.py:183} INFO - Processing /opt/airflow/dags/f1_pipeline_dag.py took 0.104 seconds
[2026-10-07T10:41:08.800+0000] {processor.py:161} INFO - Started process (PID=5313) to work on /opt/airflow/dags/f1_pipeline_dag.py
[2026-10-07T10:41:08.802+0000] {processor.py:830} INFO - Processing file /opt/airflow/dags/f1_pipeline_dag.py for tasks to queue
[2026-10-07T10:41:08.804+0000] {logging_mixin.py:188} INFO - [2026-10-07T10:41:08.803+0000] {dagbag.py:545} INFO - Filling up the DagBag from /opt/airflow/dags/f1_pipeline_dag.py
[2026-10-07T10:41:08.824+0000] {processor.py:840} INFO - DAG(s) 'f1_data_analytics' retrieved from /opt/airflow/dags/f1_pipeline_dag.py
[2026-10-07T10:41:08.871+0000] {logging_mixin.py:188} INFO - [2026-10-07T10:41:08.871+0000] {dag.py:3096} INFO - Sync 1 DAGs
[2026-10-07T10:41:08.879+0000] {logging_mixin.py:188} INFO - [2026-10-07T10:41:08.879+0000] {dag.py:3954} INFO - Setting next_dagrun for f1_data_analytics to None, run_after=None
[2026-10-07T10:41:08.895+0000] {processor.py:183} INFO - Processing /opt/airflow/dags/f1_pipeline_dag.py took 0.105 seconds
[2026-10-07T10:41:39.113+0000] {processor.py:161} INFO - Started process (PID=5314) to work on /opt/airflow/dags/f1_pipeline_dag.py
[2026-10-07T10:41:39.122+0000] {processor.py:830} INFO - Processing file /opt/airflow/dags/f1_pipeline_dag.py for tasks to queue
[2026-10-07T10:41:39.123+0000] {logging_mixin.py:188} INFO - [2026-10-07T10:41:39.123+0000] {dagbag.py:545} INFO - Filling up the DagBag from /opt/airflow/dags/f1_pipeline_dag.py
[2026-10-07T10:41:39.144+0000] {processor.py:840} INFO - DAG(s) 'f1_data_analytics' retrieved from /opt/airflow/dags/f1_pipeline_dag.py
[2026-10-07T10:41:39.190+0000] {logging_mixin.py:188} INFO - [2026-10-07T10:41:39.190+0000] {dag.py:3096} INFO - Sync 1 DAGs
[2026-10-07T10:41:39.199+0000] {logging_mixin.py:188} INFO - [2026-10-07T10:41:39.199+0000] {dag.py:3954} INFO - Setting next_dagrun for f1_data_analytics to None, run_after=None
[2026-10-07T10:41:39.215+0000] {processor.py:183} INFO - Processing /opt/airflow/dags/f1_pipeline_dag.py took 0.113 seconds
[2026-10-07T10:42:09.422+0000] {processor.py:161} INFO - Started process (PID=5315) to work on /opt/airflow/dags/f1_pipeline_dag.py
[2026-10-07T10:42:09.424+0000] {processor.py:830} INFO - Processing file /opt/airflow/dags/f1_pipeline_dag.py for tasks to queue
[2026-10-07T10:42:09.425+0000] {logging_mixin.py:188} INFO - [2026-10-07T10:42:09.424+0000] {dagbag.py:545} INFO - Filling up the DagBag from /opt/airflow/dags/f1_pipeline_dag.py
[2026-10-07T10:42:09.445+0000] {processor.py:840} INFO - DAG(s) 'f1_data_analytics' retrieved from /opt/airflow/dags/f1_pipeline_dag.py
[2026-10-07T10:42:09.490+0000] {logging_mixin.py:188} INFO - [2026-10-07T10:42:09.490+0000] {dag.py:3096} INFO - Sync 1 DAGs
[2026-10-07T10:42:09.499+0000] {logging_mixin.py:188} INFO - [2026-10-07T10:42:09.498+0000] {dag.py:3954} INFO - Setting next_dagrun for f1_data_analytics to None, run_after=None
[2026-10-07T10:42:09.513+0000] {processor.py:183} INFO - Processing /opt/airflow/dags/f1_pipeline_dag.py took 0.103 seconds
[2026-10-07T10:42:39.696+0000] {processor.py:161} INFO - Started process (PID=5316) to work on /opt/airflow/dags/f1_pipeline_dag.py
[2026-10-07T10:42:39.697+0000] {processor.py:830} INFO - Processing file /opt/airflow/dags/f1_pipeline_dag.py for tasks to queue
[2026-10-07T10:42:39.699+0000] {logging_mixin.py:188} INFO - [2026-10-07T10:42:39.698+0000] {dagbag.py:545} INFO - Filling up the DagBag from /opt/airflow/dags/f1_pipeline_dag.py
[2026-10-07T10:42:39.718+0000] {processor.py:840} INFO - DAG(s) 'f1_data_analytics' retrieved from /opt/airflow/dags/f1_pipeline_dag.py
[2026-10-07T10:42:39.765+0000] {logging_mixin.py:188} INFO - [2026-10-07T10:42:39.765+0000] {dag.py:3096} INFO - Sync 1 DAGs
[2026-10-07T10:42:39.774+0000] {logging_mixin.py:188} INFO - [2026-10-07T10:42:39.774+0000] {dag.py:3954} INFO - Setting next_dagrun for f1_data_analytics to None, run_after=None
[2026-10-07T10:42:39.789+0000] {processor.py:183} INFO - Processing /opt/airflow/dags/f1_pipeline_dag.py took 0.103 seconds
[2026-10-07T10:43:10.003+0000] {processor.py:161} INFO - Started process (PID=5317) to work on /opt/airflow/dags/f1_pipeline_dag.py
[2026-10-07T10:43:10.011+0000] {processor.py:830} INFO - Processing file /opt/airflow/dags/f1_pipeline_dag.py for tasks to queue
[2026-10-07T10:43:10.013+0000] {logging_mixin.py:188} INFO - [2026-10-07T10:43:10.012+0000] {dagbag.py:545} INFO - Filling up the DagBag from /opt/airflow/dags/f1_pipeline_dag.py
[2026-10-07T10:43:10.033+0000] {processor.py:840} INFO - DAG(s) 'f1_data_analytics' retrieved from /opt/airflow/dags/f1_pipeline_dag.py
[2026-10-07T10:43:10.082+0000] {logging_mixin.py:188} INFO - [2026-10-07T10:43:10.082+0000] {dag.py:3096} INFO - Sync 1 DAGs
[2026-10-07T10:43:10.092+0000] {logging_mixin.py:188} INFO - [2026-10-07T10:43:10.092+0000] {dag.py:3954} INFO - Setting next_dagrun for f1_data_analytics to None, run_after=None
[2026-10-07T10:43:10.107+0000] {processor.py:183} INFO - Processing /opt/airflow/dags/f1_pipeline_dag.py took 0.114 seconds
[2026-10-07T10:43:40.301+0000] {processor.py:161} INFO - Started process (PID=5318) to work on /opt/airflow/dags/f1_pipeline_dag.py
[2026-10-07T10:43:40.302+0000] {processor.py:830} INFO - Processing file /opt/airflow/dags/f1_pipeline_dag.py for tasks to queue
[2026-10-07T10:43:40.303+0000] {logging_mixin.py:188} INFO - [2026-10-07T10:43:40.303+0000] {dagbag.py:545} INFO - Filling up the DagBag from /opt/airflow/dags/f1_pipeline_dag.py
[2026-10-07T10:43:40.323+0000] {processor.py:840} INFO - DAG(s) 'f1_data_analytics' retrieved from /opt/airflow/dags/f1_pipeline_dag.py
[2026-10-07T10:43:40.369+0000] {logging_mixin.py:188} INFO - [2026-10-07T10:43:40.369+0000] {dag.py:3096} INFO - Sync 1 DAGs
[2026-10-07T10:43:40.379+0000] {logging_mixin.py:188} INFO - [2026-10-07T10:43:40.378+0000] {dag.py:3954} INFO - Setting next_dagrun for f1_data_analytics to None, run_after=None
[2026-10-07T10:43:40.394+0000] {processor.py:183} INFO - Processing /opt/airflow/dags/f1_pipeline_dag.py took 0.104 seconds
[2026-10-07T10:44:10.604+0000] {processor.py:161} INFO - Started process (PID=5319) to work on /opt/airflow/dags/f1_pipeline_dag.py
[2026-10-07T10:44:10.608+0000] {processor.py:830} INFO - Processing file /opt/airflow/dags/f1_pipeline_dag.py for tasks to queue
[2026-10-07T10:44:10.609+0000] {logging_mixin.py:188} INFO - [2026-10-07T10:44:10.609+0000] {dagbag.py:545} INFO - Filling up the DagBag from /opt/airflow/dags/f1_pipeline_dag.py
[2026-10-07T10:44:10.629+0000] {processor.py:840} INFO - DAG(s) 'f1_data_analytics' retrieved from /opt/airflow/dags/f1_pipeline_dag.py
[2026-10-07T10:44:10.677+0000] {logging_mixin.py:188} INFO - [2026-10-07T10:44:10.677+0000] {dag.py:3096} INFO - Sync 1 DAGs
[2026-10-07T10:44:10.686+0000] {logging_mixin.py:188} INFO - [2026-10-07T10:44:10.686+0000] {dag.py:3954} INFO - Setting next_dagrun for f1_data_analytics to None, run_after=None
[2026-10-07T10:44:10.701+0000] {processor.py:183} INFO - Processing /opt/airflow/dags/f1_pipeline_dag.py took 0.107 seconds
[2026-10-07T10:44:40.907+0000] {processor.py:161} INFO - Started process (PID=5320) to work on /opt/airflow/dags/f1_pipeline_dag.py
[2026-10-07T10:44:40.908+0000] {processor.py:830} INFO - Processing file /opt/airflow/dags/f1_pipeline_dag.py for tasks to queue
[2026-10-07T10:44:40.909+0000] {logging_mixin.py:188} INFO - [2026-10-07T10:44:40.909+0000] {dagbag.py:545} INFO - Filling up the DagBag from /opt/airflow/dags/f1_pipeline_dag.py
[2026-10-07T10:44:40.930+0000] {processor.py:840} INFO - DAG(s) 'f1_data_analytics' retrieved from /opt/airflow/dags/f1_pipeline_dag.py
[2026-10-07T10:44:40.978+0000] {logging_mixin.py:188} INFO - [2026-10-07T10:44:40.978+0000] {dag.py:3096} INFO - Sync 1 DAGs
[2026-10-07T10:44:40.987+0000] {logging_mixin.py:188} INFO - [2026-10-07T10:44:40.987+0000] {dag.py:3954} INFO - Setting next_dagrun for f1_data_analytics to None, run_after=None
[2026-10-07T10:44:41.002+0000] {processor.py:183} INFO - Processing /opt/airflow/dags/f1_pipeline_dag.py took 0.106 seconds
[2026-10-07T10:45:11.211+0000] {processor.py:161} INFO - Started process (PID=5321) to work on /opt/airflow/dags/f1_pipeline_dag.py
[2026-10-07T10:45:11.214+0000] {processor.py:830} INFO - Processing file /opt/airflow/dags/f1_pipeline_dag.py for tasks to queue
[2026-10-07T10:45:11.216+0000] {logging_mixin.py:188} INFO - [2026-10-07T10:45:11.215+0000] {dagbag.py:545} INFO - Filling up the DagBag from /opt/airflow/dags/f1_pipeline_dag.py
[2026-10-07T10:45:11.237+0000] {processor.py:840} INFO - DAG(s) 'f1_data_analytics' retrieved from /opt/airflow/dags/f1_pipeline_dag.py
[2026-10-07T10:45:11.284+0000] {logging_mixin.py:188} INFO - [2026-10-07T10:45:11.284+0000] {dag.py:3096} INFO - Sync 1 DAGs
[2026-10-07T10:45:11.293+0000] {logging_mixin.py:188} INFO - [2026-10-07T10:45:11.293+0000] {dag.py:3954} INFO - Setting next_dagrun for f1_data_analytics to None, run_after=None
[2026-10-07T10:45:11.308+0000] {processor.py:183} INFO - Processing /opt/airflow/dags/f1_pipeline_dag.py took 0.107 seconds
[2026-10-07T10:45:41.516+0000] {processor.py:161} INFO - Started process (PID=5322) to work on /opt/airflow/dags/f1_pipeline_dag.py
[2026-10-07T10:45:41.517+0000] {processor.py:830} INFO - Processing file /opt/airflow/dags/f1_pipeline_dag.py for tasks to queue
[2026-10-07T10:45:41.518+0000] {logging_mixin.py:188} INFO - [2026-10-07T10:45:41.518+0000] {dagbag.py:545} INFO - Filling up the DagBag from /opt/airflow/dags/f1_pipeline_dag.py
[2026-10-07T10:45:41.538+0000] {processor.py:840} INFO - DAG(s) 'f1_data_analytics' retrieved from /opt/airflow/dags/f1_pipeline_dag.py
[2026-10-07T10:45:41.585+0000] {logging_mixin.py:188} INFO - [2026-10-07T10:45:41.585+0000] {dag.py:3096} INFO - Sync 1 DAGs
[2026-10-07T10:45:41.594+0000] {logging_mixin.py:188} INFO - [2026-10-07T10:45:41.594+0000] {dag.py:3954} INFO - Setting next_dagrun for f1_data_analytics to None, run_after=None
[2026-10-07T10:45:41.609+0000] {processor.py:183} INFO - Processing /opt/airflow/dags/f1_pipeline_dag.py took 0.103 seconds
[2026-10-07T10:46:11.820+0000] {processor.py:161} INFO - Started process (PID=5323) to work on /opt/airflow/dags/f1_pipeline_dag.py
[2026-10-07T10:46:11.823+0000] {processor.py:830} INFO - Processing file /opt/airflow/dags/f1_pipeline_dag.py for tasks to queue
[2026-10-07T10:46:11.825+0000] {logging_mixin.py:188} INFO - [2026-10-07T10:46:11.824+0000] {dagbag.py:545} INFO - Filling up the DagBag from /opt/airflow/dags/f1_pipeline_dag.py
[2026-10-07T10:46:11.844+0000] {processor.py:840} INFO - DAG(s) 'f1_data_analytics' retrieved from /opt/airflow/dags/f1_pipeline_dag.py
[2026-10-07T10:46:11.891+0000] {logging_mixin.py:188} INFO - [2026-10-07T10:46:11.891+0000] {dag.py:3096} INFO - Sync 1 DAGs
[2026-10-07T10:46:11.901+0000] {logging_mixin.py:188} INFO - [2026-10-07T10:46:11.901+0000] {dag.py:3954} INFO - Setting next_dagrun for f1_data_analytics to None, run_after=None
[2026-10-07T10:46:11.917+0000] {processor.py:183} INFO - Processing /opt/airflow/dags/f1_pipeline_dag.py took 0.107 seconds
[2026-10-07T10:46:42.131+0000] {processor.py:161} INFO - Started process (PID=5324) to work on /opt/airflow/dags/f1_pipeline_dag.py
[2026-10-07T10:46:42.132+0000] {processor.py:830} INFO - Processing file /opt/airflow/dags/f1_pipeline_dag.py for tasks to queue
[2026-10-07T10:46:42.134+0000] {logging_mixin.py:188} INFO - [2026-10-07T10:46:42.133+0000] {dagbag.py:545} INFO - Filling up the DagBag from /opt/airflow/dags/f1_pipeline_dag.py
[2026-10-07T10:46:42.154+0000] {processor.py:840} INFO - DAG(s) 'f1_data_analytics' retrieved from /opt/airflow/dags/f1_pipeline_dag.py
[2026-10-07T10:46:42.199+0000] {logging_mixin.py:188} INFO - [2026-10-07T10:46:42.199+0000] {dag.py:3096} INFO - Sync 1 DAGs
[2026-10-07T10:46:42.208+0000] {logging_mixin.py:188} INFO - [2026-10-07T10:46:42.208+0000] {dag.py:3954} INFO - Setting next_dagrun for f1_data_analytics to None, run_after=None
[2026-10-07T10:46:42.223+0000] {processor.py:183} INFO - Processing /opt/airflow/dags/f1_pipeline_dag.py took 0.103 seconds
[2026-10-07T10:47:12.440+0000] {processor.py:161} INFO - Started process (PID=5325) to work on /opt/airflow/dags/f1_pipeline_dag.py
[2026-10-07T10:47:12.443+0000] {processor.py:830} INFO - Processing file /opt/airflow/dags/f1_pipeline_dag.py for tasks to queue
[2026-10-07T10:47:12.445+0000] {logging_mixin.py:188} INFO - [2026-10-07T10:47:12.444+0000] {dagbag.py:545} INFO - Filling up the DagBag from /opt/airflow/dags/f1_pipeline_dag.py
[2026-10-07T10:47:12.464+0000] {processor.py:840} INFO - DAG(s) 'f1_data_analytics' retrieved from /opt/airflow/dags/f1_pipeline_dag.py
[2026-10-07T10:47:12.510+0000] {logging_mixin.py:188} INFO - [2026-10-07T10:47:12.510+0000] {dag.py:3096} INFO - Sync 1 DAGs
[2026-10-07T10:47:12.520+0000] {logging_mixin.py:188} INFO - [2026-10-07T10:47:12.519+0000] {dag.py:3954} INFO - Setting next_dagrun for f1_data_analytics to None, run_after=None
[2026-10-07T10:47:12.535+0000] {processor.py:183} INFO - Processing /opt/airflow/dags/f1_pipeline_dag.py took 0.105 seconds
[2026-10-07T10:47:42.744+0000] {processor.py:161} INFO - Started process (PID=5326) to work on /opt/airflow/dags/f1_pipeline_dag.py
[2026-10-07T10:47:42.746+0000] {processor.py:830} INFO - Processing file /opt/airflow/dags/f1_pipeline_dag.py for tasks to queue
[2026-10-07T10:47:42.747+0000] {logging_mixin.py:188} INFO - [2026-10-07T10:47:42.746+0000] {dagbag.py:545} INFO - Filling up the DagBag from /opt/airflow/dags/f1_pipeline_dag.py
[2026-10-07T10:47:42.766+0000] {processor.py:840} INFO - DAG(s) 'f1_data_analytics' retrieved from /opt/airflow/dags/f1_pipeline_dag.py
[2026-10-07T10:47:42.814+0000] {logging_mixin.py:188} INFO - [2026-10-07T10:47:42.813+0000] {dag.py:3096} INFO - Sync 1 DAGs
[2026-10-07T10:47:42.822+0000] {logging_mixin.py:188} INFO - [2026-10-07T10:47:42.822+0000] {dag.py:3954} INFO - Setting next_dagrun for f1_data_analytics to None, run_after=None
[2026-10-07T10:47:42.837+0000] {processor.py:183} INFO - Processing /opt/airflow/dags/f1_pipeline_dag.py took 0.103 seconds
[2026-10-07T10:48:13.049+0000] {processor.py:161} INFO - Started process (PID=5327) to work on /opt/airflow/dags/f1_pipeline_dag.py
[2026-10-07T10:48:13.058+0000] {processor.py:830} INFO - Processing file /opt/airflow/dags/f1_pipeline_dag.py for tasks to queue
[2026-10-07T10:48:13.060+0000] {logging_mixin.py:188} INFO - [2026-10-07T10:48:13.059+0000] {dagbag.py:545} INFO - Filling up the DagBag from /opt/airflow/dags/f1_pipeline_dag.py
[2026-10-07T10:48:13.079+0000] {processor.py:840} INFO - DAG(s) 'f1_data_analytics' retrieved from /opt/airflow/dags/f1_pipeline_dag.py
[2026-10-07T10:48:13.128+0000] {logging_mixin.py:188} INFO - [2026-10-07T10:48:13.128+0000] {dag.py:3096} INFO - Sync 1 DAGs
[2026-10-07T10:48:13.137+0000] {logging_mixin.py:188} INFO - [2026-10-07T10:48:13.137+0000] {dag.py:3954} INFO - Setting next_dagrun for f1_data_analytics to None, run_after=None
[2026-10-07T10:48:13.152+0000] {processor.py:183} INFO - Processing /opt/airflow/dags/f1_pipeline_dag.py took 0.113 seconds
[2026-10-07T10:48:43.354+0000] {processor.py:161} INFO - Started process (PID=5328) to work on /opt/airflow/dags/f1_pipeline_dag.py
[2026-10-07T10:48:43.356+0000] {processor.py:830} INFO - Processing file /opt/airflow/dags/f1_pipeline_dag.py for tasks to queue
[2026-10-07T10:48:43.357+0000] {logging_mixin.py:188} INFO - [2026-10-07T10:48:43.357+0000] {dagbag.py:545} INFO - Filling up the DagBag from /opt/airflow/dags/f1_pipeline_dag.py
[2026-10-07T10:48:43.376+0000] {processor.py:840} INFO - DAG(s) 'f1_data_analytics' retrieved from /opt/airflow/dags/f1_pipeline_dag.py
[2026-10-07T10:48:43.421+0000] {logging_mixin.py:188} INFO - [2026-10-07T10:48:43.421+0000] {dag.py:3096} INFO - Sync 1 DAGs
[2026-10-07T10:48:43.431+0000] {logging_mixin.py:188} INFO - [2026-10-07T10:48:43.430+0000] {dag.py:3954} INFO - Setting next_dagrun for f1_data_analytics to None, run_after=None
[2026-10-07T10:48:43.446+0000] {processor.py:183} INFO - Processing /opt/airflow/dags/f1_pipeline_dag.py took 0.102 seconds
[2026-10-07T10:49:13.657+0000] {processor.py:161} INFO - Started process (PID=5329) to work on /opt/airflow/dags/f1_pipeline_dag.py
[2026-10-07T10:49:13.666+0000] {processor.py:830} INFO - Processing file /opt/airflow/dags/f1_pipeline_dag.py for tasks to queue
[2026-10-07T10:49:13.668+0000] {logging_mixin.py:188} INFO - [2026-10-07T10:49:13.667+0000] {dagbag.py:545} INFO - Filling up the DagBag from /opt/airflow/dags/f1_pipeline_dag.py
[2026-10-07T10:49:13.688+0000] {processor.py:840} INFO - DAG(s) 'f1_data_analytics' retrieved from /opt/airflow/dags/f1_pipeline_dag.py
[2026-10-07T10:49:13.736+0000] {logging_mixin.py:188} INFO - [2026-10-07T10:49:13.735+0000] {dag.py:3096} INFO - Sync 1 DAGs
[2026-10-07T10:49:13.745+0000] {logging_mixin.py:188} INFO - [2026-10-07T10:49:13.745+0000] {dag.py:3954} INFO - Setting next_dagrun for f1_data_analytics to None, run_after=None
[2026-10-07T10:49:13.761+0000] {processor.py:183} INFO - Processing /opt/airflow/dags/f1_pipeline_dag.py took 0.113 seconds
[2026-10-07T10:49:43.973+0000] {processor.py:161} INFO - Started process (PID=5330) to work on /opt/airflow/dags/f1_pipeline_dag.py
[2026-10-07T10:49:43.974+0000] {processor.py:830} INFO - Processing file /opt/airflow/dags/f1_pipeline_dag.py for tasks to queue
[2026-10-07T10:49:43.976+0000] {logging_mixin.py:188} INFO - [2026-10-07T10:49:43.975+0000] {dagbag.py:545} INFO - Filling up the DagBag from /opt/airflow/dags/f1_pipeline_dag.py
[2026-10-07T10:49:43.998+0000] {processor.py:840} INFO - DAG(s) 'f1_data_analytics' retrieved from /opt/airflow/dags/f1_pipeline_dag.py
[2026-10-07T10:49:44.045+0000] {logging_mixin.py:188} INFO - [2026-10-07T10:49:44.044+0000] {dag.py:3096} INFO - Sync 1 DAGs
[2026-10-07T10:49:44.053+0000] {logging_mixin.py:188} INFO - [2026-10-07T10:49:44.053+0000] {dag.py:3954} INFO - Setting next_dagrun for f1_data_analytics to None, run_after=None
[2026-10-07T10:49:44.068+0000] {processor.py:183} INFO - Processing /opt/airflow/dags/f1_pipeline_dag.py took 0.105 seconds
[2026-10-07T10:50:14.279+0000] {processor.py:161} INFO - Started process (PID=5331) to work on /opt/airflow/dags/f1_pipeline_dag.py
[2026-10-07T10:50:14.282+0000] {processor.py:830} INFO - Processing file /opt/airflow/dags/f1_pipeline_dag.py for tasks to queue
[2026-10-07T10:50:14.284+0000] {logging_mixin.py:188} INFO - [2026-10-07T10:50:14.283+0000] {dagbag.py:545} INFO - Filling up the DagBag from /opt/airflow/dags/f1_pipeline_dag.py
[2026-10-07T10:50:14.303+0000] {processor.py:840} INFO - DAG(s) 'f1_data_analytics' retrieved from /opt/airflow/dags/f1_pipeline_dag.py
[2026-10-07T10:50:14.350+0000] {logging_mixin.py:188} INFO - [2026-10-07T10:50:14.350+0000] {dag.py:3096} INFO - Sync 1 DAGs
[2026-10-07T10:50:14.359+0000] {logging_mixin.py:188} INFO - [2026-10-07T10:50:14.359+0000] {dag.py:3954} INFO - Setting next_dagrun for f1_data_analytics to None, run_after=None
[2026-10-07T10:50:14.374+0000] {processor.py:183} INFO - Processing /opt/airflow/dags/f1_pipeline_dag.py took 0.105 seconds
[2026-10-07T10:50:44.583+0000] {processor.py:161} INFO - Started process (PID=5332) to work on /opt/airflow/dags/f1_pipeline_dag.py
[2026-10-07T10:50:44.585+0000] {processor.py:830} INFO - Processing file /opt/airflow/dags/f1_pipeline_dag.py for tasks to queue
[2026-10-07T10:50:44.586+0000] {logging_mixin.py:188} INFO - [2026-10-07T10:50:44.586+0000] {dagbag.py:545} INFO - Filling up the DagBag from /opt/airflow/dags/f1_pipeline_dag.py
[2026-10-07T10:50:44.606+0000] {processor.py:840} INFO - DAG(s) 'f1_data_analytics' retrieved from /opt/airflow/dags/f1_pipeline_dag.py
[2026-10-07T10:50:44.654+0000] {logging_mixin.py:188} INFO - [2026-10-07T10:50:44.653+0000] {dag.py:3096} INFO - Sync 1 DAGs
[2026-10-07T10:50:44.663+0000] {logging_mixin.py:188} INFO - [2026-10-07T10:50:44.662+0000] {dag.py:3954} INFO - Setting next_dagrun for f1_data_analytics to None, run_after=None
[2026-10-07T10:50:44.678+0000] {processor.py:183} INFO - Processing /opt/airflow/dags/f1_pipeline_dag.py took 0.105 seconds
[2026-10-07T10:51:14.886+0000] {processor.py:161} INFO - Started process (PID=5333) to work on /opt/airflow/dags/f1_pipeline_dag.py
[2026-10-07T10:51:14.895+0000] {processor.py:830} INFO - Processing file /opt/airflow/dags/f1_pipeline_dag.py for tasks to queue
[2026-10-07T10:51:14.897+0000] {logging_mixin.py:188} INFO - [2026-10-07T10:51:14.896+0000] {dagbag.py:545} INFO - Filling up the DagBag from /opt/airflow/dags/f1_pipeline_dag.py
[2026-10-07T10:51:14.916+0000] {processor.py:840} INFO - DAG(s) 'f1_data_analytics' retrieved from /opt/airflow/dags/f1_pipeline_dag.py
[2026-10-07T10:51:14.964+0000] {logging_mixin.py:188} INFO - [2026-10-07T10:51:14.964+0000] {dag.py:3096} INFO - Sync 1 DAGs
[2026-10-07T10:51:14.973+0000] {logging_mixin.py:188} INFO - [2026-10-07T10:51:14.973+0000] {dag.py:3954} INFO - Setting next_dagrun for f1_data_analytics to None, run_after=None
[2026-10-07T10:51:14.989+0000] {processor.py:183} INFO - Processing /opt/airflow/dags/f1_pipeline_dag.py took 0.113 seconds
[2026-10-07T10:51:45.198+0000] {processor.py:161} INFO - Started process (PID=5334) to work on /opt/airflow/dags/f1_pipeline_dag.py
[2026-10-07T10:51:45.199+0000] {processor.py:830} INFO - Processing file /opt/airflow/dags/f1_pipeline_dag.py for tasks to queue
[2026-10-07T10:51:45.201+0000] {logging_mixin.py:188} INFO - [2026-10-07T10:51:45.200+0000] {dagbag.py:545} INFO - Filling up the DagBag from /opt/airflow/dags/f1_pipeline_dag.py
[2026-10-07T10:51:45.222+0000] {processor.py:840} INFO - DAG(s) 'f1_data_analytics' retrieved from /opt/airflow/dags/f1_pipeline_dag.py
[2026-10-07T10:51:45.266+0000] {logging_mixin.py:188} INFO - [2026-10-07T10:51:45.266+0000] {dag.py:3096} INFO - Sync 1 DAGs
[2026-10-07T10:51:45.274+0000] {logging_mixin.py:188} INFO - [2026-10-07T10:51:45.274+0000] {dag.py:3954} INFO - Setting next_dagrun for f1_data_analytics to None, run_after=None
[2026-10-07T10:51:45.290+0000] {processor.py:183} INFO - Processing /opt/airflow/dags/f1_pipeline_dag.py took 0.103 seconds
[2026-10-07T10:52:15.503+0000] {processor.py:161} INFO - Started process (PID=5335) to work on /opt/airflow/dags/f1_pipeline_dag.py
[2026-10-07T10:52:15.507+0000] {processor.py:830} INFO - Processing file /opt/airflow/dags/f1_pipeline_dag.py for tasks to queue
[2026-10-07T10:52:15.508+0000] {logging_mixin.py:188} INFO - [2026-10-07T10:52:15.507+0000] {dagbag.py:545} INFO - Filling up the DagBag from /opt/airflow/dags/f1_pipeline_dag.py
[2026-10-07T10:52:15.528+0000] {processor.py:840} INFO - DAG(s) 'f1_data_analytics' retrieved from /opt/airflow/dags/f1_pipeline_dag.py
[2026-10-07T10:52:15.575+0000] {logging_mixin.py:188} INFO - [2026-10-07T10:52:15.575+0000] {dag.py:3096} INFO - Sync 1 DAGs
[2026-10-07T10:52:15.585+0000] {logging_mixin.py:188} INFO - [2026-10-07T10:52:15.584+0000] {dag.py:3954} INFO - Setting next_dagrun for f1_data_analytics to None, run_after=None
[2026-10-07T10:52:15.599+0000] {processor.py:183} INFO - Processing /opt/airflow/dags/f1_pipeline_dag.py took 0.106 seconds
[2026-10-07T10:52:45.817+0000] {processor.py:161} INFO - Started process (PID=5336) to work on /opt/airflow/dags/f1_pipeline_dag.py
[2026-10-07T10:52:45.819+0000] {processor.py:830} INFO - Processing file /opt/airflow/dags/f1_pipeline_dag.py for tasks to queue
[2026-10-07T10:52:45.820+0000] {logging_mixin.py:188} INFO - [2026-10-07T10:52:45.819+0000] {dagbag.py:545} INFO - Filling up the DagBag from /opt/airflow/dags/f1_pipeline_dag.py
[2026-10-07T10:52:45.841+0000] {processor.py:840} INFO - DAG(s) 'f1_data_analytics' retrieved from /opt/airflow/dags/f1_pipeline_dag.py
[2026-10-07T10:52:45.888+0000] {logging_mixin.py:188} INFO - [2026-10-07T10:52:45.888+0000] {dag.py:3096} INFO - Sync 1 DAGs
[2026-10-07T10:52:45.898+0000] {logging_mixin.py:188} INFO - [2026-10-07T10:52:45.897+0000] {dag.py:3954} INFO - Setting next_dagrun for f1_data_analytics to None, run_after=None
[2026-10-07T10:52:45.913+0000] {processor.py:183} INFO - Processing /opt/airflow/dags/f1_pipeline_dag.py took 0.105 seconds
[2026-10-07T10:53:16.123+0000] {processor.py:161} INFO - Started process (PID=5337) to work on /opt/airflow/dags/f1_pipeline_dag.py
[2026-10-07T10:53:16.125+0000] {processor.py:830} INFO - Processing file /opt/airflow/dags/f1_pipeline_dag.py for tasks to queue
[2026-10-07T10:53:16.126+0000] {logging_mixin.py:188} INFO - [2026-10-07T10:53:16.125+0000] {dagbag.py:545} INFO - Filling up the DagBag from /opt/airflow/dags/f1_pipeline_dag.py
[2026-10-07T10:53:16.145+0000] {processor.py:840} INFO - DAG(s) 'f1_data_analytics' retrieved from /opt/airflow/dags/f1_pipeline_dag.py
[2026-10-07T10:53:16.194+0000] {logging_mixin.py:188} INFO - [2026-10-07T10:53:16.193+0000] {dag.py:3096} INFO - Sync 1 DAGs
[2026-10-07T10:53:16.203+0000] {logging_mixin.py:188} INFO - [2026-10-07T10:53:16.202+0000] {dag.py:3954} INFO - Setting next_dagrun for f1_data_analytics to None, run_after=None
[2026-10-07T10:53:16.218+0000] {processor.py:183} INFO - Processing /opt/airflow/dags/f1_pipeline_dag.py took 0.104 seconds
[2026-10-07T10:53:46.432+0000] {processor.py:161} INFO - Started process (PID=5338) to work on /opt/airflow/dags/f1_pipeline_dag.py
[2026-10-07T10:53:46.435+0000] {processor.py:830} INFO - Processing file /opt/airflow/dags/f1_pipeline_dag.py for tasks to queue
[2026-10-07T10:53:46.437+0000] {logging_mixin.py:188} INFO - [2026-10-07T10:53:46.436+0000] {dagbag.py:545} INFO - Filling up the DagBag from /opt/airflow/dags/f1_pipeline_dag.py
[2026-10-07T10:53:46.459+0000] {processor.py:840} INFO - DAG(s) 'f1_data_analytics' retrieved from /opt/airflow/dags/f1_pipeline_dag.py
[2026-10-07T10:53:46.505+0000] {logging_mixin.py:188} INFO - [2026-10-07T10:53:46.505+0000] {dag.py:3096} INFO - Sync 1 DAGs
[2026-10-07T10:53:46.515+0000] {logging_mixin.py:188} INFO - [2026-10-07T10:53:46.515+0000] {dag.py:3954} INFO - Setting next_dagrun for f1_data_analytics to None, run_after=None
[2026-10-07T10:53:46.531+0000] {processor.py:183} INFO - Processing /opt/airflow/dags/f1_pipeline_dag.py took 0.109 seconds
[2026-10-07T10:54:16.740+0000] {processor.py:161} INFO - Started process (PID=5339) to work on /opt/airflow/dags/f1_pipeline_dag.py
[2026-10-07T10:54:16.742+0000] {processor.py:830} INFO - Processing file /opt/airflow/dags/f1_pipeline_dag.py for tasks to queue
[2026-10-07T10:54:16.743+0000] {logging_mixin.py:188} INFO - [2026-10-07T10:54:16.742+0000] {dagbag.py:545} INFO - Filling up the DagBag from /opt/airflow/dags/f1_pipeline_dag.py
[2026-10-07T10:54:16.763+0000] {processor.py:840} INFO - DAG(s) 'f1_data_analytics' retrieved from /opt/airflow/dags/f1_pipeline_dag.py
[2026-10-07T10:54:16.810+0000] {logging_mixin.py:188} INFO - [2026-10-07T10:54:16.810+0000] {dag.py:3096} INFO - Sync 1 DAGs
[2026-10-07T10:54:16.818+0000] {logging_mixin.py:188} INFO - [2026-10-07T10:54:16.818+0000] {dag.py:3954} INFO - Setting next_dagrun for f1_data_analytics to None, run_after=None
[2026-10-07T10:54:16.834+0000] {processor.py:183} INFO - Processing /opt/airflow/dags/f1_pipeline_dag.py took 0.104 seconds
[2026-10-07T10:54:47.052+0000] {processor.py:161} INFO - Started process (PID=5340) to work on /opt/airflow/dags/f1_pipeline_dag.py
[2026-10-07T10:54:47.055+0000] {processor.py:830} INFO - Processing file /opt/airflow/dags/f1_pipeline_dag.py for tasks to queue
[2026-10-07T10:54:47.057+0000] {logging_mixin.py:188} INFO - [2026-10-07T10:54:47.056+0000] {dagbag.py:545} INFO - Filling up the DagBag from /opt/airflow/dags/f1_pipeline_dag.py
[2026-10-07T10:54:47.076+0000] {processor.py:840} INFO - DAG(s) 'f1_data_analytics' retrieved from /opt/airflow/dags/f1_pipeline_dag.py
[2026-10-07T10:54:47.123+0000] {logging_mixin.py:188} INFO - [2026-10-07T10:54:47.123+0000] {dag.py:3096} INFO - Sync 1 DAGs
[2026-10-07T10:54:47.132+0000] {logging_mixin.py:188} INFO - [2026-10-07T10:54:47.131+0000] {dag.py:3954} INFO - Setting next_dagrun for f1_data_analytics to None, run_after=None
[2026-10-07T10:54:47.148+0000] {processor.py:183} INFO - Processing /opt/airflow/dags/f1_pipeline_dag.py took 0.108 seconds
[2026-10-07T10:55:17.358+0000] {processor.py:161} INFO - Started process (PID=5341) to work on /opt/airflow/dags/f1_pipeline_dag.py
[2026-10-07T10:55:17.359+0000] {processor.py:830} INFO - Processing file /opt/airflow/dags/f1_pipeline_dag.py for tasks to queue
[2026-10-07T10:55:17.360+0000] {logging_mixin.py:188} INFO - [2026-10-07T10:55:17.360+0000] {dagbag.py:545} INFO - Filling up the DagBag from /opt/airflow/dags/f1_pipeline_dag.py
[2026-10-07T10:55:17.380+0000] {processor.py:840} INFO - DAG(s) 'f1_data_analytics' retrieved from /opt/airflow/dags/f1_pipeline_dag.py
[2026-10-07T10:55:17.426+0000] {logging_mixin.py:188} INFO - [2026-10-07T10:55:17.426+0000] {dag.py:3096} INFO - Sync 1 DAGs
[2026-10-07T10:55:17.437+0000] {logging_mixin.py:188} INFO - [2026-10-07T10:55:17.436+0000] {dag.py:3954} INFO - Setting next_dagrun for f1_data_analytics to None, run_after=None
[2026-10-07T10:55:17.452+0000] {processor.py:183} INFO - Processing /opt/airflow/dags/f1_pipeline_dag.py took 0.104 seconds
[2026-10-07T11:04:47.935+0000] {processor.py:161} INFO - Started process (PID=5342) to work on /opt/airflow/dags/f1_pipeline_dag.py
[2026-10-07T11:04:47.938+0000] {processor.py:830} INFO - Processing file /opt/airflow/dags/f1_pipeline_dag.py for tasks to queue
[2026-10-07T11:04:47.940+0000] {logging_mixin.py:188} INFO - [2026-10-07T11:04:47.939+0000] {dagbag.py:545} INFO - Filling up the DagBag from /opt/airflow/dags/f1_pipeline_dag.py
[2026-10-07T11:04:47.952+0000] {processor.py:840} INFO - DAG(s) 'f1_data_analytics' retrieved from /opt/airflow/dags/f1_pipeline_dag.py
[2026-10-07T11:04:47.983+0000] {logging_mixin.py:188} INFO - [2026-10-07T11:04:47.983+0000] {dag.py:3096} INFO - Sync 1 DAGs
[2026-10-07T11:04:47.995+0000] {logging_mixin.py:188} INFO - [2026-10-07T11:04:47.994+0000] {dag.py:3954} INFO - Setting next_dagrun for f1_data_analytics to None, run_after=None
[2026-10-07T11:04:48.027+0000] {processor.py:183} INFO - Processing /opt/airflow/dags/f1_pipeline_dag.py took 0.104 seconds
[2026-10-07T11:05:18.451+0000] {processor.py:161} INFO - Started process (PID=5343) to work on /opt/airflow/dags/f1_pipeline_dag.py
[2026-10-07T11:05:18.452+0000] {processor.py:830} INFO - Processing file /opt/airflow/dags/f1_pipeline_dag.py for tasks to queue
[2026-10-07T11:05:18.453+0000] {logging_mixin.py:188} INFO - [2026-10-07T11:05:18.453+0000] {dagbag.py:545} INFO - Filling up the DagBag from /opt/airflow/dags/f1_pipeline_dag.py
[2026-10-07T11:05:18.474+0000] {processor.py:840} INFO - DAG(s) 'f1_data_analytics' retrieved from /opt/airflow/dags/f1_pipeline_dag.py
[2026-10-07T11:05:18.520+0000] {logging_mixin.py:188} INFO - [2026-10-07T11:05:18.520+0000] {dag.py:3096} INFO - Sync 1 DAGs
[2026-10-07T11:05:18.530+0000] {logging_mixin.py:188} INFO - [2026-10-07T11:05:18.529+0000] {dag.py:3954} INFO - Setting next_dagrun for f1_data_analytics to None, run_after=None
[2026-10-07T11:05:18.543+0000] {processor.py:183} INFO - Processing /opt/airflow/dags/f1_pipeline_dag.py took 0.103 seconds
[2026-10-07T11:05:48.728+0000] {processor.py:161} INFO - Started process (PID=5344) to work on /opt/airflow/dags/f1_pipeline_dag.py
[2026-10-07T11:05:48.729+0000] {processor.py:830} INFO - Processing file /opt/airflow/dags/f1_pipeline_dag.py for tasks to queue
[2026-10-07T11:05:48.730+0000] {logging_mixin.py:188} INFO - [2026-10-07T11:05:48.730+0000] {dagbag.py:545} INFO - Filling up the DagBag from /opt/airflow/dags/f1_pipeline_dag.py
[2026-10-07T11:05:48.750+0000] {processor.py:840} INFO - DAG(s) 'f1_data_analytics' retrieved from /opt/airflow/dags/f1_pipeline_dag.py
[2026-10-07T11:05:48.796+0000] {logging_mixin.py:188} INFO - [2026-10-07T11:05:48.796+0000] {dag.py:3096} INFO - Sync 1 DAGs
[2026-10-07T11:05:48.805+0000] {logging_mixin.py:188} INFO - [2026-10-07T11:05:48.804+0000] {dag.py:3954} INFO - Setting next_dagrun for f1_data_analytics to None, run_after=None
[2026-10-07T11:05:48.820+0000] {processor.py:183} INFO - Processing /opt/airflow/dags/f1_pipeline_dag.py took 0.102 seconds
[2026-10-07T11:06:19.247+0000] {processor.py:161} INFO - Started process (PID=5345) to work on /opt/airflow/dags/f1_pipeline_dag.py
[2026-10-07T11:06:19.251+0000] {processor.py:830} INFO - Processing file /opt/airflow/dags/f1_pipeline_dag.py for tasks to queue
[2026-10-07T11:06:19.252+0000] {logging_mixin.py:188} INFO - [2026-10-07T11:06:19.251+0000] {dagbag.py:545} INFO - Filling up the DagBag from /opt/airflow/dags/f1_pipeline_dag.py
[2026-10-07T11:06:19.268+0000] {processor.py:840} INFO - DAG(s) 'f1_data_analytics' retrieved from /opt/airflow/dags/f1_pipeline_dag.py
[2026-10-07T11:06:19.303+0000] {logging_mixin.py:188} INFO - [2026-10-07T11:06:19.303+0000] {dag.py:3096} INFO - Sync 1 DAGs
[2026-10-07T11:06:19.312+0000] {logging_mixin.py:188} INFO - [2026-10-07T11:06:19.312+0000] {dag.py:3954} INFO - Setting next_dagrun for f1_data_analytics to None, run_after=None
[2026-10-07T11:06:19.330+0000] {processor.py:183} INFO - Processing /opt/airflow/dags/f1_pipeline_dag.py took 0.094 seconds
[2026-10-07T11:06:49.659+0000] {processor.py:161} INFO - Started process (PID=5346) to work on /opt/airflow/dags/f1_pipeline_dag.py
[2026-10-07T11:06:49.660+0000] {processor.py:830} INFO - Processing file /opt/airflow/dags/f1_pipeline_dag.py for tasks to queue
[2026-10-07T11:06:49.661+0000] {logging_mixin.py:188} INFO - [2026-10-07T11:06:49.661+0000] {dagbag.py:545} INFO - Filling up the DagBag from /opt/airflow/dags/f1_pipeline_dag.py
[2026-10-07T11:06:49.681+0000] {processor.py:840} INFO - DAG(s) 'f1_data_analytics' retrieved from /opt/airflow/dags/f1_pipeline_dag.py
[2026-10-07T11:06:49.726+0000] {logging_mixin.py:188} INFO - [2026-10-07T11:06:49.726+0000] {dag.py:3096} INFO - Sync 1 DAGs
[2026-10-07T11:06:49.736+0000] {logging_mixin.py:188} INFO - [2026-10-07T11:06:49.736+0000] {dag.py:3954} INFO - Setting next_dagrun for f1_data_analytics to None, run_after=None
[2026-10-07T11:06:49.752+0000] {processor.py:183} INFO - Processing /opt/airflow/dags/f1_pipeline_dag.py took 0.104 seconds
[2026-10-07T11:07:20.127+0000] {processor.py:161} INFO - Started process (PID=5347) to work on /opt/airflow/dags/f1_pipeline_dag.py
[2026-10-07T11:07:20.129+0000] {processor.py:830} INFO - Processing file /opt/airflow/dags/f1_pipeline_dag.py for tasks to queue
[2026-10-07T11:07:20.130+0000] {logging_mixin.py:188} INFO - [2026-10-07T11:07:20.130+0000] {dagbag.py:545} INFO - Filling up the DagBag from /opt/airflow/dags/f1_pipeline_dag.py
[2026-10-07T11:07:20.141+0000] {processor.py:840} INFO - DAG(s) 'f1_data_analytics' retrieved from /opt/airflow/dags/f1_pipeline_dag.py
[2026-10-07T11:07:20.174+0000] {logging_mixin.py:188} INFO - [2026-10-07T11:07:20.174+0000] {dag.py:3096} INFO - Sync 1 DAGs
[2026-10-07T11:07:20.183+0000] {logging_mixin.py:188} INFO - [2026-10-07T11:07:20.183+0000] {dag.py:3954} INFO - Setting next_dagrun for f1_data_analytics to None, run_after=None
[2026-10-07T11:07:20.200+0000] {processor.py:183} INFO - Processing /opt/airflow/dags/f1_pipeline_dag.py took 0.078 seconds
[2026-10-07T11:07:50.337+0000] {processor.py:161} INFO - Started process (PID=5348) to work on /opt/airflow/dags/f1_pipeline_dag.py
[2026-10-07T11:07:50.339+0000] {processor.py:830} INFO - Processing file /opt/airflow/dags/f1_pipeline_dag.py for tasks to queue
[2026-10-07T11:07:50.340+0000] {logging_mixin.py:188} INFO - [2026-10-07T11:07:50.339+0000] {dagbag.py:545} INFO - Filling up the DagBag from /opt/airflow/dags/f1_pipeline_dag.py
[2026-10-07T11:07:50.360+0000] {processor.py:840} INFO - DAG(s) 'f1_data_analytics' retrieved from /opt/airflow/dags/f1_pipeline_dag.py
[2026-10-07T11:07:50.396+0000] {logging_mixin.py:188} INFO - [2026-10-07T11:07:50.396+0000] {dag.py:3096} INFO - Sync 1 DAGs
[2026-10-07T11:07:50.408+0000] {logging_mixin.py:188} INFO - [2026-10-07T11:07:50.407+0000] {dag.py:3954} INFO - Setting next_dagrun for f1_data_analytics to None, run_after=None
[2026-10-07T11:07:50.424+0000] {processor.py:183} INFO - Processing /opt/airflow/dags/f1_pipeline_dag.py took 0.098 seconds
[2026-10-07T11:08:20.895+0000] {processor.py:161} INFO - Started process (PID=5349) to work on /opt/airflow/dags/f1_pipeline_dag.py
[2026-10-07T11:08:20.898+0000] {processor.py:830} INFO - Processing file /opt/airflow/dags/f1_pipeline_dag.py for tasks to queue
[2026-10-07T11:08:20.900+0000] {logging_mixin.py:188} INFO - [2026-10-07T11:08:20.899+0000] {dagbag.py:545} INFO - Filling up the DagBag from /opt/airflow/dags/f1_pipeline_dag.py
[2026-10-07T11:08:20.919+0000] {processor.py:840} INFO - DAG(s) 'f1_data_analytics' retrieved from /opt/airflow/dags/f1_pipeline_dag.py
[2026-10-07T11:08:20.969+0000] {logging_mixin.py:188} INFO - [2026-10-07T11:08:20.969+0000] {dag.py:3096} INFO - Sync 1 DAGs
[2026-10-07T11:08:20.979+0000] {logging_mixin.py:188} INFO - [2026-10-07T11:08:20.978+0000] {dag.py:3954} INFO - Setting next_dagrun for f1_data_analytics to None, run_after=None
[2026-10-07T11:08:20.993+0000] {processor.py:183} INFO - Processing /opt/airflow/dags/f1_pipeline_dag.py took 0.108 seconds
[2026-10-07T11:08:51.444+0000] {processor.py:161} INFO - Started process (PID=5350) to work on /opt/airflow/dags/f1_pipeline_dag.py
[2026-10-07T11:08:51.445+0000] {processor.py:830} INFO - Processing file /opt/airflow/dags/f1_pipeline_dag.py for tasks to queue
[2026-10-07T11:08:51.447+0000] {logging_mixin.py:188} INFO - [2026-10-07T11:08:51.446+0000] {dagbag.py:545} INFO - Filling up the DagBag from /opt/airflow/dags/f1_pipeline_dag.py
[2026-10-07T11:08:51.465+0000] {processor.py:840} INFO - DAG(s) 'f1_data_analytics' retrieved from /opt/airflow/dags/f1_pipeline_dag.py
[2026-10-07T11:08:51.512+0000] {logging_mixin.py:188} INFO - [2026-10-07T11:08:51.512+0000] {dag.py:3096} INFO - Sync 1 DAGs
[2026-10-07T11:08:51.521+0000] {logging_mixin.py:188} INFO - [2026-10-07T11:08:51.521+0000] {dag.py:3954} INFO - Setting next_dagrun for f1_data_analytics to None, run_after=None
[2026-10-07T11:08:51.536+0000] {processor.py:183} INFO - Processing /opt/airflow/dags/f1_pipeline_dag.py took 0.101 seconds
[2026-10-07T11:09:21.696+0000] {processor.py:161} INFO - Started process (PID=5351) to work on /opt/airflow/dags/f1_pipeline_dag.py
[2026-10-07T11:09:21.705+0000] {processor.py:830} INFO - Processing file /opt/airflow/dags/f1_pipeline_dag.py for tasks to queue
[2026-10-07T11:09:21.707+0000] {logging_mixin.py:188} INFO - [2026-10-07T11:09:21.706+0000] {dagbag.py:545} INFO - Filling up the DagBag from /opt/airflow/dags/f1_pipeline_dag.py
[2026-10-07T11:09:21.726+0000] {processor.py:840} INFO - DAG(s) 'f1_data_analytics' retrieved from /opt/airflow/dags/f1_pipeline_dag.py
[2026-10-07T11:09:21.778+0000] {logging_mixin.py:188} INFO - [2026-10-07T11:09:21.778+0000] {dag.py:3096} INFO - Sync 1 DAGs
[2026-10-07T11:09:21.787+0000] {logging_mixin.py:188} INFO - [2026-10-07T11:09:21.786+0000] {dag.py:3954} INFO - Setting next_dagrun for f1_data_analytics to None, run_after=None
[2026-10-07T11:09:21.801+0000] {processor.py:183} INFO - Processing /opt/airflow/dags/f1_pipeline_dag.py took 0.115 seconds
[2026-10-07T11:09:52.331+0000] {processor.py:161} INFO - Started process (PID=5352) to work on /opt/airflow/dags/f1_pipeline_dag.py
[2026-10-07T11:09:52.334+0000] {processor.py:830} INFO - Processing file /opt/airflow/dags/f1_pipeline_dag.py for tasks to queue
[2026-10-07T11:09:52.336+0000] {logging_mixin.py:188} INFO - [2026-10-07T11:09:52.335+0000] {dagbag.py:545} INFO - Filling up the DagBag from /opt/airflow/dags/f1_pipeline_dag.py
[2026-10-07T11:09:52.355+0000] {processor.py:840} INFO - DAG(s) 'f1_data_analytics' retrieved from /opt/airflow/dags/f1_pipeline_dag.py
[2026-10-07T11:09:52.402+0000] {logging_mixin.py:188} INFO - [2026-10-07T11:09:52.402+0000] {dag.py:3096} INFO - Sync 1 DAGs
[2026-10-07T11:09:52.412+0000] {logging_mixin.py:188} INFO - [2026-10-07T11:09:52.411+0000] {dag.py:3954} INFO - Setting next_dagrun for f1_data_analytics to None, run_after=None
[2026-10-07T11:09:52.427+0000] {processor.py:183} INFO - Processing /opt/airflow/dags/f1_pipeline_dag.py took 0.106 seconds
[2026-10-07T11:10:22.873+0000] {processor.py:161} INFO - Started process (PID=5353) to work on /opt/airflow/dags/f1_pipeline_dag.py
[2026-10-07T11:10:22.876+0000] {processor.py:830} INFO - Processing file /opt/airflow/dags/f1_pipeline_dag.py for tasks to queue
[2026-10-07T11:10:22.878+0000] {logging_mixin.py:188} INFO - [2026-10-07T11:10:22.877+0000] {dagbag.py:545} INFO - Filling up the DagBag from /opt/airflow/dags/f1_pipeline_dag.py
[2026-10-07T11:10:22.897+0000] {processor.py:840} INFO - DAG(s) 'f1_data_analytics' retrieved from /opt/airflow/dags/f1_pipeline_dag.py
[2026-10-07T11:10:22.944+0000] {logging_mixin.py:188} INFO - [2026-10-07T11:10:22.944+0000] {dag.py:3096} INFO - Sync 1 DAGs
[2026-10-07T11:10:22.954+0000] {logging_mixin.py:188} INFO - [2026-10-07T11:10:22.954+0000] {dag.py:3954} INFO - Setting next_dagrun for f1_data_analytics to None, run_after=None
[2026-10-07T11:10:22.970+0000] {processor.py:183} INFO - Processing /opt/airflow/dags/f1_pipeline_dag.py took 0.107 seconds
[2026-10-07T11:10:53.414+0000] {processor.py:161} INFO - Started process (PID=5354) to work on /opt/airflow/dags/f1_pipeline_dag.py
[2026-10-07T11:10:53.416+0000] {processor.py:830} INFO - Processing file /opt/airflow/dags/f1_pipeline_dag.py for tasks to queue
[2026-10-07T11:10:53.418+0000] {logging_mixin.py:188} INFO - [2026-10-07T11:10:53.417+0000] {dagbag.py:545} INFO - Filling up the DagBag from /opt/airflow/dags/f1_pipeline_dag.py
[2026-10-07T11:10:53.436+0000] {processor.py:840} INFO - DAG(s) 'f1_data_analytics' retrieved from /opt/airflow/dags/f1_pipeline_dag.py
[2026-10-07T11:10:53.483+0000] {logging_mixin.py:188} INFO - [2026-10-07T11:10:53.483+0000] {dag.py:3096} INFO - Sync 1 DAGs
[2026-10-07T11:10:53.493+0000] {logging_mixin.py:188} INFO - [2026-10-07T11:10:53.493+0000] {dag.py:3954} INFO - Setting next_dagrun for f1_data_analytics to None, run_after=None
[2026-10-07T11:10:53.508+0000] {processor.py:183} INFO - Processing /opt/airflow/dags/f1_pipeline_dag.py took 0.104 seconds
[2026-10-07T11:11:23.959+0000] {processor.py:161} INFO - Started process (PID=5355) to work on /opt/airflow/dags/f1_pipeline_dag.py
[2026-10-07T11:11:23.960+0000] {processor.py:830} INFO - Processing file /opt/airflow/dags/f1_pipeline_dag.py for tasks to queue
[2026-10-07T11:11:23.962+0000] {logging_mixin.py:188} INFO - [2026-10-07T11:11:23.961+0000] {dagbag.py:545} INFO - Filling up the DagBag from /opt/airflow/dags/f1_pipeline_dag.py
[2026-10-07T11:11:23.980+0000] {processor.py:840} INFO - DAG(s) 'f1_data_analytics' retrieved from /opt/airflow/dags/f1_pipeline_dag.py
[2026-10-07T11:11:24.029+0000] {logging_mixin.py:188} INFO - [2026-10-07T11:11:24.028+0000] {dag.py:3096} INFO - Sync 1 DAGs
[2026-10-07T11:11:24.037+0000] {logging_mixin.py:188} INFO - [2026-10-07T11:11:24.037+0000] {dag.py:3954} INFO - Setting next_dagrun for f1_data_analytics to None, run_after=None
[2026-10-07T11:11:24.052+0000] {processor.py:183} INFO - Processing /opt/airflow/dags/f1_pipeline_dag.py took 0.102 seconds
[2026-10-07T11:11:54.526+0000] {processor.py:161} INFO - Started process (PID=5356) to work on /opt/airflow/dags/f1_pipeline_dag.py
[2026-10-07T11:11:54.529+0000] {processor.py:830} INFO - Processing file /opt/airflow/dags/f1_pipeline_dag.py for tasks to queue
[2026-10-07T11:11:54.531+0000] {logging_mixin.py:188} INFO - [2026-10-07T11:11:54.530+0000] {dagbag.py:545} INFO - Filling up the DagBag from /opt/airflow/dags/f1_pipeline_dag.py
[2026-10-07T11:11:54.550+0000] {processor.py:840} INFO - DAG(s) 'f1_data_analytics' retrieved from /opt/airflow/dags/f1_pipeline_dag.py
[2026-10-07T11:11:54.599+0000] {logging_mixin.py:188} INFO - [2026-10-07T11:11:54.598+0000] {dag.py:3096} INFO - Sync 1 DAGs
[2026-10-07T11:11:54.607+0000] {logging_mixin.py:188} INFO - [2026-10-07T11:11:54.607+0000] {dag.py:3954} INFO - Setting next_dagrun for f1_data_analytics to None, run_after=None
[2026-10-07T11:11:54.622+0000] {processor.py:183} INFO - Processing /opt/airflow/dags/f1_pipeline_dag.py took 0.106 seconds
[2026-10-07T11:12:25.041+0000] {processor.py:161} INFO - Started process (PID=5357) to work on /opt/airflow/dags/f1_pipeline_dag.py
[2026-10-07T11:12:25.042+0000] {processor.py:830} INFO - Processing file /opt/airflow/dags/f1_pipeline_dag.py for tasks to queue
[2026-10-07T11:12:25.044+0000] {logging_mixin.py:188} INFO - [2026-10-07T11:12:25.043+0000] {dagbag.py:545} INFO - Filling up the DagBag from /opt/airflow/dags/f1_pipeline_dag.py
[2026-10-07T11:12:25.062+0000] {processor.py:840} INFO - DAG(s) 'f1_data_analytics' retrieved from /opt/airflow/dags/f1_pipeline_dag.py
[2026-10-07T11:12:25.111+0000] {logging_mixin.py:188} INFO - [2026-10-07T11:12:25.110+0000] {dag.py:3096} INFO - Sync 1 DAGs
[2026-10-07T11:12:25.119+0000] {logging_mixin.py:188} INFO - [2026-10-07T11:12:25.119+0000] {dag.py:3954} INFO - Setting next_dagrun for f1_data_analytics to None, run_after=None
[2026-10-07T11:12:25.135+0000] {processor.py:183} INFO - Processing /opt/airflow/dags/f1_pipeline_dag.py took 0.104 seconds
[2026-10-07T11:12:55.613+0000] {processor.py:161} INFO - Started process (PID=5358) to work on /opt/airflow/dags/f1_pipeline_dag.py
[2026-10-07T11:12:55.621+0000] {processor.py:830} INFO - Processing file /opt/airflow/dags/f1_pipeline_dag.py for tasks to queue
[2026-10-07T11:12:55.623+0000] {logging_mixin.py:188} INFO - [2026-10-07T11:12:55.622+0000] {dagbag.py:545} INFO - Filling up the DagBag from /opt/airflow/dags/f1_pipeline_dag.py
[2026-10-07T11:12:55.642+0000] {processor.py:840} INFO - DAG(s) 'f1_data_analytics' retrieved from /opt/airflow/dags/f1_pipeline_dag.py
[2026-10-07T11:12:55.694+0000] {logging_mixin.py:188} INFO - [2026-10-07T11:12:55.693+0000] {dag.py:3096} INFO - Sync 1 DAGs
[2026-10-07T11:12:55.703+0000] {logging_mixin.py:188} INFO - [2026-10-07T11:12:55.703+0000] {dag.py:3954} INFO - Setting next_dagrun for f1_data_analytics to None, run_after=None
[2026-10-07T11:12:55.718+0000] {processor.py:183} INFO - Processing /opt/airflow/dags/f1_pipeline_dag.py took 0.115 seconds
[2026-10-07T11:13:26.181+0000] {processor.py:161} INFO - Started process (PID=5359) to work on /opt/airflow/dags/f1_pipeline_dag.py
[2026-10-07T11:13:26.182+0000] {processor.py:830} INFO - Processing file /opt/airflow/dags/f1_pipeline_dag.py for tasks to queue
[2026-10-07T11:13:26.184+0000] {logging_mixin.py:188} INFO - [2026-10-07T11:13:26.183+0000] {dagbag.py:545} INFO - Filling up the DagBag from /opt/airflow/dags/f1_pipeline_dag.py
[2026-10-07T11:13:26.202+0000] {processor.py:840} INFO - DAG(s) 'f1_data_analytics' retrieved from /opt/airflow/dags/f1_pipeline_dag.py
[2026-10-07T11:13:26.251+0000] {logging_mixin.py:188} INFO - [2026-10-07T11:13:26.251+0000] {dag.py:3096} INFO - Sync 1 DAGs
[2026-10-07T11:13:26.260+0000] {logging_mixin.py:188} INFO - [2026-10-07T11:13:26.260+0000] {dag.py:3954} INFO - Setting next_dagrun for f1_data_analytics to None, run_after=None
[2026-10-07T11:13:26.275+0000] {processor.py:183} INFO - Processing /opt/airflow/dags/f1_pipeline_dag.py took 0.105 seconds
[2026-10-07T11:13:56.754+0000] {processor.py:161} INFO - Started process (PID=5360) to work on /opt/airflow/dags/f1_pipeline_dag.py
[2026-10-07T11:13:56.763+0000] {processor.py:830} INFO - Processing file /opt/airflow/dags/f1_pipeline_dag.py for tasks to queue
[2026-10-07T11:13:56.765+0000] {logging_mixin.py:188} INFO - [2026-10-07T11:13:56.764+0000] {dagbag.py:545} INFO - Filling up the DagBag from /opt/airflow/dags/f1_pipeline_dag.py
[2026-10-07T11:13:56.784+0000] {processor.py:840} INFO - DAG(s) 'f1_data_analytics' retrieved from /opt/airflow/dags/f1_pipeline_dag.py
[2026-10-07T11:13:56.833+0000] {logging_mixin.py:188} INFO - [2026-10-07T11:13:56.833+0000] {dag.py:3096} INFO - Sync 1 DAGs
[2026-10-07T11:13:56.843+0000] {logging_mixin.py:188} INFO - [2026-10-07T11:13:56.843+0000] {dag.py:3954} INFO - Setting next_dagrun for f1_data_analytics to None, run_after=None
[2026-10-07T11:13:56.857+0000] {processor.py:183} INFO - Processing /opt/airflow/dags/f1_pipeline_dag.py took 0.113 seconds
[2026-10-07T11:14:27.312+0000] {processor.py:161} INFO - Started process (PID=5361) to work on /opt/airflow/dags/f1_pipeline_dag.py
[2026-10-07T11:14:27.313+0000] {processor.py:830} INFO - Processing file /opt/airflow/dags/f1_pipeline_dag.py for tasks to queue
[2026-10-07T11:14:27.315+0000] {logging_mixin.py:188} INFO - [2026-10-07T11:14:27.314+0000] {dagbag.py:545} INFO - Filling up the DagBag from /opt/airflow/dags/f1_pipeline_dag.py
[2026-10-07T11:14:27.334+0000] {processor.py:840} INFO - DAG(s) 'f1_data_analytics' retrieved from /opt/airflow/dags/f1_pipeline_dag.py
[2026-10-07T11:14:27.382+0000] {logging_mixin.py:188} INFO - [2026-10-07T11:14:27.382+0000] {dag.py:3096} INFO - Sync 1 DAGs
[2026-10-07T11:14:27.391+0000] {logging_mixin.py:188} INFO - [2026-10-07T11:14:27.390+0000] {dag.py:3954} INFO - Setting next_dagrun for f1_data_analytics to None, run_after=None
[2026-10-07T11:14:27.405+0000] {processor.py:183} INFO - Processing /opt/airflow/dags/f1_pipeline_dag.py took 0.104 seconds
[2026-10-07T11:14:57.873+0000] {processor.py:161} INFO - Started process (PID=5362) to work on /opt/airflow/dags/f1_pipeline_dag.py
[2026-10-07T11:14:57.881+0000] {processor.py:830} INFO - Processing file /opt/airflow/dags/f1_pipeline_dag.py for tasks to queue
[2026-10-07T11:14:57.883+0000] {logging_mixin.py:188} INFO - [2026-10-07T11:14:57.882+0000] {dagbag.py:545} INFO - Filling up the DagBag from /opt/airflow/dags/f1_pipeline_dag.py
[2026-10-07T11:14:57.902+0000] {processor.py:840} INFO - DAG(s) 'f1_data_analytics' retrieved from /opt/airflow/dags/f1_pipeline_dag.py
[2026-10-07T11:14:57.952+0000] {logging_mixin.py:188} INFO - [2026-10-07T11:14:57.952+0000] {dag.py:3096} INFO - Sync 1 DAGs
[2026-10-07T11:14:57.961+0000] {logging_mixin.py:188} INFO - [2026-10-07T11:14:57.961+0000] {dag.py:3954} INFO - Setting next_dagrun for f1_data_analytics to None, run_after=None
[2026-10-07T11:14:57.976+0000] {processor.py:183} INFO - Processing /opt/airflow/dags/f1_pipeline_dag.py took 0.113 seconds
[2026-10-07T11:15:28.242+0000] {processor.py:161} INFO - Started process (PID=5363) to work on /opt/airflow/dags/f1_pipeline_dag.py
[2026-10-07T11:15:28.243+0000] {processor.py:830} INFO - Processing file /opt/airflow/dags/f1_pipeline_dag.py for tasks to queue
[2026-10-07T11:15:28.245+0000] {logging_mixin.py:188} INFO - [2026-10-07T11:15:28.244+0000] {dagbag.py:545} INFO - Filling up the DagBag from /opt/airflow/dags/f1_pipeline_dag.py
[2026-10-07T11:15:28.264+0000] {processor.py:840} INFO - DAG(s) 'f1_data_analytics' retrieved from /opt/airflow/dags/f1_pipeline_dag.py
[2026-10-07T11:15:28.312+0000] {logging_mixin.py:188} INFO - [2026-10-07T11:15:28.312+0000] {dag.py:3096} INFO - Sync 1 DAGs
[2026-10-07T11:15:28.321+0000] {logging_mixin.py:188} INFO - [2026-10-07T11:15:28.320+0000] {dag.py:3954} INFO - Setting next_dagrun for f1_data_analytics to None, run_after=None
[2026-10-07T11:15:28.335+0000] {processor.py:183} INFO - Processing /opt/airflow/dags/f1_pipeline_dag.py took 0.104 seconds
[2026-10-07T11:15:58.599+0000] {processor.py:161} INFO - Started process (PID=5364) to work on /opt/airflow/dags/f1_pipeline_dag.py
[2026-10-07T11:15:58.608+0000] {processor.py:830} INFO - Processing file /opt/airflow/dags/f1_pipeline_dag.py for tasks to queue
[2026-10-07T11:15:58.610+0000] {logging_mixin.py:188} INFO - [2026-10-07T11:15:58.609+0000] {dagbag.py:545} INFO - Filling up the DagBag from /opt/airflow/dags/f1_pipeline_dag.py
[2026-10-07T11:15:58.630+0000] {processor.py:840} INFO - DAG(s) 'f1_data_analytics' retrieved from /opt/airflow/dags/f1_pipeline_dag.py
[2026-10-07T11:15:58.679+0000] {logging_mixin.py:188} INFO - [2026-10-07T11:15:58.678+0000] {dag.py:3096} INFO - Sync 1 DAGs
[2026-10-07T11:15:58.687+0000] {logging_mixin.py:188} INFO - [2026-10-07T11:15:58.687+0000] {dag.py:3954} INFO - Setting next_dagrun for f1_data_analytics to None, run_after=None
[2026-10-07T11:15:58.702+0000] {processor.py:183} INFO - Processing /opt/airflow/dags/f1_pipeline_dag.py took 0.113 seconds
[2026-10-07T11:16:28.947+0000] {processor.py:161} INFO - Started process (PID=5365) to work on /opt/airflow/dags/f1_pipeline_dag.py
[2026-10-07T11:16:28.948+0000] {processor.py:830} INFO - Processing file /opt/airflow/dags/f1_pipeline_dag.py for tasks to queue
[2026-10-07T11:16:28.948+0000] {logging_mixin.py:188} INFO - [2026-10-07T11:16:28.948+0000] {dagbag.py:545} INFO - Filling up the DagBag from /opt/airflow/dags/f1_pipeline_dag.py
[2026-10-07T11:16:28.958+0000] {processor.py:840} INFO - DAG(s) 'f1_data_analytics' retrieved from /opt/airflow/dags/f1_pipeline_dag.py
[2026-10-07T11:16:28.992+0000] {logging_mixin.py:188} INFO - [2026-10-07T11:16:28.992+0000] {dag.py:3096} INFO - Sync 1 DAGs
[2026-10-07T11:16:29.001+0000] {logging_mixin.py:188} INFO - [2026-10-07T11:16:29.001+0000] {dag.py:3954} INFO - Setting next_dagrun for f1_data_analytics to None, run_after=None
[2026-10-07T11:16:29.018+0000] {processor.py:183} INFO - Processing /opt/airflow/dags/f1_pipeline_dag.py took 0.075 seconds
[2026-10-07T11:16:59.143+0000] {processor.py:161} INFO - Started process (PID=5366) to work on /opt/airflow/dags/f1_pipeline_dag.py
[2026-10-07T11:16:59.145+0000] {processor.py:830} INFO - Processing file /opt/airflow/dags/f1_pipeline_dag.py for tasks to queue
[2026-10-07T11:16:59.145+0000] {logging_mixin.py:188} INFO - [2026-10-07T11:16:59.145+0000] {dagbag.py:545} INFO - Filling up the DagBag from /opt/airflow/dags/f1_pipeline_dag.py
[2026-10-07T11:16:59.155+0000] {processor.py:840} INFO - DAG(s) 'f1_data_analytics' retrieved from /opt/airflow/dags/f1_pipeline_dag.py
[2026-10-07T11:16:59.188+0000] {logging_mixin.py:188} INFO - [2026-10-07T11:16:59.187+0000] {dag.py:3096} INFO - Sync 1 DAGs
[2026-10-07T11:16:59.198+0000] {logging_mixin.py:188} INFO - [2026-10-07T11:16:59.198+0000] {dag.py:3954} INFO - Setting next_dagrun for f1_data_analytics to None, run_after=None
[2026-10-07T11:16:59.215+0000] {processor.py:183} INFO - Processing /opt/airflow/dags/f1_pipeline_dag.py took 0.076 seconds
[2026-10-07T11:17:29.395+0000] {processor.py:161} INFO - Started process (PID=5367) to work on /opt/airflow/dags/f1_pipeline_dag.py
[2026-10-07T11:17:29.397+0000] {processor.py:830} INFO - Processing file /opt/airflow/dags/f1_pipeline_dag.py for tasks to queue
[2026-10-07T11:17:29.398+0000] {logging_mixin.py:188} INFO - [2026-10-07T11:17:29.398+0000] {dagbag.py:545} INFO - Filling up the DagBag from /opt/airflow/dags/f1_pipeline_dag.py
[2026-10-07T11:17:29.418+0000] {processor.py:840} INFO - DAG(s) 'f1_data_analytics' retrieved from /opt/airflow/dags/f1_pipeline_dag.py
[2026-10-07T11:17:29.458+0000] {logging_mixin.py:188} INFO - [2026-10-07T11:17:29.457+0000] {dag.py:3096} INFO - Sync 1 DAGs
[2026-10-07T11:17:29.468+0000] {logging_mixin.py:188} INFO - [2026-10-07T11:17:29.467+0000] {dag.py:3954} INFO - Setting next_dagrun for f1_data_analytics to None, run_after=None
[2026-10-07T11:17:29.484+0000] {processor.py:183} INFO - Processing /opt/airflow/dags/f1_pipeline_dag.py took 0.098 seconds
[2026-10-07T11:17:59.748+0000] {processor.py:161} INFO - Started process (PID=5368) to work on /opt/airflow/dags/f1_pipeline_dag.py
[2026-10-07T11:17:59.751+0000] {processor.py:830} INFO - Processing file /opt/airflow/dags/f1_pipeline_dag.py for tasks to queue
[2026-10-07T11:17:59.752+0000] {logging_mixin.py:188} INFO - [2026-10-07T11:17:59.752+0000] {dagbag.py:545} INFO - Filling up the DagBag from /opt/airflow/dags/f1_pipeline_dag.py
[2026-10-07T11:17:59.771+0000] {processor.py:840} INFO - DAG(s) 'f1_data_analytics' retrieved from /opt/airflow/dags/f1_pipeline_dag.py
[2026-10-07T11:17:59.816+0000] {logging_mixin.py:188} INFO - [2026-10-07T11:17:59.816+0000] {dag.py:3096} INFO - Sync 1 DAGs
[2026-10-07T11:17:59.825+0000] {logging_mixin.py:188} INFO - [2026-10-07T11:17:59.825+0000] {dag.py:3954} INFO - Setting next_dagrun for f1_data_analytics to None, run_after=None
[2026-10-07T11:17:59.841+0000] {processor.py:183} INFO - Processing /opt/airflow/dags/f1_pipeline_dag.py took 0.104 seconds
[2026-10-07T11:18:30.094+0000] {processor.py:161} INFO - Started process (PID=5369) to work on /opt/airflow/dags/f1_pipeline_dag.py
[2026-10-07T11:18:30.095+0000] {processor.py:830} INFO - Processing file /opt/airflow/dags/f1_pipeline_dag.py for tasks to queue
[2026-10-07T11:18:30.096+0000] {logging_mixin.py:188} INFO - [2026-10-07T11:18:30.096+0000] {dagbag.py:545} INFO - Filling up the DagBag from /opt/airflow/dags/f1_pipeline_dag.py
[2026-10-07T11:18:30.117+0000] {processor.py:840} INFO - DAG(s) 'f1_data_analytics' retrieved from /opt/airflow/dags/f1_pipeline_dag.py
[2026-10-07T11:18:30.162+0000] {logging_mixin.py:188} INFO - [2026-10-07T11:18:30.161+0000] {dag.py:3096} INFO - Sync 1 DAGs
[2026-10-07T11:18:30.171+0000] {logging_mixin.py:188} INFO - [2026-10-07T11:18:30.171+0000] {dag.py:3954} INFO - Setting next_dagrun for f1_data_analytics to None, run_after=None
[2026-10-07T11:18:30.186+0000] {processor.py:183} INFO - Processing /opt/airflow/dags/f1_pipeline_dag.py took 0.103 seconds
[2026-10-07T11:19:00.353+0000] {processor.py:161} INFO - Started process (PID=5371) to work on /opt/airflow/dags/f1_pipeline_dag.py
[2026-10-07T11:19:00.356+0000] {processor.py:830} INFO - Processing file /opt/airflow/dags/f1_pipeline_dag.py for tasks to queue
[2026-10-07T11:19:00.357+0000] {logging_mixin.py:188} INFO - [2026-10-07T11:19:00.357+0000] {dagbag.py:545} INFO - Filling up the DagBag from /opt/airflow/dags/f1_pipeline_dag.py
[2026-10-07T11:19:00.376+0000] {processor.py:840} INFO - DAG(s) 'f1_data_analytics' retrieved from /opt/airflow/dags/f1_pipeline_dag.py
[2026-10-07T11:19:00.421+0000] {logging_mixin.py:188} INFO - [2026-10-07T11:19:00.421+0000] {dag.py:3096} INFO - Sync 1 DAGs
[2026-10-07T11:19:00.431+0000] {logging_mixin.py:188} INFO - [2026-10-07T11:19:00.431+0000] {dag.py:3954} INFO - Setting next_dagrun for f1_data_analytics to None, run_after=None
[2026-10-07T11:19:00.446+0000] {processor.py:183} INFO - Processing /opt/airflow/dags/f1_pipeline_dag.py took 0.103 seconds
[2026-10-07T11:19:30.704+0000] {processor.py:161} INFO - Started process (PID=5372) to work on /opt/airflow/dags/f1_pipeline_dag.py
[2026-10-07T11:19:30.708+0000] {processor.py:830} INFO - Processing file /opt/airflow/dags/f1_pipeline_dag.py for tasks to queue
[2026-10-07T11:19:30.709+0000] {logging_mixin.py:188} INFO - [2026-10-07T11:19:30.709+0000] {dagbag.py:545} INFO - Filling up the DagBag from /opt/airflow/dags/f1_pipeline_dag.py
[2026-10-07T11:19:30.727+0000] {processor.py:840} INFO - DAG(s) 'f1_data_analytics' retrieved from /opt/airflow/dags/f1_pipeline_dag.py
[2026-10-07T11:19:30.774+0000] {logging_mixin.py:188} INFO - [2026-10-07T11:19:30.774+0000] {dag.py:3096} INFO - Sync 1 DAGs
[2026-10-07T11:19:30.783+0000] {logging_mixin.py:188} INFO - [2026-10-07T11:19:30.783+0000] {dag.py:3954} INFO - Setting next_dagrun for f1_data_analytics to None, run_after=None
[2026-10-07T11:19:30.800+0000] {processor.py:183} INFO - Processing /opt/airflow/dags/f1_pipeline_dag.py took 0.105 seconds
[2026-10-07T11:20:01.054+0000] {processor.py:161} INFO - Started process (PID=5373) to work on /opt/airflow/dags/f1_pipeline_dag.py
[2026-10-07T11:20:01.055+0000] {processor.py:830} INFO - Processing file /opt/airflow/dags/f1_pipeline_dag.py for tasks to queue
[2026-10-07T11:20:01.057+0000] {logging_mixin.py:188} INFO - [2026-10-07T11:20:01.056+0000] {dagbag.py:545} INFO - Filling up the DagBag from /opt/airflow/dags/f1_pipeline_dag.py
[2026-10-07T11:20:01.075+0000] {processor.py:840} INFO - DAG(s) 'f1_data_analytics' retrieved from /opt/airflow/dags/f1_pipeline_dag.py
[2026-10-07T11:20:01.123+0000] {logging_mixin.py:188} INFO - [2026-10-07T11:20:01.123+0000] {dag.py:3096} INFO - Sync 1 DAGs
[2026-10-07T11:20:01.133+0000] {logging_mixin.py:188} INFO - [2026-10-07T11:20:01.133+0000] {dag.py:3954} INFO - Setting next_dagrun for f1_data_analytics to None, run_after=None
[2026-10-07T11:20:01.148+0000] {processor.py:183} INFO - Processing /opt/airflow/dags/f1_pipeline_dag.py took 0.103 seconds
[2026-10-07T11:20:31.406+0000] {processor.py:161} INFO - Started process (PID=5374) to work on /opt/airflow/dags/f1_pipeline_dag.py
[2026-10-07T11:20:31.409+0000] {processor.py:830} INFO - Processing file /opt/airflow/dags/f1_pipeline_dag.py for tasks to queue
[2026-10-07T11:20:31.411+0000] {logging_mixin.py:188} INFO - [2026-10-07T11:20:31.410+0000] {dagbag.py:545} INFO - Filling up the DagBag from /opt/airflow/dags/f1_pipeline_dag.py
[2026-10-07T11:20:31.430+0000] {processor.py:840} INFO - DAG(s) 'f1_data_analytics' retrieved from /opt/airflow/dags/f1_pipeline_dag.py
[2026-10-07T11:20:31.479+0000] {logging_mixin.py:188} INFO - [2026-10-07T11:20:31.478+0000] {dag.py:3096} INFO - Sync 1 DAGs
[2026-10-07T11:20:31.488+0000] {logging_mixin.py:188} INFO - [2026-10-07T11:20:31.488+0000] {dag.py:3954} INFO - Setting next_dagrun for f1_data_analytics to None, run_after=None
[2026-10-07T11:20:31.504+0000] {processor.py:183} INFO - Processing /opt/airflow/dags/f1_pipeline_dag.py took 0.108 seconds
[2026-10-07T11:21:01.756+0000] {processor.py:161} INFO - Started process (PID=5375) to work on /opt/airflow/dags/f1_pipeline_dag.py
[2026-10-07T11:21:01.757+0000] {processor.py:830} INFO - Processing file /opt/airflow/dags/f1_pipeline_dag.py for tasks to queue
[2026-10-07T11:21:01.759+0000] {logging_mixin.py:188} INFO - [2026-10-07T11:21:01.758+0000] {dagbag.py:545} INFO - Filling up the DagBag from /opt/airflow/dags/f1_pipeline_dag.py
[2026-10-07T11:21:01.778+0000] {processor.py:840} INFO - DAG(s) 'f1_data_analytics' retrieved from /opt/airflow/dags/f1_pipeline_dag.py
[2026-10-07T11:21:01.824+0000] {logging_mixin.py:188} INFO - [2026-10-07T11:21:01.824+0000] {dag.py:3096} INFO - Sync 1 DAGs
[2026-10-07T11:21:01.833+0000] {logging_mixin.py:188} INFO - [2026-10-07T11:21:01.832+0000] {dag.py:3954} INFO - Setting next_dagrun for f1_data_analytics to None, run_after=None
[2026-10-07T11:21:01.847+0000] {processor.py:183} INFO - Processing /opt/airflow/dags/f1_pipeline_dag.py took 0.102 seconds
[2026-10-07T11:21:32.105+0000] {processor.py:161} INFO - Started process (PID=5376) to work on /opt/airflow/dags/f1_pipeline_dag.py
[2026-10-07T11:21:32.109+0000] {processor.py:830} INFO - Processing file /opt/airflow/dags/f1_pipeline_dag.py for tasks to queue
[2026-10-07T11:21:32.110+0000] {logging_mixin.py:188} INFO - [2026-10-07T11:21:32.110+0000] {dagbag.py:545} INFO - Filling up the DagBag from /opt/airflow/dags/f1_pipeline_dag.py
[2026-10-07T11:21:32.129+0000] {processor.py:840} INFO - DAG(s) 'f1_data_analytics' retrieved from /opt/airflow/dags/f1_pipeline_dag.py
[2026-10-07T11:21:32.177+0000] {logging_mixin.py:188} INFO - [2026-10-07T11:21:32.177+0000] {dag.py:3096} INFO - Sync 1 DAGs
[2026-10-07T11:21:32.186+0000] {logging_mixin.py:188} INFO - [2026-10-07T11:21:32.186+0000] {dag.py:3954} INFO - Setting next_dagrun for f1_data_analytics to None, run_after=None
[2026-10-07T11:21:32.201+0000] {processor.py:183} INFO - Processing /opt/airflow/dags/f1_pipeline_dag.py took 0.105 seconds
[2026-10-07T11:22:02.457+0000] {processor.py:161} INFO - Started process (PID=5377) to work on /opt/airflow/dags/f1_pipeline_dag.py
[2026-10-07T11:22:02.458+0000] {processor.py:830} INFO - Processing file /opt/airflow/dags/f1_pipeline_dag.py for tasks to queue
[2026-10-07T11:22:02.459+0000] {logging_mixin.py:188} INFO - [2026-10-07T11:22:02.459+0000] {dagbag.py:545} INFO - Filling up the DagBag from /opt/airflow/dags/f1_pipeline_dag.py
[2026-10-07T11:22:02.478+0000] {processor.py:840} INFO - DAG(s) 'f1_data_analytics' retrieved from /opt/airflow/dags/f1_pipeline_dag.py
[2026-10-07T11:22:02.525+0000] {logging_mixin.py:188} INFO - [2026-10-07T11:22:02.525+0000] {dag.py:3096} INFO - Sync 1 DAGs
[2026-10-07T11:22:02.534+0000] {logging_mixin.py:188} INFO - [2026-10-07T11:22:02.534+0000] {dag.py:3954} INFO - Setting next_dagrun for f1_data_analytics to None, run_after=None
[2026-10-07T11:22:02.549+0000] {processor.py:183} INFO - Processing /opt/airflow/dags/f1_pipeline_dag.py took 0.102 seconds
[2026-10-07T11:22:32.809+0000] {processor.py:161} INFO - Started process (PID=5378) to work on /opt/airflow/dags/f1_pipeline_dag.py
[2026-10-07T11:22:32.811+0000] {processor.py:830} INFO - Processing file /opt/airflow/dags/f1_pipeline_dag.py for tasks to queue
[2026-10-07T11:22:32.813+0000] {logging_mixin.py:188} INFO - [2026-10-07T11:22:32.812+0000] {dagbag.py:545} INFO - Filling up the DagBag from /opt/airflow/dags/f1_pipeline_dag.py
[2026-10-07T11:22:32.834+0000] {processor.py:840} INFO - DAG(s) 'f1_data_analytics' retrieved from /opt/airflow/dags/f1_pipeline_dag.py
[2026-10-07T11:22:32.881+0000] {logging_mixin.py:188} INFO - [2026-10-07T11:22:32.881+0000] {dag.py:3096} INFO - Sync 1 DAGs
[2026-10-07T11:22:32.889+0000] {logging_mixin.py:188} INFO - [2026-10-07T11:22:32.889+0000] {dag.py:3954} INFO - Setting next_dagrun for f1_data_analytics to None, run_after=None
[2026-10-07T11:22:32.908+0000] {processor.py:183} INFO - Processing /opt/airflow/dags/f1_pipeline_dag.py took 0.110 seconds
[2026-10-07T11:23:03.164+0000] {processor.py:161} INFO - Started process (PID=5379) to work on /opt/airflow/dags/f1_pipeline_dag.py
[2026-10-07T11:23:03.166+0000] {processor.py:830} INFO - Processing file /opt/airflow/dags/f1_pipeline_dag.py for tasks to queue
[2026-10-07T11:23:03.167+0000] {logging_mixin.py:188} INFO - [2026-10-07T11:23:03.167+0000] {dagbag.py:545} INFO - Filling up the DagBag from /opt/airflow/dags/f1_pipeline_dag.py
[2026-10-07T11:23:03.186+0000] {processor.py:840} INFO - DAG(s) 'f1_data_analytics' retrieved from /opt/airflow/dags/f1_pipeline_dag.py
[2026-10-07T11:23:03.234+0000] {logging_mixin.py:188} INFO - [2026-10-07T11:23:03.234+0000] {dag.py:3096} INFO - Sync 1 DAGs
[2026-10-07T11:23:03.244+0000] {logging_mixin.py:188} INFO - [2026-10-07T11:23:03.244+0000] {dag.py:3954} INFO - Setting next_dagrun for f1_data_analytics to None, run_after=None
[2026-10-07T11:23:03.259+0000] {processor.py:183} INFO - Processing /opt/airflow/dags/f1_pipeline_dag.py took 0.104 seconds
[2026-10-07T11:23:33.525+0000] {processor.py:161} INFO - Started process (PID=5380) to work on /opt/airflow/dags/f1_pipeline_dag.py
[2026-10-07T11:23:33.534+0000] {processor.py:830} INFO - Processing file /opt/airflow/dags/f1_pipeline_dag.py for tasks to queue
[2026-10-07T11:23:33.536+0000] {logging_mixin.py:188} INFO - [2026-10-07T11:23:33.535+0000] {dagbag.py:545} INFO - Filling up the DagBag from /opt/airflow/dags/f1_pipeline_dag.py
[2026-10-07T11:23:33.555+0000] {processor.py:840} INFO - DAG(s) 'f1_data_analytics' retrieved from /opt/airflow/dags/f1_pipeline_dag.py
[2026-10-07T11:23:33.602+0000] {logging_mixin.py:188} INFO - [2026-10-07T11:23:33.602+0000] {dag.py:3096} INFO - Sync 1 DAGs
[2026-10-07T11:23:33.612+0000] {logging_mixin.py:188} INFO - [2026-10-07T11:23:33.612+0000] {dag.py:3954} INFO - Setting next_dagrun for f1_data_analytics to None, run_after=None
[2026-10-07T11:23:33.628+0000] {processor.py:183} INFO - Processing /opt/airflow/dags/f1_pipeline_dag.py took 0.114 seconds
[2026-10-07T11:24:03.840+0000] {processor.py:161} INFO - Started process (PID=5381) to work on /opt/airflow/dags/f1_pipeline_dag.py
[2026-10-07T11:24:03.841+0000] {processor.py:830} INFO - Processing file /opt/airflow/dags/f1_pipeline_dag.py for tasks to queue
[2026-10-07T11:24:03.842+0000] {logging_mixin.py:188} INFO - [2026-10-07T11:24:03.842+0000] {dagbag.py:545} INFO - Filling up the DagBag from /opt/airflow/dags/f1_pipeline_dag.py
[2026-10-07T11:24:03.861+0000] {processor.py:840} INFO - DAG(s) 'f1_data_analytics' retrieved from /opt/airflow/dags/f1_pipeline_dag.py
[2026-10-07T11:24:03.909+0000] {logging_mixin.py:188} INFO - [2026-10-07T11:24:03.908+0000] {dag.py:3096} INFO - Sync 1 DAGs
[2026-10-07T11:24:03.918+0000] {logging_mixin.py:188} INFO - [2026-10-07T11:24:03.917+0000] {dag.py:3954} INFO - Setting next_dagrun for f1_data_analytics to None, run_after=None
[2026-10-07T11:24:03.932+0000] {processor.py:183} INFO - Processing /opt/airflow/dags/f1_pipeline_dag.py took 0.104 seconds
[2026-10-07T11:24:34.152+0000] {processor.py:161} INFO - Started process (PID=5382) to work on /opt/airflow/dags/f1_pipeline_dag.py
[2026-10-07T11:24:34.155+0000] {processor.py:830} INFO - Processing file /opt/airflow/dags/f1_pipeline_dag.py for tasks to queue
[2026-10-07T11:24:34.156+0000] {logging_mixin.py:188} INFO - [2026-10-07T11:24:34.156+0000] {dagbag.py:545} INFO - Filling up the DagBag from /opt/airflow/dags/f1_pipeline_dag.py
[2026-10-07T11:24:34.175+0000] {processor.py:840} INFO - DAG(s) 'f1_data_analytics' retrieved from /opt/airflow/dags/f1_pipeline_dag.py
[2026-10-07T11:24:34.224+0000] {logging_mixin.py:188} INFO - [2026-10-07T11:24:34.224+0000] {dag.py:3096} INFO - Sync 1 DAGs
[2026-10-07T11:24:34.233+0000] {logging_mixin.py:188} INFO - [2026-10-07T11:24:34.233+0000] {dag.py:3954} INFO - Setting next_dagrun for f1_data_analytics to None, run_after=None
[2026-10-07T11:24:34.248+0000] {processor.py:183} INFO - Processing /opt/airflow/dags/f1_pipeline_dag.py took 0.107 seconds
[2026-10-07T11:25:04.466+0000] {processor.py:161} INFO - Started process (PID=5383) to work on /opt/airflow/dags/f1_pipeline_dag.py
[2026-10-07T11:25:04.467+0000] {processor.py:830} INFO - Processing file /opt/airflow/dags/f1_pipeline_dag.py for tasks to queue
[2026-10-07T11:25:04.468+0000] {logging_mixin.py:188} INFO - [2026-10-07T11:25:04.467+0000] {dagbag.py:545} INFO - Filling up the DagBag from /opt/airflow/dags/f1_pipeline_dag.py
[2026-10-07T11:25:04.477+0000] {processor.py:840} INFO - DAG(s) 'f1_data_analytics' retrieved from /opt/airflow/dags/f1_pipeline_dag.py
[2026-10-07T11:25:04.515+0000] {logging_mixin.py:188} INFO - [2026-10-07T11:25:04.514+0000] {dag.py:3096} INFO - Sync 1 DAGs
[2026-10-07T11:25:04.524+0000] {logging_mixin.py:188} INFO - [2026-10-07T11:25:04.524+0000] {dag.py:3954} INFO - Setting next_dagrun for f1_data_analytics to None, run_after=None
[2026-10-07T11:25:04.538+0000] {processor.py:183} INFO - Processing /opt/airflow/dags/f1_pipeline_dag.py took 0.077 seconds
[2026-10-07T11:25:34.674+0000] {processor.py:161} INFO - Started process (PID=5384) to work on /opt/airflow/dags/f1_pipeline_dag.py
[2026-10-07T11:25:34.677+0000] {processor.py:830} INFO - Processing file /opt/airflow/dags/f1_pipeline_dag.py for tasks to queue
[2026-10-07T11:25:34.679+0000] {logging_mixin.py:188} INFO - [2026-10-07T11:25:34.678+0000] {dagbag.py:545} INFO - Filling up the DagBag from /opt/airflow/dags/f1_pipeline_dag.py
[2026-10-07T11:25:34.699+0000] {processor.py:840} INFO - DAG(s) 'f1_data_analytics' retrieved from /opt/airflow/dags/f1_pipeline_dag.py
[2026-10-07T11:25:34.743+0000] {logging_mixin.py:188} INFO - [2026-10-07T11:25:34.743+0000] {dag.py:3096} INFO - Sync 1 DAGs
[2026-10-07T11:25:34.751+0000] {logging_mixin.py:188} INFO - [2026-10-07T11:25:34.751+0000] {dag.py:3954} INFO - Setting next_dagrun for f1_data_analytics to None, run_after=None
[2026-10-07T11:25:34.769+0000] {processor.py:183} INFO - Processing /opt/airflow/dags/f1_pipeline_dag.py took 0.105 seconds
[2026-10-07T11:26:04.981+0000] {processor.py:161} INFO - Started process (PID=5385) to work on /opt/airflow/dags/f1_pipeline_dag.py
[2026-10-07T11:26:04.984+0000] {processor.py:830} INFO - Processing file /opt/airflow/dags/f1_pipeline_dag.py for tasks to queue
[2026-10-07T11:26:04.986+0000] {logging_mixin.py:188} INFO - [2026-10-07T11:26:04.985+0000] {dagbag.py:545} INFO - Filling up the DagBag from /opt/airflow/dags/f1_pipeline_dag.py
[2026-10-07T11:26:05.009+0000] {processor.py:840} INFO - DAG(s) 'f1_data_analytics' retrieved from /opt/airflow/dags/f1_pipeline_dag.py
[2026-10-07T11:26:05.051+0000] {logging_mixin.py:188} INFO - [2026-10-07T11:26:05.050+0000] {dag.py:3096} INFO - Sync 1 DAGs
[2026-10-07T11:26:05.060+0000] {logging_mixin.py:188} INFO - [2026-10-07T11:26:05.060+0000] {dag.py:3954} INFO - Setting next_dagrun for f1_data_analytics to None, run_after=None
[2026-10-07T11:26:05.075+0000] {processor.py:183} INFO - Processing /opt/airflow/dags/f1_pipeline_dag.py took 0.104 seconds
[2026-10-07T11:26:35.287+0000] {processor.py:161} INFO - Started process (PID=5386) to work on /opt/airflow/dags/f1_pipeline_dag.py
[2026-10-07T11:26:35.289+0000] {processor.py:830} INFO - Processing file /opt/airflow/dags/f1_pipeline_dag.py for tasks to queue
[2026-10-07T11:26:35.290+0000] {logging_mixin.py:188} INFO - [2026-10-07T11:26:35.289+0000] {dagbag.py:545} INFO - Filling up the DagBag from /opt/airflow/dags/f1_pipeline_dag.py
[2026-10-07T11:26:35.310+0000] {processor.py:840} INFO - DAG(s) 'f1_data_analytics' retrieved from /opt/airflow/dags/f1_pipeline_dag.py
[2026-10-07T11:26:35.359+0000] {logging_mixin.py:188} INFO - [2026-10-07T11:26:35.359+0000] {dag.py:3096} INFO - Sync 1 DAGs
[2026-10-07T11:26:35.367+0000] {logging_mixin.py:188} INFO - [2026-10-07T11:26:35.367+0000] {dag.py:3954} INFO - Setting next_dagrun for f1_data_analytics to None, run_after=None
[2026-10-07T11:26:35.382+0000] {processor.py:183} INFO - Processing /opt/airflow/dags/f1_pipeline_dag.py took 0.105 seconds
[2026-10-07T11:27:05.578+0000] {processor.py:161} INFO - Started process (PID=5387) to work on /opt/airflow/dags/f1_pipeline_dag.py
[2026-10-07T11:27:05.587+0000] {processor.py:830} INFO - Processing file /opt/airflow/dags/f1_pipeline_dag.py for tasks to queue
[2026-10-07T11:27:05.589+0000] {logging_mixin.py:188} INFO - [2026-10-07T11:27:05.588+0000] {dagbag.py:545} INFO - Filling up the DagBag from /opt/airflow/dags/f1_pipeline_dag.py
[2026-10-07T11:27:05.608+0000] {processor.py:840} INFO - DAG(s) 'f1_data_analytics' retrieved from /opt/airflow/dags/f1_pipeline_dag.py
[2026-10-07T11:27:05.658+0000] {logging_mixin.py:188} INFO - [2026-10-07T11:27:05.658+0000] {dag.py:3096} INFO - Sync 1 DAGs
[2026-10-07T11:27:05.668+0000] {logging_mixin.py:188} INFO - [2026-10-07T11:27:05.668+0000] {dag.py:3954} INFO - Setting next_dagrun for f1_data_analytics to None, run_after=None
[2026-10-07T11:27:05.683+0000] {processor.py:183} INFO - Processing /opt/airflow/dags/f1_pipeline_dag.py took 0.115 seconds
[2026-10-07T11:27:35.883+0000] {processor.py:161} INFO - Started process (PID=5388) to work on /opt/airflow/dags/f1_pipeline_dag.py
[2026-10-07T11:27:35.885+0000] {processor.py:830} INFO - Processing file /opt/airflow/dags/f1_pipeline_dag.py for tasks to queue
[2026-10-07T11:27:35.886+0000] {logging_mixin.py:188} INFO - [2026-10-07T11:27:35.886+0000] {dagbag.py:545} INFO - Filling up the DagBag from /opt/airflow/dags/f1_pipeline_dag.py
[2026-10-07T11:27:35.902+0000] {processor.py:840} INFO - DAG(s) 'f1_data_analytics' retrieved from /opt/airflow/dags/f1_pipeline_dag.py
[2026-10-07T11:27:35.934+0000] {logging_mixin.py:188} INFO - [2026-10-07T11:27:35.934+0000] {dag.py:3096} INFO - Sync 1 DAGs
[2026-10-07T11:27:35.943+0000] {logging_mixin.py:188} INFO - [2026-10-07T11:27:35.943+0000] {dag.py:3954} INFO - Setting next_dagrun for f1_data_analytics to None, run_after=None
[2026-10-07T11:27:35.960+0000] {processor.py:183} INFO - Processing /opt/airflow/dags/f1_pipeline_dag.py took 0.087 seconds
[2026-10-07T11:28:06.074+0000] {processor.py:161} INFO - Started process (PID=5389) to work on /opt/airflow/dags/f1_pipeline_dag.py
[2026-10-07T11:28:06.077+0000] {processor.py:830} INFO - Processing file /opt/airflow/dags/f1_pipeline_dag.py for tasks to queue
[2026-10-07T11:28:06.079+0000] {logging_mixin.py:188} INFO - [2026-10-07T11:28:06.078+0000] {dagbag.py:545} INFO - Filling up the DagBag from /opt/airflow/dags/f1_pipeline_dag.py
[2026-10-07T11:28:06.098+0000] {processor.py:840} INFO - DAG(s) 'f1_data_analytics' retrieved from /opt/airflow/dags/f1_pipeline_dag.py
[2026-10-07T11:28:06.146+0000] {logging_mixin.py:188} INFO - [2026-10-07T11:28:06.146+0000] {dag.py:3096} INFO - Sync 1 DAGs
[2026-10-07T11:28:06.154+0000] {logging_mixin.py:188} INFO - [2026-10-07T11:28:06.154+0000] {dag.py:3954} INFO - Setting next_dagrun for f1_data_analytics to None, run_after=None
[2026-10-07T11:28:06.169+0000] {processor.py:183} INFO - Processing /opt/airflow/dags/f1_pipeline_dag.py took 0.105 seconds
[2026-10-07T11:28:36.379+0000] {processor.py:161} INFO - Started process (PID=5390) to work on /opt/airflow/dags/f1_pipeline_dag.py
[2026-10-07T11:28:36.381+0000] {processor.py:830} INFO - Processing file /opt/airflow/dags/f1_pipeline_dag.py for tasks to queue
[2026-10-07T11:28:36.382+0000] {logging_mixin.py:188} INFO - [2026-10-07T11:28:36.381+0000] {dagbag.py:545} INFO - Filling up the DagBag from /opt/airflow/dags/f1_pipeline_dag.py
[2026-10-07T11:28:36.401+0000] {processor.py:840} INFO - DAG(s) 'f1_data_analytics' retrieved from /opt/airflow/dags/f1_pipeline_dag.py
[2026-10-07T11:28:36.449+0000] {logging_mixin.py:188} INFO - [2026-10-07T11:28:36.449+0000] {dag.py:3096} INFO - Sync 1 DAGs
[2026-10-07T11:28:36.458+0000] {logging_mixin.py:188} INFO - [2026-10-07T11:28:36.458+0000] {dag.py:3954} INFO - Setting next_dagrun for f1_data_analytics to None, run_after=None
[2026-10-07T11:28:36.474+0000] {processor.py:183} INFO - Processing /opt/airflow/dags/f1_pipeline_dag.py took 0.104 seconds
[2026-10-07T11:29:06.684+0000] {processor.py:161} INFO - Started process (PID=5391) to work on /opt/airflow/dags/f1_pipeline_dag.py
[2026-10-07T11:29:06.688+0000] {processor.py:830} INFO - Processing file /opt/airflow/dags/f1_pipeline_dag.py for tasks to queue
[2026-10-07T11:29:06.689+0000] {logging_mixin.py:188} INFO - [2026-10-07T11:29:06.689+0000] {dagbag.py:545} INFO - Filling up the DagBag from /opt/airflow/dags/f1_pipeline_dag.py
[2026-10-07T11:29:06.709+0000] {processor.py:840} INFO - DAG(s) 'f1_data_analytics' retrieved from /opt/airflow/dags/f1_pipeline_dag.py
[2026-10-07T11:29:06.757+0000] {logging_mixin.py:188} INFO - [2026-10-07T11:29:06.756+0000] {dag.py:3096} INFO - Sync 1 DAGs
[2026-10-07T11:29:06.766+0000] {logging_mixin.py:188} INFO - [2026-10-07T11:29:06.766+0000] {dag.py:3954} INFO - Setting next_dagrun for f1_data_analytics to None, run_after=None
[2026-10-07T11:29:06.781+0000] {processor.py:183} INFO - Processing /opt/airflow/dags/f1_pipeline_dag.py took 0.107 seconds
[2026-10-07T11:29:36.986+0000] {processor.py:161} INFO - Started process (PID=5392) to work on /opt/airflow/dags/f1_pipeline_dag.py
[2026-10-07T11:29:36.987+0000] {processor.py:830} INFO - Processing file /opt/airflow/dags/f1_pipeline_dag.py for tasks to queue
[2026-10-07T11:29:36.989+0000] {logging_mixin.py:188} INFO - [2026-10-07T11:29:36.988+0000] {dagbag.py:545} INFO - Filling up the DagBag from /opt/airflow/dags/f1_pipeline_dag.py
[2026-10-07T11:29:37.008+0000] {processor.py:840} INFO - DAG(s) 'f1_data_analytics' retrieved from /opt/airflow/dags/f1_pipeline_dag.py
[2026-10-07T11:29:37.056+0000] {logging_mixin.py:188} INFO - [2026-10-07T11:29:37.056+0000] {dag.py:3096} INFO - Sync 1 DAGs
[2026-10-07T11:29:37.065+0000] {logging_mixin.py:188} INFO - [2026-10-07T11:29:37.065+0000] {dag.py:3954} INFO - Setting next_dagrun for f1_data_analytics to None, run_after=None
[2026-10-07T11:29:37.080+0000] {processor.py:183} INFO - Processing /opt/airflow/dags/f1_pipeline_dag.py took 0.104 seconds
[2026-10-07T11:30:07.289+0000] {processor.py:161} INFO - Started process (PID=5393) to work on /opt/airflow/dags/f1_pipeline_dag.py
[2026-10-07T11:30:07.292+0000] {processor.py:830} INFO - Processing file /opt/airflow/dags/f1_pipeline_dag.py for tasks to queue
[2026-10-07T11:30:07.294+0000] {logging_mixin.py:188} INFO - [2026-10-07T11:30:07.293+0000] {dagbag.py:545} INFO - Filling up the DagBag from /opt/airflow/dags/f1_pipeline_dag.py
[2026-10-07T11:30:07.314+0000] {processor.py:840} INFO - DAG(s) 'f1_data_analytics' retrieved from /opt/airflow/dags/f1_pipeline_dag.py
[2026-10-07T11:30:07.362+0000] {logging_mixin.py:188} INFO - [2026-10-07T11:30:07.362+0000] {dag.py:3096} INFO - Sync 1 DAGs
[2026-10-07T11:30:07.371+0000] {logging_mixin.py:188} INFO - [2026-10-07T11:30:07.370+0000] {dag.py:3954} INFO - Setting next_dagrun for f1_data_analytics to None, run_after=None
[2026-10-07T11:30:07.385+0000] {processor.py:183} INFO - Processing /opt/airflow/dags/f1_pipeline_dag.py took 0.107 seconds
[2026-10-07T11:30:37.595+0000] {processor.py:161} INFO - Started process (PID=5394) to work on /opt/airflow/dags/f1_pipeline_dag.py
[2026-10-07T11:30:37.596+0000] {processor.py:830} INFO - Processing file /opt/airflow/dags/f1_pipeline_dag.py for tasks to queue
[2026-10-07T11:30:37.598+0000] {logging_mixin.py:188} INFO - [2026-10-07T11:30:37.597+0000] {dagbag.py:545} INFO - Filling up the DagBag from /opt/airflow/dags/f1_pipeline_dag.py
[2026-10-07T11:30:37.617+0000] {processor.py:840} INFO - DAG(s) 'f1_data_analytics' retrieved from /opt/airflow/dags/f1_pipeline_dag.py
[2026-10-07T11:30:37.665+0000] {logging_mixin.py:188} INFO - [2026-10-07T11:30:37.665+0000] {dag.py:3096} INFO - Sync 1 DAGs
[2026-10-07T11:30:37.674+0000] {logging_mixin.py:188} INFO - [2026-10-07T11:30:37.674+0000] {dag.py:3954} INFO - Setting next_dagrun for f1_data_analytics to None, run_after=None
[2026-10-07T11:30:37.689+0000] {processor.py:183} INFO - Processing /opt/airflow/dags/f1_pipeline_dag.py took 0.104 seconds
[2026-10-07T11:31:07.897+0000] {processor.py:161} INFO - Started process (PID=5395) to work on /opt/airflow/dags/f1_pipeline_dag.py
[2026-10-07T11:31:07.905+0000] {processor.py:830} INFO - Processing file /opt/airflow/dags/f1_pipeline_dag.py for tasks to queue
[2026-10-07T11:31:07.906+0000] {logging_mixin.py:188} INFO - [2026-10-07T11:31:07.906+0000] {dagbag.py:545} INFO - Filling up the DagBag from /opt/airflow/dags/f1_pipeline_dag.py
[2026-10-07T11:31:07.925+0000] {processor.py:840} INFO - DAG(s) 'f1_data_analytics' retrieved from /opt/airflow/dags/f1_pipeline_dag.py
[2026-10-07T11:31:07.974+0000] {logging_mixin.py:188} INFO - [2026-10-07T11:31:07.974+0000] {dag.py:3096} INFO - Sync 1 DAGs
[2026-10-07T11:31:07.983+0000] {logging_mixin.py:188} INFO - [2026-10-07T11:31:07.983+0000] {dag.py:3954} INFO - Setting next_dagrun for f1_data_analytics to None, run_after=None
[2026-10-07T11:31:07.998+0000] {processor.py:183} INFO - Processing /opt/airflow/dags/f1_pipeline_dag.py took 0.111 seconds
[2026-10-07T11:31:38.198+0000] {processor.py:161} INFO - Started process (PID=5396) to work on /opt/airflow/dags/f1_pipeline_dag.py
[2026-10-07T11:31:38.199+0000] {processor.py:830} INFO - Processing file /opt/airflow/dags/f1_pipeline_dag.py for tasks to queue
[2026-10-07T11:31:38.200+0000] {logging_mixin.py:188} INFO - [2026-10-07T11:31:38.200+0000] {dagbag.py:545} INFO - Filling up the DagBag from /opt/airflow/dags/f1_pipeline_dag.py
[2026-10-07T11:31:38.219+0000] {processor.py:840} INFO - DAG(s) 'f1_data_analytics' retrieved from /opt/airflow/dags/f1_pipeline_dag.py
[2026-10-07T11:31:38.265+0000] {logging_mixin.py:188} INFO - [2026-10-07T11:31:38.265+0000] {dag.py:3096} INFO - Sync 1 DAGs
[2026-10-07T11:31:38.274+0000] {logging_mixin.py:188} INFO - [2026-10-07T11:31:38.274+0000] {dag.py:3954} INFO - Setting next_dagrun for f1_data_analytics to None, run_after=None
[2026-10-07T11:31:38.291+0000] {processor.py:183} INFO - Processing /opt/airflow/dags/f1_pipeline_dag.py took 0.103 seconds
[2026-10-07T11:32:08.501+0000] {processor.py:161} INFO - Started process (PID=5397) to work on /opt/airflow/dags/f1_pipeline_dag.py
[2026-10-07T11:32:08.504+0000] {processor.py:830} INFO - Processing file /opt/airflow/dags/f1_pipeline_dag.py for tasks to queue
[2026-10-07T11:32:08.506+0000] {logging_mixin.py:188} INFO - [2026-10-07T11:32:08.505+0000] {dagbag.py:545} INFO - Filling up the DagBag from /opt/airflow/dags/f1_pipeline_dag.py
[2026-10-07T11:32:08.524+0000] {processor.py:840} INFO - DAG(s) 'f1_data_analytics' retrieved from /opt/airflow/dags/f1_pipeline_dag.py
[2026-10-07T11:32:08.573+0000] {logging_mixin.py:188} INFO - [2026-10-07T11:32:08.573+0000] {dag.py:3096} INFO - Sync 1 DAGs
[2026-10-07T11:32:08.583+0000] {logging_mixin.py:188} INFO - [2026-10-07T11:32:08.582+0000] {dag.py:3954} INFO - Setting next_dagrun for f1_data_analytics to None, run_after=None
[2026-10-07T11:32:08.601+0000] {processor.py:183} INFO - Processing /opt/airflow/dags/f1_pipeline_dag.py took 0.110 seconds
[2026-10-07T11:32:38.722+0000] {processor.py:161} INFO - Started process (PID=5398) to work on /opt/airflow/dags/f1_pipeline_dag.py
[2026-10-07T11:32:38.724+0000] {processor.py:830} INFO - Processing file /opt/airflow/dags/f1_pipeline_dag.py for tasks to queue
[2026-10-07T11:32:38.725+0000] {logging_mixin.py:188} INFO - [2026-10-07T11:32:38.724+0000] {dagbag.py:545} INFO - Filling up the DagBag from /opt/airflow/dags/f1_pipeline_dag.py
[2026-10-07T11:32:38.743+0000] {processor.py:840} INFO - DAG(s) 'f1_data_analytics' retrieved from /opt/airflow/dags/f1_pipeline_dag.py
[2026-10-07T11:32:38.791+0000] {logging_mixin.py:188} INFO - [2026-10-07T11:32:38.791+0000] {dag.py:3096} INFO - Sync 1 DAGs
[2026-10-07T11:32:38.800+0000] {logging_mixin.py:188} INFO - [2026-10-07T11:32:38.799+0000] {dag.py:3954} INFO - Setting next_dagrun for f1_data_analytics to None, run_after=None
[2026-10-07T11:32:38.815+0000] {processor.py:183} INFO - Processing /opt/airflow/dags/f1_pipeline_dag.py took 0.103 seconds
[2026-10-07T11:33:09.022+0000] {processor.py:161} INFO - Started process (PID=5399) to work on /opt/airflow/dags/f1_pipeline_dag.py
[2026-10-07T11:33:09.025+0000] {processor.py:830} INFO - Processing file /opt/airflow/dags/f1_pipeline_dag.py for tasks to queue
[2026-10-07T11:33:09.027+0000] {logging_mixin.py:188} INFO - [2026-10-07T11:33:09.026+0000] {dagbag.py:545} INFO - Filling up the DagBag from /opt/airflow/dags/f1_pipeline_dag.py
[2026-10-07T11:33:09.045+0000] {processor.py:840} INFO - DAG(s) 'f1_data_analytics' retrieved from /opt/airflow/dags/f1_pipeline_dag.py
[2026-10-07T11:33:09.093+0000] {logging_mixin.py:188} INFO - [2026-10-07T11:33:09.093+0000] {dag.py:3096} INFO - Sync 1 DAGs
[2026-10-07T11:33:09.101+0000] {logging_mixin.py:188} INFO - [2026-10-07T11:33:09.101+0000] {dag.py:3954} INFO - Setting next_dagrun for f1_data_analytics to None, run_after=None
[2026-10-07T11:33:09.119+0000] {processor.py:183} INFO - Processing /opt/airflow/dags/f1_pipeline_dag.py took 0.107 seconds
[2026-10-07T11:33:39.327+0000] {processor.py:161} INFO - Started process (PID=5400) to work on /opt/airflow/dags/f1_pipeline_dag.py
[2026-10-07T11:33:39.328+0000] {processor.py:830} INFO - Processing file /opt/airflow/dags/f1_pipeline_dag.py for tasks to queue
[2026-10-07T11:33:39.330+0000] {logging_mixin.py:188} INFO - [2026-10-07T11:33:39.329+0000] {dagbag.py:545} INFO - Filling up the DagBag from /opt/airflow/dags/f1_pipeline_dag.py
[2026-10-07T11:33:39.348+0000] {processor.py:840} INFO - DAG(s) 'f1_data_analytics' retrieved from /opt/airflow/dags/f1_pipeline_dag.py
[2026-10-07T11:33:39.393+0000] {logging_mixin.py:188} INFO - [2026-10-07T11:33:39.393+0000] {dag.py:3096} INFO - Sync 1 DAGs
[2026-10-07T11:33:39.402+0000] {logging_mixin.py:188} INFO - [2026-10-07T11:33:39.401+0000] {dag.py:3954} INFO - Setting next_dagrun for f1_data_analytics to None, run_after=None
[2026-10-07T11:33:39.417+0000] {processor.py:183} INFO - Processing /opt/airflow/dags/f1_pipeline_dag.py took 0.101 seconds
[2026-10-07T11:34:09.595+0000] {processor.py:161} INFO - Started process (PID=5401) to work on /opt/airflow/dags/f1_pipeline_dag.py
[2026-10-07T11:34:09.604+0000] {processor.py:830} INFO - Processing file /opt/airflow/dags/f1_pipeline_dag.py for tasks to queue
[2026-10-07T11:34:09.605+0000] {logging_mixin.py:188} INFO - [2026-10-07T11:34:09.605+0000] {dagbag.py:545} INFO - Filling up the DagBag from /opt/airflow/dags/f1_pipeline_dag.py
[2026-10-07T11:34:09.624+0000] {processor.py:840} INFO - DAG(s) 'f1_data_analytics' retrieved from /opt/airflow/dags/f1_pipeline_dag.py
[2026-10-07T11:34:09.675+0000] {logging_mixin.py:188} INFO - [2026-10-07T11:34:09.675+0000] {dag.py:3096} INFO - Sync 1 DAGs
[2026-10-07T11:34:09.684+0000] {logging_mixin.py:188} INFO - [2026-10-07T11:34:09.683+0000] {dag.py:3954} INFO - Setting next_dagrun for f1_data_analytics to None, run_after=None
[2026-10-07T11:34:09.698+0000] {processor.py:183} INFO - Processing /opt/airflow/dags/f1_pipeline_dag.py took 0.113 seconds
[2026-10-07T11:34:39.901+0000] {processor.py:161} INFO - Started process (PID=5402) to work on /opt/airflow/dags/f1_pipeline_dag.py
[2026-10-07T11:34:39.902+0000] {processor.py:830} INFO - Processing file /opt/airflow/dags/f1_pipeline_dag.py for tasks to queue
[2026-10-07T11:34:39.904+0000] {logging_mixin.py:188} INFO - [2026-10-07T11:34:39.903+0000] {dagbag.py:545} INFO - Filling up the DagBag from /opt/airflow/dags/f1_pipeline_dag.py
[2026-10-07T11:34:39.923+0000] {processor.py:840} INFO - DAG(s) 'f1_data_analytics' retrieved from /opt/airflow/dags/f1_pipeline_dag.py
[2026-10-07T11:34:39.971+0000] {logging_mixin.py:188} INFO - [2026-10-07T11:34:39.971+0000] {dag.py:3096} INFO - Sync 1 DAGs
[2026-10-07T11:34:39.979+0000] {logging_mixin.py:188} INFO - [2026-10-07T11:34:39.979+0000] {dag.py:3954} INFO - Setting next_dagrun for f1_data_analytics to None, run_after=None
[2026-10-07T11:34:39.995+0000] {processor.py:183} INFO - Processing /opt/airflow/dags/f1_pipeline_dag.py took 0.104 seconds
[2026-10-07T11:35:10.204+0000] {processor.py:161} INFO - Started process (PID=5403) to work on /opt/airflow/dags/f1_pipeline_dag.py
[2026-10-07T11:35:10.207+0000] {processor.py:830} INFO - Processing file /opt/airflow/dags/f1_pipeline_dag.py for tasks to queue
[2026-10-07T11:35:10.208+0000] {logging_mixin.py:188} INFO - [2026-10-07T11:35:10.208+0000] {dagbag.py:545} INFO - Filling up the DagBag from /opt/airflow/dags/f1_pipeline_dag.py
[2026-10-07T11:35:10.227+0000] {processor.py:840} INFO - DAG(s) 'f1_data_analytics' retrieved from /opt/airflow/dags/f1_pipeline_dag.py
[2026-10-07T11:35:10.273+0000] {logging_mixin.py:188} INFO - [2026-10-07T11:35:10.273+0000] {dag.py:3096} INFO - Sync 1 DAGs
[2026-10-07T11:35:10.283+0000] {logging_mixin.py:188} INFO - [2026-10-07T11:35:10.282+0000] {dag.py:3954} INFO - Setting next_dagrun for f1_data_analytics to None, run_after=None
[2026-10-07T11:35:10.298+0000] {processor.py:183} INFO - Processing /opt/airflow/dags/f1_pipeline_dag.py took 0.104 seconds
[2026-10-07T11:35:40.510+0000] {processor.py:161} INFO - Started process (PID=5404) to work on /opt/airflow/dags/f1_pipeline_dag.py
[2026-10-07T11:35:40.512+0000] {processor.py:830} INFO - Processing file /opt/airflow/dags/f1_pipeline_dag.py for tasks to queue
[2026-10-07T11:35:40.513+0000] {logging_mixin.py:188} INFO - [2026-10-07T11:35:40.512+0000] {dagbag.py:545} INFO - Filling up the DagBag from /opt/airflow/dags/f1_pipeline_dag.py
[2026-10-07T11:35:40.532+0000] {processor.py:840} INFO - DAG(s) 'f1_data_analytics' retrieved from /opt/airflow/dags/f1_pipeline_dag.py
[2026-10-07T11:35:40.582+0000] {logging_mixin.py:188} INFO - [2026-10-07T11:35:40.582+0000] {dag.py:3096} INFO - Sync 1 DAGs
[2026-10-07T11:35:40.591+0000] {logging_mixin.py:188} INFO - [2026-10-07T11:35:40.591+0000] {dag.py:3954} INFO - Setting next_dagrun for f1_data_analytics to None, run_after=None
[2026-10-07T11:35:40.607+0000] {processor.py:183} INFO - Processing /opt/airflow/dags/f1_pipeline_dag.py took 0.108 seconds
[2026-10-07T11:36:10.820+0000] {processor.py:161} INFO - Started process (PID=5405) to work on /opt/airflow/dags/f1_pipeline_dag.py
[2026-10-07T11:36:10.823+0000] {processor.py:830} INFO - Processing file /opt/airflow/dags/f1_pipeline_dag.py for tasks to queue
[2026-10-07T11:36:10.825+0000] {logging_mixin.py:188} INFO - [2026-10-07T11:36:10.824+0000] {dagbag.py:545} INFO - Filling up the DagBag from /opt/airflow/dags/f1_pipeline_dag.py
[2026-10-07T11:36:10.845+0000] {processor.py:840} INFO - DAG(s) 'f1_data_analytics' retrieved from /opt/airflow/dags/f1_pipeline_dag.py
[2026-10-07T11:36:10.889+0000] {logging_mixin.py:188} INFO - [2026-10-07T11:36:10.889+0000] {dag.py:3096} INFO - Sync 1 DAGs
[2026-10-07T11:36:10.899+0000] {logging_mixin.py:188} INFO - [2026-10-07T11:36:10.899+0000] {dag.py:3954} INFO - Setting next_dagrun for f1_data_analytics to None, run_after=None
[2026-10-07T11:36:10.916+0000] {processor.py:183} INFO - Processing /opt/airflow/dags/f1_pipeline_dag.py took 0.107 seconds
[2026-10-07T11:36:41.130+0000] {processor.py:161} INFO - Started process (PID=5406) to work on /opt/airflow/dags/f1_pipeline_dag.py
[2026-10-07T11:36:41.131+0000] {processor.py:830} INFO - Processing file /opt/airflow/dags/f1_pipeline_dag.py for tasks to queue
[2026-10-07T11:36:41.132+0000] {logging_mixin.py:188} INFO - [2026-10-07T11:36:41.132+0000] {dagbag.py:545} INFO - Filling up the DagBag from /opt/airflow/dags/f1_pipeline_dag.py
[2026-10-07T11:36:41.151+0000] {processor.py:840} INFO - DAG(s) 'f1_data_analytics' retrieved from /opt/airflow/dags/f1_pipeline_dag.py
[2026-10-07T11:36:41.196+0000] {logging_mixin.py:188} INFO - [2026-10-07T11:36:41.195+0000] {dag.py:3096} INFO - Sync 1 DAGs
[2026-10-07T11:36:41.205+0000] {logging_mixin.py:188} INFO - [2026-10-07T11:36:41.204+0000] {dag.py:3954} INFO - Setting next_dagrun for f1_data_analytics to None, run_after=None
[2026-10-07T11:36:41.220+0000] {processor.py:183} INFO - Processing /opt/airflow/dags/f1_pipeline_dag.py took 0.101 seconds
[2026-10-07T11:37:11.423+0000] {processor.py:161} INFO - Started process (PID=5407) to work on /opt/airflow/dags/f1_pipeline_dag.py
[2026-10-07T11:37:11.426+0000] {processor.py:830} INFO - Processing file /opt/airflow/dags/f1_pipeline_dag.py for tasks to queue
[2026-10-07T11:37:11.427+0000] {logging_mixin.py:188} INFO - [2026-10-07T11:37:11.427+0000] {dagbag.py:545} INFO - Filling up the DagBag from /opt/airflow/dags/f1_pipeline_dag.py
[2026-10-07T11:37:11.445+0000] {processor.py:840} INFO - DAG(s) 'f1_data_analytics' retrieved from /opt/airflow/dags/f1_pipeline_dag.py
[2026-10-07T11:37:11.494+0000] {logging_mixin.py:188} INFO - [2026-10-07T11:37:11.494+0000] {dag.py:3096} INFO - Sync 1 DAGs
[2026-10-07T11:37:11.504+0000] {logging_mixin.py:188} INFO - [2026-10-07T11:37:11.504+0000] {dag.py:3954} INFO - Setting next_dagrun for f1_data_analytics to None, run_after=None
[2026-10-07T11:37:11.519+0000] {processor.py:183} INFO - Processing /opt/airflow/dags/f1_pipeline_dag.py took 0.102 seconds
[2026-10-07T11:37:41.730+0000] {processor.py:161} INFO - Started process (PID=5408) to work on /opt/airflow/dags/f1_pipeline_dag.py
[2026-10-07T11:37:41.731+0000] {processor.py:830} INFO - Processing file /opt/airflow/dags/f1_pipeline_dag.py for tasks to queue
[2026-10-07T11:37:41.732+0000] {logging_mixin.py:188} INFO - [2026-10-07T11:37:41.732+0000] {dagbag.py:545} INFO - Filling up the DagBag from /opt/airflow/dags/f1_pipeline_dag.py
[2026-10-07T11:37:41.750+0000] {processor.py:840} INFO - DAG(s) 'f1_data_analytics' retrieved from /opt/airflow/dags/f1_pipeline_dag.py
[2026-10-07T11:37:41.803+0000] {logging_mixin.py:188} INFO - [2026-10-07T11:37:41.802+0000] {dag.py:3096} INFO - Sync 1 DAGs
[2026-10-07T11:37:41.812+0000] {logging_mixin.py:188} INFO - [2026-10-07T11:37:41.812+0000] {dag.py:3954} INFO - Setting next_dagrun for f1_data_analytics to None, run_after=None
[2026-10-07T11:37:41.831+0000] {processor.py:183} INFO - Processing /opt/airflow/dags/f1_pipeline_dag.py took 0.111 seconds
[2026-10-07T11:38:12.036+0000] {processor.py:161} INFO - Started process (PID=5409) to work on /opt/airflow/dags/f1_pipeline_dag.py
[2026-10-07T11:38:12.038+0000] {processor.py:830} INFO - Processing file /opt/airflow/dags/f1_pipeline_dag.py for tasks to queue
[2026-10-07T11:38:12.039+0000] {logging_mixin.py:188} INFO - [2026-10-07T11:38:12.039+0000] {dagbag.py:545} INFO - Filling up the DagBag from /opt/airflow/dags/f1_pipeline_dag.py
[2026-10-07T11:38:12.059+0000] {processor.py:840} INFO - DAG(s) 'f1_data_analytics' retrieved from /opt/airflow/dags/f1_pipeline_dag.py
[2026-10-07T11:38:12.107+0000] {logging_mixin.py:188} INFO - [2026-10-07T11:38:12.107+0000] {dag.py:3096} INFO - Sync 1 DAGs
[2026-10-07T11:38:12.117+0000] {logging_mixin.py:188} INFO - [2026-10-07T11:38:12.117+0000] {dag.py:3954} INFO - Setting next_dagrun for f1_data_analytics to None, run_after=None
[2026-10-07T11:38:12.132+0000] {processor.py:183} INFO - Processing /opt/airflow/dags/f1_pipeline_dag.py took 0.106 seconds
[2026-10-07T11:38:42.324+0000] {processor.py:161} INFO - Started process (PID=5410) to work on /opt/airflow/dags/f1_pipeline_dag.py
[2026-10-07T11:38:42.326+0000] {processor.py:830} INFO - Processing file /opt/airflow/dags/f1_pipeline_dag.py for tasks to queue
[2026-10-07T11:38:42.327+0000] {logging_mixin.py:188} INFO - [2026-10-07T11:38:42.326+0000] {dagbag.py:545} INFO - Filling up the DagBag from /opt/airflow/dags/f1_pipeline_dag.py
[2026-10-07T11:38:42.345+0000] {processor.py:840} INFO - DAG(s) 'f1_data_analytics' retrieved from /opt/airflow/dags/f1_pipeline_dag.py
[2026-10-07T11:38:42.385+0000] {logging_mixin.py:188} INFO - [2026-10-07T11:38:42.385+0000] {dag.py:3096} INFO - Sync 1 DAGs
[2026-10-07T11:38:42.397+0000] {logging_mixin.py:188} INFO - [2026-10-07T11:38:42.396+0000] {dag.py:3954} INFO - Setting next_dagrun for f1_data_analytics to None, run_after=None
[2026-10-07T11:38:42.413+0000] {processor.py:183} INFO - Processing /opt/airflow/dags/f1_pipeline_dag.py took 0.098 seconds
[2026-10-07T11:39:12.620+0000] {processor.py:161} INFO - Started process (PID=5411) to work on /opt/airflow/dags/f1_pipeline_dag.py
[2026-10-07T11:39:12.623+0000] {processor.py:830} INFO - Processing file /opt/airflow/dags/f1_pipeline_dag.py for tasks to queue
[2026-10-07T11:39:12.625+0000] {logging_mixin.py:188} INFO - [2026-10-07T11:39:12.624+0000] {dagbag.py:545} INFO - Filling up the DagBag from /opt/airflow/dags/f1_pipeline_dag.py
[2026-10-07T11:39:12.643+0000] {processor.py:840} INFO - DAG(s) 'f1_data_analytics' retrieved from /opt/airflow/dags/f1_pipeline_dag.py
[2026-10-07T11:39:12.691+0000] {logging_mixin.py:188} INFO - [2026-10-07T11:39:12.691+0000] {dag.py:3096} INFO - Sync 1 DAGs
[2026-10-07T11:39:12.700+0000] {logging_mixin.py:188} INFO - [2026-10-07T11:39:12.699+0000] {dag.py:3954} INFO - Setting next_dagrun for f1_data_analytics to None, run_after=None
[2026-10-07T11:39:12.715+0000] {processor.py:183} INFO - Processing /opt/airflow/dags/f1_pipeline_dag.py took 0.105 seconds
[2026-10-07T11:39:42.926+0000] {processor.py:161} INFO - Started process (PID=5412) to work on /opt/airflow/dags/f1_pipeline_dag.py
[2026-10-07T11:39:42.928+0000] {processor.py:830} INFO - Processing file /opt/airflow/dags/f1_pipeline_dag.py for tasks to queue
[2026-10-07T11:39:42.929+0000] {logging_mixin.py:188} INFO - [2026-10-07T11:39:42.929+0000] {dagbag.py:545} INFO - Filling up the DagBag from /opt/airflow/dags/f1_pipeline_dag.py
[2026-10-07T11:39:42.949+0000] {processor.py:840} INFO - DAG(s) 'f1_data_analytics' retrieved from /opt/airflow/dags/f1_pipeline_dag.py
[2026-10-07T11:39:42.996+0000] {logging_mixin.py:188} INFO - [2026-10-07T11:39:42.995+0000] {dag.py:3096} INFO - Sync 1 DAGs
[2026-10-07T11:39:43.004+0000] {logging_mixin.py:188} INFO - [2026-10-07T11:39:43.004+0000] {dag.py:3954} INFO - Setting next_dagrun for f1_data_analytics to None, run_after=None
[2026-10-07T11:39:43.019+0000] {processor.py:183} INFO - Processing /opt/airflow/dags/f1_pipeline_dag.py took 0.102 seconds
[2026-10-07T11:40:13.230+0000] {processor.py:161} INFO - Started process (PID=5413) to work on /opt/airflow/dags/f1_pipeline_dag.py
[2026-10-07T11:40:13.234+0000] {processor.py:830} INFO - Processing file /opt/airflow/dags/f1_pipeline_dag.py for tasks to queue
[2026-10-07T11:40:13.235+0000] {logging_mixin.py:188} INFO - [2026-10-07T11:40:13.234+0000] {dagbag.py:545} INFO - Filling up the DagBag from /opt/airflow/dags/f1_pipeline_dag.py
[2026-10-07T11:40:13.253+0000] {processor.py:840} INFO - DAG(s) 'f1_data_analytics' retrieved from /opt/airflow/dags/f1_pipeline_dag.py
[2026-10-07T11:40:13.302+0000] {logging_mixin.py:188} INFO - [2026-10-07T11:40:13.302+0000] {dag.py:3096} INFO - Sync 1 DAGs
[2026-10-07T11:40:13.310+0000] {logging_mixin.py:188} INFO - [2026-10-07T11:40:13.310+0000] {dag.py:3954} INFO - Setting next_dagrun for f1_data_analytics to None, run_after=None
[2026-10-07T11:40:13.327+0000] {processor.py:183} INFO - Processing /opt/airflow/dags/f1_pipeline_dag.py took 0.106 seconds
[2026-10-07T11:40:43.535+0000] {processor.py:161} INFO - Started process (PID=5414) to work on /opt/airflow/dags/f1_pipeline_dag.py
[2026-10-07T11:40:43.536+0000] {processor.py:830} INFO - Processing file /opt/airflow/dags/f1_pipeline_dag.py for tasks to queue
[2026-10-07T11:40:43.538+0000] {logging_mixin.py:188} INFO - [2026-10-07T11:40:43.537+0000] {dagbag.py:545} INFO - Filling up the DagBag from /opt/airflow/dags/f1_pipeline_dag.py
[2026-10-07T11:40:43.557+0000] {processor.py:840} INFO - DAG(s) 'f1_data_analytics' retrieved from /opt/airflow/dags/f1_pipeline_dag.py
[2026-10-07T11:40:43.606+0000] {logging_mixin.py:188} INFO - [2026-10-07T11:40:43.606+0000] {dag.py:3096} INFO - Sync 1 DAGs
[2026-10-07T11:40:43.615+0000] {logging_mixin.py:188} INFO - [2026-10-07T11:40:43.615+0000] {dag.py:3954} INFO - Setting next_dagrun for f1_data_analytics to None, run_after=None
[2026-10-07T11:40:43.631+0000] {processor.py:183} INFO - Processing /opt/airflow/dags/f1_pipeline_dag.py took 0.106 seconds
[2026-10-07T11:41:13.839+0000] {processor.py:161} INFO - Started process (PID=5415) to work on /opt/airflow/dags/f1_pipeline_dag.py
[2026-10-07T11:41:13.848+0000] {processor.py:830} INFO - Processing file /opt/airflow/dags/f1_pipeline_dag.py for tasks to queue
[2026-10-07T11:41:13.850+0000] {logging_mixin.py:188} INFO - [2026-10-07T11:41:13.849+0000] {dagbag.py:545} INFO - Filling up the DagBag from /opt/airflow/dags/f1_pipeline_dag.py
[2026-10-07T11:41:13.868+0000] {processor.py:840} INFO - DAG(s) 'f1_data_analytics' retrieved from /opt/airflow/dags/f1_pipeline_dag.py
[2026-10-07T11:41:13.918+0000] {logging_mixin.py:188} INFO - [2026-10-07T11:41:13.918+0000] {dag.py:3096} INFO - Sync 1 DAGs
[2026-10-07T11:41:13.928+0000] {logging_mixin.py:188} INFO - [2026-10-07T11:41:13.928+0000] {dag.py:3954} INFO - Setting next_dagrun for f1_data_analytics to None, run_after=None
[2026-10-07T11:41:13.943+0000] {processor.py:183} INFO - Processing /opt/airflow/dags/f1_pipeline_dag.py took 0.114 seconds
[2026-10-07T11:41:44.146+0000] {processor.py:161} INFO - Started process (PID=5416) to work on /opt/airflow/dags/f1_pipeline_dag.py
[2026-10-07T11:41:44.147+0000] {processor.py:830} INFO - Processing file /opt/airflow/dags/f1_pipeline_dag.py for tasks to queue
[2026-10-07T11:41:44.149+0000] {logging_mixin.py:188} INFO - [2026-10-07T11:41:44.148+0000] {dagbag.py:545} INFO - Filling up the DagBag from /opt/airflow/dags/f1_pipeline_dag.py
[2026-10-07T11:41:44.168+0000] {processor.py:840} INFO - DAG(s) 'f1_data_analytics' retrieved from /opt/airflow/dags/f1_pipeline_dag.py
[2026-10-07T11:41:44.216+0000] {logging_mixin.py:188} INFO - [2026-10-07T11:41:44.216+0000] {dag.py:3096} INFO - Sync 1 DAGs
[2026-10-07T11:41:44.225+0000] {logging_mixin.py:188} INFO - [2026-10-07T11:41:44.225+0000] {dag.py:3954} INFO - Setting next_dagrun for f1_data_analytics to None, run_after=None
[2026-10-07T11:41:44.240+0000] {processor.py:183} INFO - Processing /opt/airflow/dags/f1_pipeline_dag.py took 0.104 seconds
[2026-10-07T11:42:14.452+0000] {processor.py:161} INFO - Started process (PID=5417) to work on /opt/airflow/dags/f1_pipeline_dag.py
[2026-10-07T11:42:14.460+0000] {processor.py:830} INFO - Processing file /opt/airflow/dags/f1_pipeline_dag.py for tasks to queue
[2026-10-07T11:42:14.462+0000] {logging_mixin.py:188} INFO - [2026-10-07T11:42:14.461+0000] {dagbag.py:545} INFO - Filling up the DagBag from /opt/airflow/dags/f1_pipeline_dag.py
[2026-10-07T11:42:14.482+0000] {processor.py:840} INFO - DAG(s) 'f1_data_analytics' retrieved from /opt/airflow/dags/f1_pipeline_dag.py
[2026-10-07T11:42:14.531+0000] {logging_mixin.py:188} INFO - [2026-10-07T11:42:14.531+0000] {dag.py:3096} INFO - Sync 1 DAGs
[2026-10-07T11:42:14.540+0000] {logging_mixin.py:188} INFO - [2026-10-07T11:42:14.540+0000] {dag.py:3954} INFO - Setting next_dagrun for f1_data_analytics to None, run_after=None
[2026-10-07T11:42:14.555+0000] {processor.py:183} INFO - Processing /opt/airflow/dags/f1_pipeline_dag.py took 0.113 seconds
[2026-10-07T11:42:44.760+0000] {processor.py:161} INFO - Started process (PID=5418) to work on /opt/airflow/dags/f1_pipeline_dag.py
[2026-10-07T11:42:44.761+0000] {processor.py:830} INFO - Processing file /opt/airflow/dags/f1_pipeline_dag.py for tasks to queue
[2026-10-07T11:42:44.762+0000] {logging_mixin.py:188} INFO - [2026-10-07T11:42:44.762+0000] {dagbag.py:545} INFO - Filling up the DagBag from /opt/airflow/dags/f1_pipeline_dag.py
[2026-10-07T11:42:44.782+0000] {processor.py:840} INFO - DAG(s) 'f1_data_analytics' retrieved from /opt/airflow/dags/f1_pipeline_dag.py
[2026-10-07T11:42:44.829+0000] {logging_mixin.py:188} INFO - [2026-10-07T11:42:44.829+0000] {dag.py:3096} INFO - Sync 1 DAGs
[2026-10-07T11:42:44.838+0000] {logging_mixin.py:188} INFO - [2026-10-07T11:42:44.838+0000] {dag.py:3954} INFO - Setting next_dagrun for f1_data_analytics to None, run_after=None
[2026-10-07T11:42:44.853+0000] {processor.py:183} INFO - Processing /opt/airflow/dags/f1_pipeline_dag.py took 0.104 seconds
[2026-10-07T11:43:15.065+0000] {processor.py:161} INFO - Started process (PID=5419) to work on /opt/airflow/dags/f1_pipeline_dag.py
[2026-10-07T11:43:15.074+0000] {processor.py:830} INFO - Processing file /opt/airflow/dags/f1_pipeline_dag.py for tasks to queue
[2026-10-07T11:43:15.075+0000] {logging_mixin.py:188} INFO - [2026-10-07T11:43:15.075+0000] {dagbag.py:545} INFO - Filling up the DagBag from /opt/airflow/dags/f1_pipeline_dag.py
[2026-10-07T11:43:15.095+0000] {processor.py:840} INFO - DAG(s) 'f1_data_analytics' retrieved from /opt/airflow/dags/f1_pipeline_dag.py
[2026-10-07T11:43:15.143+0000] {logging_mixin.py:188} INFO - [2026-10-07T11:43:15.143+0000] {dag.py:3096} INFO - Sync 1 DAGs
[2026-10-07T11:43:15.152+0000] {logging_mixin.py:188} INFO - [2026-10-07T11:43:15.152+0000] {dag.py:3954} INFO - Setting next_dagrun for f1_data_analytics to None, run_after=None
[2026-10-07T11:43:15.168+0000] {processor.py:183} INFO - Processing /opt/airflow/dags/f1_pipeline_dag.py took 0.112 seconds
[2026-10-07T11:43:45.374+0000] {processor.py:161} INFO - Started process (PID=5420) to work on /opt/airflow/dags/f1_pipeline_dag.py
[2026-10-07T11:43:45.375+0000] {processor.py:830} INFO - Processing file /opt/airflow/dags/f1_pipeline_dag.py for tasks to queue
[2026-10-07T11:43:45.377+0000] {logging_mixin.py:188} INFO - [2026-10-07T11:43:45.376+0000] {dagbag.py:545} INFO - Filling up the DagBag from /opt/airflow/dags/f1_pipeline_dag.py
[2026-10-07T11:43:45.398+0000] {processor.py:840} INFO - DAG(s) 'f1_data_analytics' retrieved from /opt/airflow/dags/f1_pipeline_dag.py
[2026-10-07T11:43:45.443+0000] {logging_mixin.py:188} INFO - [2026-10-07T11:43:45.443+0000] {dag.py:3096} INFO - Sync 1 DAGs
[2026-10-07T11:43:45.451+0000] {logging_mixin.py:188} INFO - [2026-10-07T11:43:45.451+0000] {dag.py:3954} INFO - Setting next_dagrun for f1_data_analytics to None, run_after=None
[2026-10-07T11:43:45.467+0000] {processor.py:183} INFO - Processing /opt/airflow/dags/f1_pipeline_dag.py took 0.108 seconds
[2026-10-07T11:44:15.675+0000] {processor.py:161} INFO - Started process (PID=5421) to work on /opt/airflow/dags/f1_pipeline_dag.py
[2026-10-07T11:44:15.678+0000] {processor.py:830} INFO - Processing file /opt/airflow/dags/f1_pipeline_dag.py for tasks to queue
[2026-10-07T11:44:15.680+0000] {logging_mixin.py:188} INFO - [2026-10-07T11:44:15.679+0000] {dagbag.py:545} INFO - Filling up the DagBag from /opt/airflow/dags/f1_pipeline_dag.py
[2026-10-07T11:44:15.699+0000] {processor.py:840} INFO - DAG(s) 'f1_data_analytics' retrieved from /opt/airflow/dags/f1_pipeline_dag.py
[2026-10-07T11:44:15.746+0000] {logging_mixin.py:188} INFO - [2026-10-07T11:44:15.746+0000] {dag.py:3096} INFO - Sync 1 DAGs
[2026-10-07T11:44:15.756+0000] {logging_mixin.py:188} INFO - [2026-10-07T11:44:15.756+0000] {dag.py:3954} INFO - Setting next_dagrun for f1_data_analytics to None, run_after=None
[2026-10-07T11:44:15.771+0000] {processor.py:183} INFO - Processing /opt/airflow/dags/f1_pipeline_dag.py took 0.107 seconds
[2026-10-07T11:44:45.980+0000] {processor.py:161} INFO - Started process (PID=5422) to work on /opt/airflow/dags/f1_pipeline_dag.py
[2026-10-07T11:44:45.982+0000] {processor.py:830} INFO - Processing file /opt/airflow/dags/f1_pipeline_dag.py for tasks to queue
[2026-10-07T11:44:45.983+0000] {logging_mixin.py:188} INFO - [2026-10-07T11:44:45.983+0000] {dagbag.py:545} INFO - Filling up the DagBag from /opt/airflow/dags/f1_pipeline_dag.py
[2026-10-07T11:44:46.003+0000] {processor.py:840} INFO - DAG(s) 'f1_data_analytics' retrieved from /opt/airflow/dags/f1_pipeline_dag.py
[2026-10-07T11:44:46.051+0000] {logging_mixin.py:188} INFO - [2026-10-07T11:44:46.051+0000] {dag.py:3096} INFO - Sync 1 DAGs
[2026-10-07T11:44:46.060+0000] {logging_mixin.py:188} INFO - [2026-10-07T11:44:46.060+0000] {dag.py:3954} INFO - Setting next_dagrun for f1_data_analytics to None, run_after=None
[2026-10-07T11:44:46.075+0000] {processor.py:183} INFO - Processing /opt/airflow/dags/f1_pipeline_dag.py took 0.104 seconds
[2026-10-07T11:45:16.287+0000] {processor.py:161} INFO - Started process (PID=5423) to work on /opt/airflow/dags/f1_pipeline_dag.py
[2026-10-07T11:45:16.288+0000] {processor.py:830} INFO - Processing file /opt/airflow/dags/f1_pipeline_dag.py for tasks to queue
[2026-10-07T11:45:16.289+0000] {logging_mixin.py:188} INFO - [2026-10-07T11:45:16.289+0000] {dagbag.py:545} INFO - Filling up the DagBag from /opt/airflow/dags/f1_pipeline_dag.py
[2026-10-07T11:45:16.308+0000] {processor.py:840} INFO - DAG(s) 'f1_data_analytics' retrieved from /opt/airflow/dags/f1_pipeline_dag.py
[2026-10-07T11:45:16.357+0000] {logging_mixin.py:188} INFO - [2026-10-07T11:45:16.356+0000] {dag.py:3096} INFO - Sync 1 DAGs
[2026-10-07T11:45:16.366+0000] {logging_mixin.py:188} INFO - [2026-10-07T11:45:16.366+0000] {dag.py:3954} INFO - Setting next_dagrun for f1_data_analytics to None, run_after=None
[2026-10-07T11:45:16.380+0000] {processor.py:183} INFO - Processing /opt/airflow/dags/f1_pipeline_dag.py took 0.104 seconds
[2026-10-07T11:45:46.590+0000] {processor.py:161} INFO - Started process (PID=5424) to work on /opt/airflow/dags/f1_pipeline_dag.py
[2026-10-07T11:45:46.594+0000] {processor.py:830} INFO - Processing file /opt/airflow/dags/f1_pipeline_dag.py for tasks to queue
[2026-10-07T11:45:46.595+0000] {logging_mixin.py:188} INFO - [2026-10-07T11:45:46.595+0000] {dagbag.py:545} INFO - Filling up the DagBag from /opt/airflow/dags/f1_pipeline_dag.py
[2026-10-07T11:45:46.614+0000] {processor.py:840} INFO - DAG(s) 'f1_data_analytics' retrieved from /opt/airflow/dags/f1_pipeline_dag.py
[2026-10-07T11:45:46.663+0000] {logging_mixin.py:188} INFO - [2026-10-07T11:45:46.663+0000] {dag.py:3096} INFO - Sync 1 DAGs
[2026-10-07T11:45:46.673+0000] {logging_mixin.py:188} INFO - [2026-10-07T11:45:46.672+0000] {dag.py:3954} INFO - Setting next_dagrun for f1_data_analytics to None, run_after=None
[2026-10-07T11:45:46.688+0000] {processor.py:183} INFO - Processing /opt/airflow/dags/f1_pipeline_dag.py took 0.107 seconds
[2026-10-07T11:46:16.894+0000] {processor.py:161} INFO - Started process (PID=5425) to work on /opt/airflow/dags/f1_pipeline_dag.py
[2026-10-07T11:46:16.895+0000] {processor.py:830} INFO - Processing file /opt/airflow/dags/f1_pipeline_dag.py for tasks to queue
[2026-10-07T11:46:16.897+0000] {logging_mixin.py:188} INFO - [2026-10-07T11:46:16.896+0000] {dagbag.py:545} INFO - Filling up the DagBag from /opt/airflow/dags/f1_pipeline_dag.py
[2026-10-07T11:46:16.916+0000] {processor.py:840} INFO - DAG(s) 'f1_data_analytics' retrieved from /opt/airflow/dags/f1_pipeline_dag.py
[2026-10-07T11:46:16.965+0000] {logging_mixin.py:188} INFO - [2026-10-07T11:46:16.965+0000] {dag.py:3096} INFO - Sync 1 DAGs
[2026-10-07T11:46:16.974+0000] {logging_mixin.py:188} INFO - [2026-10-07T11:46:16.974+0000] {dag.py:3954} INFO - Setting next_dagrun for f1_data_analytics to None, run_after=None
[2026-10-07T11:46:16.988+0000] {processor.py:183} INFO - Processing /opt/airflow/dags/f1_pipeline_dag.py took 0.104 seconds
[2026-10-07T11:46:47.197+0000] {processor.py:161} INFO - Started process (PID=5426) to work on /opt/airflow/dags/f1_pipeline_dag.py
[2026-10-07T11:46:47.200+0000] {processor.py:830} INFO - Processing file /opt/airflow/dags/f1_pipeline_dag.py for tasks to queue
[2026-10-07T11:46:47.202+0000] {logging_mixin.py:188} INFO - [2026-10-07T11:46:47.201+0000] {dagbag.py:545} INFO - Filling up the DagBag from /opt/airflow/dags/f1_pipeline_dag.py
[2026-10-07T11:46:47.221+0000] {processor.py:840} INFO - DAG(s) 'f1_data_analytics' retrieved from /opt/airflow/dags/f1_pipeline_dag.py
[2026-10-07T11:46:47.269+0000] {logging_mixin.py:188} INFO - [2026-10-07T11:46:47.269+0000] {dag.py:3096} INFO - Sync 1 DAGs
[2026-10-07T11:46:47.278+0000] {logging_mixin.py:188} INFO - [2026-10-07T11:46:47.278+0000] {dag.py:3954} INFO - Setting next_dagrun for f1_data_analytics to None, run_after=None
[2026-10-07T11:46:47.294+0000] {processor.py:183} INFO - Processing /opt/airflow/dags/f1_pipeline_dag.py took 0.107 seconds
[2026-10-07T11:47:17.501+0000] {processor.py:161} INFO - Started process (PID=5427) to work on /opt/airflow/dags/f1_pipeline_dag.py
[2026-10-07T11:47:17.503+0000] {processor.py:830} INFO - Processing file /opt/airflow/dags/f1_pipeline_dag.py for tasks to queue
[2026-10-07T11:47:17.504+0000] {logging_mixin.py:188} INFO - [2026-10-07T11:47:17.503+0000] {dagbag.py:545} INFO - Filling up the DagBag from /opt/airflow/dags/f1_pipeline_dag.py
[2026-10-07T11:47:17.524+0000] {processor.py:840} INFO - DAG(s) 'f1_data_analytics' retrieved from /opt/airflow/dags/f1_pipeline_dag.py
[2026-10-07T11:47:17.571+0000] {logging_mixin.py:188} INFO - [2026-10-07T11:47:17.571+0000] {dag.py:3096} INFO - Sync 1 DAGs
[2026-10-07T11:47:17.580+0000] {logging_mixin.py:188} INFO - [2026-10-07T11:47:17.580+0000] {dag.py:3954} INFO - Setting next_dagrun for f1_data_analytics to None, run_after=None
[2026-10-07T11:47:17.595+0000] {processor.py:183} INFO - Processing /opt/airflow/dags/f1_pipeline_dag.py took 0.104 seconds
[2026-10-07T11:47:47.802+0000] {processor.py:161} INFO - Started process (PID=5428) to work on /opt/airflow/dags/f1_pipeline_dag.py
[2026-10-07T11:47:47.805+0000] {processor.py:830} INFO - Processing file /opt/airflow/dags/f1_pipeline_dag.py for tasks to queue
[2026-10-07T11:47:47.807+0000] {logging_mixin.py:188} INFO - [2026-10-07T11:47:47.806+0000] {dagbag.py:545} INFO - Filling up the DagBag from /opt/airflow/dags/f1_pipeline_dag.py
[2026-10-07T11:47:47.827+0000] {processor.py:840} INFO - DAG(s) 'f1_data_analytics' retrieved from /opt/airflow/dags/f1_pipeline_dag.py
[2026-10-07T11:47:47.875+0000] {logging_mixin.py:188} INFO - [2026-10-07T11:47:47.875+0000] {dag.py:3096} INFO - Sync 1 DAGs
[2026-10-07T11:47:47.884+0000] {logging_mixin.py:188} INFO - [2026-10-07T11:47:47.883+0000] {dag.py:3954} INFO - Setting next_dagrun for f1_data_analytics to None, run_after=None
[2026-10-07T11:47:47.899+0000] {processor.py:183} INFO - Processing /opt/airflow/dags/f1_pipeline_dag.py took 0.107 seconds
[2026-10-07T11:48:18.039+0000] {processor.py:161} INFO - Started process (PID=5429) to work on /opt/airflow/dags/f1_pipeline_dag.py
[2026-10-07T11:48:18.040+0000] {processor.py:830} INFO - Processing file /opt/airflow/dags/f1_pipeline_dag.py for tasks to queue
[2026-10-07T11:48:18.042+0000] {logging_mixin.py:188} INFO - [2026-10-07T11:48:18.041+0000] {dagbag.py:545} INFO - Filling up the DagBag from /opt/airflow/dags/f1_pipeline_dag.py
[2026-10-07T11:48:18.061+0000] {processor.py:840} INFO - DAG(s) 'f1_data_analytics' retrieved from /opt/airflow/dags/f1_pipeline_dag.py
[2026-10-07T11:48:18.109+0000] {logging_mixin.py:188} INFO - [2026-10-07T11:48:18.109+0000] {dag.py:3096} INFO - Sync 1 DAGs
[2026-10-07T11:48:18.118+0000] {logging_mixin.py:188} INFO - [2026-10-07T11:48:18.117+0000] {dag.py:3954} INFO - Setting next_dagrun for f1_data_analytics to None, run_after=None
[2026-10-07T11:48:18.132+0000] {processor.py:183} INFO - Processing /opt/airflow/dags/f1_pipeline_dag.py took 0.103 seconds
[2026-10-07T11:48:48.340+0000] {processor.py:161} INFO - Started process (PID=5430) to work on /opt/airflow/dags/f1_pipeline_dag.py
[2026-10-07T11:48:48.343+0000] {processor.py:830} INFO - Processing file /opt/airflow/dags/f1_pipeline_dag.py for tasks to queue
[2026-10-07T11:48:48.345+0000] {logging_mixin.py:188} INFO - [2026-10-07T11:48:48.344+0000] {dagbag.py:545} INFO - Filling up the DagBag from /opt/airflow/dags/f1_pipeline_dag.py
[2026-10-07T11:48:48.364+0000] {processor.py:840} INFO - DAG(s) 'f1_data_analytics' retrieved from /opt/airflow/dags/f1_pipeline_dag.py
[2026-10-07T11:48:48.411+0000] {logging_mixin.py:188} INFO - [2026-10-07T11:48:48.411+0000] {dag.py:3096} INFO - Sync 1 DAGs
[2026-10-07T11:48:48.420+0000] {logging_mixin.py:188} INFO - [2026-10-07T11:48:48.420+0000] {dag.py:3954} INFO - Setting next_dagrun for f1_data_analytics to None, run_after=None
[2026-10-07T11:48:48.435+0000] {processor.py:183} INFO - Processing /opt/airflow/dags/f1_pipeline_dag.py took 0.105 seconds
[2026-10-07T11:49:18.670+0000] {processor.py:161} INFO - Started process (PID=5431) to work on /opt/airflow/dags/f1_pipeline_dag.py
[2026-10-07T11:49:18.672+0000] {processor.py:830} INFO - Processing file /opt/airflow/dags/f1_pipeline_dag.py for tasks to queue
[2026-10-07T11:49:18.673+0000] {logging_mixin.py:188} INFO - [2026-10-07T11:49:18.672+0000] {dagbag.py:545} INFO - Filling up the DagBag from /opt/airflow/dags/f1_pipeline_dag.py
[2026-10-07T11:49:18.692+0000] {processor.py:840} INFO - DAG(s) 'f1_data_analytics' retrieved from /opt/airflow/dags/f1_pipeline_dag.py
[2026-10-07T11:49:18.739+0000] {logging_mixin.py:188} INFO - [2026-10-07T11:49:18.739+0000] {dag.py:3096} INFO - Sync 1 DAGs
[2026-10-07T11:49:18.748+0000] {logging_mixin.py:188} INFO - [2026-10-07T11:49:18.748+0000] {dag.py:3954} INFO - Setting next_dagrun for f1_data_analytics to None, run_after=None
[2026-10-07T11:49:18.763+0000] {processor.py:183} INFO - Processing /opt/airflow/dags/f1_pipeline_dag.py took 0.103 seconds
[2026-10-07T11:49:48.969+0000] {processor.py:161} INFO - Started process (PID=5432) to work on /opt/airflow/dags/f1_pipeline_dag.py
[2026-10-07T11:49:48.979+0000] {processor.py:830} INFO - Processing file /opt/airflow/dags/f1_pipeline_dag.py for tasks to queue
[2026-10-07T11:49:48.980+0000] {logging_mixin.py:188} INFO - [2026-10-07T11:49:48.980+0000] {dagbag.py:545} INFO - Filling up the DagBag from /opt/airflow/dags/f1_pipeline_dag.py
[2026-10-07T11:49:48.998+0000] {processor.py:840} INFO - DAG(s) 'f1_data_analytics' retrieved from /opt/airflow/dags/f1_pipeline_dag.py
[2026-10-07T11:49:49.048+0000] {logging_mixin.py:188} INFO - [2026-10-07T11:49:49.048+0000] {dag.py:3096} INFO - Sync 1 DAGs
[2026-10-07T11:49:49.057+0000] {logging_mixin.py:188} INFO - [2026-10-07T11:49:49.057+0000] {dag.py:3954} INFO - Setting next_dagrun for f1_data_analytics to None, run_after=None
[2026-10-07T11:49:49.073+0000] {processor.py:183} INFO - Processing /opt/airflow/dags/f1_pipeline_dag.py took 0.113 seconds
[2026-10-07T11:50:19.270+0000] {processor.py:161} INFO - Started process (PID=5433) to work on /opt/airflow/dags/f1_pipeline_dag.py
[2026-10-07T11:50:19.272+0000] {processor.py:830} INFO - Processing file /opt/airflow/dags/f1_pipeline_dag.py for tasks to queue
[2026-10-07T11:50:19.273+0000] {logging_mixin.py:188} INFO - [2026-10-07T11:50:19.273+0000] {dagbag.py:545} INFO - Filling up the DagBag from /opt/airflow/dags/f1_pipeline_dag.py
[2026-10-07T11:50:19.293+0000] {processor.py:840} INFO - DAG(s) 'f1_data_analytics' retrieved from /opt/airflow/dags/f1_pipeline_dag.py
[2026-10-07T11:50:19.341+0000] {logging_mixin.py:188} INFO - [2026-10-07T11:50:19.341+0000] {dag.py:3096} INFO - Sync 1 DAGs
[2026-10-07T11:50:19.350+0000] {logging_mixin.py:188} INFO - [2026-10-07T11:50:19.350+0000] {dag.py:3954} INFO - Setting next_dagrun for f1_data_analytics to None, run_after=None
[2026-10-07T11:50:19.365+0000] {processor.py:183} INFO - Processing /opt/airflow/dags/f1_pipeline_dag.py took 0.105 seconds
[2026-10-07T11:50:49.548+0000] {processor.py:161} INFO - Started process (PID=5434) to work on /opt/airflow/dags/f1_pipeline_dag.py
[2026-10-07T11:50:49.556+0000] {processor.py:830} INFO - Processing file /opt/airflow/dags/f1_pipeline_dag.py for tasks to queue
[2026-10-07T11:50:49.558+0000] {logging_mixin.py:188} INFO - [2026-10-07T11:50:49.557+0000] {dagbag.py:545} INFO - Filling up the DagBag from /opt/airflow/dags/f1_pipeline_dag.py
[2026-10-07T11:50:49.579+0000] {processor.py:840} INFO - DAG(s) 'f1_data_analytics' retrieved from /opt/airflow/dags/f1_pipeline_dag.py
[2026-10-07T11:50:49.629+0000] {logging_mixin.py:188} INFO - [2026-10-07T11:50:49.629+0000] {dag.py:3096} INFO - Sync 1 DAGs
[2026-10-07T11:50:49.638+0000] {logging_mixin.py:188} INFO - [2026-10-07T11:50:49.638+0000] {dag.py:3954} INFO - Setting next_dagrun for f1_data_analytics to None, run_after=None
[2026-10-07T11:50:49.655+0000] {processor.py:183} INFO - Processing /opt/airflow/dags/f1_pipeline_dag.py took 0.117 seconds
[2026-10-07T11:51:19.855+0000] {processor.py:161} INFO - Started process (PID=5435) to work on /opt/airflow/dags/f1_pipeline_dag.py
[2026-10-07T11:51:19.857+0000] {processor.py:830} INFO - Processing file /opt/airflow/dags/f1_pipeline_dag.py for tasks to queue
[2026-10-07T11:51:19.858+0000] {logging_mixin.py:188} INFO - [2026-10-07T11:51:19.858+0000] {dagbag.py:545} INFO - Filling up the DagBag from /opt/airflow/dags/f1_pipeline_dag.py
[2026-10-07T11:51:19.877+0000] {processor.py:840} INFO - DAG(s) 'f1_data_analytics' retrieved from /opt/airflow/dags/f1_pipeline_dag.py
[2026-10-07T11:51:19.926+0000] {logging_mixin.py:188} INFO - [2026-10-07T11:51:19.925+0000] {dag.py:3096} INFO - Sync 1 DAGs
[2026-10-07T11:51:19.934+0000] {logging_mixin.py:188} INFO - [2026-10-07T11:51:19.934+0000] {dag.py:3954} INFO - Setting next_dagrun for f1_data_analytics to None, run_after=None
[2026-10-07T11:51:19.949+0000] {processor.py:183} INFO - Processing /opt/airflow/dags/f1_pipeline_dag.py took 0.104 seconds
[2026-10-07T11:51:50.160+0000] {processor.py:161} INFO - Started process (PID=5436) to work on /opt/airflow/dags/f1_pipeline_dag.py
[2026-10-07T11:51:50.168+0000] {processor.py:830} INFO - Processing file /opt/airflow/dags/f1_pipeline_dag.py for tasks to queue
[2026-10-07T11:51:50.170+0000] {logging_mixin.py:188} INFO - [2026-10-07T11:51:50.169+0000] {dagbag.py:545} INFO - Filling up the DagBag from /opt/airflow/dags/f1_pipeline_dag.py
[2026-10-07T11:51:50.190+0000] {processor.py:840} INFO - DAG(s) 'f1_data_analytics' retrieved from /opt/airflow/dags/f1_pipeline_dag.py
[2026-10-07T11:51:50.238+0000] {logging_mixin.py:188} INFO - [2026-10-07T11:51:50.238+0000] {dag.py:3096} INFO - Sync 1 DAGs
[2026-10-07T11:51:50.247+0000] {logging_mixin.py:188} INFO - [2026-10-07T11:51:50.247+0000] {dag.py:3954} INFO - Setting next_dagrun for f1_data_analytics to None, run_after=None
[2026-10-07T11:51:50.264+0000] {processor.py:183} INFO - Processing /opt/airflow/dags/f1_pipeline_dag.py took 0.114 seconds
[2026-10-07T11:52:20.466+0000] {processor.py:161} INFO - Started process (PID=5437) to work on /opt/airflow/dags/f1_pipeline_dag.py
[2026-10-07T11:52:20.467+0000] {processor.py:830} INFO - Processing file /opt/airflow/dags/f1_pipeline_dag.py for tasks to queue
[2026-10-07T11:52:20.469+0000] {logging_mixin.py:188} INFO - [2026-10-07T11:52:20.468+0000] {dagbag.py:545} INFO - Filling up the DagBag from /opt/airflow/dags/f1_pipeline_dag.py
[2026-10-07T11:52:20.488+0000] {processor.py:840} INFO - DAG(s) 'f1_data_analytics' retrieved from /opt/airflow/dags/f1_pipeline_dag.py
[2026-10-07T11:52:20.536+0000] {logging_mixin.py:188} INFO - [2026-10-07T11:52:20.535+0000] {dag.py:3096} INFO - Sync 1 DAGs
[2026-10-07T11:52:20.545+0000] {logging_mixin.py:188} INFO - [2026-10-07T11:52:20.544+0000] {dag.py:3954} INFO - Setting next_dagrun for f1_data_analytics to None, run_after=None
[2026-10-07T11:52:20.560+0000] {processor.py:183} INFO - Processing /opt/airflow/dags/f1_pipeline_dag.py took 0.104 seconds
[2026-10-07T11:52:50.770+0000] {processor.py:161} INFO - Started process (PID=5438) to work on /opt/airflow/dags/f1_pipeline_dag.py
[2026-10-07T11:52:50.778+0000] {processor.py:830} INFO - Processing file /opt/airflow/dags/f1_pipeline_dag.py for tasks to queue
[2026-10-07T11:52:50.780+0000] {logging_mixin.py:188} INFO - [2026-10-07T11:52:50.779+0000] {dagbag.py:545} INFO - Filling up the DagBag from /opt/airflow/dags/f1_pipeline_dag.py
[2026-10-07T11:52:50.799+0000] {processor.py:840} INFO - DAG(s) 'f1_data_analytics' retrieved from /opt/airflow/dags/f1_pipeline_dag.py
[2026-10-07T11:52:50.848+0000] {logging_mixin.py:188} INFO - [2026-10-07T11:52:50.848+0000] {dag.py:3096} INFO - Sync 1 DAGs
[2026-10-07T11:52:50.857+0000] {logging_mixin.py:188} INFO - [2026-10-07T11:52:50.857+0000] {dag.py:3954} INFO - Setting next_dagrun for f1_data_analytics to None, run_after=None
[2026-10-07T11:52:50.873+0000] {processor.py:183} INFO - Processing /opt/airflow/dags/f1_pipeline_dag.py took 0.114 seconds
[2026-10-07T11:53:21.075+0000] {processor.py:161} INFO - Started process (PID=5439) to work on /opt/airflow/dags/f1_pipeline_dag.py
[2026-10-07T11:53:21.076+0000] {processor.py:830} INFO - Processing file /opt/airflow/dags/f1_pipeline_dag.py for tasks to queue
[2026-10-07T11:53:21.077+0000] {logging_mixin.py:188} INFO - [2026-10-07T11:53:21.077+0000] {dagbag.py:545} INFO - Filling up the DagBag from /opt/airflow/dags/f1_pipeline_dag.py
[2026-10-07T11:53:21.096+0000] {processor.py:840} INFO - DAG(s) 'f1_data_analytics' retrieved from /opt/airflow/dags/f1_pipeline_dag.py
[2026-10-07T11:53:21.143+0000] {logging_mixin.py:188} INFO - [2026-10-07T11:53:21.143+0000] {dag.py:3096} INFO - Sync 1 DAGs
[2026-10-07T11:53:21.152+0000] {logging_mixin.py:188} INFO - [2026-10-07T11:53:21.152+0000] {dag.py:3954} INFO - Setting next_dagrun for f1_data_analytics to None, run_after=None
[2026-10-07T11:53:21.167+0000] {processor.py:183} INFO - Processing /opt/airflow/dags/f1_pipeline_dag.py took 0.102 seconds
[2026-10-07T11:53:51.382+0000] {processor.py:161} INFO - Started process (PID=5440) to work on /opt/airflow/dags/f1_pipeline_dag.py
[2026-10-07T11:53:51.391+0000] {processor.py:830} INFO - Processing file /opt/airflow/dags/f1_pipeline_dag.py for tasks to queue
[2026-10-07T11:53:51.393+0000] {logging_mixin.py:188} INFO - [2026-10-07T11:53:51.392+0000] {dagbag.py:545} INFO - Filling up the DagBag from /opt/airflow/dags/f1_pipeline_dag.py
[2026-10-07T11:53:51.413+0000] {processor.py:840} INFO - DAG(s) 'f1_data_analytics' retrieved from /opt/airflow/dags/f1_pipeline_dag.py
[2026-10-07T11:53:51.462+0000] {logging_mixin.py:188} INFO - [2026-10-07T11:53:51.462+0000] {dag.py:3096} INFO - Sync 1 DAGs
[2026-10-07T11:53:51.472+0000] {logging_mixin.py:188} INFO - [2026-10-07T11:53:51.471+0000] {dag.py:3954} INFO - Setting next_dagrun for f1_data_analytics to None, run_after=None
[2026-10-07T11:53:51.486+0000] {processor.py:183} INFO - Processing /opt/airflow/dags/f1_pipeline_dag.py took 0.114 seconds
[2026-10-07T11:54:21.677+0000] {processor.py:161} INFO - Started process (PID=5441) to work on /opt/airflow/dags/f1_pipeline_dag.py
[2026-10-07T11:54:21.678+0000] {processor.py:830} INFO - Processing file /opt/airflow/dags/f1_pipeline_dag.py for tasks to queue
[2026-10-07T11:54:21.680+0000] {logging_mixin.py:188} INFO - [2026-10-07T11:54:21.679+0000] {dagbag.py:545} INFO - Filling up the DagBag from /opt/airflow/dags/f1_pipeline_dag.py
[2026-10-07T11:54:21.699+0000] {processor.py:840} INFO - DAG(s) 'f1_data_analytics' retrieved from /opt/airflow/dags/f1_pipeline_dag.py
[2026-10-07T11:54:21.746+0000] {logging_mixin.py:188} INFO - [2026-10-07T11:54:21.746+0000] {dag.py:3096} INFO - Sync 1 DAGs
[2026-10-07T11:54:21.755+0000] {logging_mixin.py:188} INFO - [2026-10-07T11:54:21.755+0000] {dag.py:3954} INFO - Setting next_dagrun for f1_data_analytics to None, run_after=None
[2026-10-07T11:54:21.770+0000] {processor.py:183} INFO - Processing /opt/airflow/dags/f1_pipeline_dag.py took 0.103 seconds
[2026-10-07T11:54:51.984+0000] {processor.py:161} INFO - Started process (PID=5442) to work on /opt/airflow/dags/f1_pipeline_dag.py
[2026-10-07T11:54:51.987+0000] {processor.py:830} INFO - Processing file /opt/airflow/dags/f1_pipeline_dag.py for tasks to queue
[2026-10-07T11:54:51.989+0000] {logging_mixin.py:188} INFO - [2026-10-07T11:54:51.988+0000] {dagbag.py:545} INFO - Filling up the DagBag from /opt/airflow/dags/f1_pipeline_dag.py
[2026-10-07T11:54:52.009+0000] {processor.py:840} INFO - DAG(s) 'f1_data_analytics' retrieved from /opt/airflow/dags/f1_pipeline_dag.py
[2026-10-07T11:54:52.055+0000] {logging_mixin.py:188} INFO - [2026-10-07T11:54:52.055+0000] {dag.py:3096} INFO - Sync 1 DAGs
[2026-10-07T11:54:52.064+0000] {logging_mixin.py:188} INFO - [2026-10-07T11:54:52.064+0000] {dag.py:3954} INFO - Setting next_dagrun for f1_data_analytics to None, run_after=None
[2026-10-07T11:54:52.079+0000] {processor.py:183} INFO - Processing /opt/airflow/dags/f1_pipeline_dag.py took 0.105 seconds
[2026-10-07T11:55:22.290+0000] {processor.py:161} INFO - Started process (PID=5443) to work on /opt/airflow/dags/f1_pipeline_dag.py
[2026-10-07T11:55:22.291+0000] {processor.py:830} INFO - Processing file /opt/airflow/dags/f1_pipeline_dag.py for tasks to queue
[2026-10-07T11:55:22.293+0000] {logging_mixin.py:188} INFO - [2026-10-07T11:55:22.292+0000] {dagbag.py:545} INFO - Filling up the DagBag from /opt/airflow/dags/f1_pipeline_dag.py
[2026-10-07T11:55:22.312+0000] {processor.py:840} INFO - DAG(s) 'f1_data_analytics' retrieved from /opt/airflow/dags/f1_pipeline_dag.py
[2026-10-07T11:55:22.360+0000] {logging_mixin.py:188} INFO - [2026-10-07T11:55:22.360+0000] {dag.py:3096} INFO - Sync 1 DAGs
[2026-10-07T11:55:22.369+0000] {logging_mixin.py:188} INFO - [2026-10-07T11:55:22.369+0000] {dag.py:3954} INFO - Setting next_dagrun for f1_data_analytics to None, run_after=None
[2026-10-07T11:55:22.384+0000] {processor.py:183} INFO - Processing /opt/airflow/dags/f1_pipeline_dag.py took 0.104 seconds
[2026-10-07T11:55:52.593+0000] {processor.py:161} INFO - Started process (PID=5444) to work on /opt/airflow/dags/f1_pipeline_dag.py
[2026-10-07T11:55:52.596+0000] {processor.py:830} INFO - Processing file /opt/airflow/dags/f1_pipeline_dag.py for tasks to queue
[2026-10-07T11:55:52.598+0000] {logging_mixin.py:188} INFO - [2026-10-07T11:55:52.597+0000] {dagbag.py:545} INFO - Filling up the DagBag from /opt/airflow/dags/f1_pipeline_dag.py
[2026-10-07T11:55:52.617+0000] {processor.py:840} INFO - DAG(s) 'f1_data_analytics' retrieved from /opt/airflow/dags/f1_pipeline_dag.py
[2026-10-07T11:55:52.664+0000] {logging_mixin.py:188} INFO - [2026-10-07T11:55:52.664+0000] {dag.py:3096} INFO - Sync 1 DAGs
[2026-10-07T11:55:52.673+0000] {logging_mixin.py:188} INFO - [2026-10-07T11:55:52.673+0000] {dag.py:3954} INFO - Setting next_dagrun for f1_data_analytics to None, run_after=None
[2026-10-07T11:55:52.690+0000] {processor.py:183} INFO - Processing /opt/airflow/dags/f1_pipeline_dag.py took 0.107 seconds
[2026-10-07T11:56:22.900+0000] {processor.py:161} INFO - Started process (PID=5445) to work on /opt/airflow/dags/f1_pipeline_dag.py
[2026-10-07T11:56:22.901+0000] {processor.py:830} INFO - Processing file /opt/airflow/dags/f1_pipeline_dag.py for tasks to queue
[2026-10-07T11:56:22.902+0000] {logging_mixin.py:188} INFO - [2026-10-07T11:56:22.902+0000] {dagbag.py:545} INFO - Filling up the DagBag from /opt/airflow/dags/f1_pipeline_dag.py
[2026-10-07T11:56:22.922+0000] {processor.py:840} INFO - DAG(s) 'f1_data_analytics' retrieved from /opt/airflow/dags/f1_pipeline_dag.py
[2026-10-07T11:56:22.968+0000] {logging_mixin.py:188} INFO - [2026-10-07T11:56:22.968+0000] {dag.py:3096} INFO - Sync 1 DAGs
[2026-10-07T11:56:22.978+0000] {logging_mixin.py:188} INFO - [2026-10-07T11:56:22.977+0000] {dag.py:3954} INFO - Setting next_dagrun for f1_data_analytics to None, run_after=None
[2026-10-07T11:56:22.993+0000] {processor.py:183} INFO - Processing /opt/airflow/dags/f1_pipeline_dag.py took 0.103 seconds
[2026-10-07T11:56:53.205+0000] {processor.py:161} INFO - Started process (PID=5446) to work on /opt/airflow/dags/f1_pipeline_dag.py
[2026-10-07T11:56:53.209+0000] {processor.py:830} INFO - Processing file /opt/airflow/dags/f1_pipeline_dag.py for tasks to queue
[2026-10-07T11:56:53.210+0000] {logging_mixin.py:188} INFO - [2026-10-07T11:56:53.210+0000] {dagbag.py:545} INFO - Filling up the DagBag from /opt/airflow/dags/f1_pipeline_dag.py
[2026-10-07T11:56:53.230+0000] {processor.py:840} INFO - DAG(s) 'f1_data_analytics' retrieved from /opt/airflow/dags/f1_pipeline_dag.py
[2026-10-07T11:56:53.278+0000] {logging_mixin.py:188} INFO - [2026-10-07T11:56:53.278+0000] {dag.py:3096} INFO - Sync 1 DAGs
[2026-10-07T11:56:53.286+0000] {logging_mixin.py:188} INFO - [2026-10-07T11:56:53.286+0000] {dag.py:3954} INFO - Setting next_dagrun for f1_data_analytics to None, run_after=None
[2026-10-07T11:56:53.301+0000] {processor.py:183} INFO - Processing /opt/airflow/dags/f1_pipeline_dag.py took 0.106 seconds
[2026-10-07T11:57:23.502+0000] {processor.py:161} INFO - Started process (PID=5447) to work on /opt/airflow/dags/f1_pipeline_dag.py
[2026-10-07T11:57:23.503+0000] {processor.py:830} INFO - Processing file /opt/airflow/dags/f1_pipeline_dag.py for tasks to queue
[2026-10-07T11:57:23.505+0000] {logging_mixin.py:188} INFO - [2026-10-07T11:57:23.504+0000] {dagbag.py:545} INFO - Filling up the DagBag from /opt/airflow/dags/f1_pipeline_dag.py
[2026-10-07T11:57:23.517+0000] {processor.py:840} INFO - DAG(s) 'f1_data_analytics' retrieved from /opt/airflow/dags/f1_pipeline_dag.py
[2026-10-07T11:57:23.552+0000] {logging_mixin.py:188} INFO - [2026-10-07T11:57:23.552+0000] {dag.py:3096} INFO - Sync 1 DAGs
[2026-10-07T11:57:23.561+0000] {logging_mixin.py:188} INFO - [2026-10-07T11:57:23.560+0000] {dag.py:3954} INFO - Setting next_dagrun for f1_data_analytics to None, run_after=None
[2026-10-07T11:57:23.576+0000] {processor.py:183} INFO - Processing /opt/airflow/dags/f1_pipeline_dag.py took 0.081 seconds
[2026-10-07T11:57:53.701+0000] {processor.py:161} INFO - Started process (PID=5448) to work on /opt/airflow/dags/f1_pipeline_dag.py
[2026-10-07T11:57:53.704+0000] {processor.py:830} INFO - Processing file /opt/airflow/dags/f1_pipeline_dag.py for tasks to queue
[2026-10-07T11:57:53.706+0000] {logging_mixin.py:188} INFO - [2026-10-07T11:57:53.705+0000] {dagbag.py:545} INFO - Filling up the DagBag from /opt/airflow/dags/f1_pipeline_dag.py
[2026-10-07T11:57:53.725+0000] {processor.py:840} INFO - DAG(s) 'f1_data_analytics' retrieved from /opt/airflow/dags/f1_pipeline_dag.py
[2026-10-07T11:57:53.770+0000] {logging_mixin.py:188} INFO - [2026-10-07T11:57:53.769+0000] {dag.py:3096} INFO - Sync 1 DAGs
[2026-10-07T11:57:53.778+0000] {logging_mixin.py:188} INFO - [2026-10-07T11:57:53.778+0000] {dag.py:3954} INFO - Setting next_dagrun for f1_data_analytics to None, run_after=None
[2026-10-07T11:57:53.794+0000] {processor.py:183} INFO - Processing /opt/airflow/dags/f1_pipeline_dag.py took 0.103 seconds
[2026-10-07T11:58:24.005+0000] {processor.py:161} INFO - Started process (PID=5449) to work on /opt/airflow/dags/f1_pipeline_dag.py
[2026-10-07T11:58:24.007+0000] {processor.py:830} INFO - Processing file /opt/airflow/dags/f1_pipeline_dag.py for tasks to queue
[2026-10-07T11:58:24.008+0000] {logging_mixin.py:188} INFO - [2026-10-07T11:58:24.007+0000] {dagbag.py:545} INFO - Filling up the DagBag from /opt/airflow/dags/f1_pipeline_dag.py
[2026-10-07T11:58:24.031+0000] {processor.py:840} INFO - DAG(s) 'f1_data_analytics' retrieved from /opt/airflow/dags/f1_pipeline_dag.py
[2026-10-07T11:58:24.075+0000] {logging_mixin.py:188} INFO - [2026-10-07T11:58:24.075+0000] {dag.py:3096} INFO - Sync 1 DAGs
[2026-10-07T11:58:24.086+0000] {logging_mixin.py:188} INFO - [2026-10-07T11:58:24.085+0000] {dag.py:3954} INFO - Setting next_dagrun for f1_data_analytics to None, run_after=None
[2026-10-07T11:58:24.104+0000] {processor.py:183} INFO - Processing /opt/airflow/dags/f1_pipeline_dag.py took 0.109 seconds
[2026-10-07T11:58:54.313+0000] {processor.py:161} INFO - Started process (PID=5450) to work on /opt/airflow/dags/f1_pipeline_dag.py
[2026-10-07T11:58:54.321+0000] {processor.py:830} INFO - Processing file /opt/airflow/dags/f1_pipeline_dag.py for tasks to queue
[2026-10-07T11:58:54.323+0000] {logging_mixin.py:188} INFO - [2026-10-07T11:58:54.322+0000] {dagbag.py:545} INFO - Filling up the DagBag from /opt/airflow/dags/f1_pipeline_dag.py
[2026-10-07T11:58:54.342+0000] {processor.py:840} INFO - DAG(s) 'f1_data_analytics' retrieved from /opt/airflow/dags/f1_pipeline_dag.py
[2026-10-07T11:58:54.392+0000] {logging_mixin.py:188} INFO - [2026-10-07T11:58:54.392+0000] {dag.py:3096} INFO - Sync 1 DAGs
[2026-10-07T11:58:54.401+0000] {logging_mixin.py:188} INFO - [2026-10-07T11:58:54.401+0000] {dag.py:3954} INFO - Setting next_dagrun for f1_data_analytics to None, run_after=None
[2026-10-07T11:58:54.416+0000] {processor.py:183} INFO - Processing /opt/airflow/dags/f1_pipeline_dag.py took 0.113 seconds
[2026-10-07T11:59:24.618+0000] {processor.py:161} INFO - Started process (PID=5451) to work on /opt/airflow/dags/f1_pipeline_dag.py
[2026-10-07T11:59:24.619+0000] {processor.py:830} INFO - Processing file /opt/airflow/dags/f1_pipeline_dag.py for tasks to queue
[2026-10-07T11:59:24.621+0000] {logging_mixin.py:188} INFO - [2026-10-07T11:59:24.620+0000] {dagbag.py:545} INFO - Filling up the DagBag from /opt/airflow/dags/f1_pipeline_dag.py
[2026-10-07T11:59:24.639+0000] {processor.py:840} INFO - DAG(s) 'f1_data_analytics' retrieved from /opt/airflow/dags/f1_pipeline_dag.py
[2026-10-07T11:59:24.689+0000] {logging_mixin.py:188} INFO - [2026-10-07T11:59:24.688+0000] {dag.py:3096} INFO - Sync 1 DAGs
[2026-10-07T11:59:24.698+0000] {logging_mixin.py:188} INFO - [2026-10-07T11:59:24.698+0000] {dag.py:3954} INFO - Setting next_dagrun for f1_data_analytics to None, run_after=None
[2026-10-07T11:59:24.714+0000] {processor.py:183} INFO - Processing /opt/airflow/dags/f1_pipeline_dag.py took 0.106 seconds
[2026-10-07T11:59:54.926+0000] {processor.py:161} INFO - Started process (PID=5452) to work on /opt/airflow/dags/f1_pipeline_dag.py
[2026-10-07T11:59:54.930+0000] {processor.py:830} INFO - Processing file /opt/airflow/dags/f1_pipeline_dag.py for tasks to queue
[2026-10-07T11:59:54.931+0000] {logging_mixin.py:188} INFO - [2026-10-07T11:59:54.931+0000] {dagbag.py:545} INFO - Filling up the DagBag from /opt/airflow/dags/f1_pipeline_dag.py
[2026-10-07T11:59:54.951+0000] {processor.py:840} INFO - DAG(s) 'f1_data_analytics' retrieved from /opt/airflow/dags/f1_pipeline_dag.py
[2026-10-07T11:59:55.015+0000] {logging_mixin.py:188} INFO - [2026-10-07T11:59:55.015+0000] {dag.py:3096} INFO - Sync 1 DAGs
[2026-10-07T11:59:55.032+0000] {logging_mixin.py:188} INFO - [2026-10-07T11:59:55.032+0000] {dag.py:3954} INFO - Setting next_dagrun for f1_data_analytics to None, run_after=None
[2026-10-07T11:59:55.058+0000] {processor.py:183} INFO - Processing /opt/airflow/dags/f1_pipeline_dag.py took 0.142 seconds
[2026-10-07T12:00:25.229+0000] {processor.py:161} INFO - Started process (PID=5453) to work on /opt/airflow/dags/f1_pipeline_dag.py
[2026-10-07T12:00:25.230+0000] {processor.py:830} INFO - Processing file /opt/airflow/dags/f1_pipeline_dag.py for tasks to queue
[2026-10-07T12:00:25.232+0000] {logging_mixin.py:188} INFO - [2026-10-07T12:00:25.231+0000] {dagbag.py:545} INFO - Filling up the DagBag from /opt/airflow/dags/f1_pipeline_dag.py
[2026-10-07T12:00:25.254+0000] {processor.py:840} INFO - DAG(s) 'f1_data_analytics' retrieved from /opt/airflow/dags/f1_pipeline_dag.py
[2026-10-07T12:00:25.298+0000] {logging_mixin.py:188} INFO - [2026-10-07T12:00:25.297+0000] {dag.py:3096} INFO - Sync 1 DAGs
[2026-10-07T12:00:25.307+0000] {logging_mixin.py:188} INFO - [2026-10-07T12:00:25.307+0000] {dag.py:3954} INFO - Setting next_dagrun for f1_data_analytics to None, run_after=None
[2026-10-07T12:00:25.323+0000] {processor.py:183} INFO - Processing /opt/airflow/dags/f1_pipeline_dag.py took 0.106 seconds
[2026-10-07T12:00:55.526+0000] {processor.py:161} INFO - Started process (PID=5454) to work on /opt/airflow/dags/f1_pipeline_dag.py
[2026-10-07T12:00:55.529+0000] {processor.py:830} INFO - Processing file /opt/airflow/dags/f1_pipeline_dag.py for tasks to queue
[2026-10-07T12:00:55.531+0000] {logging_mixin.py:188} INFO - [2026-10-07T12:00:55.530+0000] {dagbag.py:545} INFO - Filling up the DagBag from /opt/airflow/dags/f1_pipeline_dag.py
[2026-10-07T12:00:55.549+0000] {processor.py:840} INFO - DAG(s) 'f1_data_analytics' retrieved from /opt/airflow/dags/f1_pipeline_dag.py
[2026-10-07T12:00:55.600+0000] {logging_mixin.py:188} INFO - [2026-10-07T12:00:55.600+0000] {dag.py:3096} INFO - Sync 1 DAGs
[2026-10-07T12:00:55.609+0000] {logging_mixin.py:188} INFO - [2026-10-07T12:00:55.609+0000] {dag.py:3954} INFO - Setting next_dagrun for f1_data_analytics to None, run_after=None
[2026-10-07T12:00:55.624+0000] {processor.py:183} INFO - Processing /opt/airflow/dags/f1_pipeline_dag.py took 0.108 seconds
[2026-10-07T12:01:25.817+0000] {processor.py:161} INFO - Started process (PID=5455) to work on /opt/airflow/dags/f1_pipeline_dag.py
[2026-10-07T12:01:25.818+0000] {processor.py:830} INFO - Processing file /opt/airflow/dags/f1_pipeline_dag.py for tasks to queue
[2026-10-07T12:01:25.820+0000] {logging_mixin.py:188} INFO - [2026-10-07T12:01:25.819+0000] {dagbag.py:545} INFO - Filling up the DagBag from /opt/airflow/dags/f1_pipeline_dag.py
[2026-10-07T12:01:25.839+0000] {processor.py:840} INFO - DAG(s) 'f1_data_analytics' retrieved from /opt/airflow/dags/f1_pipeline_dag.py
[2026-10-07T12:01:25.883+0000] {logging_mixin.py:188} INFO - [2026-10-07T12:01:25.883+0000] {dag.py:3096} INFO - Sync 1 DAGs
[2026-10-07T12:01:25.891+0000] {logging_mixin.py:188} INFO - [2026-10-07T12:01:25.891+0000] {dag.py:3954} INFO - Setting next_dagrun for f1_data_analytics to None, run_after=None
[2026-10-07T12:01:25.907+0000] {processor.py:183} INFO - Processing /opt/airflow/dags/f1_pipeline_dag.py took 0.101 seconds
[2026-10-07T12:01:56.121+0000] {processor.py:161} INFO - Started process (PID=5456) to work on /opt/airflow/dags/f1_pipeline_dag.py
[2026-10-07T12:01:56.124+0000] {processor.py:830} INFO - Processing file /opt/airflow/dags/f1_pipeline_dag.py for tasks to queue
[2026-10-07T12:01:56.125+0000] {logging_mixin.py:188} INFO - [2026-10-07T12:01:56.125+0000] {dagbag.py:545} INFO - Filling up the DagBag from /opt/airflow/dags/f1_pipeline_dag.py
[2026-10-07T12:01:56.145+0000] {processor.py:840} INFO - DAG(s) 'f1_data_analytics' retrieved from /opt/airflow/dags/f1_pipeline_dag.py
[2026-10-07T12:01:56.193+0000] {logging_mixin.py:188} INFO - [2026-10-07T12:01:56.192+0000] {dag.py:3096} INFO - Sync 1 DAGs
[2026-10-07T12:01:56.201+0000] {logging_mixin.py:188} INFO - [2026-10-07T12:01:56.201+0000] {dag.py:3954} INFO - Setting next_dagrun for f1_data_analytics to None, run_after=None
[2026-10-07T12:01:56.219+0000] {processor.py:183} INFO - Processing /opt/airflow/dags/f1_pipeline_dag.py took 0.109 seconds
[2026-10-07T12:02:26.427+0000] {processor.py:161} INFO - Started process (PID=5457) to work on /opt/airflow/dags/f1_pipeline_dag.py
[2026-10-07T12:02:26.428+0000] {processor.py:830} INFO - Processing file /opt/airflow/dags/f1_pipeline_dag.py for tasks to queue
[2026-10-07T12:02:26.430+0000] {logging_mixin.py:188} INFO - [2026-10-07T12:02:26.429+0000] {dagbag.py:545} INFO - Filling up the DagBag from /opt/airflow/dags/f1_pipeline_dag.py
[2026-10-07T12:02:26.450+0000] {processor.py:840} INFO - DAG(s) 'f1_data_analytics' retrieved from /opt/airflow/dags/f1_pipeline_dag.py
[2026-10-07T12:02:26.497+0000] {logging_mixin.py:188} INFO - [2026-10-07T12:02:26.497+0000] {dag.py:3096} INFO - Sync 1 DAGs
[2026-10-07T12:02:26.507+0000] {logging_mixin.py:188} INFO - [2026-10-07T12:02:26.507+0000] {dag.py:3954} INFO - Setting next_dagrun for f1_data_analytics to None, run_after=None
[2026-10-07T12:02:26.522+0000] {processor.py:183} INFO - Processing /opt/airflow/dags/f1_pipeline_dag.py took 0.105 seconds
[2026-10-07T12:02:56.732+0000] {processor.py:161} INFO - Started process (PID=5458) to work on /opt/airflow/dags/f1_pipeline_dag.py
[2026-10-07T12:02:56.736+0000] {processor.py:830} INFO - Processing file /opt/airflow/dags/f1_pipeline_dag.py for tasks to queue
[2026-10-07T12:02:56.737+0000] {logging_mixin.py:188} INFO - [2026-10-07T12:02:56.737+0000] {dagbag.py:545} INFO - Filling up the DagBag from /opt/airflow/dags/f1_pipeline_dag.py
[2026-10-07T12:02:56.757+0000] {processor.py:840} INFO - DAG(s) 'f1_data_analytics' retrieved from /opt/airflow/dags/f1_pipeline_dag.py
[2026-10-07T12:02:56.805+0000] {logging_mixin.py:188} INFO - [2026-10-07T12:02:56.805+0000] {dag.py:3096} INFO - Sync 1 DAGs
[2026-10-07T12:02:56.813+0000] {logging_mixin.py:188} INFO - [2026-10-07T12:02:56.813+0000] {dag.py:3954} INFO - Setting next_dagrun for f1_data_analytics to None, run_after=None
[2026-10-07T12:02:56.828+0000] {processor.py:183} INFO - Processing /opt/airflow/dags/f1_pipeline_dag.py took 0.106 seconds
[2026-10-07T12:03:27.037+0000] {processor.py:161} INFO - Started process (PID=5459) to work on /opt/airflow/dags/f1_pipeline_dag.py
[2026-10-07T12:03:27.038+0000] {processor.py:830} INFO - Processing file /opt/airflow/dags/f1_pipeline_dag.py for tasks to queue
[2026-10-07T12:03:27.039+0000] {logging_mixin.py:188} INFO - [2026-10-07T12:03:27.039+0000] {dagbag.py:545} INFO - Filling up the DagBag from /opt/airflow/dags/f1_pipeline_dag.py
[2026-10-07T12:03:27.058+0000] {processor.py:840} INFO - DAG(s) 'f1_data_analytics' retrieved from /opt/airflow/dags/f1_pipeline_dag.py
[2026-10-07T12:03:27.107+0000] {logging_mixin.py:188} INFO - [2026-10-07T12:03:27.106+0000] {dag.py:3096} INFO - Sync 1 DAGs
[2026-10-07T12:03:27.116+0000] {logging_mixin.py:188} INFO - [2026-10-07T12:03:27.116+0000] {dag.py:3954} INFO - Setting next_dagrun for f1_data_analytics to None, run_after=None
[2026-10-07T12:03:27.131+0000] {processor.py:183} INFO - Processing /opt/airflow/dags/f1_pipeline_dag.py took 0.104 seconds
[2026-10-07T12:03:57.327+0000] {processor.py:161} INFO - Started process (PID=5460) to work on /opt/airflow/dags/f1_pipeline_dag.py
[2026-10-07T12:03:57.329+0000] {processor.py:830} INFO - Processing file /opt/airflow/dags/f1_pipeline_dag.py for tasks to queue
[2026-10-07T12:03:57.329+0000] {logging_mixin.py:188} INFO - [2026-10-07T12:03:57.329+0000] {dagbag.py:545} INFO - Filling up the DagBag from /opt/airflow/dags/f1_pipeline_dag.py
[2026-10-07T12:03:57.339+0000] {processor.py:840} INFO - DAG(s) 'f1_data_analytics' retrieved from /opt/airflow/dags/f1_pipeline_dag.py
[2026-10-07T12:03:57.372+0000] {logging_mixin.py:188} INFO - [2026-10-07T12:03:57.372+0000] {dag.py:3096} INFO - Sync 1 DAGs
[2026-10-07T12:03:57.381+0000] {logging_mixin.py:188} INFO - [2026-10-07T12:03:57.381+0000] {dag.py:3954} INFO - Setting next_dagrun for f1_data_analytics to None, run_after=None
[2026-10-07T12:03:57.397+0000] {processor.py:183} INFO - Processing /opt/airflow/dags/f1_pipeline_dag.py took 0.075 seconds
[2026-10-07T12:04:27.526+0000] {processor.py:161} INFO - Started process (PID=5461) to work on /opt/airflow/dags/f1_pipeline_dag.py
[2026-10-07T12:04:27.528+0000] {processor.py:830} INFO - Processing file /opt/airflow/dags/f1_pipeline_dag.py for tasks to queue
[2026-10-07T12:04:27.529+0000] {logging_mixin.py:188} INFO - [2026-10-07T12:04:27.529+0000] {dagbag.py:545} INFO - Filling up the DagBag from /opt/airflow/dags/f1_pipeline_dag.py
[2026-10-07T12:04:27.548+0000] {processor.py:840} INFO - DAG(s) 'f1_data_analytics' retrieved from /opt/airflow/dags/f1_pipeline_dag.py
[2026-10-07T12:04:27.596+0000] {logging_mixin.py:188} INFO - [2026-10-07T12:04:27.596+0000] {dag.py:3096} INFO - Sync 1 DAGs
[2026-10-07T12:04:27.605+0000] {logging_mixin.py:188} INFO - [2026-10-07T12:04:27.604+0000] {dag.py:3954} INFO - Setting next_dagrun for f1_data_analytics to None, run_after=None
[2026-10-07T12:04:27.620+0000] {processor.py:183} INFO - Processing /opt/airflow/dags/f1_pipeline_dag.py took 0.103 seconds
[2026-10-07T12:04:57.834+0000] {processor.py:161} INFO - Started process (PID=5462) to work on /opt/airflow/dags/f1_pipeline_dag.py
[2026-10-07T12:04:57.837+0000] {processor.py:830} INFO - Processing file /opt/airflow/dags/f1_pipeline_dag.py for tasks to queue
[2026-10-07T12:04:57.839+0000] {logging_mixin.py:188} INFO - [2026-10-07T12:04:57.838+0000] {dagbag.py:545} INFO - Filling up the DagBag from /opt/airflow/dags/f1_pipeline_dag.py
[2026-10-07T12:04:57.857+0000] {processor.py:840} INFO - DAG(s) 'f1_data_analytics' retrieved from /opt/airflow/dags/f1_pipeline_dag.py
[2026-10-07T12:04:57.904+0000] {logging_mixin.py:188} INFO - [2026-10-07T12:04:57.904+0000] {dag.py:3096} INFO - Sync 1 DAGs
[2026-10-07T12:04:57.913+0000] {logging_mixin.py:188} INFO - [2026-10-07T12:04:57.912+0000] {dag.py:3954} INFO - Setting next_dagrun for f1_data_analytics to None, run_after=None
[2026-10-07T12:04:57.928+0000] {processor.py:183} INFO - Processing /opt/airflow/dags/f1_pipeline_dag.py took 0.105 seconds
[2026-10-07T12:05:28.140+0000] {processor.py:161} INFO - Started process (PID=5463) to work on /opt/airflow/dags/f1_pipeline_dag.py
[2026-10-07T12:05:28.142+0000] {processor.py:830} INFO - Processing file /opt/airflow/dags/f1_pipeline_dag.py for tasks to queue
[2026-10-07T12:05:28.143+0000] {logging_mixin.py:188} INFO - [2026-10-07T12:05:28.142+0000] {dagbag.py:545} INFO - Filling up the DagBag from /opt/airflow/dags/f1_pipeline_dag.py
[2026-10-07T12:05:28.162+0000] {processor.py:840} INFO - DAG(s) 'f1_data_analytics' retrieved from /opt/airflow/dags/f1_pipeline_dag.py
[2026-10-07T12:05:28.209+0000] {logging_mixin.py:188} INFO - [2026-10-07T12:05:28.209+0000] {dag.py:3096} INFO - Sync 1 DAGs
[2026-10-07T12:05:28.219+0000] {logging_mixin.py:188} INFO - [2026-10-07T12:05:28.219+0000] {dag.py:3954} INFO - Setting next_dagrun for f1_data_analytics to None, run_after=None
[2026-10-07T12:05:28.234+0000] {processor.py:183} INFO - Processing /opt/airflow/dags/f1_pipeline_dag.py took 0.105 seconds
[2026-10-07T12:05:58.443+0000] {processor.py:161} INFO - Started process (PID=5464) to work on /opt/airflow/dags/f1_pipeline_dag.py
[2026-10-07T12:05:58.446+0000] {processor.py:830} INFO - Processing file /opt/airflow/dags/f1_pipeline_dag.py for tasks to queue
[2026-10-07T12:05:58.448+0000] {logging_mixin.py:188} INFO - [2026-10-07T12:05:58.447+0000] {dagbag.py:545} INFO - Filling up the DagBag from /opt/airflow/dags/f1_pipeline_dag.py
[2026-10-07T12:05:58.467+0000] {processor.py:840} INFO - DAG(s) 'f1_data_analytics' retrieved from /opt/airflow/dags/f1_pipeline_dag.py
[2026-10-07T12:05:58.516+0000] {logging_mixin.py:188} INFO - [2026-10-07T12:05:58.516+0000] {dag.py:3096} INFO - Sync 1 DAGs
[2026-10-07T12:05:58.525+0000] {logging_mixin.py:188} INFO - [2026-10-07T12:05:58.525+0000] {dag.py:3954} INFO - Setting next_dagrun for f1_data_analytics to None, run_after=None
[2026-10-07T12:05:58.540+0000] {processor.py:183} INFO - Processing /opt/airflow/dags/f1_pipeline_dag.py took 0.107 seconds
[2026-10-07T12:06:28.750+0000] {processor.py:161} INFO - Started process (PID=5465) to work on /opt/airflow/dags/f1_pipeline_dag.py
[2026-10-07T12:06:28.751+0000] {processor.py:830} INFO - Processing file /opt/airflow/dags/f1_pipeline_dag.py for tasks to queue
[2026-10-07T12:06:28.753+0000] {logging_mixin.py:188} INFO - [2026-10-07T12:06:28.752+0000] {dagbag.py:545} INFO - Filling up the DagBag from /opt/airflow/dags/f1_pipeline_dag.py
[2026-10-07T12:06:28.771+0000] {processor.py:840} INFO - DAG(s) 'f1_data_analytics' retrieved from /opt/airflow/dags/f1_pipeline_dag.py
[2026-10-07T12:06:28.819+0000] {logging_mixin.py:188} INFO - [2026-10-07T12:06:28.819+0000] {dag.py:3096} INFO - Sync 1 DAGs
[2026-10-07T12:06:28.828+0000] {logging_mixin.py:188} INFO - [2026-10-07T12:06:28.827+0000] {dag.py:3954} INFO - Setting next_dagrun for f1_data_analytics to None, run_after=None
[2026-10-07T12:06:28.842+0000] {processor.py:183} INFO - Processing /opt/airflow/dags/f1_pipeline_dag.py took 0.102 seconds
[2026-10-07T12:06:59.057+0000] {processor.py:161} INFO - Started process (PID=5466) to work on /opt/airflow/dags/f1_pipeline_dag.py
[2026-10-07T12:06:59.066+0000] {processor.py:830} INFO - Processing file /opt/airflow/dags/f1_pipeline_dag.py for tasks to queue
[2026-10-07T12:06:59.067+0000] {logging_mixin.py:188} INFO - [2026-10-07T12:06:59.067+0000] {dagbag.py:545} INFO - Filling up the DagBag from /opt/airflow/dags/f1_pipeline_dag.py
[2026-10-07T12:06:59.086+0000] {processor.py:840} INFO - DAG(s) 'f1_data_analytics' retrieved from /opt/airflow/dags/f1_pipeline_dag.py
[2026-10-07T12:06:59.136+0000] {logging_mixin.py:188} INFO - [2026-10-07T12:06:59.136+0000] {dag.py:3096} INFO - Sync 1 DAGs
[2026-10-07T12:06:59.145+0000] {logging_mixin.py:188} INFO - [2026-10-07T12:06:59.145+0000] {dag.py:3954} INFO - Setting next_dagrun for f1_data_analytics to None, run_after=None
[2026-10-07T12:06:59.159+0000] {processor.py:183} INFO - Processing /opt/airflow/dags/f1_pipeline_dag.py took 0.112 seconds
[2026-10-07T12:07:29.364+0000] {processor.py:161} INFO - Started process (PID=5467) to work on /opt/airflow/dags/f1_pipeline_dag.py
[2026-10-07T12:07:29.365+0000] {processor.py:830} INFO - Processing file /opt/airflow/dags/f1_pipeline_dag.py for tasks to queue
[2026-10-07T12:07:29.367+0000] {logging_mixin.py:188} INFO - [2026-10-07T12:07:29.366+0000] {dagbag.py:545} INFO - Filling up the DagBag from /opt/airflow/dags/f1_pipeline_dag.py
[2026-10-07T12:07:29.386+0000] {processor.py:840} INFO - DAG(s) 'f1_data_analytics' retrieved from /opt/airflow/dags/f1_pipeline_dag.py
[2026-10-07T12:07:29.433+0000] {logging_mixin.py:188} INFO - [2026-10-07T12:07:29.433+0000] {dag.py:3096} INFO - Sync 1 DAGs
[2026-10-07T12:07:29.441+0000] {logging_mixin.py:188} INFO - [2026-10-07T12:07:29.441+0000] {dag.py:3954} INFO - Setting next_dagrun for f1_data_analytics to None, run_after=None
[2026-10-07T12:07:29.456+0000] {processor.py:183} INFO - Processing /opt/airflow/dags/f1_pipeline_dag.py took 0.102 seconds
[2026-10-07T12:07:59.650+0000] {processor.py:161} INFO - Started process (PID=5468) to work on /opt/airflow/dags/f1_pipeline_dag.py
[2026-10-07T12:07:59.653+0000] {processor.py:830} INFO - Processing file /opt/airflow/dags/f1_pipeline_dag.py for tasks to queue
[2026-10-07T12:07:59.655+0000] {logging_mixin.py:188} INFO - [2026-10-07T12:07:59.654+0000] {dagbag.py:545} INFO - Filling up the DagBag from /opt/airflow/dags/f1_pipeline_dag.py
[2026-10-07T12:07:59.674+0000] {processor.py:840} INFO - DAG(s) 'f1_data_analytics' retrieved from /opt/airflow/dags/f1_pipeline_dag.py
[2026-10-07T12:07:59.721+0000] {logging_mixin.py:188} INFO - [2026-10-07T12:07:59.721+0000] {dag.py:3096} INFO - Sync 1 DAGs
[2026-10-07T12:07:59.730+0000] {logging_mixin.py:188} INFO - [2026-10-07T12:07:59.730+0000] {dag.py:3954} INFO - Setting next_dagrun for f1_data_analytics to None, run_after=None
[2026-10-07T12:07:59.746+0000] {processor.py:183} INFO - Processing /opt/airflow/dags/f1_pipeline_dag.py took 0.106 seconds
[2026-10-07T12:08:29.953+0000] {processor.py:161} INFO - Started process (PID=5469) to work on /opt/airflow/dags/f1_pipeline_dag.py
[2026-10-07T12:08:29.955+0000] {processor.py:830} INFO - Processing file /opt/airflow/dags/f1_pipeline_dag.py for tasks to queue
[2026-10-07T12:08:29.956+0000] {logging_mixin.py:188} INFO - [2026-10-07T12:08:29.956+0000] {dagbag.py:545} INFO - Filling up the DagBag from /opt/airflow/dags/f1_pipeline_dag.py
[2026-10-07T12:08:29.975+0000] {processor.py:840} INFO - DAG(s) 'f1_data_analytics' retrieved from /opt/airflow/dags/f1_pipeline_dag.py
[2026-10-07T12:08:30.023+0000] {logging_mixin.py:188} INFO - [2026-10-07T12:08:30.022+0000] {dag.py:3096} INFO - Sync 1 DAGs
[2026-10-07T12:08:30.032+0000] {logging_mixin.py:188} INFO - [2026-10-07T12:08:30.032+0000] {dag.py:3954} INFO - Setting next_dagrun for f1_data_analytics to None, run_after=None
[2026-10-07T12:08:30.048+0000] {processor.py:183} INFO - Processing /opt/airflow/dags/f1_pipeline_dag.py took 0.105 seconds
[2026-10-07T12:09:00.255+0000] {processor.py:161} INFO - Started process (PID=5470) to work on /opt/airflow/dags/f1_pipeline_dag.py
[2026-10-07T12:09:00.259+0000] {processor.py:830} INFO - Processing file /opt/airflow/dags/f1_pipeline_dag.py for tasks to queue
[2026-10-07T12:09:00.261+0000] {logging_mixin.py:188} INFO - [2026-10-07T12:09:00.260+0000] {dagbag.py:545} INFO - Filling up the DagBag from /opt/airflow/dags/f1_pipeline_dag.py
[2026-10-07T12:09:00.280+0000] {processor.py:840} INFO - DAG(s) 'f1_data_analytics' retrieved from /opt/airflow/dags/f1_pipeline_dag.py
[2026-10-07T12:09:00.327+0000] {logging_mixin.py:188} INFO - [2026-10-07T12:09:00.327+0000] {dag.py:3096} INFO - Sync 1 DAGs
[2026-10-07T12:09:00.336+0000] {logging_mixin.py:188} INFO - [2026-10-07T12:09:00.336+0000] {dag.py:3954} INFO - Setting next_dagrun for f1_data_analytics to None, run_after=None
[2026-10-07T12:09:00.351+0000] {processor.py:183} INFO - Processing /opt/airflow/dags/f1_pipeline_dag.py took 0.105 seconds
[2026-10-07T12:09:30.562+0000] {processor.py:161} INFO - Started process (PID=5471) to work on /opt/airflow/dags/f1_pipeline_dag.py
[2026-10-07T12:09:30.564+0000] {processor.py:830} INFO - Processing file /opt/airflow/dags/f1_pipeline_dag.py for tasks to queue
[2026-10-07T12:09:30.566+0000] {logging_mixin.py:188} INFO - [2026-10-07T12:09:30.565+0000] {dagbag.py:545} INFO - Filling up the DagBag from /opt/airflow/dags/f1_pipeline_dag.py
[2026-10-07T12:09:30.586+0000] {processor.py:840} INFO - DAG(s) 'f1_data_analytics' retrieved from /opt/airflow/dags/f1_pipeline_dag.py
[2026-10-07T12:09:30.632+0000] {logging_mixin.py:188} INFO - [2026-10-07T12:09:30.632+0000] {dag.py:3096} INFO - Sync 1 DAGs
[2026-10-07T12:09:30.641+0000] {logging_mixin.py:188} INFO - [2026-10-07T12:09:30.640+0000] {dag.py:3954} INFO - Setting next_dagrun for f1_data_analytics to None, run_after=None
[2026-10-07T12:09:30.656+0000] {processor.py:183} INFO - Processing /opt/airflow/dags/f1_pipeline_dag.py took 0.104 seconds
[2026-10-07T12:10:00.867+0000] {processor.py:161} INFO - Started process (PID=5472) to work on /opt/airflow/dags/f1_pipeline_dag.py
[2026-10-07T12:10:00.871+0000] {processor.py:830} INFO - Processing file /opt/airflow/dags/f1_pipeline_dag.py for tasks to queue
[2026-10-07T12:10:00.872+0000] {logging_mixin.py:188} INFO - [2026-10-07T12:10:00.872+0000] {dagbag.py:545} INFO - Filling up the DagBag from /opt/airflow/dags/f1_pipeline_dag.py
[2026-10-07T12:10:00.892+0000] {processor.py:840} INFO - DAG(s) 'f1_data_analytics' retrieved from /opt/airflow/dags/f1_pipeline_dag.py
[2026-10-07T12:10:00.939+0000] {logging_mixin.py:188} INFO - [2026-10-07T12:10:00.939+0000] {dag.py:3096} INFO - Sync 1 DAGs
[2026-10-07T12:10:00.948+0000] {logging_mixin.py:188} INFO - [2026-10-07T12:10:00.948+0000] {dag.py:3954} INFO - Setting next_dagrun for f1_data_analytics to None, run_after=None
[2026-10-07T12:10:00.963+0000] {processor.py:183} INFO - Processing /opt/airflow/dags/f1_pipeline_dag.py took 0.106 seconds
[2026-10-07T12:10:31.172+0000] {processor.py:161} INFO - Started process (PID=5473) to work on /opt/airflow/dags/f1_pipeline_dag.py
[2026-10-07T12:10:31.173+0000] {processor.py:830} INFO - Processing file /opt/airflow/dags/f1_pipeline_dag.py for tasks to queue
[2026-10-07T12:10:31.175+0000] {logging_mixin.py:188} INFO - [2026-10-07T12:10:31.174+0000] {dagbag.py:545} INFO - Filling up the DagBag from /opt/airflow/dags/f1_pipeline_dag.py
[2026-10-07T12:10:31.194+0000] {processor.py:840} INFO - DAG(s) 'f1_data_analytics' retrieved from /opt/airflow/dags/f1_pipeline_dag.py
[2026-10-07T12:10:31.241+0000] {logging_mixin.py:188} INFO - [2026-10-07T12:10:31.240+0000] {dag.py:3096} INFO - Sync 1 DAGs
[2026-10-07T12:10:31.250+0000] {logging_mixin.py:188} INFO - [2026-10-07T12:10:31.250+0000] {dag.py:3954} INFO - Setting next_dagrun for f1_data_analytics to None, run_after=None
[2026-10-07T12:10:31.265+0000] {processor.py:183} INFO - Processing /opt/airflow/dags/f1_pipeline_dag.py took 0.104 seconds
[2026-10-07T12:11:01.477+0000] {processor.py:161} INFO - Started process (PID=5474) to work on /opt/airflow/dags/f1_pipeline_dag.py
[2026-10-07T12:11:01.485+0000] {processor.py:830} INFO - Processing file /opt/airflow/dags/f1_pipeline_dag.py for tasks to queue
[2026-10-07T12:11:01.487+0000] {logging_mixin.py:188} INFO - [2026-10-07T12:11:01.486+0000] {dagbag.py:545} INFO - Filling up the DagBag from /opt/airflow/dags/f1_pipeline_dag.py
[2026-10-07T12:11:01.507+0000] {processor.py:840} INFO - DAG(s) 'f1_data_analytics' retrieved from /opt/airflow/dags/f1_pipeline_dag.py
[2026-10-07T12:11:01.557+0000] {logging_mixin.py:188} INFO - [2026-10-07T12:11:01.556+0000] {dag.py:3096} INFO - Sync 1 DAGs
[2026-10-07T12:11:01.565+0000] {logging_mixin.py:188} INFO - [2026-10-07T12:11:01.565+0000] {dag.py:3954} INFO - Setting next_dagrun for f1_data_analytics to None, run_after=None
[2026-10-07T12:11:01.581+0000] {processor.py:183} INFO - Processing /opt/airflow/dags/f1_pipeline_dag.py took 0.115 seconds
