[2026-10-05T12:22:04.252+0000] {processor.py:161} INFO - Started process (PID=51) to work on /opt/airflow/dags/f1_pipeline_dag.py
[2026-10-05T12:22:04.253+0000] {processor.py:830} INFO - Processing file /opt/airflow/dags/f1_pipeline_dag.py for tasks to queue
[2026-10-05T12:22:04.254+0000] {logging_mixin.py:188} INFO - [2026-10-05T12:22:04.254+0000] {dagbag.py:545} INFO - Filling up the DagBag from /opt/airflow/dags/f1_pipeline_dag.py
[2026-10-05T12:22:04.258+0000] {logging_mixin.py:188} INFO - [2026-10-05T12:22:04.257+0000] {dagbag.py:355} ERROR - Failed to import: /opt/airflow/dags/f1_pipeline_dag.py
Traceback (most recent call last):
  File "/home/airflow/.local/lib/python3.11/site-packages/airflow/models/dagbag.py", line 351, in parse
    loader.exec_module(new_module)
  File "<frozen importlib._bootstrap_external>", line 940, in exec_module
  File "<frozen importlib._bootstrap>", line 241, in _call_with_frames_removed
  File "/opt/airflow/dags/f1_pipeline_dag.py", line 15, in <module>
    import fastf1
ModuleNotFoundError: No module named 'fastf1'
[2026-10-05T12:22:04.259+0000] {processor.py:842} WARNING - No viable dags retrieved from /opt/airflow/dags/f1_pipeline_dag.py
[2026-10-05T12:22:04.270+0000] {processor.py:183} INFO - Processing /opt/airflow/dags/f1_pipeline_dag.py took 0.022 seconds
[2026-10-05T12:22:35.405+0000] {processor.py:161} INFO - Started process (PID=78) to work on /opt/airflow/dags/f1_pipeline_dag.py
[2026-10-05T12:22:35.406+0000] {processor.py:830} INFO - Processing file /opt/airflow/dags/f1_pipeline_dag.py for tasks to queue
[2026-10-05T12:22:35.408+0000] {logging_mixin.py:188} INFO - [2026-10-05T12:22:35.408+0000] {dagbag.py:545} INFO - Filling up the DagBag from /opt/airflow/dags/f1_pipeline_dag.py
[2026-10-05T12:22:35.414+0000] {logging_mixin.py:188} INFO - [2026-10-05T12:22:35.412+0000] {dagbag.py:355} ERROR - Failed to import: /opt/airflow/dags/f1_pipeline_dag.py
Traceback (most recent call last):
  File "/home/airflow/.local/lib/python3.11/site-packages/airflow/models/dagbag.py", line 351, in parse
    loader.exec_module(new_module)
  File "<frozen importlib._bootstrap_external>", line 940, in exec_module
  File "<frozen importlib._bootstrap>", line 241, in _call_with_frames_removed
  File "/opt/airflow/dags/f1_pipeline_dag.py", line 15, in <module>
    import fastf1
ModuleNotFoundError: No module named 'fastf1'
[2026-10-05T12:22:35.415+0000] {processor.py:842} WARNING - No viable dags retrieved from /opt/airflow/dags/f1_pipeline_dag.py
[2026-10-05T12:22:35.438+0000] {processor.py:183} INFO - Processing /opt/airflow/dags/f1_pipeline_dag.py took 0.042 seconds
[2026-10-05T12:23:05.725+0000] {processor.py:161} INFO - Started process (PID=81) to work on /opt/airflow/dags/f1_pipeline_dag.py
[2026-10-05T12:23:05.728+0000] {processor.py:830} INFO - Processing file /opt/airflow/dags/f1_pipeline_dag.py for tasks to queue
[2026-10-05T12:23:05.731+0000] {logging_mixin.py:188} INFO - [2026-10-05T12:23:05.730+0000] {dagbag.py:545} INFO - Filling up the DagBag from /opt/airflow/dags/f1_pipeline_dag.py
[2026-10-05T12:23:05.736+0000] {logging_mixin.py:188} INFO - [2026-10-05T12:23:05.734+0000] {dagbag.py:355} ERROR - Failed to import: /opt/airflow/dags/f1_pipeline_dag.py
Traceback (most recent call last):
  File "/home/airflow/.local/lib/python3.11/site-packages/airflow/models/dagbag.py", line 351, in parse
    loader.exec_module(new_module)
  File "<frozen importlib._bootstrap_external>", line 940, in exec_module
  File "<frozen importlib._bootstrap>", line 241, in _call_with_frames_removed
  File "/opt/airflow/dags/f1_pipeline_dag.py", line 15, in <module>
    import fastf1
ModuleNotFoundError: No module named 'fastf1'
[2026-10-05T12:23:05.737+0000] {processor.py:842} WARNING - No viable dags retrieved from /opt/airflow/dags/f1_pipeline_dag.py
[2026-10-05T12:23:05.762+0000] {processor.py:183} INFO - Processing /opt/airflow/dags/f1_pipeline_dag.py took 0.046 seconds
[2026-10-05T12:23:36.083+0000] {processor.py:161} INFO - Started process (PID=82) to work on /opt/airflow/dags/f1_pipeline_dag.py
[2026-10-05T12:23:36.084+0000] {processor.py:830} INFO - Processing file /opt/airflow/dags/f1_pipeline_dag.py for tasks to queue
[2026-10-05T12:23:36.087+0000] {logging_mixin.py:188} INFO - [2026-10-05T12:23:36.087+0000] {dagbag.py:545} INFO - Filling up the DagBag from /opt/airflow/dags/f1_pipeline_dag.py
[2026-10-05T12:23:36.094+0000] {logging_mixin.py:188} INFO - [2026-10-05T12:23:36.092+0000] {dagbag.py:355} ERROR - Failed to import: /opt/airflow/dags/f1_pipeline_dag.py
Traceback (most recent call last):
  File "/home/airflow/.local/lib/python3.11/site-packages/airflow/models/dagbag.py", line 351, in parse
    loader.exec_module(new_module)
  File "<frozen importlib._bootstrap_external>", line 940, in exec_module
  File "<frozen importlib._bootstrap>", line 241, in _call_with_frames_removed
  File "/opt/airflow/dags/f1_pipeline_dag.py", line 15, in <module>
    import fastf1
ModuleNotFoundError: No module named 'fastf1'
[2026-10-05T12:23:36.095+0000] {processor.py:842} WARNING - No viable dags retrieved from /opt/airflow/dags/f1_pipeline_dag.py
[2026-10-05T12:23:36.119+0000] {processor.py:183} INFO - Processing /opt/airflow/dags/f1_pipeline_dag.py took 0.046 seconds
[2026-10-05T12:24:06.408+0000] {processor.py:161} INFO - Started process (PID=83) to work on /opt/airflow/dags/f1_pipeline_dag.py
[2026-10-05T12:24:06.411+0000] {processor.py:830} INFO - Processing file /opt/airflow/dags/f1_pipeline_dag.py for tasks to queue
[2026-10-05T12:24:06.414+0000] {logging_mixin.py:188} INFO - [2026-10-05T12:24:06.414+0000] {dagbag.py:545} INFO - Filling up the DagBag from /opt/airflow/dags/f1_pipeline_dag.py
[2026-10-05T12:24:06.420+0000] {logging_mixin.py:188} INFO - [2026-10-05T12:24:06.418+0000] {dagbag.py:355} ERROR - Failed to import: /opt/airflow/dags/f1_pipeline_dag.py
Traceback (most recent call last):
  File "/home/airflow/.local/lib/python3.11/site-packages/airflow/models/dagbag.py", line 351, in parse
    loader.exec_module(new_module)
  File "<frozen importlib._bootstrap_external>", line 940, in exec_module
  File "<frozen importlib._bootstrap>", line 241, in _call_with_frames_removed
  File "/opt/airflow/dags/f1_pipeline_dag.py", line 15, in <module>
    import fastf1
ModuleNotFoundError: No module named 'fastf1'
[2026-10-05T12:24:06.421+0000] {processor.py:842} WARNING - No viable dags retrieved from /opt/airflow/dags/f1_pipeline_dag.py
[2026-10-05T12:24:06.444+0000] {processor.py:183} INFO - Processing /opt/airflow/dags/f1_pipeline_dag.py took 0.045 seconds
[2026-10-05T12:24:36.722+0000] {processor.py:161} INFO - Started process (PID=84) to work on /opt/airflow/dags/f1_pipeline_dag.py
[2026-10-05T12:24:36.724+0000] {processor.py:830} INFO - Processing file /opt/airflow/dags/f1_pipeline_dag.py for tasks to queue
[2026-10-05T12:24:36.726+0000] {logging_mixin.py:188} INFO - [2026-10-05T12:24:36.725+0000] {dagbag.py:545} INFO - Filling up the DagBag from /opt/airflow/dags/f1_pipeline_dag.py
[2026-10-05T12:24:36.731+0000] {logging_mixin.py:188} INFO - [2026-10-05T12:24:36.730+0000] {dagbag.py:355} ERROR - Failed to import: /opt/airflow/dags/f1_pipeline_dag.py
Traceback (most recent call last):
  File "/home/airflow/.local/lib/python3.11/site-packages/airflow/models/dagbag.py", line 351, in parse
    loader.exec_module(new_module)
  File "<frozen importlib._bootstrap_external>", line 940, in exec_module
  File "<frozen importlib._bootstrap>", line 241, in _call_with_frames_removed
  File "/opt/airflow/dags/f1_pipeline_dag.py", line 15, in <module>
    import fastf1
ModuleNotFoundError: No module named 'fastf1'
[2026-10-05T12:24:36.732+0000] {processor.py:842} WARNING - No viable dags retrieved from /opt/airflow/dags/f1_pipeline_dag.py
[2026-10-05T12:24:36.754+0000] {processor.py:183} INFO - Processing /opt/airflow/dags/f1_pipeline_dag.py took 0.040 seconds
[2026-10-05T12:25:07.029+0000] {processor.py:161} INFO - Started process (PID=85) to work on /opt/airflow/dags/f1_pipeline_dag.py
[2026-10-05T12:25:07.032+0000] {processor.py:830} INFO - Processing file /opt/airflow/dags/f1_pipeline_dag.py for tasks to queue
[2026-10-05T12:25:07.034+0000] {logging_mixin.py:188} INFO - [2026-10-05T12:25:07.034+0000] {dagbag.py:545} INFO - Filling up the DagBag from /opt/airflow/dags/f1_pipeline_dag.py
[2026-10-05T12:25:07.040+0000] {logging_mixin.py:188} INFO - [2026-10-05T12:25:07.038+0000] {dagbag.py:355} ERROR - Failed to import: /opt/airflow/dags/f1_pipeline_dag.py
Traceback (most recent call last):
  File "/home/airflow/.local/lib/python3.11/site-packages/airflow/models/dagbag.py", line 351, in parse
    loader.exec_module(new_module)
  File "<frozen importlib._bootstrap_external>", line 940, in exec_module
  File "<frozen importlib._bootstrap>", line 241, in _call_with_frames_removed
  File "/opt/airflow/dags/f1_pipeline_dag.py", line 15, in <module>
    import fastf1
ModuleNotFoundError: No module named 'fastf1'
[2026-10-05T12:25:07.040+0000] {processor.py:842} WARNING - No viable dags retrieved from /opt/airflow/dags/f1_pipeline_dag.py
[2026-10-05T12:25:07.063+0000] {processor.py:183} INFO - Processing /opt/airflow/dags/f1_pipeline_dag.py took 0.042 seconds
[2026-10-05T12:25:24.279+0000] {processor.py:161} INFO - Started process (PID=86) to work on /opt/airflow/dags/f1_pipeline_dag.py
[2026-10-05T12:25:24.280+0000] {processor.py:830} INFO - Processing file /opt/airflow/dags/f1_pipeline_dag.py for tasks to queue
[2026-10-05T12:25:24.284+0000] {logging_mixin.py:188} INFO - [2026-10-05T12:25:24.283+0000] {dagbag.py:545} INFO - Filling up the DagBag from /opt/airflow/dags/f1_pipeline_dag.py
[2026-10-05T12:25:24.290+0000] {logging_mixin.py:188} INFO - [2026-10-05T12:25:24.288+0000] {dagbag.py:355} ERROR - Failed to import: /opt/airflow/dags/f1_pipeline_dag.py
Traceback (most recent call last):
  File "/home/airflow/.local/lib/python3.11/site-packages/airflow/models/dagbag.py", line 351, in parse
    loader.exec_module(new_module)
  File "<frozen importlib._bootstrap_external>", line 936, in exec_module
  File "<frozen importlib._bootstrap_external>", line 1074, in get_code
  File "<frozen importlib._bootstrap_external>", line 1004, in source_to_code
  File "<frozen importlib._bootstrap>", line 241, in _call_with_frames_removed
  File "/opt/airflow/dags/f1_pipeline_dag.py", line 53
    import fastf1<
                 ^
SyntaxError: invalid syntax
[2026-10-05T12:25:24.291+0000] {processor.py:842} WARNING - No viable dags retrieved from /opt/airflow/dags/f1_pipeline_dag.py
[2026-10-05T12:25:24.313+0000] {processor.py:183} INFO - Processing /opt/airflow/dags/f1_pipeline_dag.py took 0.043 seconds
[2026-10-05T12:25:28.299+0000] {processor.py:161} INFO - Started process (PID=87) to work on /opt/airflow/dags/f1_pipeline_dag.py
[2026-10-05T12:25:28.300+0000] {processor.py:830} INFO - Processing file /opt/airflow/dags/f1_pipeline_dag.py for tasks to queue
[2026-10-05T12:25:28.303+0000] {logging_mixin.py:188} INFO - [2026-10-05T12:25:28.303+0000] {dagbag.py:545} INFO - Filling up the DagBag from /opt/airflow/dags/f1_pipeline_dag.py
[2026-10-05T12:25:28.322+0000] {processor.py:840} INFO - DAG(s) 'f1_data_analytics' retrieved from /opt/airflow/dags/f1_pipeline_dag.py
[2026-10-05T12:25:28.713+0000] {logging_mixin.py:188} INFO - [2026-10-05T12:25:28.712+0000] {override.py:1829} INFO - Created Permission View: can delete on DAG:f1_data_analytics
[2026-10-05T12:25:28.726+0000] {logging_mixin.py:188} INFO - [2026-10-05T12:25:28.725+0000] {override.py:1829} INFO - Created Permission View: can edit on DAG:f1_data_analytics
[2026-10-05T12:25:28.734+0000] {logging_mixin.py:188} INFO - [2026-10-05T12:25:28.733+0000] {override.py:1829} INFO - Created Permission View: can read on DAG:f1_data_analytics
[2026-10-05T12:25:28.734+0000] {logging_mixin.py:188} INFO - [2026-10-05T12:25:28.734+0000] {dag.py:3096} INFO - Sync 1 DAGs
[2026-10-05T12:25:28.747+0000] {logging_mixin.py:188} INFO - [2026-10-05T12:25:28.747+0000] {dag.py:3118} INFO - Creating ORM DAG for f1_data_analytics
[2026-10-05T12:25:28.748+0000] {logging_mixin.py:188} INFO - [2026-10-05T12:25:28.748+0000] {dag.py:3954} INFO - Setting next_dagrun for f1_data_analytics to None, run_after=None
[2026-10-05T12:25:28.771+0000] {processor.py:183} INFO - Processing /opt/airflow/dags/f1_pipeline_dag.py took 0.481 seconds
[2026-10-05T12:25:59.672+0000] {processor.py:161} INFO - Started process (PID=88) to work on /opt/airflow/dags/f1_pipeline_dag.py
[2026-10-05T12:25:59.675+0000] {processor.py:830} INFO - Processing file /opt/airflow/dags/f1_pipeline_dag.py for tasks to queue
[2026-10-05T12:25:59.678+0000] {logging_mixin.py:188} INFO - [2026-10-05T12:25:59.677+0000] {dagbag.py:545} INFO - Filling up the DagBag from /opt/airflow/dags/f1_pipeline_dag.py
[2026-10-05T12:25:59.696+0000] {processor.py:840} INFO - DAG(s) 'f1_data_analytics' retrieved from /opt/airflow/dags/f1_pipeline_dag.py
[2026-10-05T12:25:59.966+0000] {logging_mixin.py:188} INFO - [2026-10-05T12:25:59.966+0000] {dag.py:3096} INFO - Sync 1 DAGs
[2026-10-05T12:25:59.981+0000] {logging_mixin.py:188} INFO - [2026-10-05T12:25:59.981+0000] {dag.py:3954} INFO - Setting next_dagrun for f1_data_analytics to None, run_after=None
[2026-10-05T12:26:00.010+0000] {processor.py:183} INFO - Processing /opt/airflow/dags/f1_pipeline_dag.py took 0.351 seconds
[2026-10-05T12:26:30.999+0000] {processor.py:161} INFO - Started process (PID=98) to work on /opt/airflow/dags/f1_pipeline_dag.py
[2026-10-05T12:26:31.000+0000] {processor.py:830} INFO - Processing file /opt/airflow/dags/f1_pipeline_dag.py for tasks to queue
[2026-10-05T12:26:31.003+0000] {logging_mixin.py:188} INFO - [2026-10-05T12:26:31.003+0000] {dagbag.py:545} INFO - Filling up the DagBag from /opt/airflow/dags/f1_pipeline_dag.py
[2026-10-05T12:26:31.022+0000] {processor.py:840} INFO - DAG(s) 'f1_data_analytics' retrieved from /opt/airflow/dags/f1_pipeline_dag.py
[2026-10-05T12:26:31.085+0000] {logging_mixin.py:188} INFO - [2026-10-05T12:26:31.085+0000] {dag.py:3096} INFO - Sync 1 DAGs
[2026-10-05T12:26:31.103+0000] {logging_mixin.py:188} INFO - [2026-10-05T12:26:31.102+0000] {dag.py:3954} INFO - Setting next_dagrun for f1_data_analytics to None, run_after=None
[2026-10-05T12:26:31.134+0000] {processor.py:183} INFO - Processing /opt/airflow/dags/f1_pipeline_dag.py took 0.145 seconds
[2026-10-05T12:27:02.166+0000] {processor.py:161} INFO - Started process (PID=99) to work on /opt/airflow/dags/f1_pipeline_dag.py
[2026-10-05T12:27:02.169+0000] {processor.py:830} INFO - Processing file /opt/airflow/dags/f1_pipeline_dag.py for tasks to queue
[2026-10-05T12:27:02.171+0000] {logging_mixin.py:188} INFO - [2026-10-05T12:27:02.171+0000] {dagbag.py:545} INFO - Filling up the DagBag from /opt/airflow/dags/f1_pipeline_dag.py
[2026-10-05T12:27:02.190+0000] {processor.py:840} INFO - DAG(s) 'f1_data_analytics' retrieved from /opt/airflow/dags/f1_pipeline_dag.py
[2026-10-05T12:27:02.251+0000] {logging_mixin.py:188} INFO - [2026-10-05T12:27:02.251+0000] {dag.py:3096} INFO - Sync 1 DAGs
[2026-10-05T12:27:02.268+0000] {logging_mixin.py:188} INFO - [2026-10-05T12:27:02.268+0000] {dag.py:3954} INFO - Setting next_dagrun for f1_data_analytics to None, run_after=None
[2026-10-05T12:27:02.302+0000] {processor.py:183} INFO - Processing /opt/airflow/dags/f1_pipeline_dag.py took 0.145 seconds
[2026-10-05T12:27:32.487+0000] {processor.py:161} INFO - Started process (PID=100) to work on /opt/airflow/dags/f1_pipeline_dag.py
[2026-10-05T12:27:32.488+0000] {processor.py:830} INFO - Processing file /opt/airflow/dags/f1_pipeline_dag.py for tasks to queue
[2026-10-05T12:27:32.491+0000] {logging_mixin.py:188} INFO - [2026-10-05T12:27:32.490+0000] {dagbag.py:545} INFO - Filling up the DagBag from /opt/airflow/dags/f1_pipeline_dag.py
[2026-10-05T12:27:32.511+0000] {processor.py:840} INFO - DAG(s) 'f1_data_analytics' retrieved from /opt/airflow/dags/f1_pipeline_dag.py
[2026-10-05T12:27:32.586+0000] {logging_mixin.py:188} INFO - [2026-10-05T12:27:32.585+0000] {dag.py:3096} INFO - Sync 1 DAGs
[2026-10-05T12:27:32.607+0000] {logging_mixin.py:188} INFO - [2026-10-05T12:27:32.607+0000] {dag.py:3954} INFO - Setting next_dagrun for f1_data_analytics to None, run_after=None
[2026-10-05T12:27:32.640+0000] {processor.py:183} INFO - Processing /opt/airflow/dags/f1_pipeline_dag.py took 0.163 seconds
[2026-10-05T12:28:02.842+0000] {processor.py:161} INFO - Started process (PID=101) to work on /opt/airflow/dags/f1_pipeline_dag.py
[2026-10-05T12:28:02.846+0000] {processor.py:830} INFO - Processing file /opt/airflow/dags/f1_pipeline_dag.py for tasks to queue
[2026-10-05T12:28:02.848+0000] {logging_mixin.py:188} INFO - [2026-10-05T12:28:02.848+0000] {dagbag.py:545} INFO - Filling up the DagBag from /opt/airflow/dags/f1_pipeline_dag.py
[2026-10-05T12:28:02.868+0000] {processor.py:840} INFO - DAG(s) 'f1_data_analytics' retrieved from /opt/airflow/dags/f1_pipeline_dag.py
[2026-10-05T12:28:02.938+0000] {logging_mixin.py:188} INFO - [2026-10-05T12:28:02.938+0000] {dag.py:3096} INFO - Sync 1 DAGs
[2026-10-05T12:28:02.959+0000] {logging_mixin.py:188} INFO - [2026-10-05T12:28:02.959+0000] {dag.py:3954} INFO - Setting next_dagrun for f1_data_analytics to None, run_after=None
[2026-10-05T12:28:02.992+0000] {processor.py:183} INFO - Processing /opt/airflow/dags/f1_pipeline_dag.py took 0.160 seconds
[2026-10-05T12:28:33.161+0000] {processor.py:161} INFO - Started process (PID=102) to work on /opt/airflow/dags/f1_pipeline_dag.py
[2026-10-05T12:28:33.162+0000] {processor.py:830} INFO - Processing file /opt/airflow/dags/f1_pipeline_dag.py for tasks to queue
[2026-10-05T12:28:33.165+0000] {logging_mixin.py:188} INFO - [2026-10-05T12:28:33.164+0000] {dagbag.py:545} INFO - Filling up the DagBag from /opt/airflow/dags/f1_pipeline_dag.py
[2026-10-05T12:28:33.182+0000] {processor.py:840} INFO - DAG(s) 'f1_data_analytics' retrieved from /opt/airflow/dags/f1_pipeline_dag.py
[2026-10-05T12:28:33.243+0000] {logging_mixin.py:188} INFO - [2026-10-05T12:28:33.243+0000] {dag.py:3096} INFO - Sync 1 DAGs
[2026-10-05T12:28:33.262+0000] {logging_mixin.py:188} INFO - [2026-10-05T12:28:33.262+0000] {dag.py:3954} INFO - Setting next_dagrun for f1_data_analytics to None, run_after=None
[2026-10-05T12:28:33.291+0000] {processor.py:183} INFO - Processing /opt/airflow/dags/f1_pipeline_dag.py took 0.142 seconds
[2026-10-05T12:29:03.514+0000] {processor.py:161} INFO - Started process (PID=103) to work on /opt/airflow/dags/f1_pipeline_dag.py
[2026-10-05T12:29:03.517+0000] {processor.py:830} INFO - Processing file /opt/airflow/dags/f1_pipeline_dag.py for tasks to queue
[2026-10-05T12:29:03.519+0000] {logging_mixin.py:188} INFO - [2026-10-05T12:29:03.519+0000] {dagbag.py:545} INFO - Filling up the DagBag from /opt/airflow/dags/f1_pipeline_dag.py
[2026-10-05T12:29:03.539+0000] {processor.py:840} INFO - DAG(s) 'f1_data_analytics' retrieved from /opt/airflow/dags/f1_pipeline_dag.py
[2026-10-05T12:29:03.600+0000] {logging_mixin.py:188} INFO - [2026-10-05T12:29:03.600+0000] {dag.py:3096} INFO - Sync 1 DAGs
[2026-10-05T12:29:03.618+0000] {logging_mixin.py:188} INFO - [2026-10-05T12:29:03.617+0000] {dag.py:3954} INFO - Setting next_dagrun for f1_data_analytics to None, run_after=None
[2026-10-05T12:29:03.649+0000] {processor.py:183} INFO - Processing /opt/airflow/dags/f1_pipeline_dag.py took 0.146 seconds
[2026-10-05T12:29:33.866+0000] {processor.py:161} INFO - Started process (PID=104) to work on /opt/airflow/dags/f1_pipeline_dag.py
[2026-10-05T12:29:33.867+0000] {processor.py:830} INFO - Processing file /opt/airflow/dags/f1_pipeline_dag.py for tasks to queue
[2026-10-05T12:29:33.871+0000] {logging_mixin.py:188} INFO - [2026-10-05T12:29:33.870+0000] {dagbag.py:545} INFO - Filling up the DagBag from /opt/airflow/dags/f1_pipeline_dag.py
[2026-10-05T12:29:33.892+0000] {processor.py:840} INFO - DAG(s) 'f1_data_analytics' retrieved from /opt/airflow/dags/f1_pipeline_dag.py
[2026-10-05T12:29:33.963+0000] {logging_mixin.py:188} INFO - [2026-10-05T12:29:33.963+0000] {dag.py:3096} INFO - Sync 1 DAGs
[2026-10-05T12:29:33.985+0000] {logging_mixin.py:188} INFO - [2026-10-05T12:29:33.984+0000] {dag.py:3954} INFO - Setting next_dagrun for f1_data_analytics to None, run_after=None
[2026-10-05T12:29:34.023+0000] {processor.py:183} INFO - Processing /opt/airflow/dags/f1_pipeline_dag.py took 0.167 seconds
[2026-10-05T12:30:04.229+0000] {processor.py:161} INFO - Started process (PID=105) to work on /opt/airflow/dags/f1_pipeline_dag.py
[2026-10-05T12:30:04.232+0000] {processor.py:830} INFO - Processing file /opt/airflow/dags/f1_pipeline_dag.py for tasks to queue
[2026-10-05T12:30:04.235+0000] {logging_mixin.py:188} INFO - [2026-10-05T12:30:04.234+0000] {dagbag.py:545} INFO - Filling up the DagBag from /opt/airflow/dags/f1_pipeline_dag.py
[2026-10-05T12:30:04.253+0000] {processor.py:840} INFO - DAG(s) 'f1_data_analytics' retrieved from /opt/airflow/dags/f1_pipeline_dag.py
[2026-10-05T12:30:04.316+0000] {logging_mixin.py:188} INFO - [2026-10-05T12:30:04.315+0000] {dag.py:3096} INFO - Sync 1 DAGs
[2026-10-05T12:30:04.339+0000] {logging_mixin.py:188} INFO - [2026-10-05T12:30:04.339+0000] {dag.py:3954} INFO - Setting next_dagrun for f1_data_analytics to None, run_after=None
[2026-10-05T12:30:04.373+0000] {processor.py:183} INFO - Processing /opt/airflow/dags/f1_pipeline_dag.py took 0.154 seconds
[2026-10-05T12:30:34.566+0000] {processor.py:161} INFO - Started process (PID=106) to work on /opt/airflow/dags/f1_pipeline_dag.py
[2026-10-05T12:30:34.569+0000] {processor.py:830} INFO - Processing file /opt/airflow/dags/f1_pipeline_dag.py for tasks to queue
[2026-10-05T12:30:34.573+0000] {logging_mixin.py:188} INFO - [2026-10-05T12:30:34.572+0000] {dagbag.py:545} INFO - Filling up the DagBag from /opt/airflow/dags/f1_pipeline_dag.py
[2026-10-05T12:30:34.594+0000] {processor.py:840} INFO - DAG(s) 'f1_data_analytics' retrieved from /opt/airflow/dags/f1_pipeline_dag.py
[2026-10-05T12:30:34.671+0000] {logging_mixin.py:188} INFO - [2026-10-05T12:30:34.670+0000] {dag.py:3096} INFO - Sync 1 DAGs
[2026-10-05T12:30:34.691+0000] {logging_mixin.py:188} INFO - [2026-10-05T12:30:34.690+0000] {dag.py:3954} INFO - Setting next_dagrun for f1_data_analytics to None, run_after=None
[2026-10-05T12:30:34.723+0000] {processor.py:183} INFO - Processing /opt/airflow/dags/f1_pipeline_dag.py took 0.168 seconds
[2026-10-05T12:35:18.908+0000] {processor.py:161} INFO - Started process (PID=63) to work on /opt/airflow/dags/f1_pipeline_dag.py
[2026-10-05T12:35:18.911+0000] {processor.py:830} INFO - Processing file /opt/airflow/dags/f1_pipeline_dag.py for tasks to queue
[2026-10-05T12:35:18.913+0000] {logging_mixin.py:188} INFO - [2026-10-05T12:35:18.913+0000] {dagbag.py:545} INFO - Filling up the DagBag from /opt/airflow/dags/f1_pipeline_dag.py
[2026-10-05T12:35:18.930+0000] {processor.py:840} INFO - DAG(s) 'f1_data_analytics' retrieved from /opt/airflow/dags/f1_pipeline_dag.py
[2026-10-05T12:35:19.313+0000] {logging_mixin.py:188} INFO - [2026-10-05T12:35:19.312+0000] {override.py:1829} INFO - Created Permission View: can read on DAG:f1_data_analytics
[2026-10-05T12:35:19.326+0000] {logging_mixin.py:188} INFO - [2026-10-05T12:35:19.326+0000] {override.py:1829} INFO - Created Permission View: can delete on DAG:f1_data_analytics
[2026-10-05T12:35:19.335+0000] {logging_mixin.py:188} INFO - [2026-10-05T12:35:19.335+0000] {override.py:1829} INFO - Created Permission View: can edit on DAG:f1_data_analytics
[2026-10-05T12:35:19.336+0000] {logging_mixin.py:188} INFO - [2026-10-05T12:35:19.336+0000] {dag.py:3096} INFO - Sync 1 DAGs
[2026-10-05T12:35:19.351+0000] {logging_mixin.py:188} INFO - [2026-10-05T12:35:19.350+0000] {dag.py:3118} INFO - Creating ORM DAG for f1_data_analytics
[2026-10-05T12:35:19.352+0000] {logging_mixin.py:188} INFO - [2026-10-05T12:35:19.351+0000] {dag.py:3954} INFO - Setting next_dagrun for f1_data_analytics to None, run_after=None
[2026-10-05T12:35:19.377+0000] {processor.py:183} INFO - Processing /opt/airflow/dags/f1_pipeline_dag.py took 0.478 seconds
[2026-10-05T12:35:49.862+0000] {processor.py:161} INFO - Started process (PID=83) to work on /opt/airflow/dags/f1_pipeline_dag.py
[2026-10-05T12:35:49.863+0000] {processor.py:830} INFO - Processing file /opt/airflow/dags/f1_pipeline_dag.py for tasks to queue
[2026-10-05T12:35:49.866+0000] {logging_mixin.py:188} INFO - [2026-10-05T12:35:49.865+0000] {dagbag.py:545} INFO - Filling up the DagBag from /opt/airflow/dags/f1_pipeline_dag.py
[2026-10-05T12:35:49.883+0000] {processor.py:840} INFO - DAG(s) 'f1_data_analytics' retrieved from /opt/airflow/dags/f1_pipeline_dag.py
[2026-10-05T12:35:49.943+0000] {logging_mixin.py:188} INFO - [2026-10-05T12:35:49.943+0000] {dag.py:3096} INFO - Sync 1 DAGs
[2026-10-05T12:35:49.959+0000] {logging_mixin.py:188} INFO - [2026-10-05T12:35:49.959+0000] {dag.py:3954} INFO - Setting next_dagrun for f1_data_analytics to None, run_after=None
[2026-10-05T12:35:49.990+0000] {processor.py:183} INFO - Processing /opt/airflow/dags/f1_pipeline_dag.py took 0.137 seconds
[2026-10-05T12:36:20.849+0000] {processor.py:161} INFO - Started process (PID=95) to work on /opt/airflow/dags/f1_pipeline_dag.py
[2026-10-05T12:36:20.851+0000] {processor.py:830} INFO - Processing file /opt/airflow/dags/f1_pipeline_dag.py for tasks to queue
[2026-10-05T12:36:20.854+0000] {logging_mixin.py:188} INFO - [2026-10-05T12:36:20.853+0000] {dagbag.py:545} INFO - Filling up the DagBag from /opt/airflow/dags/f1_pipeline_dag.py
[2026-10-05T12:36:20.872+0000] {processor.py:840} INFO - DAG(s) 'f1_data_analytics' retrieved from /opt/airflow/dags/f1_pipeline_dag.py
[2026-10-05T12:36:20.933+0000] {logging_mixin.py:188} INFO - [2026-10-05T12:36:20.932+0000] {dag.py:3096} INFO - Sync 1 DAGs
[2026-10-05T12:36:20.951+0000] {logging_mixin.py:188} INFO - [2026-10-05T12:36:20.951+0000] {dag.py:3954} INFO - Setting next_dagrun for f1_data_analytics to None, run_after=None
[2026-10-05T12:36:21.188+0000] {processor.py:183} INFO - Processing /opt/airflow/dags/f1_pipeline_dag.py took 0.348 seconds
[2026-10-05T12:36:51.988+0000] {processor.py:161} INFO - Started process (PID=106) to work on /opt/airflow/dags/f1_pipeline_dag.py
[2026-10-05T12:36:51.991+0000] {processor.py:830} INFO - Processing file /opt/airflow/dags/f1_pipeline_dag.py for tasks to queue
[2026-10-05T12:36:51.994+0000] {logging_mixin.py:188} INFO - [2026-10-05T12:36:51.993+0000] {dagbag.py:545} INFO - Filling up the DagBag from /opt/airflow/dags/f1_pipeline_dag.py
[2026-10-05T12:36:52.013+0000] {processor.py:840} INFO - DAG(s) 'f1_data_analytics' retrieved from /opt/airflow/dags/f1_pipeline_dag.py
[2026-10-05T12:36:52.078+0000] {logging_mixin.py:188} INFO - [2026-10-05T12:36:52.077+0000] {dag.py:3096} INFO - Sync 1 DAGs
[2026-10-05T12:36:52.300+0000] {logging_mixin.py:188} INFO - [2026-10-05T12:36:52.300+0000] {dag.py:3954} INFO - Setting next_dagrun for f1_data_analytics to None, run_after=None
[2026-10-05T12:36:52.332+0000] {processor.py:183} INFO - Processing /opt/airflow/dags/f1_pipeline_dag.py took 0.354 seconds
[2026-10-05T12:37:22.743+0000] {processor.py:161} INFO - Started process (PID=107) to work on /opt/airflow/dags/f1_pipeline_dag.py
[2026-10-05T12:37:22.744+0000] {processor.py:830} INFO - Processing file /opt/airflow/dags/f1_pipeline_dag.py for tasks to queue
[2026-10-05T12:37:22.748+0000] {logging_mixin.py:188} INFO - [2026-10-05T12:37:22.747+0000] {dagbag.py:545} INFO - Filling up the DagBag from /opt/airflow/dags/f1_pipeline_dag.py
[2026-10-05T12:37:22.768+0000] {processor.py:840} INFO - DAG(s) 'f1_data_analytics' retrieved from /opt/airflow/dags/f1_pipeline_dag.py
[2026-10-05T12:37:23.028+0000] {logging_mixin.py:188} INFO - [2026-10-05T12:37:23.028+0000] {dag.py:3096} INFO - Sync 1 DAGs
[2026-10-05T12:37:23.044+0000] {logging_mixin.py:188} INFO - [2026-10-05T12:37:23.043+0000] {dag.py:3954} INFO - Setting next_dagrun for f1_data_analytics to None, run_after=None
[2026-10-05T12:37:23.074+0000] {processor.py:183} INFO - Processing /opt/airflow/dags/f1_pipeline_dag.py took 0.340 seconds
[2026-10-05T12:37:53.310+0000] {processor.py:161} INFO - Started process (PID=108) to work on /opt/airflow/dags/f1_pipeline_dag.py
[2026-10-05T12:37:53.312+0000] {processor.py:830} INFO - Processing file /opt/airflow/dags/f1_pipeline_dag.py for tasks to queue
[2026-10-05T12:37:53.315+0000] {logging_mixin.py:188} INFO - [2026-10-05T12:37:53.314+0000] {dagbag.py:545} INFO - Filling up the DagBag from /opt/airflow/dags/f1_pipeline_dag.py
[2026-10-05T12:37:53.545+0000] {processor.py:840} INFO - DAG(s) 'f1_data_analytics' retrieved from /opt/airflow/dags/f1_pipeline_dag.py
[2026-10-05T12:37:53.601+0000] {logging_mixin.py:188} INFO - [2026-10-05T12:37:53.600+0000] {dag.py:3096} INFO - Sync 1 DAGs
[2026-10-05T12:37:53.616+0000] {logging_mixin.py:188} INFO - [2026-10-05T12:37:53.616+0000] {dag.py:3954} INFO - Setting next_dagrun for f1_data_analytics to None, run_after=None
[2026-10-05T12:37:53.644+0000] {processor.py:183} INFO - Processing /opt/airflow/dags/f1_pipeline_dag.py took 0.344 seconds
[2026-10-05T12:38:24.047+0000] {processor.py:161} INFO - Started process (PID=109) to work on /opt/airflow/dags/f1_pipeline_dag.py
[2026-10-05T12:38:24.050+0000] {processor.py:830} INFO - Processing file /opt/airflow/dags/f1_pipeline_dag.py for tasks to queue
[2026-10-05T12:38:24.053+0000] {logging_mixin.py:188} INFO - [2026-10-05T12:38:24.053+0000] {dagbag.py:545} INFO - Filling up the DagBag from /opt/airflow/dags/f1_pipeline_dag.py
[2026-10-05T12:38:24.071+0000] {processor.py:840} INFO - DAG(s) 'f1_data_analytics' retrieved from /opt/airflow/dags/f1_pipeline_dag.py
[2026-10-05T12:38:24.131+0000] {logging_mixin.py:188} INFO - [2026-10-05T12:38:24.131+0000] {dag.py:3096} INFO - Sync 1 DAGs
[2026-10-05T12:38:24.148+0000] {logging_mixin.py:188} INFO - [2026-10-05T12:38:24.148+0000] {dag.py:3954} INFO - Setting next_dagrun for f1_data_analytics to None, run_after=None
[2026-10-05T12:38:24.180+0000] {processor.py:183} INFO - Processing /opt/airflow/dags/f1_pipeline_dag.py took 0.143 seconds
[2026-10-05T12:38:54.574+0000] {processor.py:161} INFO - Started process (PID=110) to work on /opt/airflow/dags/f1_pipeline_dag.py
[2026-10-05T12:38:54.575+0000] {processor.py:830} INFO - Processing file /opt/airflow/dags/f1_pipeline_dag.py for tasks to queue
[2026-10-05T12:38:54.578+0000] {logging_mixin.py:188} INFO - [2026-10-05T12:38:54.577+0000] {dagbag.py:545} INFO - Filling up the DagBag from /opt/airflow/dags/f1_pipeline_dag.py
[2026-10-05T12:38:54.595+0000] {processor.py:840} INFO - DAG(s) 'f1_data_analytics' retrieved from /opt/airflow/dags/f1_pipeline_dag.py
[2026-10-05T12:38:54.656+0000] {logging_mixin.py:188} INFO - [2026-10-05T12:38:54.655+0000] {dag.py:3096} INFO - Sync 1 DAGs
[2026-10-05T12:38:54.673+0000] {logging_mixin.py:188} INFO - [2026-10-05T12:38:54.672+0000] {dag.py:3954} INFO - Setting next_dagrun for f1_data_analytics to None, run_after=None
[2026-10-05T12:38:54.704+0000] {processor.py:183} INFO - Processing /opt/airflow/dags/f1_pipeline_dag.py took 0.140 seconds
[2026-10-05T12:39:25.107+0000] {processor.py:161} INFO - Started process (PID=111) to work on /opt/airflow/dags/f1_pipeline_dag.py
[2026-10-05T12:39:25.110+0000] {processor.py:830} INFO - Processing file /opt/airflow/dags/f1_pipeline_dag.py for tasks to queue
[2026-10-05T12:39:25.113+0000] {logging_mixin.py:188} INFO - [2026-10-05T12:39:25.113+0000] {dagbag.py:545} INFO - Filling up the DagBag from /opt/airflow/dags/f1_pipeline_dag.py
[2026-10-05T12:39:25.131+0000] {processor.py:840} INFO - DAG(s) 'f1_data_analytics' retrieved from /opt/airflow/dags/f1_pipeline_dag.py
[2026-10-05T12:39:25.195+0000] {logging_mixin.py:188} INFO - [2026-10-05T12:39:25.194+0000] {dag.py:3096} INFO - Sync 1 DAGs
[2026-10-05T12:39:25.213+0000] {logging_mixin.py:188} INFO - [2026-10-05T12:39:25.213+0000] {dag.py:3954} INFO - Setting next_dagrun for f1_data_analytics to None, run_after=None
[2026-10-05T12:39:25.245+0000] {processor.py:183} INFO - Processing /opt/airflow/dags/f1_pipeline_dag.py took 0.148 seconds
[2026-10-05T12:39:55.651+0000] {processor.py:161} INFO - Started process (PID=112) to work on /opt/airflow/dags/f1_pipeline_dag.py
[2026-10-05T12:39:55.652+0000] {processor.py:830} INFO - Processing file /opt/airflow/dags/f1_pipeline_dag.py for tasks to queue
[2026-10-05T12:39:55.655+0000] {logging_mixin.py:188} INFO - [2026-10-05T12:39:55.654+0000] {dagbag.py:545} INFO - Filling up the DagBag from /opt/airflow/dags/f1_pipeline_dag.py
[2026-10-05T12:39:55.673+0000] {processor.py:840} INFO - DAG(s) 'f1_data_analytics' retrieved from /opt/airflow/dags/f1_pipeline_dag.py
[2026-10-05T12:39:55.735+0000] {logging_mixin.py:188} INFO - [2026-10-05T12:39:55.734+0000] {dag.py:3096} INFO - Sync 1 DAGs
[2026-10-05T12:39:55.751+0000] {logging_mixin.py:188} INFO - [2026-10-05T12:39:55.751+0000] {dag.py:3954} INFO - Setting next_dagrun for f1_data_analytics to None, run_after=None
[2026-10-05T12:39:55.781+0000] {processor.py:183} INFO - Processing /opt/airflow/dags/f1_pipeline_dag.py took 0.139 seconds
[2026-10-05T12:40:26.068+0000] {processor.py:161} INFO - Started process (PID=113) to work on /opt/airflow/dags/f1_pipeline_dag.py
[2026-10-05T12:40:26.071+0000] {processor.py:830} INFO - Processing file /opt/airflow/dags/f1_pipeline_dag.py for tasks to queue
[2026-10-05T12:40:26.073+0000] {logging_mixin.py:188} INFO - [2026-10-05T12:40:26.072+0000] {dagbag.py:545} INFO - Filling up the DagBag from /opt/airflow/dags/f1_pipeline_dag.py
[2026-10-05T12:40:26.095+0000] {processor.py:840} INFO - DAG(s) 'f1_data_analytics' retrieved from /opt/airflow/dags/f1_pipeline_dag.py
[2026-10-05T12:40:26.159+0000] {logging_mixin.py:188} INFO - [2026-10-05T12:40:26.159+0000] {dag.py:3096} INFO - Sync 1 DAGs
[2026-10-05T12:40:26.179+0000] {logging_mixin.py:188} INFO - [2026-10-05T12:40:26.178+0000] {dag.py:3954} INFO - Setting next_dagrun for f1_data_analytics to None, run_after=None
[2026-10-05T12:40:26.214+0000] {processor.py:183} INFO - Processing /opt/airflow/dags/f1_pipeline_dag.py took 0.155 seconds
[2026-10-05T12:40:31.336+0000] {processor.py:161} INFO - Started process (PID=114) to work on /opt/airflow/dags/f1_pipeline_dag.py
[2026-10-05T12:40:31.337+0000] {processor.py:830} INFO - Processing file /opt/airflow/dags/f1_pipeline_dag.py for tasks to queue
[2026-10-05T12:40:31.340+0000] {logging_mixin.py:188} INFO - [2026-10-05T12:40:31.339+0000] {dagbag.py:545} INFO - Filling up the DagBag from /opt/airflow/dags/f1_pipeline_dag.py
[2026-10-05T12:40:31.360+0000] {processor.py:840} INFO - DAG(s) 'f1_data_analytics' retrieved from /opt/airflow/dags/f1_pipeline_dag.py
[2026-10-05T12:40:31.553+0000] {logging_mixin.py:188} INFO - [2026-10-05T12:40:31.553+0000] {dag.py:3096} INFO - Sync 1 DAGs
[2026-10-05T12:40:31.567+0000] {logging_mixin.py:188} INFO - [2026-10-05T12:40:31.566+0000] {dag.py:3954} INFO - Setting next_dagrun for f1_data_analytics to None, run_after=None
[2026-10-05T12:40:31.609+0000] {processor.py:183} INFO - Processing /opt/airflow/dags/f1_pipeline_dag.py took 0.282 seconds
[2026-10-05T12:41:02.236+0000] {processor.py:161} INFO - Started process (PID=135) to work on /opt/airflow/dags/f1_pipeline_dag.py
[2026-10-05T12:41:02.239+0000] {processor.py:830} INFO - Processing file /opt/airflow/dags/f1_pipeline_dag.py for tasks to queue
[2026-10-05T12:41:02.242+0000] {logging_mixin.py:188} INFO - [2026-10-05T12:41:02.241+0000] {dagbag.py:545} INFO - Filling up the DagBag from /opt/airflow/dags/f1_pipeline_dag.py
[2026-10-05T12:41:02.261+0000] {processor.py:840} INFO - DAG(s) 'f1_data_analytics' retrieved from /opt/airflow/dags/f1_pipeline_dag.py
[2026-10-05T12:41:02.326+0000] {logging_mixin.py:188} INFO - [2026-10-05T12:41:02.326+0000] {dag.py:3096} INFO - Sync 1 DAGs
[2026-10-05T12:41:02.347+0000] {logging_mixin.py:188} INFO - [2026-10-05T12:41:02.347+0000] {dag.py:3954} INFO - Setting next_dagrun for f1_data_analytics to None, run_after=None
[2026-10-05T12:41:02.377+0000] {processor.py:183} INFO - Processing /opt/airflow/dags/f1_pipeline_dag.py took 0.150 seconds
[2026-10-05T12:41:31.499+0000] {processor.py:161} INFO - Started process (PID=136) to work on /opt/airflow/dags/f1_pipeline_dag.py
[2026-10-05T12:41:31.500+0000] {processor.py:830} INFO - Processing file /opt/airflow/dags/f1_pipeline_dag.py for tasks to queue
[2026-10-05T12:41:31.502+0000] {logging_mixin.py:188} INFO - [2026-10-05T12:41:31.502+0000] {dagbag.py:545} INFO - Filling up the DagBag from /opt/airflow/dags/f1_pipeline_dag.py
[2026-10-05T12:41:31.528+0000] {processor.py:840} INFO - DAG(s) 'f1_data_analytics' retrieved from /opt/airflow/dags/f1_pipeline_dag.py
[2026-10-05T12:41:31.715+0000] {logging_mixin.py:188} INFO - [2026-10-05T12:41:31.714+0000] {dag.py:3096} INFO - Sync 1 DAGs
[2026-10-05T12:41:31.729+0000] {logging_mixin.py:188} INFO - [2026-10-05T12:41:31.728+0000] {dag.py:3954} INFO - Setting next_dagrun for f1_data_analytics to None, run_after=None
[2026-10-05T12:41:31.760+0000] {processor.py:183} INFO - Processing /opt/airflow/dags/f1_pipeline_dag.py took 0.271 seconds
[2026-10-05T12:43:06.743+0000] {processor.py:161} INFO - Started process (PID=186) to work on /opt/airflow/dags/f1_pipeline_dag.py
[2026-10-05T12:43:06.746+0000] {processor.py:830} INFO - Processing file /opt/airflow/dags/f1_pipeline_dag.py for tasks to queue
[2026-10-05T12:43:06.747+0000] {logging_mixin.py:188} INFO - [2026-10-05T12:43:06.746+0000] {dagbag.py:545} INFO - Filling up the DagBag from /opt/airflow/dags/f1_pipeline_dag.py
[2026-10-05T12:43:06.762+0000] {processor.py:840} INFO - DAG(s) 'f1_data_analytics' retrieved from /opt/airflow/dags/f1_pipeline_dag.py
[2026-10-05T12:43:06.825+0000] {logging_mixin.py:188} INFO - [2026-10-05T12:43:06.825+0000] {dag.py:3096} INFO - Sync 1 DAGs
[2026-10-05T12:43:06.844+0000] {logging_mixin.py:188} INFO - [2026-10-05T12:43:06.843+0000] {dag.py:3954} INFO - Setting next_dagrun for f1_data_analytics to None, run_after=None
[2026-10-05T12:43:06.874+0000] {processor.py:183} INFO - Processing /opt/airflow/dags/f1_pipeline_dag.py took 0.140 seconds
[2026-10-05T12:43:37.725+0000] {processor.py:161} INFO - Started process (PID=196) to work on /opt/airflow/dags/f1_pipeline_dag.py
[2026-10-05T12:43:37.726+0000] {processor.py:830} INFO - Processing file /opt/airflow/dags/f1_pipeline_dag.py for tasks to queue
[2026-10-05T12:43:37.728+0000] {logging_mixin.py:188} INFO - [2026-10-05T12:43:37.727+0000] {dagbag.py:545} INFO - Filling up the DagBag from /opt/airflow/dags/f1_pipeline_dag.py
[2026-10-05T12:43:37.742+0000] {processor.py:840} INFO - DAG(s) 'f1_data_analytics' retrieved from /opt/airflow/dags/f1_pipeline_dag.py
[2026-10-05T12:43:37.807+0000] {logging_mixin.py:188} INFO - [2026-10-05T12:43:37.806+0000] {dag.py:3096} INFO - Sync 1 DAGs
[2026-10-05T12:43:37.822+0000] {logging_mixin.py:188} INFO - [2026-10-05T12:43:37.822+0000] {dag.py:3954} INFO - Setting next_dagrun for f1_data_analytics to None, run_after=None
[2026-10-05T12:43:37.854+0000] {processor.py:183} INFO - Processing /opt/airflow/dags/f1_pipeline_dag.py took 0.140 seconds
[2026-10-05T12:44:08.518+0000] {processor.py:161} INFO - Started process (PID=197) to work on /opt/airflow/dags/f1_pipeline_dag.py
[2026-10-05T12:44:08.522+0000] {processor.py:830} INFO - Processing file /opt/airflow/dags/f1_pipeline_dag.py for tasks to queue
[2026-10-05T12:44:08.523+0000] {logging_mixin.py:188} INFO - [2026-10-05T12:44:08.523+0000] {dagbag.py:545} INFO - Filling up the DagBag from /opt/airflow/dags/f1_pipeline_dag.py
[2026-10-05T12:44:08.537+0000] {processor.py:840} INFO - DAG(s) 'f1_data_analytics' retrieved from /opt/airflow/dags/f1_pipeline_dag.py
[2026-10-05T12:44:08.599+0000] {logging_mixin.py:188} INFO - [2026-10-05T12:44:08.598+0000] {dag.py:3096} INFO - Sync 1 DAGs
[2026-10-05T12:44:08.617+0000] {logging_mixin.py:188} INFO - [2026-10-05T12:44:08.616+0000] {dag.py:3954} INFO - Setting next_dagrun for f1_data_analytics to None, run_after=None
[2026-10-05T12:44:08.646+0000] {processor.py:183} INFO - Processing /opt/airflow/dags/f1_pipeline_dag.py took 0.137 seconds
[2026-10-05T12:44:39.044+0000] {processor.py:161} INFO - Started process (PID=198) to work on /opt/airflow/dags/f1_pipeline_dag.py
[2026-10-05T12:44:39.045+0000] {processor.py:830} INFO - Processing file /opt/airflow/dags/f1_pipeline_dag.py for tasks to queue
[2026-10-05T12:44:39.047+0000] {logging_mixin.py:188} INFO - [2026-10-05T12:44:39.046+0000] {dagbag.py:545} INFO - Filling up the DagBag from /opt/airflow/dags/f1_pipeline_dag.py
[2026-10-05T12:44:39.062+0000] {processor.py:840} INFO - DAG(s) 'f1_data_analytics' retrieved from /opt/airflow/dags/f1_pipeline_dag.py
[2026-10-05T12:44:39.156+0000] {logging_mixin.py:188} INFO - [2026-10-05T12:44:39.155+0000] {dag.py:3096} INFO - Sync 1 DAGs
[2026-10-05T12:44:39.178+0000] {logging_mixin.py:188} INFO - [2026-10-05T12:44:39.177+0000] {dag.py:3954} INFO - Setting next_dagrun for f1_data_analytics to None, run_after=None
[2026-10-05T12:44:39.212+0000] {processor.py:183} INFO - Processing /opt/airflow/dags/f1_pipeline_dag.py took 0.177 seconds
[2026-10-05T12:45:09.600+0000] {processor.py:161} INFO - Started process (PID=199) to work on /opt/airflow/dags/f1_pipeline_dag.py
[2026-10-05T12:45:09.603+0000] {processor.py:830} INFO - Processing file /opt/airflow/dags/f1_pipeline_dag.py for tasks to queue
[2026-10-05T12:45:09.604+0000] {logging_mixin.py:188} INFO - [2026-10-05T12:45:09.604+0000] {dagbag.py:545} INFO - Filling up the DagBag from /opt/airflow/dags/f1_pipeline_dag.py
[2026-10-05T12:45:09.618+0000] {processor.py:840} INFO - DAG(s) 'f1_data_analytics' retrieved from /opt/airflow/dags/f1_pipeline_dag.py
[2026-10-05T12:45:09.686+0000] {logging_mixin.py:188} INFO - [2026-10-05T12:45:09.685+0000] {dag.py:3096} INFO - Sync 1 DAGs
[2026-10-05T12:45:09.703+0000] {logging_mixin.py:188} INFO - [2026-10-05T12:45:09.703+0000] {dag.py:3954} INFO - Setting next_dagrun for f1_data_analytics to None, run_after=None
[2026-10-05T12:45:09.735+0000] {processor.py:183} INFO - Processing /opt/airflow/dags/f1_pipeline_dag.py took 0.145 seconds
[2026-10-05T12:45:40.118+0000] {processor.py:161} INFO - Started process (PID=200) to work on /opt/airflow/dags/f1_pipeline_dag.py
[2026-10-05T12:45:40.119+0000] {processor.py:830} INFO - Processing file /opt/airflow/dags/f1_pipeline_dag.py for tasks to queue
[2026-10-05T12:45:40.121+0000] {logging_mixin.py:188} INFO - [2026-10-05T12:45:40.120+0000] {dagbag.py:545} INFO - Filling up the DagBag from /opt/airflow/dags/f1_pipeline_dag.py
[2026-10-05T12:45:40.134+0000] {processor.py:840} INFO - DAG(s) 'f1_data_analytics' retrieved from /opt/airflow/dags/f1_pipeline_dag.py
[2026-10-05T12:45:40.193+0000] {logging_mixin.py:188} INFO - [2026-10-05T12:45:40.193+0000] {dag.py:3096} INFO - Sync 1 DAGs
[2026-10-05T12:45:40.208+0000] {logging_mixin.py:188} INFO - [2026-10-05T12:45:40.208+0000] {dag.py:3954} INFO - Setting next_dagrun for f1_data_analytics to None, run_after=None
[2026-10-05T12:45:40.236+0000] {processor.py:183} INFO - Processing /opt/airflow/dags/f1_pipeline_dag.py took 0.126 seconds
[2026-10-05T12:46:10.495+0000] {processor.py:161} INFO - Started process (PID=201) to work on /opt/airflow/dags/f1_pipeline_dag.py
[2026-10-05T12:46:10.498+0000] {processor.py:830} INFO - Processing file /opt/airflow/dags/f1_pipeline_dag.py for tasks to queue
[2026-10-05T12:46:10.499+0000] {logging_mixin.py:188} INFO - [2026-10-05T12:46:10.499+0000] {dagbag.py:545} INFO - Filling up the DagBag from /opt/airflow/dags/f1_pipeline_dag.py
[2026-10-05T12:46:10.513+0000] {processor.py:840} INFO - DAG(s) 'f1_data_analytics' retrieved from /opt/airflow/dags/f1_pipeline_dag.py
[2026-10-05T12:46:10.576+0000] {logging_mixin.py:188} INFO - [2026-10-05T12:46:10.575+0000] {dag.py:3096} INFO - Sync 1 DAGs
[2026-10-05T12:46:10.591+0000] {logging_mixin.py:188} INFO - [2026-10-05T12:46:10.591+0000] {dag.py:3954} INFO - Setting next_dagrun for f1_data_analytics to None, run_after=None
[2026-10-05T12:46:10.623+0000] {processor.py:183} INFO - Processing /opt/airflow/dags/f1_pipeline_dag.py took 0.137 seconds
[2026-10-05T12:46:41.045+0000] {processor.py:161} INFO - Started process (PID=202) to work on /opt/airflow/dags/f1_pipeline_dag.py
[2026-10-05T12:46:41.048+0000] {processor.py:830} INFO - Processing file /opt/airflow/dags/f1_pipeline_dag.py for tasks to queue
[2026-10-05T12:46:41.049+0000] {logging_mixin.py:188} INFO - [2026-10-05T12:46:41.049+0000] {dagbag.py:545} INFO - Filling up the DagBag from /opt/airflow/dags/f1_pipeline_dag.py
[2026-10-05T12:46:41.063+0000] {processor.py:840} INFO - DAG(s) 'f1_data_analytics' retrieved from /opt/airflow/dags/f1_pipeline_dag.py
[2026-10-05T12:46:41.130+0000] {logging_mixin.py:188} INFO - [2026-10-05T12:46:41.130+0000] {dag.py:3096} INFO - Sync 1 DAGs
[2026-10-05T12:46:41.146+0000] {logging_mixin.py:188} INFO - [2026-10-05T12:46:41.146+0000] {dag.py:3954} INFO - Setting next_dagrun for f1_data_analytics to None, run_after=None
[2026-10-05T12:46:41.178+0000] {processor.py:183} INFO - Processing /opt/airflow/dags/f1_pipeline_dag.py took 0.143 seconds
[2026-10-05T12:47:11.618+0000] {processor.py:161} INFO - Started process (PID=203) to work on /opt/airflow/dags/f1_pipeline_dag.py
[2026-10-05T12:47:11.621+0000] {processor.py:830} INFO - Processing file /opt/airflow/dags/f1_pipeline_dag.py for tasks to queue
[2026-10-05T12:47:11.623+0000] {logging_mixin.py:188} INFO - [2026-10-05T12:47:11.622+0000] {dagbag.py:545} INFO - Filling up the DagBag from /opt/airflow/dags/f1_pipeline_dag.py
[2026-10-05T12:47:11.636+0000] {processor.py:840} INFO - DAG(s) 'f1_data_analytics' retrieved from /opt/airflow/dags/f1_pipeline_dag.py
[2026-10-05T12:47:11.695+0000] {logging_mixin.py:188} INFO - [2026-10-05T12:47:11.694+0000] {dag.py:3096} INFO - Sync 1 DAGs
[2026-10-05T12:47:11.711+0000] {logging_mixin.py:188} INFO - [2026-10-05T12:47:11.710+0000] {dag.py:3954} INFO - Setting next_dagrun for f1_data_analytics to None, run_after=None
[2026-10-05T12:47:11.737+0000] {processor.py:183} INFO - Processing /opt/airflow/dags/f1_pipeline_dag.py took 0.129 seconds
[2026-10-05T12:47:41.938+0000] {processor.py:161} INFO - Started process (PID=204) to work on /opt/airflow/dags/f1_pipeline_dag.py
[2026-10-05T12:47:41.939+0000] {processor.py:830} INFO - Processing file /opt/airflow/dags/f1_pipeline_dag.py for tasks to queue
[2026-10-05T12:47:41.940+0000] {logging_mixin.py:188} INFO - [2026-10-05T12:47:41.940+0000] {dagbag.py:545} INFO - Filling up the DagBag from /opt/airflow/dags/f1_pipeline_dag.py
[2026-10-05T12:47:41.954+0000] {processor.py:840} INFO - DAG(s) 'f1_data_analytics' retrieved from /opt/airflow/dags/f1_pipeline_dag.py
[2026-10-05T12:47:42.015+0000] {logging_mixin.py:188} INFO - [2026-10-05T12:47:42.015+0000] {dag.py:3096} INFO - Sync 1 DAGs
[2026-10-05T12:47:42.031+0000] {logging_mixin.py:188} INFO - [2026-10-05T12:47:42.030+0000] {dag.py:3954} INFO - Setting next_dagrun for f1_data_analytics to None, run_after=None
[2026-10-05T12:47:42.060+0000] {processor.py:183} INFO - Processing /opt/airflow/dags/f1_pipeline_dag.py took 0.133 seconds
[2026-10-05T12:48:12.490+0000] {processor.py:161} INFO - Started process (PID=205) to work on /opt/airflow/dags/f1_pipeline_dag.py
[2026-10-05T12:48:12.493+0000] {processor.py:830} INFO - Processing file /opt/airflow/dags/f1_pipeline_dag.py for tasks to queue
[2026-10-05T12:48:12.495+0000] {logging_mixin.py:188} INFO - [2026-10-05T12:48:12.494+0000] {dagbag.py:545} INFO - Filling up the DagBag from /opt/airflow/dags/f1_pipeline_dag.py
[2026-10-05T12:48:12.514+0000] {processor.py:840} INFO - DAG(s) 'f1_data_analytics' retrieved from /opt/airflow/dags/f1_pipeline_dag.py
[2026-10-05T12:48:12.575+0000] {logging_mixin.py:188} INFO - [2026-10-05T12:48:12.575+0000] {dag.py:3096} INFO - Sync 1 DAGs
[2026-10-05T12:48:12.591+0000] {logging_mixin.py:188} INFO - [2026-10-05T12:48:12.591+0000] {dag.py:3954} INFO - Setting next_dagrun for f1_data_analytics to None, run_after=None
[2026-10-05T12:48:12.618+0000] {processor.py:183} INFO - Processing /opt/airflow/dags/f1_pipeline_dag.py took 0.137 seconds
[2026-10-05T12:48:43.030+0000] {processor.py:161} INFO - Started process (PID=206) to work on /opt/airflow/dags/f1_pipeline_dag.py
[2026-10-05T12:48:43.031+0000] {processor.py:830} INFO - Processing file /opt/airflow/dags/f1_pipeline_dag.py for tasks to queue
[2026-10-05T12:48:43.032+0000] {logging_mixin.py:188} INFO - [2026-10-05T12:48:43.032+0000] {dagbag.py:545} INFO - Filling up the DagBag from /opt/airflow/dags/f1_pipeline_dag.py
[2026-10-05T12:48:43.046+0000] {processor.py:840} INFO - DAG(s) 'f1_data_analytics' retrieved from /opt/airflow/dags/f1_pipeline_dag.py
[2026-10-05T12:48:43.115+0000] {logging_mixin.py:188} INFO - [2026-10-05T12:48:43.115+0000] {dag.py:3096} INFO - Sync 1 DAGs
[2026-10-05T12:48:43.132+0000] {logging_mixin.py:188} INFO - [2026-10-05T12:48:43.131+0000] {dag.py:3954} INFO - Setting next_dagrun for f1_data_analytics to None, run_after=None
[2026-10-05T12:48:43.168+0000] {processor.py:183} INFO - Processing /opt/airflow/dags/f1_pipeline_dag.py took 0.148 seconds
[2026-10-05T12:49:13.602+0000] {processor.py:161} INFO - Started process (PID=207) to work on /opt/airflow/dags/f1_pipeline_dag.py
[2026-10-05T12:49:13.605+0000] {processor.py:830} INFO - Processing file /opt/airflow/dags/f1_pipeline_dag.py for tasks to queue
[2026-10-05T12:49:13.606+0000] {logging_mixin.py:188} INFO - [2026-10-05T12:49:13.606+0000] {dagbag.py:545} INFO - Filling up the DagBag from /opt/airflow/dags/f1_pipeline_dag.py
[2026-10-05T12:49:13.620+0000] {processor.py:840} INFO - DAG(s) 'f1_data_analytics' retrieved from /opt/airflow/dags/f1_pipeline_dag.py
[2026-10-05T12:49:13.684+0000] {logging_mixin.py:188} INFO - [2026-10-05T12:49:13.683+0000] {dag.py:3096} INFO - Sync 1 DAGs
[2026-10-05T12:49:13.700+0000] {logging_mixin.py:188} INFO - [2026-10-05T12:49:13.700+0000] {dag.py:3954} INFO - Setting next_dagrun for f1_data_analytics to None, run_after=None
[2026-10-05T12:49:13.731+0000] {processor.py:183} INFO - Processing /opt/airflow/dags/f1_pipeline_dag.py took 0.138 seconds
[2026-10-05T12:49:44.147+0000] {processor.py:161} INFO - Started process (PID=208) to work on /opt/airflow/dags/f1_pipeline_dag.py
[2026-10-05T12:49:44.149+0000] {processor.py:830} INFO - Processing file /opt/airflow/dags/f1_pipeline_dag.py for tasks to queue
[2026-10-05T12:49:44.150+0000] {logging_mixin.py:188} INFO - [2026-10-05T12:49:44.149+0000] {dagbag.py:545} INFO - Filling up the DagBag from /opt/airflow/dags/f1_pipeline_dag.py
[2026-10-05T12:49:44.163+0000] {processor.py:840} INFO - DAG(s) 'f1_data_analytics' retrieved from /opt/airflow/dags/f1_pipeline_dag.py
[2026-10-05T12:49:44.222+0000] {logging_mixin.py:188} INFO - [2026-10-05T12:49:44.222+0000] {dag.py:3096} INFO - Sync 1 DAGs
[2026-10-05T12:49:44.239+0000] {logging_mixin.py:188} INFO - [2026-10-05T12:49:44.239+0000] {dag.py:3954} INFO - Setting next_dagrun for f1_data_analytics to None, run_after=None
[2026-10-05T12:49:44.271+0000] {processor.py:183} INFO - Processing /opt/airflow/dags/f1_pipeline_dag.py took 0.133 seconds
[2026-10-05T12:50:14.680+0000] {processor.py:161} INFO - Started process (PID=209) to work on /opt/airflow/dags/f1_pipeline_dag.py
[2026-10-05T12:50:14.683+0000] {processor.py:830} INFO - Processing file /opt/airflow/dags/f1_pipeline_dag.py for tasks to queue
[2026-10-05T12:50:14.684+0000] {logging_mixin.py:188} INFO - [2026-10-05T12:50:14.684+0000] {dagbag.py:545} INFO - Filling up the DagBag from /opt/airflow/dags/f1_pipeline_dag.py
[2026-10-05T12:50:14.701+0000] {processor.py:840} INFO - DAG(s) 'f1_data_analytics' retrieved from /opt/airflow/dags/f1_pipeline_dag.py
[2026-10-05T12:50:14.771+0000] {logging_mixin.py:188} INFO - [2026-10-05T12:50:14.770+0000] {dag.py:3096} INFO - Sync 1 DAGs
[2026-10-05T12:50:14.788+0000] {logging_mixin.py:188} INFO - [2026-10-05T12:50:14.787+0000] {dag.py:3954} INFO - Setting next_dagrun for f1_data_analytics to None, run_after=None
[2026-10-05T12:50:14.814+0000] {processor.py:183} INFO - Processing /opt/airflow/dags/f1_pipeline_dag.py took 0.143 seconds
[2026-10-05T12:50:45.229+0000] {processor.py:161} INFO - Started process (PID=210) to work on /opt/airflow/dags/f1_pipeline_dag.py
[2026-10-05T12:50:45.231+0000] {processor.py:830} INFO - Processing file /opt/airflow/dags/f1_pipeline_dag.py for tasks to queue
[2026-10-05T12:50:45.232+0000] {logging_mixin.py:188} INFO - [2026-10-05T12:50:45.232+0000] {dagbag.py:545} INFO - Filling up the DagBag from /opt/airflow/dags/f1_pipeline_dag.py
[2026-10-05T12:50:45.248+0000] {processor.py:840} INFO - DAG(s) 'f1_data_analytics' retrieved from /opt/airflow/dags/f1_pipeline_dag.py
[2026-10-05T12:50:45.322+0000] {logging_mixin.py:188} INFO - [2026-10-05T12:50:45.322+0000] {dag.py:3096} INFO - Sync 1 DAGs
[2026-10-05T12:50:45.339+0000] {logging_mixin.py:188} INFO - [2026-10-05T12:50:45.338+0000] {dag.py:3954} INFO - Setting next_dagrun for f1_data_analytics to None, run_after=None
[2026-10-05T12:50:45.370+0000] {processor.py:183} INFO - Processing /opt/airflow/dags/f1_pipeline_dag.py took 0.153 seconds
[2026-10-05T12:51:15.759+0000] {processor.py:161} INFO - Started process (PID=211) to work on /opt/airflow/dags/f1_pipeline_dag.py
[2026-10-05T12:51:15.762+0000] {processor.py:830} INFO - Processing file /opt/airflow/dags/f1_pipeline_dag.py for tasks to queue
[2026-10-05T12:51:15.764+0000] {logging_mixin.py:188} INFO - [2026-10-05T12:51:15.763+0000] {dagbag.py:545} INFO - Filling up the DagBag from /opt/airflow/dags/f1_pipeline_dag.py
[2026-10-05T12:51:15.777+0000] {processor.py:840} INFO - DAG(s) 'f1_data_analytics' retrieved from /opt/airflow/dags/f1_pipeline_dag.py
[2026-10-05T12:51:15.839+0000] {logging_mixin.py:188} INFO - [2026-10-05T12:51:15.839+0000] {dag.py:3096} INFO - Sync 1 DAGs
[2026-10-05T12:51:15.855+0000] {logging_mixin.py:188} INFO - [2026-10-05T12:51:15.854+0000] {dag.py:3954} INFO - Setting next_dagrun for f1_data_analytics to None, run_after=None
[2026-10-05T12:51:15.882+0000] {processor.py:183} INFO - Processing /opt/airflow/dags/f1_pipeline_dag.py took 0.133 seconds
[2026-10-05T12:51:46.302+0000] {processor.py:161} INFO - Started process (PID=212) to work on /opt/airflow/dags/f1_pipeline_dag.py
[2026-10-05T12:51:46.303+0000] {processor.py:830} INFO - Processing file /opt/airflow/dags/f1_pipeline_dag.py for tasks to queue
[2026-10-05T12:51:46.305+0000] {logging_mixin.py:188} INFO - [2026-10-05T12:51:46.304+0000] {dagbag.py:545} INFO - Filling up the DagBag from /opt/airflow/dags/f1_pipeline_dag.py
[2026-10-05T12:51:46.319+0000] {processor.py:840} INFO - DAG(s) 'f1_data_analytics' retrieved from /opt/airflow/dags/f1_pipeline_dag.py
[2026-10-05T12:51:46.380+0000] {logging_mixin.py:188} INFO - [2026-10-05T12:51:46.380+0000] {dag.py:3096} INFO - Sync 1 DAGs
[2026-10-05T12:51:46.397+0000] {logging_mixin.py:188} INFO - [2026-10-05T12:51:46.396+0000] {dag.py:3954} INFO - Setting next_dagrun for f1_data_analytics to None, run_after=None
[2026-10-05T12:51:46.427+0000] {processor.py:183} INFO - Processing /opt/airflow/dags/f1_pipeline_dag.py took 0.135 seconds
[2026-10-05T12:52:16.848+0000] {processor.py:161} INFO - Started process (PID=213) to work on /opt/airflow/dags/f1_pipeline_dag.py
[2026-10-05T12:52:16.851+0000] {processor.py:830} INFO - Processing file /opt/airflow/dags/f1_pipeline_dag.py for tasks to queue
[2026-10-05T12:52:16.852+0000] {logging_mixin.py:188} INFO - [2026-10-05T12:52:16.852+0000] {dagbag.py:545} INFO - Filling up the DagBag from /opt/airflow/dags/f1_pipeline_dag.py
[2026-10-05T12:52:16.865+0000] {processor.py:840} INFO - DAG(s) 'f1_data_analytics' retrieved from /opt/airflow/dags/f1_pipeline_dag.py
[2026-10-05T12:52:16.927+0000] {logging_mixin.py:188} INFO - [2026-10-05T12:52:16.926+0000] {dag.py:3096} INFO - Sync 1 DAGs
[2026-10-05T12:52:16.943+0000] {logging_mixin.py:188} INFO - [2026-10-05T12:52:16.942+0000] {dag.py:3954} INFO - Setting next_dagrun for f1_data_analytics to None, run_after=None
[2026-10-05T12:52:16.979+0000] {processor.py:183} INFO - Processing /opt/airflow/dags/f1_pipeline_dag.py took 0.140 seconds
[2026-10-05T12:52:47.391+0000] {processor.py:161} INFO - Started process (PID=214) to work on /opt/airflow/dags/f1_pipeline_dag.py
[2026-10-05T12:52:47.392+0000] {processor.py:830} INFO - Processing file /opt/airflow/dags/f1_pipeline_dag.py for tasks to queue
[2026-10-05T12:52:47.394+0000] {logging_mixin.py:188} INFO - [2026-10-05T12:52:47.393+0000] {dagbag.py:545} INFO - Filling up the DagBag from /opt/airflow/dags/f1_pipeline_dag.py
[2026-10-05T12:52:47.408+0000] {processor.py:840} INFO - DAG(s) 'f1_data_analytics' retrieved from /opt/airflow/dags/f1_pipeline_dag.py
[2026-10-05T12:52:47.470+0000] {logging_mixin.py:188} INFO - [2026-10-05T12:52:47.470+0000] {dag.py:3096} INFO - Sync 1 DAGs
[2026-10-05T12:52:47.487+0000] {logging_mixin.py:188} INFO - [2026-10-05T12:52:47.487+0000] {dag.py:3954} INFO - Setting next_dagrun for f1_data_analytics to None, run_after=None
[2026-10-05T12:52:47.519+0000] {processor.py:183} INFO - Processing /opt/airflow/dags/f1_pipeline_dag.py took 0.137 seconds
[2026-10-05T12:53:17.932+0000] {processor.py:161} INFO - Started process (PID=215) to work on /opt/airflow/dags/f1_pipeline_dag.py
[2026-10-05T12:53:17.935+0000] {processor.py:830} INFO - Processing file /opt/airflow/dags/f1_pipeline_dag.py for tasks to queue
[2026-10-05T12:53:17.936+0000] {logging_mixin.py:188} INFO - [2026-10-05T12:53:17.935+0000] {dagbag.py:545} INFO - Filling up the DagBag from /opt/airflow/dags/f1_pipeline_dag.py
[2026-10-05T12:53:17.950+0000] {processor.py:840} INFO - DAG(s) 'f1_data_analytics' retrieved from /opt/airflow/dags/f1_pipeline_dag.py
[2026-10-05T12:53:18.015+0000] {logging_mixin.py:188} INFO - [2026-10-05T12:53:18.014+0000] {dag.py:3096} INFO - Sync 1 DAGs
[2026-10-05T12:53:18.035+0000] {logging_mixin.py:188} INFO - [2026-10-05T12:53:18.035+0000] {dag.py:3954} INFO - Setting next_dagrun for f1_data_analytics to None, run_after=None
[2026-10-05T12:53:18.066+0000] {processor.py:183} INFO - Processing /opt/airflow/dags/f1_pipeline_dag.py took 0.143 seconds
[2026-10-05T12:53:48.483+0000] {processor.py:161} INFO - Started process (PID=216) to work on /opt/airflow/dags/f1_pipeline_dag.py
[2026-10-05T12:53:48.484+0000] {processor.py:830} INFO - Processing file /opt/airflow/dags/f1_pipeline_dag.py for tasks to queue
[2026-10-05T12:53:48.486+0000] {logging_mixin.py:188} INFO - [2026-10-05T12:53:48.485+0000] {dagbag.py:545} INFO - Filling up the DagBag from /opt/airflow/dags/f1_pipeline_dag.py
[2026-10-05T12:53:48.502+0000] {processor.py:840} INFO - DAG(s) 'f1_data_analytics' retrieved from /opt/airflow/dags/f1_pipeline_dag.py
[2026-10-05T12:53:48.577+0000] {logging_mixin.py:188} INFO - [2026-10-05T12:53:48.576+0000] {dag.py:3096} INFO - Sync 1 DAGs
[2026-10-05T12:53:48.593+0000] {logging_mixin.py:188} INFO - [2026-10-05T12:53:48.593+0000] {dag.py:3954} INFO - Setting next_dagrun for f1_data_analytics to None, run_after=None
[2026-10-05T12:53:48.624+0000] {processor.py:183} INFO - Processing /opt/airflow/dags/f1_pipeline_dag.py took 0.152 seconds
[2026-10-05T12:54:19.046+0000] {processor.py:161} INFO - Started process (PID=217) to work on /opt/airflow/dags/f1_pipeline_dag.py
[2026-10-05T12:54:19.049+0000] {processor.py:830} INFO - Processing file /opt/airflow/dags/f1_pipeline_dag.py for tasks to queue
[2026-10-05T12:54:19.050+0000] {logging_mixin.py:188} INFO - [2026-10-05T12:54:19.050+0000] {dagbag.py:545} INFO - Filling up the DagBag from /opt/airflow/dags/f1_pipeline_dag.py
[2026-10-05T12:54:19.065+0000] {processor.py:840} INFO - DAG(s) 'f1_data_analytics' retrieved from /opt/airflow/dags/f1_pipeline_dag.py
[2026-10-05T12:54:19.130+0000] {logging_mixin.py:188} INFO - [2026-10-05T12:54:19.130+0000] {dag.py:3096} INFO - Sync 1 DAGs
[2026-10-05T12:54:19.147+0000] {logging_mixin.py:188} INFO - [2026-10-05T12:54:19.147+0000] {dag.py:3954} INFO - Setting next_dagrun for f1_data_analytics to None, run_after=None
[2026-10-05T12:54:19.177+0000] {processor.py:183} INFO - Processing /opt/airflow/dags/f1_pipeline_dag.py took 0.142 seconds
[2026-10-05T12:54:49.616+0000] {processor.py:161} INFO - Started process (PID=218) to work on /opt/airflow/dags/f1_pipeline_dag.py
[2026-10-05T12:54:49.617+0000] {processor.py:830} INFO - Processing file /opt/airflow/dags/f1_pipeline_dag.py for tasks to queue
[2026-10-05T12:54:49.619+0000] {logging_mixin.py:188} INFO - [2026-10-05T12:54:49.618+0000] {dagbag.py:545} INFO - Filling up the DagBag from /opt/airflow/dags/f1_pipeline_dag.py
[2026-10-05T12:54:49.634+0000] {processor.py:840} INFO - DAG(s) 'f1_data_analytics' retrieved from /opt/airflow/dags/f1_pipeline_dag.py
[2026-10-05T12:54:49.699+0000] {logging_mixin.py:188} INFO - [2026-10-05T12:54:49.699+0000] {dag.py:3096} INFO - Sync 1 DAGs
[2026-10-05T12:54:49.715+0000] {logging_mixin.py:188} INFO - [2026-10-05T12:54:49.715+0000] {dag.py:3954} INFO - Setting next_dagrun for f1_data_analytics to None, run_after=None
[2026-10-05T12:54:49.746+0000] {processor.py:183} INFO - Processing /opt/airflow/dags/f1_pipeline_dag.py took 0.139 seconds
[2026-10-05T12:55:19.979+0000] {processor.py:161} INFO - Started process (PID=219) to work on /opt/airflow/dags/f1_pipeline_dag.py
[2026-10-05T12:55:19.983+0000] {processor.py:830} INFO - Processing file /opt/airflow/dags/f1_pipeline_dag.py for tasks to queue
[2026-10-05T12:55:19.984+0000] {logging_mixin.py:188} INFO - [2026-10-05T12:55:19.984+0000] {dagbag.py:545} INFO - Filling up the DagBag from /opt/airflow/dags/f1_pipeline_dag.py
[2026-10-05T12:55:19.998+0000] {processor.py:840} INFO - DAG(s) 'f1_data_analytics' retrieved from /opt/airflow/dags/f1_pipeline_dag.py
[2026-10-05T12:55:20.060+0000] {logging_mixin.py:188} INFO - [2026-10-05T12:55:20.060+0000] {dag.py:3096} INFO - Sync 1 DAGs
[2026-10-05T12:55:20.076+0000] {logging_mixin.py:188} INFO - [2026-10-05T12:55:20.075+0000] {dag.py:3954} INFO - Setting next_dagrun for f1_data_analytics to None, run_after=None
[2026-10-05T12:55:20.104+0000] {processor.py:183} INFO - Processing /opt/airflow/dags/f1_pipeline_dag.py took 0.135 seconds
[2026-10-05T12:55:50.344+0000] {processor.py:161} INFO - Started process (PID=220) to work on /opt/airflow/dags/f1_pipeline_dag.py
[2026-10-05T12:55:50.345+0000] {processor.py:830} INFO - Processing file /opt/airflow/dags/f1_pipeline_dag.py for tasks to queue
[2026-10-05T12:55:50.346+0000] {logging_mixin.py:188} INFO - [2026-10-05T12:55:50.346+0000] {dagbag.py:545} INFO - Filling up the DagBag from /opt/airflow/dags/f1_pipeline_dag.py
[2026-10-05T12:55:50.359+0000] {processor.py:840} INFO - DAG(s) 'f1_data_analytics' retrieved from /opt/airflow/dags/f1_pipeline_dag.py
[2026-10-05T12:55:50.417+0000] {logging_mixin.py:188} INFO - [2026-10-05T12:55:50.417+0000] {dag.py:3096} INFO - Sync 1 DAGs
[2026-10-05T12:55:50.433+0000] {logging_mixin.py:188} INFO - [2026-10-05T12:55:50.432+0000] {dag.py:3954} INFO - Setting next_dagrun for f1_data_analytics to None, run_after=None
[2026-10-05T12:55:50.463+0000] {processor.py:183} INFO - Processing /opt/airflow/dags/f1_pipeline_dag.py took 0.129 seconds
[2026-10-05T12:56:20.703+0000] {processor.py:161} INFO - Started process (PID=221) to work on /opt/airflow/dags/f1_pipeline_dag.py
[2026-10-05T12:56:20.712+0000] {processor.py:830} INFO - Processing file /opt/airflow/dags/f1_pipeline_dag.py for tasks to queue
[2026-10-05T12:56:20.714+0000] {logging_mixin.py:188} INFO - [2026-10-05T12:56:20.714+0000] {dagbag.py:545} INFO - Filling up the DagBag from /opt/airflow/dags/f1_pipeline_dag.py
[2026-10-05T12:56:20.728+0000] {processor.py:840} INFO - DAG(s) 'f1_data_analytics' retrieved from /opt/airflow/dags/f1_pipeline_dag.py
[2026-10-05T12:56:20.789+0000] {logging_mixin.py:188} INFO - [2026-10-05T12:56:20.789+0000] {dag.py:3096} INFO - Sync 1 DAGs
[2026-10-05T12:56:20.807+0000] {logging_mixin.py:188} INFO - [2026-10-05T12:56:20.806+0000] {dag.py:3954} INFO - Setting next_dagrun for f1_data_analytics to None, run_after=None
[2026-10-05T12:56:20.835+0000] {processor.py:183} INFO - Processing /opt/airflow/dags/f1_pipeline_dag.py took 0.142 seconds
[2026-10-05T12:56:51.058+0000] {processor.py:161} INFO - Started process (PID=222) to work on /opt/airflow/dags/f1_pipeline_dag.py
[2026-10-05T12:56:51.059+0000] {processor.py:830} INFO - Processing file /opt/airflow/dags/f1_pipeline_dag.py for tasks to queue
[2026-10-05T12:56:51.061+0000] {logging_mixin.py:188} INFO - [2026-10-05T12:56:51.060+0000] {dagbag.py:545} INFO - Filling up the DagBag from /opt/airflow/dags/f1_pipeline_dag.py
[2026-10-05T12:56:51.074+0000] {processor.py:840} INFO - DAG(s) 'f1_data_analytics' retrieved from /opt/airflow/dags/f1_pipeline_dag.py
[2026-10-05T12:56:51.138+0000] {logging_mixin.py:188} INFO - [2026-10-05T12:56:51.137+0000] {dag.py:3096} INFO - Sync 1 DAGs
[2026-10-05T12:56:51.153+0000] {logging_mixin.py:188} INFO - [2026-10-05T12:56:51.152+0000] {dag.py:3954} INFO - Setting next_dagrun for f1_data_analytics to None, run_after=None
[2026-10-05T12:56:51.181+0000] {processor.py:183} INFO - Processing /opt/airflow/dags/f1_pipeline_dag.py took 0.133 seconds
[2026-10-05T12:57:21.413+0000] {processor.py:161} INFO - Started process (PID=223) to work on /opt/airflow/dags/f1_pipeline_dag.py
[2026-10-05T12:57:21.416+0000] {processor.py:830} INFO - Processing file /opt/airflow/dags/f1_pipeline_dag.py for tasks to queue
[2026-10-05T12:57:21.418+0000] {logging_mixin.py:188} INFO - [2026-10-05T12:57:21.417+0000] {dagbag.py:545} INFO - Filling up the DagBag from /opt/airflow/dags/f1_pipeline_dag.py
[2026-10-05T12:57:21.432+0000] {processor.py:840} INFO - DAG(s) 'f1_data_analytics' retrieved from /opt/airflow/dags/f1_pipeline_dag.py
[2026-10-05T12:57:21.489+0000] {logging_mixin.py:188} INFO - [2026-10-05T12:57:21.489+0000] {dag.py:3096} INFO - Sync 1 DAGs
[2026-10-05T12:57:21.505+0000] {logging_mixin.py:188} INFO - [2026-10-05T12:57:21.504+0000] {dag.py:3954} INFO - Setting next_dagrun for f1_data_analytics to None, run_after=None
[2026-10-05T12:57:21.532+0000] {processor.py:183} INFO - Processing /opt/airflow/dags/f1_pipeline_dag.py took 0.129 seconds
[2026-10-05T12:57:51.774+0000] {processor.py:161} INFO - Started process (PID=224) to work on /opt/airflow/dags/f1_pipeline_dag.py
[2026-10-05T12:57:51.775+0000] {processor.py:830} INFO - Processing file /opt/airflow/dags/f1_pipeline_dag.py for tasks to queue
[2026-10-05T12:57:51.777+0000] {logging_mixin.py:188} INFO - [2026-10-05T12:57:51.776+0000] {dagbag.py:545} INFO - Filling up the DagBag from /opt/airflow/dags/f1_pipeline_dag.py
[2026-10-05T12:57:51.791+0000] {processor.py:840} INFO - DAG(s) 'f1_data_analytics' retrieved from /opt/airflow/dags/f1_pipeline_dag.py
[2026-10-05T12:57:51.852+0000] {logging_mixin.py:188} INFO - [2026-10-05T12:57:51.851+0000] {dag.py:3096} INFO - Sync 1 DAGs
[2026-10-05T12:57:51.867+0000] {logging_mixin.py:188} INFO - [2026-10-05T12:57:51.866+0000] {dag.py:3954} INFO - Setting next_dagrun for f1_data_analytics to None, run_after=None
[2026-10-05T12:57:51.893+0000] {processor.py:183} INFO - Processing /opt/airflow/dags/f1_pipeline_dag.py took 0.128 seconds
[2026-10-05T12:58:22.131+0000] {processor.py:161} INFO - Started process (PID=225) to work on /opt/airflow/dags/f1_pipeline_dag.py
[2026-10-05T12:58:22.133+0000] {processor.py:830} INFO - Processing file /opt/airflow/dags/f1_pipeline_dag.py for tasks to queue
[2026-10-05T12:58:22.134+0000] {logging_mixin.py:188} INFO - [2026-10-05T12:58:22.134+0000] {dagbag.py:545} INFO - Filling up the DagBag from /opt/airflow/dags/f1_pipeline_dag.py
[2026-10-05T12:58:22.148+0000] {processor.py:840} INFO - DAG(s) 'f1_data_analytics' retrieved from /opt/airflow/dags/f1_pipeline_dag.py
[2026-10-05T12:58:22.207+0000] {logging_mixin.py:188} INFO - [2026-10-05T12:58:22.207+0000] {dag.py:3096} INFO - Sync 1 DAGs
[2026-10-05T12:58:22.222+0000] {logging_mixin.py:188} INFO - [2026-10-05T12:58:22.222+0000] {dag.py:3954} INFO - Setting next_dagrun for f1_data_analytics to None, run_after=None
[2026-10-05T12:58:22.250+0000] {processor.py:183} INFO - Processing /opt/airflow/dags/f1_pipeline_dag.py took 0.128 seconds
[2026-10-05T12:58:52.494+0000] {processor.py:161} INFO - Started process (PID=226) to work on /opt/airflow/dags/f1_pipeline_dag.py
[2026-10-05T12:58:52.498+0000] {processor.py:830} INFO - Processing file /opt/airflow/dags/f1_pipeline_dag.py for tasks to queue
[2026-10-05T12:58:52.499+0000] {logging_mixin.py:188} INFO - [2026-10-05T12:58:52.499+0000] {dagbag.py:545} INFO - Filling up the DagBag from /opt/airflow/dags/f1_pipeline_dag.py
[2026-10-05T12:58:52.513+0000] {processor.py:840} INFO - DAG(s) 'f1_data_analytics' retrieved from /opt/airflow/dags/f1_pipeline_dag.py
[2026-10-05T12:58:52.574+0000] {logging_mixin.py:188} INFO - [2026-10-05T12:58:52.573+0000] {dag.py:3096} INFO - Sync 1 DAGs
[2026-10-05T12:58:52.589+0000] {logging_mixin.py:188} INFO - [2026-10-05T12:58:52.589+0000] {dag.py:3954} INFO - Setting next_dagrun for f1_data_analytics to None, run_after=None
[2026-10-05T12:58:52.618+0000] {processor.py:183} INFO - Processing /opt/airflow/dags/f1_pipeline_dag.py took 0.134 seconds
[2026-10-05T16:41:42.373+0000] {processor.py:161} INFO - Started process (PID=227) to work on /opt/airflow/dags/f1_pipeline_dag.py
[2026-10-05T16:41:42.375+0000] {processor.py:830} INFO - Processing file /opt/airflow/dags/f1_pipeline_dag.py for tasks to queue
[2026-10-05T16:41:42.377+0000] {logging_mixin.py:188} INFO - [2026-10-05T16:41:42.376+0000] {dagbag.py:545} INFO - Filling up the DagBag from /opt/airflow/dags/f1_pipeline_dag.py
[2026-10-05T16:41:42.396+0000] {processor.py:840} INFO - DAG(s) 'f1_data_analytics' retrieved from /opt/airflow/dags/f1_pipeline_dag.py
[2026-10-05T16:41:42.472+0000] {logging_mixin.py:188} INFO - [2026-10-05T16:41:42.472+0000] {dag.py:3096} INFO - Sync 1 DAGs
[2026-10-05T16:41:42.496+0000] {logging_mixin.py:188} INFO - [2026-10-05T16:41:42.493+0000] {dag.py:3954} INFO - Setting next_dagrun for f1_data_analytics to None, run_after=None
[2026-10-05T16:41:42.576+0000] {processor.py:183} INFO - Processing /opt/airflow/dags/f1_pipeline_dag.py took 0.214 seconds
[2026-10-05T16:42:12.777+0000] {processor.py:161} INFO - Started process (PID=228) to work on /opt/airflow/dags/f1_pipeline_dag.py
[2026-10-05T16:42:12.781+0000] {processor.py:830} INFO - Processing file /opt/airflow/dags/f1_pipeline_dag.py for tasks to queue
[2026-10-05T16:42:12.783+0000] {logging_mixin.py:188} INFO - [2026-10-05T16:42:12.782+0000] {dagbag.py:545} INFO - Filling up the DagBag from /opt/airflow/dags/f1_pipeline_dag.py
[2026-10-05T16:42:12.796+0000] {processor.py:840} INFO - DAG(s) 'f1_data_analytics' retrieved from /opt/airflow/dags/f1_pipeline_dag.py
[2026-10-05T16:42:12.849+0000] {logging_mixin.py:188} INFO - [2026-10-05T16:42:12.849+0000] {dag.py:3096} INFO - Sync 1 DAGs
[2026-10-05T16:42:12.856+0000] {logging_mixin.py:188} INFO - [2026-10-05T16:42:12.856+0000] {dag.py:3954} INFO - Setting next_dagrun for f1_data_analytics to None, run_after=None
[2026-10-05T16:42:12.870+0000] {processor.py:183} INFO - Processing /opt/airflow/dags/f1_pipeline_dag.py took 0.102 seconds
[2026-10-05T16:42:43.089+0000] {processor.py:161} INFO - Started process (PID=229) to work on /opt/airflow/dags/f1_pipeline_dag.py
[2026-10-05T16:42:43.090+0000] {processor.py:830} INFO - Processing file /opt/airflow/dags/f1_pipeline_dag.py for tasks to queue
[2026-10-05T16:42:43.092+0000] {logging_mixin.py:188} INFO - [2026-10-05T16:42:43.091+0000] {dagbag.py:545} INFO - Filling up the DagBag from /opt/airflow/dags/f1_pipeline_dag.py
[2026-10-05T16:42:43.105+0000] {processor.py:840} INFO - DAG(s) 'f1_data_analytics' retrieved from /opt/airflow/dags/f1_pipeline_dag.py
[2026-10-05T16:42:43.154+0000] {logging_mixin.py:188} INFO - [2026-10-05T16:42:43.154+0000] {dag.py:3096} INFO - Sync 1 DAGs
[2026-10-05T16:42:43.162+0000] {logging_mixin.py:188} INFO - [2026-10-05T16:42:43.161+0000] {dag.py:3954} INFO - Setting next_dagrun for f1_data_analytics to None, run_after=None
[2026-10-05T16:42:43.176+0000] {processor.py:183} INFO - Processing /opt/airflow/dags/f1_pipeline_dag.py took 0.096 seconds
[2026-10-05T16:43:13.404+0000] {processor.py:161} INFO - Started process (PID=230) to work on /opt/airflow/dags/f1_pipeline_dag.py
[2026-10-05T16:43:13.412+0000] {processor.py:830} INFO - Processing file /opt/airflow/dags/f1_pipeline_dag.py for tasks to queue
[2026-10-05T16:43:13.414+0000] {logging_mixin.py:188} INFO - [2026-10-05T16:43:13.413+0000] {dagbag.py:545} INFO - Filling up the DagBag from /opt/airflow/dags/f1_pipeline_dag.py
[2026-10-05T16:43:13.428+0000] {processor.py:840} INFO - DAG(s) 'f1_data_analytics' retrieved from /opt/airflow/dags/f1_pipeline_dag.py
[2026-10-05T16:43:13.479+0000] {logging_mixin.py:188} INFO - [2026-10-05T16:43:13.479+0000] {dag.py:3096} INFO - Sync 1 DAGs
[2026-10-05T16:43:13.486+0000] {logging_mixin.py:188} INFO - [2026-10-05T16:43:13.486+0000] {dag.py:3954} INFO - Setting next_dagrun for f1_data_analytics to None, run_after=None
[2026-10-05T16:43:13.500+0000] {processor.py:183} INFO - Processing /opt/airflow/dags/f1_pipeline_dag.py took 0.107 seconds
[2026-10-05T16:43:43.697+0000] {processor.py:161} INFO - Started process (PID=231) to work on /opt/airflow/dags/f1_pipeline_dag.py
[2026-10-05T16:43:43.698+0000] {processor.py:830} INFO - Processing file /opt/airflow/dags/f1_pipeline_dag.py for tasks to queue
[2026-10-05T16:43:43.700+0000] {logging_mixin.py:188} INFO - [2026-10-05T16:43:43.699+0000] {dagbag.py:545} INFO - Filling up the DagBag from /opt/airflow/dags/f1_pipeline_dag.py
[2026-10-05T16:43:43.713+0000] {processor.py:840} INFO - DAG(s) 'f1_data_analytics' retrieved from /opt/airflow/dags/f1_pipeline_dag.py
[2026-10-05T16:43:43.763+0000] {logging_mixin.py:188} INFO - [2026-10-05T16:43:43.763+0000] {dag.py:3096} INFO - Sync 1 DAGs
[2026-10-05T16:43:43.770+0000] {logging_mixin.py:188} INFO - [2026-10-05T16:43:43.770+0000] {dag.py:3954} INFO - Setting next_dagrun for f1_data_analytics to None, run_after=None
[2026-10-05T16:43:43.784+0000] {processor.py:183} INFO - Processing /opt/airflow/dags/f1_pipeline_dag.py took 0.097 seconds
[2026-10-05T16:44:14.005+0000] {processor.py:161} INFO - Started process (PID=232) to work on /opt/airflow/dags/f1_pipeline_dag.py
[2026-10-05T16:44:14.008+0000] {processor.py:830} INFO - Processing file /opt/airflow/dags/f1_pipeline_dag.py for tasks to queue
[2026-10-05T16:44:14.010+0000] {logging_mixin.py:188} INFO - [2026-10-05T16:44:14.009+0000] {dagbag.py:545} INFO - Filling up the DagBag from /opt/airflow/dags/f1_pipeline_dag.py
[2026-10-05T16:44:14.025+0000] {processor.py:840} INFO - DAG(s) 'f1_data_analytics' retrieved from /opt/airflow/dags/f1_pipeline_dag.py
[2026-10-05T16:44:14.074+0000] {logging_mixin.py:188} INFO - [2026-10-05T16:44:14.074+0000] {dag.py:3096} INFO - Sync 1 DAGs
[2026-10-05T16:44:14.082+0000] {logging_mixin.py:188} INFO - [2026-10-05T16:44:14.082+0000] {dag.py:3954} INFO - Setting next_dagrun for f1_data_analytics to None, run_after=None
[2026-10-05T16:44:14.096+0000] {processor.py:183} INFO - Processing /opt/airflow/dags/f1_pipeline_dag.py took 0.101 seconds
[2026-10-05T16:44:44.302+0000] {processor.py:161} INFO - Started process (PID=233) to work on /opt/airflow/dags/f1_pipeline_dag.py
[2026-10-05T16:44:44.304+0000] {processor.py:830} INFO - Processing file /opt/airflow/dags/f1_pipeline_dag.py for tasks to queue
[2026-10-05T16:44:44.305+0000] {logging_mixin.py:188} INFO - [2026-10-05T16:44:44.304+0000] {dagbag.py:545} INFO - Filling up the DagBag from /opt/airflow/dags/f1_pipeline_dag.py
[2026-10-05T16:44:44.320+0000] {processor.py:840} INFO - DAG(s) 'f1_data_analytics' retrieved from /opt/airflow/dags/f1_pipeline_dag.py
[2026-10-05T16:44:44.366+0000] {logging_mixin.py:188} INFO - [2026-10-05T16:44:44.366+0000] {dag.py:3096} INFO - Sync 1 DAGs
[2026-10-05T16:44:44.374+0000] {logging_mixin.py:188} INFO - [2026-10-05T16:44:44.374+0000] {dag.py:3954} INFO - Setting next_dagrun for f1_data_analytics to None, run_after=None
[2026-10-05T16:44:44.390+0000] {processor.py:183} INFO - Processing /opt/airflow/dags/f1_pipeline_dag.py took 0.098 seconds
[2026-10-05T16:45:14.612+0000] {processor.py:161} INFO - Started process (PID=234) to work on /opt/airflow/dags/f1_pipeline_dag.py
[2026-10-05T16:45:14.620+0000] {processor.py:830} INFO - Processing file /opt/airflow/dags/f1_pipeline_dag.py for tasks to queue
[2026-10-05T16:45:14.621+0000] {logging_mixin.py:188} INFO - [2026-10-05T16:45:14.621+0000] {dagbag.py:545} INFO - Filling up the DagBag from /opt/airflow/dags/f1_pipeline_dag.py
[2026-10-05T16:45:14.637+0000] {processor.py:840} INFO - DAG(s) 'f1_data_analytics' retrieved from /opt/airflow/dags/f1_pipeline_dag.py
[2026-10-05T16:45:14.689+0000] {logging_mixin.py:188} INFO - [2026-10-05T16:45:14.689+0000] {dag.py:3096} INFO - Sync 1 DAGs
[2026-10-05T16:45:14.697+0000] {logging_mixin.py:188} INFO - [2026-10-05T16:45:14.697+0000] {dag.py:3954} INFO - Setting next_dagrun for f1_data_analytics to None, run_after=None
[2026-10-05T16:45:14.711+0000] {processor.py:183} INFO - Processing /opt/airflow/dags/f1_pipeline_dag.py took 0.109 seconds
[2026-10-05T16:45:44.930+0000] {processor.py:161} INFO - Started process (PID=235) to work on /opt/airflow/dags/f1_pipeline_dag.py
[2026-10-05T16:45:44.931+0000] {processor.py:830} INFO - Processing file /opt/airflow/dags/f1_pipeline_dag.py for tasks to queue
[2026-10-05T16:45:44.933+0000] {logging_mixin.py:188} INFO - [2026-10-05T16:45:44.932+0000] {dagbag.py:545} INFO - Filling up the DagBag from /opt/airflow/dags/f1_pipeline_dag.py
[2026-10-05T16:45:44.948+0000] {processor.py:840} INFO - DAG(s) 'f1_data_analytics' retrieved from /opt/airflow/dags/f1_pipeline_dag.py
[2026-10-05T16:45:44.994+0000] {logging_mixin.py:188} INFO - [2026-10-05T16:45:44.993+0000] {dag.py:3096} INFO - Sync 1 DAGs
[2026-10-05T16:45:45.002+0000] {logging_mixin.py:188} INFO - [2026-10-05T16:45:45.002+0000] {dag.py:3954} INFO - Setting next_dagrun for f1_data_analytics to None, run_after=None
[2026-10-05T16:45:45.018+0000] {processor.py:183} INFO - Processing /opt/airflow/dags/f1_pipeline_dag.py took 0.098 seconds
[2026-10-05T16:46:15.245+0000] {processor.py:161} INFO - Started process (PID=236) to work on /opt/airflow/dags/f1_pipeline_dag.py
[2026-10-05T16:46:15.254+0000] {processor.py:830} INFO - Processing file /opt/airflow/dags/f1_pipeline_dag.py for tasks to queue
[2026-10-05T16:46:15.255+0000] {logging_mixin.py:188} INFO - [2026-10-05T16:46:15.255+0000] {dagbag.py:545} INFO - Filling up the DagBag from /opt/airflow/dags/f1_pipeline_dag.py
[2026-10-05T16:46:15.269+0000] {processor.py:840} INFO - DAG(s) 'f1_data_analytics' retrieved from /opt/airflow/dags/f1_pipeline_dag.py
[2026-10-05T16:46:15.320+0000] {logging_mixin.py:188} INFO - [2026-10-05T16:46:15.320+0000] {dag.py:3096} INFO - Sync 1 DAGs
[2026-10-05T16:46:15.328+0000] {logging_mixin.py:188} INFO - [2026-10-05T16:46:15.327+0000] {dag.py:3954} INFO - Setting next_dagrun for f1_data_analytics to None, run_after=None
[2026-10-05T16:46:15.343+0000] {processor.py:183} INFO - Processing /opt/airflow/dags/f1_pipeline_dag.py took 0.108 seconds
[2026-10-05T16:46:45.560+0000] {processor.py:161} INFO - Started process (PID=237) to work on /opt/airflow/dags/f1_pipeline_dag.py
[2026-10-05T16:46:45.562+0000] {processor.py:830} INFO - Processing file /opt/airflow/dags/f1_pipeline_dag.py for tasks to queue
[2026-10-05T16:46:45.563+0000] {logging_mixin.py:188} INFO - [2026-10-05T16:46:45.562+0000] {dagbag.py:545} INFO - Filling up the DagBag from /opt/airflow/dags/f1_pipeline_dag.py
[2026-10-05T16:46:45.577+0000] {processor.py:840} INFO - DAG(s) 'f1_data_analytics' retrieved from /opt/airflow/dags/f1_pipeline_dag.py
[2026-10-05T16:46:45.627+0000] {logging_mixin.py:188} INFO - [2026-10-05T16:46:45.626+0000] {dag.py:3096} INFO - Sync 1 DAGs
[2026-10-05T16:46:45.634+0000] {logging_mixin.py:188} INFO - [2026-10-05T16:46:45.634+0000] {dag.py:3954} INFO - Setting next_dagrun for f1_data_analytics to None, run_after=None
[2026-10-05T16:46:45.649+0000] {processor.py:183} INFO - Processing /opt/airflow/dags/f1_pipeline_dag.py took 0.098 seconds
[2026-10-05T16:47:15.873+0000] {processor.py:161} INFO - Started process (PID=238) to work on /opt/airflow/dags/f1_pipeline_dag.py
[2026-10-05T16:47:15.875+0000] {processor.py:830} INFO - Processing file /opt/airflow/dags/f1_pipeline_dag.py for tasks to queue
[2026-10-05T16:47:15.877+0000] {logging_mixin.py:188} INFO - [2026-10-05T16:47:15.876+0000] {dagbag.py:545} INFO - Filling up the DagBag from /opt/airflow/dags/f1_pipeline_dag.py
[2026-10-05T16:47:15.894+0000] {processor.py:840} INFO - DAG(s) 'f1_data_analytics' retrieved from /opt/airflow/dags/f1_pipeline_dag.py
[2026-10-05T16:47:15.960+0000] {logging_mixin.py:188} INFO - [2026-10-05T16:47:15.960+0000] {dag.py:3096} INFO - Sync 1 DAGs
[2026-10-05T16:47:15.969+0000] {logging_mixin.py:188} INFO - [2026-10-05T16:47:15.969+0000] {dag.py:3954} INFO - Setting next_dagrun for f1_data_analytics to None, run_after=None
[2026-10-05T16:47:15.984+0000] {processor.py:183} INFO - Processing /opt/airflow/dags/f1_pipeline_dag.py took 0.121 seconds
[2026-10-05T16:47:46.185+0000] {processor.py:161} INFO - Started process (PID=239) to work on /opt/airflow/dags/f1_pipeline_dag.py
[2026-10-05T16:47:46.187+0000] {processor.py:830} INFO - Processing file /opt/airflow/dags/f1_pipeline_dag.py for tasks to queue
[2026-10-05T16:47:46.188+0000] {logging_mixin.py:188} INFO - [2026-10-05T16:47:46.188+0000] {dagbag.py:545} INFO - Filling up the DagBag from /opt/airflow/dags/f1_pipeline_dag.py
[2026-10-05T16:47:46.203+0000] {processor.py:840} INFO - DAG(s) 'f1_data_analytics' retrieved from /opt/airflow/dags/f1_pipeline_dag.py
[2026-10-05T16:47:46.255+0000] {logging_mixin.py:188} INFO - [2026-10-05T16:47:46.255+0000] {dag.py:3096} INFO - Sync 1 DAGs
[2026-10-05T16:47:46.264+0000] {logging_mixin.py:188} INFO - [2026-10-05T16:47:46.264+0000] {dag.py:3954} INFO - Setting next_dagrun for f1_data_analytics to None, run_after=None
[2026-10-05T16:47:46.279+0000] {processor.py:183} INFO - Processing /opt/airflow/dags/f1_pipeline_dag.py took 0.103 seconds
[2026-10-05T16:48:16.495+0000] {processor.py:161} INFO - Started process (PID=240) to work on /opt/airflow/dags/f1_pipeline_dag.py
[2026-10-05T16:48:16.498+0000] {processor.py:830} INFO - Processing file /opt/airflow/dags/f1_pipeline_dag.py for tasks to queue
[2026-10-05T16:48:16.500+0000] {logging_mixin.py:188} INFO - [2026-10-05T16:48:16.499+0000] {dagbag.py:545} INFO - Filling up the DagBag from /opt/airflow/dags/f1_pipeline_dag.py
[2026-10-05T16:48:16.514+0000] {processor.py:840} INFO - DAG(s) 'f1_data_analytics' retrieved from /opt/airflow/dags/f1_pipeline_dag.py
[2026-10-05T16:48:16.564+0000] {logging_mixin.py:188} INFO - [2026-10-05T16:48:16.564+0000] {dag.py:3096} INFO - Sync 1 DAGs
[2026-10-05T16:48:16.572+0000] {logging_mixin.py:188} INFO - [2026-10-05T16:48:16.572+0000] {dag.py:3954} INFO - Setting next_dagrun for f1_data_analytics to None, run_after=None
[2026-10-05T16:48:16.586+0000] {processor.py:183} INFO - Processing /opt/airflow/dags/f1_pipeline_dag.py took 0.100 seconds
[2026-10-05T16:48:46.808+0000] {processor.py:161} INFO - Started process (PID=241) to work on /opt/airflow/dags/f1_pipeline_dag.py
[2026-10-05T16:48:46.810+0000] {processor.py:830} INFO - Processing file /opt/airflow/dags/f1_pipeline_dag.py for tasks to queue
[2026-10-05T16:48:46.811+0000] {logging_mixin.py:188} INFO - [2026-10-05T16:48:46.811+0000] {dagbag.py:545} INFO - Filling up the DagBag from /opt/airflow/dags/f1_pipeline_dag.py
[2026-10-05T16:48:46.826+0000] {processor.py:840} INFO - DAG(s) 'f1_data_analytics' retrieved from /opt/airflow/dags/f1_pipeline_dag.py
[2026-10-05T16:48:46.875+0000] {logging_mixin.py:188} INFO - [2026-10-05T16:48:46.875+0000] {dag.py:3096} INFO - Sync 1 DAGs
[2026-10-05T16:48:46.884+0000] {logging_mixin.py:188} INFO - [2026-10-05T16:48:46.884+0000] {dag.py:3954} INFO - Setting next_dagrun for f1_data_analytics to None, run_after=None
[2026-10-05T16:48:46.900+0000] {processor.py:183} INFO - Processing /opt/airflow/dags/f1_pipeline_dag.py took 0.100 seconds
[2026-10-05T16:49:17.125+0000] {processor.py:161} INFO - Started process (PID=242) to work on /opt/airflow/dags/f1_pipeline_dag.py
[2026-10-05T16:49:17.129+0000] {processor.py:830} INFO - Processing file /opt/airflow/dags/f1_pipeline_dag.py for tasks to queue
[2026-10-05T16:49:17.130+0000] {logging_mixin.py:188} INFO - [2026-10-05T16:49:17.129+0000] {dagbag.py:545} INFO - Filling up the DagBag from /opt/airflow/dags/f1_pipeline_dag.py
[2026-10-05T16:49:17.144+0000] {processor.py:840} INFO - DAG(s) 'f1_data_analytics' retrieved from /opt/airflow/dags/f1_pipeline_dag.py
[2026-10-05T16:49:17.193+0000] {logging_mixin.py:188} INFO - [2026-10-05T16:49:17.193+0000] {dag.py:3096} INFO - Sync 1 DAGs
[2026-10-05T16:49:17.201+0000] {logging_mixin.py:188} INFO - [2026-10-05T16:49:17.201+0000] {dag.py:3954} INFO - Setting next_dagrun for f1_data_analytics to None, run_after=None
[2026-10-05T16:49:17.216+0000] {processor.py:183} INFO - Processing /opt/airflow/dags/f1_pipeline_dag.py took 0.099 seconds
[2026-10-05T16:49:47.441+0000] {processor.py:161} INFO - Started process (PID=243) to work on /opt/airflow/dags/f1_pipeline_dag.py
[2026-10-05T16:49:47.443+0000] {processor.py:830} INFO - Processing file /opt/airflow/dags/f1_pipeline_dag.py for tasks to queue
[2026-10-05T16:49:47.444+0000] {logging_mixin.py:188} INFO - [2026-10-05T16:49:47.443+0000] {dagbag.py:545} INFO - Filling up the DagBag from /opt/airflow/dags/f1_pipeline_dag.py
[2026-10-05T16:49:47.458+0000] {processor.py:840} INFO - DAG(s) 'f1_data_analytics' retrieved from /opt/airflow/dags/f1_pipeline_dag.py
[2026-10-05T16:49:47.508+0000] {logging_mixin.py:188} INFO - [2026-10-05T16:49:47.508+0000] {dag.py:3096} INFO - Sync 1 DAGs
[2026-10-05T16:49:47.516+0000] {logging_mixin.py:188} INFO - [2026-10-05T16:49:47.515+0000] {dag.py:3954} INFO - Setting next_dagrun for f1_data_analytics to None, run_after=None
[2026-10-05T16:49:47.531+0000] {processor.py:183} INFO - Processing /opt/airflow/dags/f1_pipeline_dag.py took 0.099 seconds
[2026-10-05T16:50:17.751+0000] {processor.py:161} INFO - Started process (PID=244) to work on /opt/airflow/dags/f1_pipeline_dag.py
[2026-10-05T16:50:17.754+0000] {processor.py:830} INFO - Processing file /opt/airflow/dags/f1_pipeline_dag.py for tasks to queue
[2026-10-05T16:50:17.756+0000] {logging_mixin.py:188} INFO - [2026-10-05T16:50:17.755+0000] {dagbag.py:545} INFO - Filling up the DagBag from /opt/airflow/dags/f1_pipeline_dag.py
[2026-10-05T16:50:17.770+0000] {processor.py:840} INFO - DAG(s) 'f1_data_analytics' retrieved from /opt/airflow/dags/f1_pipeline_dag.py
[2026-10-05T16:50:17.820+0000] {logging_mixin.py:188} INFO - [2026-10-05T16:50:17.820+0000] {dag.py:3096} INFO - Sync 1 DAGs
[2026-10-05T16:50:17.828+0000] {logging_mixin.py:188} INFO - [2026-10-05T16:50:17.828+0000] {dag.py:3954} INFO - Setting next_dagrun for f1_data_analytics to None, run_after=None
[2026-10-05T16:50:17.844+0000] {processor.py:183} INFO - Processing /opt/airflow/dags/f1_pipeline_dag.py took 0.102 seconds
[2026-10-05T16:50:48.061+0000] {processor.py:161} INFO - Started process (PID=245) to work on /opt/airflow/dags/f1_pipeline_dag.py
[2026-10-05T16:50:48.063+0000] {processor.py:830} INFO - Processing file /opt/airflow/dags/f1_pipeline_dag.py for tasks to queue
[2026-10-05T16:50:48.064+0000] {logging_mixin.py:188} INFO - [2026-10-05T16:50:48.063+0000] {dagbag.py:545} INFO - Filling up the DagBag from /opt/airflow/dags/f1_pipeline_dag.py
[2026-10-05T16:50:48.077+0000] {processor.py:840} INFO - DAG(s) 'f1_data_analytics' retrieved from /opt/airflow/dags/f1_pipeline_dag.py
[2026-10-05T16:50:48.125+0000] {logging_mixin.py:188} INFO - [2026-10-05T16:50:48.125+0000] {dag.py:3096} INFO - Sync 1 DAGs
[2026-10-05T16:50:48.133+0000] {logging_mixin.py:188} INFO - [2026-10-05T16:50:48.133+0000] {dag.py:3954} INFO - Setting next_dagrun for f1_data_analytics to None, run_after=None
[2026-10-05T16:50:48.147+0000] {processor.py:183} INFO - Processing /opt/airflow/dags/f1_pipeline_dag.py took 0.095 seconds
[2026-10-05T16:51:18.264+0000] {processor.py:161} INFO - Started process (PID=246) to work on /opt/airflow/dags/f1_pipeline_dag.py
[2026-10-05T16:51:18.274+0000] {processor.py:830} INFO - Processing file /opt/airflow/dags/f1_pipeline_dag.py for tasks to queue
[2026-10-05T16:51:18.275+0000] {logging_mixin.py:188} INFO - [2026-10-05T16:51:18.275+0000] {dagbag.py:545} INFO - Filling up the DagBag from /opt/airflow/dags/f1_pipeline_dag.py
[2026-10-05T16:51:18.288+0000] {processor.py:840} INFO - DAG(s) 'f1_data_analytics' retrieved from /opt/airflow/dags/f1_pipeline_dag.py
[2026-10-05T16:51:18.340+0000] {logging_mixin.py:188} INFO - [2026-10-05T16:51:18.340+0000] {dag.py:3096} INFO - Sync 1 DAGs
[2026-10-05T16:51:18.348+0000] {logging_mixin.py:188} INFO - [2026-10-05T16:51:18.347+0000] {dag.py:3954} INFO - Setting next_dagrun for f1_data_analytics to None, run_after=None
[2026-10-05T16:51:18.362+0000] {processor.py:183} INFO - Processing /opt/airflow/dags/f1_pipeline_dag.py took 0.107 seconds
[2026-10-05T16:51:48.564+0000] {processor.py:161} INFO - Started process (PID=247) to work on /opt/airflow/dags/f1_pipeline_dag.py
[2026-10-05T16:51:48.566+0000] {processor.py:830} INFO - Processing file /opt/airflow/dags/f1_pipeline_dag.py for tasks to queue
[2026-10-05T16:51:48.567+0000] {logging_mixin.py:188} INFO - [2026-10-05T16:51:48.566+0000] {dagbag.py:545} INFO - Filling up the DagBag from /opt/airflow/dags/f1_pipeline_dag.py
[2026-10-05T16:51:48.580+0000] {processor.py:840} INFO - DAG(s) 'f1_data_analytics' retrieved from /opt/airflow/dags/f1_pipeline_dag.py
[2026-10-05T16:51:48.629+0000] {logging_mixin.py:188} INFO - [2026-10-05T16:51:48.629+0000] {dag.py:3096} INFO - Sync 1 DAGs
[2026-10-05T16:51:48.638+0000] {logging_mixin.py:188} INFO - [2026-10-05T16:51:48.638+0000] {dag.py:3954} INFO - Setting next_dagrun for f1_data_analytics to None, run_after=None
[2026-10-05T16:51:48.653+0000] {processor.py:183} INFO - Processing /opt/airflow/dags/f1_pipeline_dag.py took 0.097 seconds
[2026-10-05T16:52:18.864+0000] {processor.py:161} INFO - Started process (PID=248) to work on /opt/airflow/dags/f1_pipeline_dag.py
[2026-10-05T16:52:18.874+0000] {processor.py:830} INFO - Processing file /opt/airflow/dags/f1_pipeline_dag.py for tasks to queue
[2026-10-05T16:52:18.876+0000] {logging_mixin.py:188} INFO - [2026-10-05T16:52:18.875+0000] {dagbag.py:545} INFO - Filling up the DagBag from /opt/airflow/dags/f1_pipeline_dag.py
[2026-10-05T16:52:18.890+0000] {processor.py:840} INFO - DAG(s) 'f1_data_analytics' retrieved from /opt/airflow/dags/f1_pipeline_dag.py
[2026-10-05T16:52:18.940+0000] {logging_mixin.py:188} INFO - [2026-10-05T16:52:18.940+0000] {dag.py:3096} INFO - Sync 1 DAGs
[2026-10-05T16:52:18.948+0000] {logging_mixin.py:188} INFO - [2026-10-05T16:52:18.947+0000] {dag.py:3954} INFO - Setting next_dagrun for f1_data_analytics to None, run_after=None
[2026-10-05T16:52:18.961+0000] {processor.py:183} INFO - Processing /opt/airflow/dags/f1_pipeline_dag.py took 0.107 seconds
[2026-10-05T16:52:49.168+0000] {processor.py:161} INFO - Started process (PID=249) to work on /opt/airflow/dags/f1_pipeline_dag.py
[2026-10-05T16:52:49.170+0000] {processor.py:830} INFO - Processing file /opt/airflow/dags/f1_pipeline_dag.py for tasks to queue
[2026-10-05T16:52:49.171+0000] {logging_mixin.py:188} INFO - [2026-10-05T16:52:49.171+0000] {dagbag.py:545} INFO - Filling up the DagBag from /opt/airflow/dags/f1_pipeline_dag.py
[2026-10-05T16:52:49.186+0000] {processor.py:840} INFO - DAG(s) 'f1_data_analytics' retrieved from /opt/airflow/dags/f1_pipeline_dag.py
[2026-10-05T16:52:49.237+0000] {logging_mixin.py:188} INFO - [2026-10-05T16:52:49.237+0000] {dag.py:3096} INFO - Sync 1 DAGs
[2026-10-05T16:52:49.247+0000] {logging_mixin.py:188} INFO - [2026-10-05T16:52:49.247+0000] {dag.py:3954} INFO - Setting next_dagrun for f1_data_analytics to None, run_after=None
[2026-10-05T16:52:49.262+0000] {processor.py:183} INFO - Processing /opt/airflow/dags/f1_pipeline_dag.py took 0.103 seconds
[2026-10-05T16:53:19.470+0000] {processor.py:161} INFO - Started process (PID=250) to work on /opt/airflow/dags/f1_pipeline_dag.py
[2026-10-05T16:53:19.479+0000] {processor.py:830} INFO - Processing file /opt/airflow/dags/f1_pipeline_dag.py for tasks to queue
[2026-10-05T16:53:19.481+0000] {logging_mixin.py:188} INFO - [2026-10-05T16:53:19.480+0000] {dagbag.py:545} INFO - Filling up the DagBag from /opt/airflow/dags/f1_pipeline_dag.py
[2026-10-05T16:53:19.496+0000] {processor.py:840} INFO - DAG(s) 'f1_data_analytics' retrieved from /opt/airflow/dags/f1_pipeline_dag.py
[2026-10-05T16:53:19.548+0000] {logging_mixin.py:188} INFO - [2026-10-05T16:53:19.548+0000] {dag.py:3096} INFO - Sync 1 DAGs
[2026-10-05T16:53:19.556+0000] {logging_mixin.py:188} INFO - [2026-10-05T16:53:19.556+0000] {dag.py:3954} INFO - Setting next_dagrun for f1_data_analytics to None, run_after=None
[2026-10-05T16:53:19.571+0000] {processor.py:183} INFO - Processing /opt/airflow/dags/f1_pipeline_dag.py took 0.110 seconds
[2026-10-05T16:53:49.774+0000] {processor.py:161} INFO - Started process (PID=251) to work on /opt/airflow/dags/f1_pipeline_dag.py
[2026-10-05T16:53:49.775+0000] {processor.py:830} INFO - Processing file /opt/airflow/dags/f1_pipeline_dag.py for tasks to queue
[2026-10-05T16:53:49.777+0000] {logging_mixin.py:188} INFO - [2026-10-05T16:53:49.776+0000] {dagbag.py:545} INFO - Filling up the DagBag from /opt/airflow/dags/f1_pipeline_dag.py
[2026-10-05T16:53:49.790+0000] {processor.py:840} INFO - DAG(s) 'f1_data_analytics' retrieved from /opt/airflow/dags/f1_pipeline_dag.py
[2026-10-05T16:53:49.840+0000] {logging_mixin.py:188} INFO - [2026-10-05T16:53:49.840+0000] {dag.py:3096} INFO - Sync 1 DAGs
[2026-10-05T16:53:49.849+0000] {logging_mixin.py:188} INFO - [2026-10-05T16:53:49.848+0000] {dag.py:3954} INFO - Setting next_dagrun for f1_data_analytics to None, run_after=None
[2026-10-05T16:53:49.863+0000] {processor.py:183} INFO - Processing /opt/airflow/dags/f1_pipeline_dag.py took 0.100 seconds
[2026-10-05T16:54:20.074+0000] {processor.py:161} INFO - Started process (PID=252) to work on /opt/airflow/dags/f1_pipeline_dag.py
[2026-10-05T16:54:20.077+0000] {processor.py:830} INFO - Processing file /opt/airflow/dags/f1_pipeline_dag.py for tasks to queue
[2026-10-05T16:54:20.079+0000] {logging_mixin.py:188} INFO - [2026-10-05T16:54:20.078+0000] {dagbag.py:545} INFO - Filling up the DagBag from /opt/airflow/dags/f1_pipeline_dag.py
[2026-10-05T16:54:20.092+0000] {processor.py:840} INFO - DAG(s) 'f1_data_analytics' retrieved from /opt/airflow/dags/f1_pipeline_dag.py
[2026-10-05T16:54:20.142+0000] {logging_mixin.py:188} INFO - [2026-10-05T16:54:20.142+0000] {dag.py:3096} INFO - Sync 1 DAGs
[2026-10-05T16:54:20.152+0000] {logging_mixin.py:188} INFO - [2026-10-05T16:54:20.151+0000] {dag.py:3954} INFO - Setting next_dagrun for f1_data_analytics to None, run_after=None
[2026-10-05T16:54:20.166+0000] {processor.py:183} INFO - Processing /opt/airflow/dags/f1_pipeline_dag.py took 0.102 seconds
[2026-10-05T16:54:50.375+0000] {processor.py:161} INFO - Started process (PID=253) to work on /opt/airflow/dags/f1_pipeline_dag.py
[2026-10-05T16:54:50.376+0000] {processor.py:830} INFO - Processing file /opt/airflow/dags/f1_pipeline_dag.py for tasks to queue
[2026-10-05T16:54:50.378+0000] {logging_mixin.py:188} INFO - [2026-10-05T16:54:50.377+0000] {dagbag.py:545} INFO - Filling up the DagBag from /opt/airflow/dags/f1_pipeline_dag.py
[2026-10-05T16:54:50.391+0000] {processor.py:840} INFO - DAG(s) 'f1_data_analytics' retrieved from /opt/airflow/dags/f1_pipeline_dag.py
[2026-10-05T16:54:50.440+0000] {logging_mixin.py:188} INFO - [2026-10-05T16:54:50.440+0000] {dag.py:3096} INFO - Sync 1 DAGs
[2026-10-05T16:54:50.448+0000] {logging_mixin.py:188} INFO - [2026-10-05T16:54:50.448+0000] {dag.py:3954} INFO - Setting next_dagrun for f1_data_analytics to None, run_after=None
[2026-10-05T16:54:50.462+0000] {processor.py:183} INFO - Processing /opt/airflow/dags/f1_pipeline_dag.py took 0.096 seconds
[2026-10-05T16:55:20.608+0000] {processor.py:161} INFO - Started process (PID=254) to work on /opt/airflow/dags/f1_pipeline_dag.py
[2026-10-05T16:55:20.611+0000] {processor.py:830} INFO - Processing file /opt/airflow/dags/f1_pipeline_dag.py for tasks to queue
[2026-10-05T16:55:20.612+0000] {logging_mixin.py:188} INFO - [2026-10-05T16:55:20.612+0000] {dagbag.py:545} INFO - Filling up the DagBag from /opt/airflow/dags/f1_pipeline_dag.py
[2026-10-05T16:55:20.626+0000] {processor.py:840} INFO - DAG(s) 'f1_data_analytics' retrieved from /opt/airflow/dags/f1_pipeline_dag.py
[2026-10-05T16:55:20.674+0000] {logging_mixin.py:188} INFO - [2026-10-05T16:55:20.674+0000] {dag.py:3096} INFO - Sync 1 DAGs
[2026-10-05T16:55:20.684+0000] {logging_mixin.py:188} INFO - [2026-10-05T16:55:20.683+0000] {dag.py:3954} INFO - Setting next_dagrun for f1_data_analytics to None, run_after=None
[2026-10-05T16:55:20.698+0000] {processor.py:183} INFO - Processing /opt/airflow/dags/f1_pipeline_dag.py took 0.100 seconds
[2026-10-05T16:55:50.914+0000] {processor.py:161} INFO - Started process (PID=255) to work on /opt/airflow/dags/f1_pipeline_dag.py
[2026-10-05T16:55:50.916+0000] {processor.py:830} INFO - Processing file /opt/airflow/dags/f1_pipeline_dag.py for tasks to queue
[2026-10-05T16:55:50.917+0000] {logging_mixin.py:188} INFO - [2026-10-05T16:55:50.917+0000] {dagbag.py:545} INFO - Filling up the DagBag from /opt/airflow/dags/f1_pipeline_dag.py
[2026-10-05T16:55:50.930+0000] {processor.py:840} INFO - DAG(s) 'f1_data_analytics' retrieved from /opt/airflow/dags/f1_pipeline_dag.py
[2026-10-05T16:55:50.982+0000] {logging_mixin.py:188} INFO - [2026-10-05T16:55:50.982+0000] {dag.py:3096} INFO - Sync 1 DAGs
[2026-10-05T16:55:50.990+0000] {logging_mixin.py:188} INFO - [2026-10-05T16:55:50.989+0000] {dag.py:3954} INFO - Setting next_dagrun for f1_data_analytics to None, run_after=None
[2026-10-05T16:55:51.013+0000] {processor.py:183} INFO - Processing /opt/airflow/dags/f1_pipeline_dag.py took 0.109 seconds
[2026-10-05T16:56:21.214+0000] {processor.py:161} INFO - Started process (PID=256) to work on /opt/airflow/dags/f1_pipeline_dag.py
[2026-10-05T16:56:21.217+0000] {processor.py:830} INFO - Processing file /opt/airflow/dags/f1_pipeline_dag.py for tasks to queue
[2026-10-05T16:56:21.219+0000] {logging_mixin.py:188} INFO - [2026-10-05T16:56:21.218+0000] {dagbag.py:545} INFO - Filling up the DagBag from /opt/airflow/dags/f1_pipeline_dag.py
[2026-10-05T16:56:21.233+0000] {processor.py:840} INFO - DAG(s) 'f1_data_analytics' retrieved from /opt/airflow/dags/f1_pipeline_dag.py
[2026-10-05T16:56:21.285+0000] {logging_mixin.py:188} INFO - [2026-10-05T16:56:21.285+0000] {dag.py:3096} INFO - Sync 1 DAGs
[2026-10-05T16:56:21.292+0000] {logging_mixin.py:188} INFO - [2026-10-05T16:56:21.292+0000] {dag.py:3954} INFO - Setting next_dagrun for f1_data_analytics to None, run_after=None
[2026-10-05T16:56:21.307+0000] {processor.py:183} INFO - Processing /opt/airflow/dags/f1_pipeline_dag.py took 0.102 seconds
[2026-10-05T16:56:51.524+0000] {processor.py:161} INFO - Started process (PID=257) to work on /opt/airflow/dags/f1_pipeline_dag.py
[2026-10-05T16:56:51.526+0000] {processor.py:830} INFO - Processing file /opt/airflow/dags/f1_pipeline_dag.py for tasks to queue
[2026-10-05T16:56:51.527+0000] {logging_mixin.py:188} INFO - [2026-10-05T16:56:51.527+0000] {dagbag.py:545} INFO - Filling up the DagBag from /opt/airflow/dags/f1_pipeline_dag.py
[2026-10-05T16:56:51.541+0000] {processor.py:840} INFO - DAG(s) 'f1_data_analytics' retrieved from /opt/airflow/dags/f1_pipeline_dag.py
[2026-10-05T16:56:51.591+0000] {logging_mixin.py:188} INFO - [2026-10-05T16:56:51.591+0000] {dag.py:3096} INFO - Sync 1 DAGs
[2026-10-05T16:56:51.599+0000] {logging_mixin.py:188} INFO - [2026-10-05T16:56:51.598+0000] {dag.py:3954} INFO - Setting next_dagrun for f1_data_analytics to None, run_after=None
[2026-10-05T16:56:51.613+0000] {processor.py:183} INFO - Processing /opt/airflow/dags/f1_pipeline_dag.py took 0.098 seconds
[2026-10-05T16:57:21.827+0000] {processor.py:161} INFO - Started process (PID=258) to work on /opt/airflow/dags/f1_pipeline_dag.py
[2026-10-05T16:57:21.831+0000] {processor.py:830} INFO - Processing file /opt/airflow/dags/f1_pipeline_dag.py for tasks to queue
[2026-10-05T16:57:21.832+0000] {logging_mixin.py:188} INFO - [2026-10-05T16:57:21.832+0000] {dagbag.py:545} INFO - Filling up the DagBag from /opt/airflow/dags/f1_pipeline_dag.py
[2026-10-05T16:57:21.847+0000] {processor.py:840} INFO - DAG(s) 'f1_data_analytics' retrieved from /opt/airflow/dags/f1_pipeline_dag.py
[2026-10-05T16:57:21.894+0000] {logging_mixin.py:188} INFO - [2026-10-05T16:57:21.894+0000] {dag.py:3096} INFO - Sync 1 DAGs
[2026-10-05T16:57:21.903+0000] {logging_mixin.py:188} INFO - [2026-10-05T16:57:21.902+0000] {dag.py:3954} INFO - Setting next_dagrun for f1_data_analytics to None, run_after=None
[2026-10-05T16:57:21.918+0000] {processor.py:183} INFO - Processing /opt/airflow/dags/f1_pipeline_dag.py took 0.100 seconds
[2026-10-05T16:57:52.145+0000] {processor.py:161} INFO - Started process (PID=259) to work on /opt/airflow/dags/f1_pipeline_dag.py
[2026-10-05T16:57:52.147+0000] {processor.py:830} INFO - Processing file /opt/airflow/dags/f1_pipeline_dag.py for tasks to queue
[2026-10-05T16:57:52.149+0000] {logging_mixin.py:188} INFO - [2026-10-05T16:57:52.148+0000] {dagbag.py:545} INFO - Filling up the DagBag from /opt/airflow/dags/f1_pipeline_dag.py
[2026-10-05T16:57:52.165+0000] {processor.py:840} INFO - DAG(s) 'f1_data_analytics' retrieved from /opt/airflow/dags/f1_pipeline_dag.py
[2026-10-05T16:57:52.210+0000] {logging_mixin.py:188} INFO - [2026-10-05T16:57:52.210+0000] {dag.py:3096} INFO - Sync 1 DAGs
[2026-10-05T16:57:52.218+0000] {logging_mixin.py:188} INFO - [2026-10-05T16:57:52.217+0000] {dag.py:3954} INFO - Setting next_dagrun for f1_data_analytics to None, run_after=None
[2026-10-05T16:57:52.233+0000] {processor.py:183} INFO - Processing /opt/airflow/dags/f1_pipeline_dag.py took 0.102 seconds
[2026-10-05T16:58:22.451+0000] {processor.py:161} INFO - Started process (PID=260) to work on /opt/airflow/dags/f1_pipeline_dag.py
[2026-10-05T16:58:22.454+0000] {processor.py:830} INFO - Processing file /opt/airflow/dags/f1_pipeline_dag.py for tasks to queue
[2026-10-05T16:58:22.456+0000] {logging_mixin.py:188} INFO - [2026-10-05T16:58:22.455+0000] {dagbag.py:545} INFO - Filling up the DagBag from /opt/airflow/dags/f1_pipeline_dag.py
[2026-10-05T16:58:22.469+0000] {processor.py:840} INFO - DAG(s) 'f1_data_analytics' retrieved from /opt/airflow/dags/f1_pipeline_dag.py
[2026-10-05T16:58:22.518+0000] {logging_mixin.py:188} INFO - [2026-10-05T16:58:22.518+0000] {dag.py:3096} INFO - Sync 1 DAGs
[2026-10-05T16:58:22.526+0000] {logging_mixin.py:188} INFO - [2026-10-05T16:58:22.526+0000] {dag.py:3954} INFO - Setting next_dagrun for f1_data_analytics to None, run_after=None
[2026-10-05T16:58:22.541+0000] {processor.py:183} INFO - Processing /opt/airflow/dags/f1_pipeline_dag.py took 0.099 seconds
[2026-10-05T16:58:52.755+0000] {processor.py:161} INFO - Started process (PID=261) to work on /opt/airflow/dags/f1_pipeline_dag.py
[2026-10-05T16:58:52.756+0000] {processor.py:830} INFO - Processing file /opt/airflow/dags/f1_pipeline_dag.py for tasks to queue
[2026-10-05T16:58:52.757+0000] {logging_mixin.py:188} INFO - [2026-10-05T16:58:52.757+0000] {dagbag.py:545} INFO - Filling up the DagBag from /opt/airflow/dags/f1_pipeline_dag.py
[2026-10-05T16:58:52.765+0000] {processor.py:840} INFO - DAG(s) 'f1_data_analytics' retrieved from /opt/airflow/dags/f1_pipeline_dag.py
[2026-10-05T16:58:52.797+0000] {logging_mixin.py:188} INFO - [2026-10-05T16:58:52.796+0000] {dag.py:3096} INFO - Sync 1 DAGs
[2026-10-05T16:58:52.805+0000] {logging_mixin.py:188} INFO - [2026-10-05T16:58:52.805+0000] {dag.py:3954} INFO - Setting next_dagrun for f1_data_analytics to None, run_after=None
[2026-10-05T16:58:52.821+0000] {processor.py:183} INFO - Processing /opt/airflow/dags/f1_pipeline_dag.py took 0.072 seconds
[2026-10-05T16:59:22.940+0000] {processor.py:161} INFO - Started process (PID=262) to work on /opt/airflow/dags/f1_pipeline_dag.py
[2026-10-05T16:59:22.943+0000] {processor.py:830} INFO - Processing file /opt/airflow/dags/f1_pipeline_dag.py for tasks to queue
[2026-10-05T16:59:22.944+0000] {logging_mixin.py:188} INFO - [2026-10-05T16:59:22.944+0000] {dagbag.py:545} INFO - Filling up the DagBag from /opt/airflow/dags/f1_pipeline_dag.py
[2026-10-05T16:59:22.958+0000] {processor.py:840} INFO - DAG(s) 'f1_data_analytics' retrieved from /opt/airflow/dags/f1_pipeline_dag.py
[2026-10-05T16:59:23.007+0000] {logging_mixin.py:188} INFO - [2026-10-05T16:59:23.007+0000] {dag.py:3096} INFO - Sync 1 DAGs
[2026-10-05T16:59:23.014+0000] {logging_mixin.py:188} INFO - [2026-10-05T16:59:23.014+0000] {dag.py:3954} INFO - Setting next_dagrun for f1_data_analytics to None, run_after=None
[2026-10-05T16:59:23.030+0000] {processor.py:183} INFO - Processing /opt/airflow/dags/f1_pipeline_dag.py took 0.098 seconds
[2026-10-05T16:59:53.245+0000] {processor.py:161} INFO - Started process (PID=263) to work on /opt/airflow/dags/f1_pipeline_dag.py
[2026-10-05T16:59:53.247+0000] {processor.py:830} INFO - Processing file /opt/airflow/dags/f1_pipeline_dag.py for tasks to queue
[2026-10-05T16:59:53.249+0000] {logging_mixin.py:188} INFO - [2026-10-05T16:59:53.248+0000] {dagbag.py:545} INFO - Filling up the DagBag from /opt/airflow/dags/f1_pipeline_dag.py
[2026-10-05T16:59:53.262+0000] {processor.py:840} INFO - DAG(s) 'f1_data_analytics' retrieved from /opt/airflow/dags/f1_pipeline_dag.py
[2026-10-05T16:59:53.310+0000] {logging_mixin.py:188} INFO - [2026-10-05T16:59:53.310+0000] {dag.py:3096} INFO - Sync 1 DAGs
[2026-10-05T16:59:53.318+0000] {logging_mixin.py:188} INFO - [2026-10-05T16:59:53.318+0000] {dag.py:3954} INFO - Setting next_dagrun for f1_data_analytics to None, run_after=None
[2026-10-05T16:59:53.333+0000] {processor.py:183} INFO - Processing /opt/airflow/dags/f1_pipeline_dag.py took 0.097 seconds
[2026-10-05T17:00:23.560+0000] {processor.py:161} INFO - Started process (PID=264) to work on /opt/airflow/dags/f1_pipeline_dag.py
[2026-10-05T17:00:23.561+0000] {processor.py:830} INFO - Processing file /opt/airflow/dags/f1_pipeline_dag.py for tasks to queue
[2026-10-05T17:00:23.563+0000] {logging_mixin.py:188} INFO - [2026-10-05T17:00:23.562+0000] {dagbag.py:545} INFO - Filling up the DagBag from /opt/airflow/dags/f1_pipeline_dag.py
[2026-10-05T17:00:23.576+0000] {processor.py:840} INFO - DAG(s) 'f1_data_analytics' retrieved from /opt/airflow/dags/f1_pipeline_dag.py
[2026-10-05T17:00:23.622+0000] {logging_mixin.py:188} INFO - [2026-10-05T17:00:23.622+0000] {dag.py:3096} INFO - Sync 1 DAGs
[2026-10-05T17:00:23.629+0000] {logging_mixin.py:188} INFO - [2026-10-05T17:00:23.629+0000] {dag.py:3954} INFO - Setting next_dagrun for f1_data_analytics to None, run_after=None
[2026-10-05T17:00:23.643+0000] {processor.py:183} INFO - Processing /opt/airflow/dags/f1_pipeline_dag.py took 0.094 seconds
[2026-10-05T17:00:53.757+0000] {processor.py:161} INFO - Started process (PID=265) to work on /opt/airflow/dags/f1_pipeline_dag.py
[2026-10-05T17:00:53.759+0000] {processor.py:830} INFO - Processing file /opt/airflow/dags/f1_pipeline_dag.py for tasks to queue
[2026-10-05T17:00:53.761+0000] {logging_mixin.py:188} INFO - [2026-10-05T17:00:53.760+0000] {dagbag.py:545} INFO - Filling up the DagBag from /opt/airflow/dags/f1_pipeline_dag.py
[2026-10-05T17:00:53.774+0000] {processor.py:840} INFO - DAG(s) 'f1_data_analytics' retrieved from /opt/airflow/dags/f1_pipeline_dag.py
[2026-10-05T17:00:53.823+0000] {logging_mixin.py:188} INFO - [2026-10-05T17:00:53.823+0000] {dag.py:3096} INFO - Sync 1 DAGs
[2026-10-05T17:00:53.831+0000] {logging_mixin.py:188} INFO - [2026-10-05T17:00:53.831+0000] {dag.py:3954} INFO - Setting next_dagrun for f1_data_analytics to None, run_after=None
[2026-10-05T17:00:53.846+0000] {processor.py:183} INFO - Processing /opt/airflow/dags/f1_pipeline_dag.py took 0.098 seconds
[2026-10-05T17:01:24.058+0000] {processor.py:161} INFO - Started process (PID=266) to work on /opt/airflow/dags/f1_pipeline_dag.py
[2026-10-05T17:01:24.062+0000] {processor.py:830} INFO - Processing file /opt/airflow/dags/f1_pipeline_dag.py for tasks to queue
[2026-10-05T17:01:24.063+0000] {logging_mixin.py:188} INFO - [2026-10-05T17:01:24.062+0000] {dagbag.py:545} INFO - Filling up the DagBag from /opt/airflow/dags/f1_pipeline_dag.py
[2026-10-05T17:01:24.076+0000] {processor.py:840} INFO - DAG(s) 'f1_data_analytics' retrieved from /opt/airflow/dags/f1_pipeline_dag.py
[2026-10-05T17:01:24.125+0000] {logging_mixin.py:188} INFO - [2026-10-05T17:01:24.125+0000] {dag.py:3096} INFO - Sync 1 DAGs
[2026-10-05T17:01:24.133+0000] {logging_mixin.py:188} INFO - [2026-10-05T17:01:24.132+0000] {dag.py:3954} INFO - Setting next_dagrun for f1_data_analytics to None, run_after=None
[2026-10-05T17:01:24.147+0000] {processor.py:183} INFO - Processing /opt/airflow/dags/f1_pipeline_dag.py took 0.098 seconds
[2026-10-05T17:01:54.356+0000] {processor.py:161} INFO - Started process (PID=267) to work on /opt/airflow/dags/f1_pipeline_dag.py
[2026-10-05T17:01:54.358+0000] {processor.py:830} INFO - Processing file /opt/airflow/dags/f1_pipeline_dag.py for tasks to queue
[2026-10-05T17:01:54.359+0000] {logging_mixin.py:188} INFO - [2026-10-05T17:01:54.359+0000] {dagbag.py:545} INFO - Filling up the DagBag from /opt/airflow/dags/f1_pipeline_dag.py
[2026-10-05T17:01:54.373+0000] {processor.py:840} INFO - DAG(s) 'f1_data_analytics' retrieved from /opt/airflow/dags/f1_pipeline_dag.py
[2026-10-05T17:01:54.423+0000] {logging_mixin.py:188} INFO - [2026-10-05T17:01:54.423+0000] {dag.py:3096} INFO - Sync 1 DAGs
[2026-10-05T17:01:54.431+0000] {logging_mixin.py:188} INFO - [2026-10-05T17:01:54.431+0000] {dag.py:3954} INFO - Setting next_dagrun for f1_data_analytics to None, run_after=None
[2026-10-05T17:01:54.446+0000] {processor.py:183} INFO - Processing /opt/airflow/dags/f1_pipeline_dag.py took 0.099 seconds
[2026-10-05T17:02:24.666+0000] {processor.py:161} INFO - Started process (PID=268) to work on /opt/airflow/dags/f1_pipeline_dag.py
[2026-10-05T17:02:24.669+0000] {processor.py:830} INFO - Processing file /opt/airflow/dags/f1_pipeline_dag.py for tasks to queue
[2026-10-05T17:02:24.671+0000] {logging_mixin.py:188} INFO - [2026-10-05T17:02:24.670+0000] {dagbag.py:545} INFO - Filling up the DagBag from /opt/airflow/dags/f1_pipeline_dag.py
[2026-10-05T17:02:24.687+0000] {processor.py:840} INFO - DAG(s) 'f1_data_analytics' retrieved from /opt/airflow/dags/f1_pipeline_dag.py
[2026-10-05T17:02:24.732+0000] {logging_mixin.py:188} INFO - [2026-10-05T17:02:24.732+0000] {dag.py:3096} INFO - Sync 1 DAGs
[2026-10-05T17:02:24.740+0000] {logging_mixin.py:188} INFO - [2026-10-05T17:02:24.740+0000] {dag.py:3954} INFO - Setting next_dagrun for f1_data_analytics to None, run_after=None
[2026-10-05T17:02:24.756+0000] {processor.py:183} INFO - Processing /opt/airflow/dags/f1_pipeline_dag.py took 0.100 seconds
[2026-10-05T17:02:54.969+0000] {processor.py:161} INFO - Started process (PID=269) to work on /opt/airflow/dags/f1_pipeline_dag.py
[2026-10-05T17:02:54.971+0000] {processor.py:830} INFO - Processing file /opt/airflow/dags/f1_pipeline_dag.py for tasks to queue
[2026-10-05T17:02:54.972+0000] {logging_mixin.py:188} INFO - [2026-10-05T17:02:54.972+0000] {dagbag.py:545} INFO - Filling up the DagBag from /opt/airflow/dags/f1_pipeline_dag.py
[2026-10-05T17:02:54.987+0000] {processor.py:840} INFO - DAG(s) 'f1_data_analytics' retrieved from /opt/airflow/dags/f1_pipeline_dag.py
[2026-10-05T17:02:55.029+0000] {logging_mixin.py:188} INFO - [2026-10-05T17:02:55.029+0000] {dag.py:3096} INFO - Sync 1 DAGs
[2026-10-05T17:02:55.038+0000] {logging_mixin.py:188} INFO - [2026-10-05T17:02:55.038+0000] {dag.py:3954} INFO - Setting next_dagrun for f1_data_analytics to None, run_after=None
[2026-10-05T17:02:55.054+0000] {processor.py:183} INFO - Processing /opt/airflow/dags/f1_pipeline_dag.py took 0.094 seconds
[2026-10-05T17:03:25.161+0000] {processor.py:161} INFO - Started process (PID=270) to work on /opt/airflow/dags/f1_pipeline_dag.py
[2026-10-05T17:03:25.171+0000] {processor.py:830} INFO - Processing file /opt/airflow/dags/f1_pipeline_dag.py for tasks to queue
[2026-10-05T17:03:25.172+0000] {logging_mixin.py:188} INFO - [2026-10-05T17:03:25.171+0000] {dagbag.py:545} INFO - Filling up the DagBag from /opt/airflow/dags/f1_pipeline_dag.py
[2026-10-05T17:03:25.187+0000] {processor.py:840} INFO - DAG(s) 'f1_data_analytics' retrieved from /opt/airflow/dags/f1_pipeline_dag.py
[2026-10-05T17:03:25.238+0000] {logging_mixin.py:188} INFO - [2026-10-05T17:03:25.238+0000] {dag.py:3096} INFO - Sync 1 DAGs
[2026-10-05T17:03:25.247+0000] {logging_mixin.py:188} INFO - [2026-10-05T17:03:25.246+0000] {dag.py:3954} INFO - Setting next_dagrun for f1_data_analytics to None, run_after=None
[2026-10-05T17:03:25.261+0000] {processor.py:183} INFO - Processing /opt/airflow/dags/f1_pipeline_dag.py took 0.109 seconds
[2026-10-05T17:03:55.467+0000] {processor.py:161} INFO - Started process (PID=271) to work on /opt/airflow/dags/f1_pipeline_dag.py
[2026-10-05T17:03:55.469+0000] {processor.py:830} INFO - Processing file /opt/airflow/dags/f1_pipeline_dag.py for tasks to queue
[2026-10-05T17:03:55.470+0000] {logging_mixin.py:188} INFO - [2026-10-05T17:03:55.470+0000] {dagbag.py:545} INFO - Filling up the DagBag from /opt/airflow/dags/f1_pipeline_dag.py
[2026-10-05T17:03:55.484+0000] {processor.py:840} INFO - DAG(s) 'f1_data_analytics' retrieved from /opt/airflow/dags/f1_pipeline_dag.py
[2026-10-05T17:03:55.532+0000] {logging_mixin.py:188} INFO - [2026-10-05T17:03:55.532+0000] {dag.py:3096} INFO - Sync 1 DAGs
[2026-10-05T17:03:55.540+0000] {logging_mixin.py:188} INFO - [2026-10-05T17:03:55.540+0000] {dag.py:3954} INFO - Setting next_dagrun for f1_data_analytics to None, run_after=None
[2026-10-05T17:03:55.556+0000] {processor.py:183} INFO - Processing /opt/airflow/dags/f1_pipeline_dag.py took 0.098 seconds
[2026-10-05T17:04:25.770+0000] {processor.py:161} INFO - Started process (PID=272) to work on /opt/airflow/dags/f1_pipeline_dag.py
[2026-10-05T17:04:25.773+0000] {processor.py:830} INFO - Processing file /opt/airflow/dags/f1_pipeline_dag.py for tasks to queue
[2026-10-05T17:04:25.775+0000] {logging_mixin.py:188} INFO - [2026-10-05T17:04:25.774+0000] {dagbag.py:545} INFO - Filling up the DagBag from /opt/airflow/dags/f1_pipeline_dag.py
[2026-10-05T17:04:25.788+0000] {processor.py:840} INFO - DAG(s) 'f1_data_analytics' retrieved from /opt/airflow/dags/f1_pipeline_dag.py
[2026-10-05T17:04:25.845+0000] {logging_mixin.py:188} INFO - [2026-10-05T17:04:25.844+0000] {dag.py:3096} INFO - Sync 1 DAGs
[2026-10-05T17:04:25.853+0000] {logging_mixin.py:188} INFO - [2026-10-05T17:04:25.853+0000] {dag.py:3954} INFO - Setting next_dagrun for f1_data_analytics to None, run_after=None
[2026-10-05T17:04:25.868+0000] {processor.py:183} INFO - Processing /opt/airflow/dags/f1_pipeline_dag.py took 0.109 seconds
[2026-10-05T17:04:56.073+0000] {processor.py:161} INFO - Started process (PID=273) to work on /opt/airflow/dags/f1_pipeline_dag.py
[2026-10-05T17:04:56.075+0000] {processor.py:830} INFO - Processing file /opt/airflow/dags/f1_pipeline_dag.py for tasks to queue
[2026-10-05T17:04:56.076+0000] {logging_mixin.py:188} INFO - [2026-10-05T17:04:56.076+0000] {dagbag.py:545} INFO - Filling up the DagBag from /opt/airflow/dags/f1_pipeline_dag.py
[2026-10-05T17:04:56.090+0000] {processor.py:840} INFO - DAG(s) 'f1_data_analytics' retrieved from /opt/airflow/dags/f1_pipeline_dag.py
[2026-10-05T17:04:56.139+0000] {logging_mixin.py:188} INFO - [2026-10-05T17:04:56.138+0000] {dag.py:3096} INFO - Sync 1 DAGs
[2026-10-05T17:04:56.146+0000] {logging_mixin.py:188} INFO - [2026-10-05T17:04:56.146+0000] {dag.py:3954} INFO - Setting next_dagrun for f1_data_analytics to None, run_after=None
[2026-10-05T17:04:56.161+0000] {processor.py:183} INFO - Processing /opt/airflow/dags/f1_pipeline_dag.py took 0.097 seconds
[2026-10-05T17:05:26.374+0000] {processor.py:161} INFO - Started process (PID=274) to work on /opt/airflow/dags/f1_pipeline_dag.py
[2026-10-05T17:05:26.378+0000] {processor.py:830} INFO - Processing file /opt/airflow/dags/f1_pipeline_dag.py for tasks to queue
[2026-10-05T17:05:26.379+0000] {logging_mixin.py:188} INFO - [2026-10-05T17:05:26.379+0000] {dagbag.py:545} INFO - Filling up the DagBag from /opt/airflow/dags/f1_pipeline_dag.py
[2026-10-05T17:05:26.393+0000] {processor.py:840} INFO - DAG(s) 'f1_data_analytics' retrieved from /opt/airflow/dags/f1_pipeline_dag.py
[2026-10-05T17:05:26.443+0000] {logging_mixin.py:188} INFO - [2026-10-05T17:05:26.443+0000] {dag.py:3096} INFO - Sync 1 DAGs
[2026-10-05T17:05:26.451+0000] {logging_mixin.py:188} INFO - [2026-10-05T17:05:26.450+0000] {dag.py:3954} INFO - Setting next_dagrun for f1_data_analytics to None, run_after=None
[2026-10-05T17:05:26.466+0000] {processor.py:183} INFO - Processing /opt/airflow/dags/f1_pipeline_dag.py took 0.101 seconds
[2026-10-05T17:05:56.679+0000] {processor.py:161} INFO - Started process (PID=275) to work on /opt/airflow/dags/f1_pipeline_dag.py
[2026-10-05T17:05:56.681+0000] {processor.py:830} INFO - Processing file /opt/airflow/dags/f1_pipeline_dag.py for tasks to queue
[2026-10-05T17:05:56.682+0000] {logging_mixin.py:188} INFO - [2026-10-05T17:05:56.681+0000] {dagbag.py:545} INFO - Filling up the DagBag from /opt/airflow/dags/f1_pipeline_dag.py
[2026-10-05T17:05:56.697+0000] {processor.py:840} INFO - DAG(s) 'f1_data_analytics' retrieved from /opt/airflow/dags/f1_pipeline_dag.py
[2026-10-05T17:05:56.743+0000] {logging_mixin.py:188} INFO - [2026-10-05T17:05:56.743+0000] {dag.py:3096} INFO - Sync 1 DAGs
[2026-10-05T17:05:56.752+0000] {logging_mixin.py:188} INFO - [2026-10-05T17:05:56.752+0000] {dag.py:3954} INFO - Setting next_dagrun for f1_data_analytics to None, run_after=None
[2026-10-05T17:05:56.768+0000] {processor.py:183} INFO - Processing /opt/airflow/dags/f1_pipeline_dag.py took 0.099 seconds
[2026-10-05T17:06:26.984+0000] {processor.py:161} INFO - Started process (PID=276) to work on /opt/airflow/dags/f1_pipeline_dag.py
[2026-10-05T17:06:26.987+0000] {processor.py:830} INFO - Processing file /opt/airflow/dags/f1_pipeline_dag.py for tasks to queue
[2026-10-05T17:06:26.989+0000] {logging_mixin.py:188} INFO - [2026-10-05T17:06:26.988+0000] {dagbag.py:545} INFO - Filling up the DagBag from /opt/airflow/dags/f1_pipeline_dag.py
[2026-10-05T17:06:27.008+0000] {processor.py:840} INFO - DAG(s) 'f1_data_analytics' retrieved from /opt/airflow/dags/f1_pipeline_dag.py
[2026-10-05T17:06:27.056+0000] {logging_mixin.py:188} INFO - [2026-10-05T17:06:27.056+0000] {dag.py:3096} INFO - Sync 1 DAGs
[2026-10-05T17:06:27.063+0000] {logging_mixin.py:188} INFO - [2026-10-05T17:06:27.063+0000] {dag.py:3954} INFO - Setting next_dagrun for f1_data_analytics to None, run_after=None
[2026-10-05T17:06:27.078+0000] {processor.py:183} INFO - Processing /opt/airflow/dags/f1_pipeline_dag.py took 0.103 seconds
[2026-10-05T17:06:57.288+0000] {processor.py:161} INFO - Started process (PID=277) to work on /opt/airflow/dags/f1_pipeline_dag.py
[2026-10-05T17:06:57.290+0000] {processor.py:830} INFO - Processing file /opt/airflow/dags/f1_pipeline_dag.py for tasks to queue
[2026-10-05T17:06:57.291+0000] {logging_mixin.py:188} INFO - [2026-10-05T17:06:57.290+0000] {dagbag.py:545} INFO - Filling up the DagBag from /opt/airflow/dags/f1_pipeline_dag.py
[2026-10-05T17:06:57.306+0000] {processor.py:840} INFO - DAG(s) 'f1_data_analytics' retrieved from /opt/airflow/dags/f1_pipeline_dag.py
[2026-10-05T17:06:57.356+0000] {logging_mixin.py:188} INFO - [2026-10-05T17:06:57.356+0000] {dag.py:3096} INFO - Sync 1 DAGs
[2026-10-05T17:06:57.364+0000] {logging_mixin.py:188} INFO - [2026-10-05T17:06:57.363+0000] {dag.py:3954} INFO - Setting next_dagrun for f1_data_analytics to None, run_after=None
[2026-10-05T17:06:57.378+0000] {processor.py:183} INFO - Processing /opt/airflow/dags/f1_pipeline_dag.py took 0.099 seconds
[2026-10-05T17:07:27.594+0000] {processor.py:161} INFO - Started process (PID=278) to work on /opt/airflow/dags/f1_pipeline_dag.py
[2026-10-05T17:07:27.597+0000] {processor.py:830} INFO - Processing file /opt/airflow/dags/f1_pipeline_dag.py for tasks to queue
[2026-10-05T17:07:27.598+0000] {logging_mixin.py:188} INFO - [2026-10-05T17:07:27.598+0000] {dagbag.py:545} INFO - Filling up the DagBag from /opt/airflow/dags/f1_pipeline_dag.py
[2026-10-05T17:07:27.612+0000] {processor.py:840} INFO - DAG(s) 'f1_data_analytics' retrieved from /opt/airflow/dags/f1_pipeline_dag.py
[2026-10-05T17:07:27.662+0000] {logging_mixin.py:188} INFO - [2026-10-05T17:07:27.662+0000] {dag.py:3096} INFO - Sync 1 DAGs
[2026-10-05T17:07:27.670+0000] {logging_mixin.py:188} INFO - [2026-10-05T17:07:27.670+0000] {dag.py:3954} INFO - Setting next_dagrun for f1_data_analytics to None, run_after=None
[2026-10-05T17:07:27.685+0000] {processor.py:183} INFO - Processing /opt/airflow/dags/f1_pipeline_dag.py took 0.101 seconds
[2026-10-05T17:07:57.834+0000] {processor.py:161} INFO - Started process (PID=279) to work on /opt/airflow/dags/f1_pipeline_dag.py
[2026-10-05T17:07:57.835+0000] {processor.py:830} INFO - Processing file /opt/airflow/dags/f1_pipeline_dag.py for tasks to queue
[2026-10-05T17:07:57.837+0000] {logging_mixin.py:188} INFO - [2026-10-05T17:07:57.836+0000] {dagbag.py:545} INFO - Filling up the DagBag from /opt/airflow/dags/f1_pipeline_dag.py
[2026-10-05T17:07:57.850+0000] {processor.py:840} INFO - DAG(s) 'f1_data_analytics' retrieved from /opt/airflow/dags/f1_pipeline_dag.py
[2026-10-05T17:07:57.900+0000] {logging_mixin.py:188} INFO - [2026-10-05T17:07:57.900+0000] {dag.py:3096} INFO - Sync 1 DAGs
[2026-10-05T17:07:57.909+0000] {logging_mixin.py:188} INFO - [2026-10-05T17:07:57.909+0000] {dag.py:3954} INFO - Setting next_dagrun for f1_data_analytics to None, run_after=None
[2026-10-05T17:07:57.924+0000] {processor.py:183} INFO - Processing /opt/airflow/dags/f1_pipeline_dag.py took 0.099 seconds
[2026-10-05T17:08:28.137+0000] {processor.py:161} INFO - Started process (PID=280) to work on /opt/airflow/dags/f1_pipeline_dag.py
[2026-10-05T17:08:28.145+0000] {processor.py:830} INFO - Processing file /opt/airflow/dags/f1_pipeline_dag.py for tasks to queue
[2026-10-05T17:08:28.147+0000] {logging_mixin.py:188} INFO - [2026-10-05T17:08:28.146+0000] {dagbag.py:545} INFO - Filling up the DagBag from /opt/airflow/dags/f1_pipeline_dag.py
[2026-10-05T17:08:28.161+0000] {processor.py:840} INFO - DAG(s) 'f1_data_analytics' retrieved from /opt/airflow/dags/f1_pipeline_dag.py
[2026-10-05T17:08:28.212+0000] {logging_mixin.py:188} INFO - [2026-10-05T17:08:28.211+0000] {dag.py:3096} INFO - Sync 1 DAGs
[2026-10-05T17:08:28.219+0000] {logging_mixin.py:188} INFO - [2026-10-05T17:08:28.219+0000] {dag.py:3954} INFO - Setting next_dagrun for f1_data_analytics to None, run_after=None
[2026-10-05T17:08:28.234+0000] {processor.py:183} INFO - Processing /opt/airflow/dags/f1_pipeline_dag.py took 0.107 seconds
[2026-10-05T17:08:58.447+0000] {processor.py:161} INFO - Started process (PID=281) to work on /opt/airflow/dags/f1_pipeline_dag.py
[2026-10-05T17:08:58.449+0000] {processor.py:830} INFO - Processing file /opt/airflow/dags/f1_pipeline_dag.py for tasks to queue
[2026-10-05T17:08:58.450+0000] {logging_mixin.py:188} INFO - [2026-10-05T17:08:58.450+0000] {dagbag.py:545} INFO - Filling up the DagBag from /opt/airflow/dags/f1_pipeline_dag.py
[2026-10-05T17:08:58.464+0000] {processor.py:840} INFO - DAG(s) 'f1_data_analytics' retrieved from /opt/airflow/dags/f1_pipeline_dag.py
[2026-10-05T17:08:58.514+0000] {logging_mixin.py:188} INFO - [2026-10-05T17:08:58.514+0000] {dag.py:3096} INFO - Sync 1 DAGs
[2026-10-05T17:08:58.522+0000] {logging_mixin.py:188} INFO - [2026-10-05T17:08:58.522+0000] {dag.py:3954} INFO - Setting next_dagrun for f1_data_analytics to None, run_after=None
[2026-10-05T17:08:58.537+0000] {processor.py:183} INFO - Processing /opt/airflow/dags/f1_pipeline_dag.py took 0.099 seconds
[2026-10-05T17:09:28.758+0000] {processor.py:161} INFO - Started process (PID=282) to work on /opt/airflow/dags/f1_pipeline_dag.py
[2026-10-05T17:09:28.767+0000] {processor.py:830} INFO - Processing file /opt/airflow/dags/f1_pipeline_dag.py for tasks to queue
[2026-10-05T17:09:28.769+0000] {logging_mixin.py:188} INFO - [2026-10-05T17:09:28.768+0000] {dagbag.py:545} INFO - Filling up the DagBag from /opt/airflow/dags/f1_pipeline_dag.py
[2026-10-05T17:09:28.783+0000] {processor.py:840} INFO - DAG(s) 'f1_data_analytics' retrieved from /opt/airflow/dags/f1_pipeline_dag.py
[2026-10-05T17:09:28.834+0000] {logging_mixin.py:188} INFO - [2026-10-05T17:09:28.834+0000] {dag.py:3096} INFO - Sync 1 DAGs
[2026-10-05T17:09:28.844+0000] {logging_mixin.py:188} INFO - [2026-10-05T17:09:28.844+0000] {dag.py:3954} INFO - Setting next_dagrun for f1_data_analytics to None, run_after=None
[2026-10-05T17:09:28.870+0000] {processor.py:183} INFO - Processing /opt/airflow/dags/f1_pipeline_dag.py took 0.123 seconds
[2026-10-05T17:09:59.026+0000] {processor.py:161} INFO - Started process (PID=283) to work on /opt/airflow/dags/f1_pipeline_dag.py
[2026-10-05T17:09:59.027+0000] {processor.py:830} INFO - Processing file /opt/airflow/dags/f1_pipeline_dag.py for tasks to queue
[2026-10-05T17:09:59.028+0000] {logging_mixin.py:188} INFO - [2026-10-05T17:09:59.028+0000] {dagbag.py:545} INFO - Filling up the DagBag from /opt/airflow/dags/f1_pipeline_dag.py
[2026-10-05T17:09:59.042+0000] {processor.py:840} INFO - DAG(s) 'f1_data_analytics' retrieved from /opt/airflow/dags/f1_pipeline_dag.py
[2026-10-05T17:09:59.092+0000] {logging_mixin.py:188} INFO - [2026-10-05T17:09:59.092+0000] {dag.py:3096} INFO - Sync 1 DAGs
[2026-10-05T17:09:59.099+0000] {logging_mixin.py:188} INFO - [2026-10-05T17:09:59.099+0000] {dag.py:3954} INFO - Setting next_dagrun for f1_data_analytics to None, run_after=None
[2026-10-05T17:09:59.114+0000] {processor.py:183} INFO - Processing /opt/airflow/dags/f1_pipeline_dag.py took 0.098 seconds
[2026-10-05T17:10:29.329+0000] {processor.py:161} INFO - Started process (PID=284) to work on /opt/airflow/dags/f1_pipeline_dag.py
[2026-10-05T17:10:29.338+0000] {processor.py:830} INFO - Processing file /opt/airflow/dags/f1_pipeline_dag.py for tasks to queue
[2026-10-05T17:10:29.339+0000] {logging_mixin.py:188} INFO - [2026-10-05T17:10:29.339+0000] {dagbag.py:545} INFO - Filling up the DagBag from /opt/airflow/dags/f1_pipeline_dag.py
[2026-10-05T17:10:29.353+0000] {processor.py:840} INFO - DAG(s) 'f1_data_analytics' retrieved from /opt/airflow/dags/f1_pipeline_dag.py
[2026-10-05T17:10:29.405+0000] {logging_mixin.py:188} INFO - [2026-10-05T17:10:29.405+0000] {dag.py:3096} INFO - Sync 1 DAGs
[2026-10-05T17:10:29.412+0000] {logging_mixin.py:188} INFO - [2026-10-05T17:10:29.412+0000] {dag.py:3954} INFO - Setting next_dagrun for f1_data_analytics to None, run_after=None
[2026-10-05T17:10:29.426+0000] {processor.py:183} INFO - Processing /opt/airflow/dags/f1_pipeline_dag.py took 0.106 seconds
[2026-10-05T17:10:59.634+0000] {processor.py:161} INFO - Started process (PID=285) to work on /opt/airflow/dags/f1_pipeline_dag.py
[2026-10-05T17:10:59.636+0000] {processor.py:830} INFO - Processing file /opt/airflow/dags/f1_pipeline_dag.py for tasks to queue
[2026-10-05T17:10:59.637+0000] {logging_mixin.py:188} INFO - [2026-10-05T17:10:59.636+0000] {dagbag.py:545} INFO - Filling up the DagBag from /opt/airflow/dags/f1_pipeline_dag.py
[2026-10-05T17:10:59.651+0000] {processor.py:840} INFO - DAG(s) 'f1_data_analytics' retrieved from /opt/airflow/dags/f1_pipeline_dag.py
[2026-10-05T17:10:59.700+0000] {logging_mixin.py:188} INFO - [2026-10-05T17:10:59.700+0000] {dag.py:3096} INFO - Sync 1 DAGs
[2026-10-05T17:10:59.707+0000] {logging_mixin.py:188} INFO - [2026-10-05T17:10:59.707+0000] {dag.py:3954} INFO - Setting next_dagrun for f1_data_analytics to None, run_after=None
[2026-10-05T17:10:59.722+0000] {processor.py:183} INFO - Processing /opt/airflow/dags/f1_pipeline_dag.py took 0.098 seconds
[2026-10-05T17:11:29.937+0000] {processor.py:161} INFO - Started process (PID=286) to work on /opt/airflow/dags/f1_pipeline_dag.py
[2026-10-05T17:11:29.946+0000] {processor.py:830} INFO - Processing file /opt/airflow/dags/f1_pipeline_dag.py for tasks to queue
[2026-10-05T17:11:29.947+0000] {logging_mixin.py:188} INFO - [2026-10-05T17:11:29.947+0000] {dagbag.py:545} INFO - Filling up the DagBag from /opt/airflow/dags/f1_pipeline_dag.py
[2026-10-05T17:11:29.961+0000] {processor.py:840} INFO - DAG(s) 'f1_data_analytics' retrieved from /opt/airflow/dags/f1_pipeline_dag.py
[2026-10-05T17:11:30.012+0000] {logging_mixin.py:188} INFO - [2026-10-05T17:11:30.011+0000] {dag.py:3096} INFO - Sync 1 DAGs
[2026-10-05T17:11:30.019+0000] {logging_mixin.py:188} INFO - [2026-10-05T17:11:30.019+0000] {dag.py:3954} INFO - Setting next_dagrun for f1_data_analytics to None, run_after=None
[2026-10-05T17:11:30.035+0000] {processor.py:183} INFO - Processing /opt/airflow/dags/f1_pipeline_dag.py took 0.107 seconds
[2026-10-05T17:12:00.241+0000] {processor.py:161} INFO - Started process (PID=287) to work on /opt/airflow/dags/f1_pipeline_dag.py
[2026-10-05T17:12:00.242+0000] {processor.py:830} INFO - Processing file /opt/airflow/dags/f1_pipeline_dag.py for tasks to queue
[2026-10-05T17:12:00.244+0000] {logging_mixin.py:188} INFO - [2026-10-05T17:12:00.243+0000] {dagbag.py:545} INFO - Filling up the DagBag from /opt/airflow/dags/f1_pipeline_dag.py
[2026-10-05T17:12:00.258+0000] {processor.py:840} INFO - DAG(s) 'f1_data_analytics' retrieved from /opt/airflow/dags/f1_pipeline_dag.py
[2026-10-05T17:12:00.307+0000] {logging_mixin.py:188} INFO - [2026-10-05T17:12:00.307+0000] {dag.py:3096} INFO - Sync 1 DAGs
[2026-10-05T17:12:00.315+0000] {logging_mixin.py:188} INFO - [2026-10-05T17:12:00.315+0000] {dag.py:3954} INFO - Setting next_dagrun for f1_data_analytics to None, run_after=None
[2026-10-05T17:12:00.330+0000] {processor.py:183} INFO - Processing /opt/airflow/dags/f1_pipeline_dag.py took 0.098 seconds
[2026-10-05T17:12:30.552+0000] {processor.py:161} INFO - Started process (PID=288) to work on /opt/airflow/dags/f1_pipeline_dag.py
[2026-10-05T17:12:30.561+0000] {processor.py:830} INFO - Processing file /opt/airflow/dags/f1_pipeline_dag.py for tasks to queue
[2026-10-05T17:12:30.563+0000] {logging_mixin.py:188} INFO - [2026-10-05T17:12:30.562+0000] {dagbag.py:545} INFO - Filling up the DagBag from /opt/airflow/dags/f1_pipeline_dag.py
[2026-10-05T17:12:30.578+0000] {processor.py:840} INFO - DAG(s) 'f1_data_analytics' retrieved from /opt/airflow/dags/f1_pipeline_dag.py
[2026-10-05T17:12:30.625+0000] {logging_mixin.py:188} INFO - [2026-10-05T17:12:30.625+0000] {dag.py:3096} INFO - Sync 1 DAGs
[2026-10-05T17:12:30.633+0000] {logging_mixin.py:188} INFO - [2026-10-05T17:12:30.633+0000] {dag.py:3954} INFO - Setting next_dagrun for f1_data_analytics to None, run_after=None
[2026-10-05T17:12:30.649+0000] {processor.py:183} INFO - Processing /opt/airflow/dags/f1_pipeline_dag.py took 0.108 seconds
[2026-10-05T17:13:00.838+0000] {processor.py:161} INFO - Started process (PID=289) to work on /opt/airflow/dags/f1_pipeline_dag.py
[2026-10-05T17:13:00.839+0000] {processor.py:830} INFO - Processing file /opt/airflow/dags/f1_pipeline_dag.py for tasks to queue
[2026-10-05T17:13:00.840+0000] {logging_mixin.py:188} INFO - [2026-10-05T17:13:00.840+0000] {dagbag.py:545} INFO - Filling up the DagBag from /opt/airflow/dags/f1_pipeline_dag.py
[2026-10-05T17:13:00.849+0000] {processor.py:840} INFO - DAG(s) 'f1_data_analytics' retrieved from /opt/airflow/dags/f1_pipeline_dag.py
[2026-10-05T17:13:00.879+0000] {logging_mixin.py:188} INFO - [2026-10-05T17:13:00.879+0000] {dag.py:3096} INFO - Sync 1 DAGs
[2026-10-05T17:13:00.889+0000] {logging_mixin.py:188} INFO - [2026-10-05T17:13:00.888+0000] {dag.py:3954} INFO - Setting next_dagrun for f1_data_analytics to None, run_after=None
[2026-10-05T17:13:00.904+0000] {processor.py:183} INFO - Processing /opt/airflow/dags/f1_pipeline_dag.py took 0.071 seconds
[2026-10-05T17:13:31.031+0000] {processor.py:161} INFO - Started process (PID=290) to work on /opt/airflow/dags/f1_pipeline_dag.py
[2026-10-05T17:13:31.034+0000] {processor.py:830} INFO - Processing file /opt/airflow/dags/f1_pipeline_dag.py for tasks to queue
[2026-10-05T17:13:31.035+0000] {logging_mixin.py:188} INFO - [2026-10-05T17:13:31.035+0000] {dagbag.py:545} INFO - Filling up the DagBag from /opt/airflow/dags/f1_pipeline_dag.py
[2026-10-05T17:13:31.048+0000] {processor.py:840} INFO - DAG(s) 'f1_data_analytics' retrieved from /opt/airflow/dags/f1_pipeline_dag.py
[2026-10-05T17:13:31.098+0000] {logging_mixin.py:188} INFO - [2026-10-05T17:13:31.098+0000] {dag.py:3096} INFO - Sync 1 DAGs
[2026-10-05T17:13:31.106+0000] {logging_mixin.py:188} INFO - [2026-10-05T17:13:31.106+0000] {dag.py:3954} INFO - Setting next_dagrun for f1_data_analytics to None, run_after=None
[2026-10-05T17:13:31.122+0000] {processor.py:183} INFO - Processing /opt/airflow/dags/f1_pipeline_dag.py took 0.100 seconds
[2026-10-05T17:14:01.328+0000] {processor.py:161} INFO - Started process (PID=291) to work on /opt/airflow/dags/f1_pipeline_dag.py
[2026-10-05T17:14:01.329+0000] {processor.py:830} INFO - Processing file /opt/airflow/dags/f1_pipeline_dag.py for tasks to queue
[2026-10-05T17:14:01.331+0000] {logging_mixin.py:188} INFO - [2026-10-05T17:14:01.330+0000] {dagbag.py:545} INFO - Filling up the DagBag from /opt/airflow/dags/f1_pipeline_dag.py
[2026-10-05T17:14:01.344+0000] {processor.py:840} INFO - DAG(s) 'f1_data_analytics' retrieved from /opt/airflow/dags/f1_pipeline_dag.py
[2026-10-05T17:14:01.393+0000] {logging_mixin.py:188} INFO - [2026-10-05T17:14:01.393+0000] {dag.py:3096} INFO - Sync 1 DAGs
[2026-10-05T17:14:01.401+0000] {logging_mixin.py:188} INFO - [2026-10-05T17:14:01.401+0000] {dag.py:3954} INFO - Setting next_dagrun for f1_data_analytics to None, run_after=None
[2026-10-05T17:14:01.416+0000] {processor.py:183} INFO - Processing /opt/airflow/dags/f1_pipeline_dag.py took 0.097 seconds
[2026-10-05T17:14:31.646+0000] {processor.py:161} INFO - Started process (PID=292) to work on /opt/airflow/dags/f1_pipeline_dag.py
[2026-10-05T17:14:31.649+0000] {processor.py:830} INFO - Processing file /opt/airflow/dags/f1_pipeline_dag.py for tasks to queue
[2026-10-05T17:14:31.651+0000] {logging_mixin.py:188} INFO - [2026-10-05T17:14:31.650+0000] {dagbag.py:545} INFO - Filling up the DagBag from /opt/airflow/dags/f1_pipeline_dag.py
[2026-10-05T17:14:31.663+0000] {processor.py:840} INFO - DAG(s) 'f1_data_analytics' retrieved from /opt/airflow/dags/f1_pipeline_dag.py
[2026-10-05T17:14:31.713+0000] {logging_mixin.py:188} INFO - [2026-10-05T17:14:31.713+0000] {dag.py:3096} INFO - Sync 1 DAGs
[2026-10-05T17:14:31.721+0000] {logging_mixin.py:188} INFO - [2026-10-05T17:14:31.721+0000] {dag.py:3954} INFO - Setting next_dagrun for f1_data_analytics to None, run_after=None
[2026-10-05T17:14:31.737+0000] {processor.py:183} INFO - Processing /opt/airflow/dags/f1_pipeline_dag.py took 0.101 seconds
[2026-10-05T17:15:01.940+0000] {processor.py:161} INFO - Started process (PID=293) to work on /opt/airflow/dags/f1_pipeline_dag.py
[2026-10-05T17:15:01.942+0000] {processor.py:830} INFO - Processing file /opt/airflow/dags/f1_pipeline_dag.py for tasks to queue
[2026-10-05T17:15:01.943+0000] {logging_mixin.py:188} INFO - [2026-10-05T17:15:01.943+0000] {dagbag.py:545} INFO - Filling up the DagBag from /opt/airflow/dags/f1_pipeline_dag.py
[2026-10-05T17:15:01.957+0000] {processor.py:840} INFO - DAG(s) 'f1_data_analytics' retrieved from /opt/airflow/dags/f1_pipeline_dag.py
[2026-10-05T17:15:02.006+0000] {logging_mixin.py:188} INFO - [2026-10-05T17:15:02.006+0000] {dag.py:3096} INFO - Sync 1 DAGs
[2026-10-05T17:15:02.014+0000] {logging_mixin.py:188} INFO - [2026-10-05T17:15:02.014+0000] {dag.py:3954} INFO - Setting next_dagrun for f1_data_analytics to None, run_after=None
[2026-10-05T17:15:02.028+0000] {processor.py:183} INFO - Processing /opt/airflow/dags/f1_pipeline_dag.py took 0.098 seconds
[2026-10-05T17:15:32.242+0000] {processor.py:161} INFO - Started process (PID=294) to work on /opt/airflow/dags/f1_pipeline_dag.py
[2026-10-05T17:15:32.245+0000] {processor.py:830} INFO - Processing file /opt/airflow/dags/f1_pipeline_dag.py for tasks to queue
[2026-10-05T17:15:32.247+0000] {logging_mixin.py:188} INFO - [2026-10-05T17:15:32.246+0000] {dagbag.py:545} INFO - Filling up the DagBag from /opt/airflow/dags/f1_pipeline_dag.py
[2026-10-05T17:15:32.260+0000] {processor.py:840} INFO - DAG(s) 'f1_data_analytics' retrieved from /opt/airflow/dags/f1_pipeline_dag.py
[2026-10-05T17:15:32.307+0000] {logging_mixin.py:188} INFO - [2026-10-05T17:15:32.306+0000] {dag.py:3096} INFO - Sync 1 DAGs
[2026-10-05T17:15:32.315+0000] {logging_mixin.py:188} INFO - [2026-10-05T17:15:32.315+0000] {dag.py:3954} INFO - Setting next_dagrun for f1_data_analytics to None, run_after=None
[2026-10-05T17:15:32.329+0000] {processor.py:183} INFO - Processing /opt/airflow/dags/f1_pipeline_dag.py took 0.097 seconds
[2026-10-05T17:16:02.537+0000] {processor.py:161} INFO - Started process (PID=295) to work on /opt/airflow/dags/f1_pipeline_dag.py
[2026-10-05T17:16:02.538+0000] {processor.py:830} INFO - Processing file /opt/airflow/dags/f1_pipeline_dag.py for tasks to queue
[2026-10-05T17:16:02.539+0000] {logging_mixin.py:188} INFO - [2026-10-05T17:16:02.538+0000] {dagbag.py:545} INFO - Filling up the DagBag from /opt/airflow/dags/f1_pipeline_dag.py
[2026-10-05T17:16:02.545+0000] {processor.py:840} INFO - DAG(s) 'f1_data_analytics' retrieved from /opt/airflow/dags/f1_pipeline_dag.py
[2026-10-05T17:16:02.577+0000] {logging_mixin.py:188} INFO - [2026-10-05T17:16:02.577+0000] {dag.py:3096} INFO - Sync 1 DAGs
[2026-10-05T17:16:02.589+0000] {logging_mixin.py:188} INFO - [2026-10-05T17:16:02.589+0000] {dag.py:3954} INFO - Setting next_dagrun for f1_data_analytics to None, run_after=None
[2026-10-05T17:16:02.606+0000] {processor.py:183} INFO - Processing /opt/airflow/dags/f1_pipeline_dag.py took 0.073 seconds
[2026-10-05T17:16:32.747+0000] {processor.py:161} INFO - Started process (PID=296) to work on /opt/airflow/dags/f1_pipeline_dag.py
[2026-10-05T17:16:32.750+0000] {processor.py:830} INFO - Processing file /opt/airflow/dags/f1_pipeline_dag.py for tasks to queue
[2026-10-05T17:16:32.752+0000] {logging_mixin.py:188} INFO - [2026-10-05T17:16:32.751+0000] {dagbag.py:545} INFO - Filling up the DagBag from /opt/airflow/dags/f1_pipeline_dag.py
[2026-10-05T17:16:32.767+0000] {processor.py:840} INFO - DAG(s) 'f1_data_analytics' retrieved from /opt/airflow/dags/f1_pipeline_dag.py
[2026-10-05T17:16:32.815+0000] {logging_mixin.py:188} INFO - [2026-10-05T17:16:32.815+0000] {dag.py:3096} INFO - Sync 1 DAGs
[2026-10-05T17:16:32.822+0000] {logging_mixin.py:188} INFO - [2026-10-05T17:16:32.822+0000] {dag.py:3954} INFO - Setting next_dagrun for f1_data_analytics to None, run_after=None
[2026-10-05T17:16:32.840+0000] {processor.py:183} INFO - Processing /opt/airflow/dags/f1_pipeline_dag.py took 0.103 seconds
[2026-10-05T17:17:03.057+0000] {processor.py:161} INFO - Started process (PID=297) to work on /opt/airflow/dags/f1_pipeline_dag.py
[2026-10-05T17:17:03.058+0000] {processor.py:830} INFO - Processing file /opt/airflow/dags/f1_pipeline_dag.py for tasks to queue
[2026-10-05T17:17:03.060+0000] {logging_mixin.py:188} INFO - [2026-10-05T17:17:03.059+0000] {dagbag.py:545} INFO - Filling up the DagBag from /opt/airflow/dags/f1_pipeline_dag.py
[2026-10-05T17:17:03.074+0000] {processor.py:840} INFO - DAG(s) 'f1_data_analytics' retrieved from /opt/airflow/dags/f1_pipeline_dag.py
[2026-10-05T17:17:03.121+0000] {logging_mixin.py:188} INFO - [2026-10-05T17:17:03.120+0000] {dag.py:3096} INFO - Sync 1 DAGs
[2026-10-05T17:17:03.130+0000] {logging_mixin.py:188} INFO - [2026-10-05T17:17:03.129+0000] {dag.py:3954} INFO - Setting next_dagrun for f1_data_analytics to None, run_after=None
[2026-10-05T17:17:03.145+0000] {processor.py:183} INFO - Processing /opt/airflow/dags/f1_pipeline_dag.py took 0.097 seconds
[2026-10-05T17:17:33.361+0000] {processor.py:161} INFO - Started process (PID=298) to work on /opt/airflow/dags/f1_pipeline_dag.py
[2026-10-05T17:17:33.364+0000] {processor.py:830} INFO - Processing file /opt/airflow/dags/f1_pipeline_dag.py for tasks to queue
[2026-10-05T17:17:33.366+0000] {logging_mixin.py:188} INFO - [2026-10-05T17:17:33.365+0000] {dagbag.py:545} INFO - Filling up the DagBag from /opt/airflow/dags/f1_pipeline_dag.py
[2026-10-05T17:17:33.379+0000] {processor.py:840} INFO - DAG(s) 'f1_data_analytics' retrieved from /opt/airflow/dags/f1_pipeline_dag.py
[2026-10-05T17:17:33.428+0000] {logging_mixin.py:188} INFO - [2026-10-05T17:17:33.428+0000] {dag.py:3096} INFO - Sync 1 DAGs
[2026-10-05T17:17:33.436+0000] {logging_mixin.py:188} INFO - [2026-10-05T17:17:33.436+0000] {dag.py:3954} INFO - Setting next_dagrun for f1_data_analytics to None, run_after=None
[2026-10-05T17:17:33.452+0000] {processor.py:183} INFO - Processing /opt/airflow/dags/f1_pipeline_dag.py took 0.101 seconds
[2026-10-05T17:18:03.667+0000] {processor.py:161} INFO - Started process (PID=299) to work on /opt/airflow/dags/f1_pipeline_dag.py
[2026-10-05T17:18:03.668+0000] {processor.py:830} INFO - Processing file /opt/airflow/dags/f1_pipeline_dag.py for tasks to queue
[2026-10-05T17:18:03.669+0000] {logging_mixin.py:188} INFO - [2026-10-05T17:18:03.669+0000] {dagbag.py:545} INFO - Filling up the DagBag from /opt/airflow/dags/f1_pipeline_dag.py
[2026-10-05T17:18:03.683+0000] {processor.py:840} INFO - DAG(s) 'f1_data_analytics' retrieved from /opt/airflow/dags/f1_pipeline_dag.py
[2026-10-05T17:18:03.730+0000] {logging_mixin.py:188} INFO - [2026-10-05T17:18:03.730+0000] {dag.py:3096} INFO - Sync 1 DAGs
[2026-10-05T17:18:03.738+0000] {logging_mixin.py:188} INFO - [2026-10-05T17:18:03.738+0000] {dag.py:3954} INFO - Setting next_dagrun for f1_data_analytics to None, run_after=None
[2026-10-05T17:18:03.752+0000] {processor.py:183} INFO - Processing /opt/airflow/dags/f1_pipeline_dag.py took 0.095 seconds
[2026-10-05T17:18:33.862+0000] {processor.py:161} INFO - Started process (PID=300) to work on /opt/airflow/dags/f1_pipeline_dag.py
[2026-10-05T17:18:33.870+0000] {processor.py:830} INFO - Processing file /opt/airflow/dags/f1_pipeline_dag.py for tasks to queue
[2026-10-05T17:18:33.872+0000] {logging_mixin.py:188} INFO - [2026-10-05T17:18:33.871+0000] {dagbag.py:545} INFO - Filling up the DagBag from /opt/airflow/dags/f1_pipeline_dag.py
[2026-10-05T17:18:33.886+0000] {processor.py:840} INFO - DAG(s) 'f1_data_analytics' retrieved from /opt/airflow/dags/f1_pipeline_dag.py
[2026-10-05T17:18:33.937+0000] {logging_mixin.py:188} INFO - [2026-10-05T17:18:33.936+0000] {dag.py:3096} INFO - Sync 1 DAGs
[2026-10-05T17:18:33.944+0000] {logging_mixin.py:188} INFO - [2026-10-05T17:18:33.944+0000] {dag.py:3954} INFO - Setting next_dagrun for f1_data_analytics to None, run_after=None
[2026-10-05T17:18:33.959+0000] {processor.py:183} INFO - Processing /opt/airflow/dags/f1_pipeline_dag.py took 0.106 seconds
[2026-10-05T17:19:04.173+0000] {processor.py:161} INFO - Started process (PID=301) to work on /opt/airflow/dags/f1_pipeline_dag.py
[2026-10-05T17:19:04.174+0000] {processor.py:830} INFO - Processing file /opt/airflow/dags/f1_pipeline_dag.py for tasks to queue
[2026-10-05T17:19:04.175+0000] {logging_mixin.py:188} INFO - [2026-10-05T17:19:04.175+0000] {dagbag.py:545} INFO - Filling up the DagBag from /opt/airflow/dags/f1_pipeline_dag.py
[2026-10-05T17:19:04.188+0000] {processor.py:840} INFO - DAG(s) 'f1_data_analytics' retrieved from /opt/airflow/dags/f1_pipeline_dag.py
[2026-10-05T17:19:04.237+0000] {logging_mixin.py:188} INFO - [2026-10-05T17:19:04.237+0000] {dag.py:3096} INFO - Sync 1 DAGs
[2026-10-05T17:19:04.245+0000] {logging_mixin.py:188} INFO - [2026-10-05T17:19:04.244+0000] {dag.py:3954} INFO - Setting next_dagrun for f1_data_analytics to None, run_after=None
[2026-10-05T17:19:04.261+0000] {processor.py:183} INFO - Processing /opt/airflow/dags/f1_pipeline_dag.py took 0.096 seconds
[2026-10-05T17:19:34.472+0000] {processor.py:161} INFO - Started process (PID=302) to work on /opt/airflow/dags/f1_pipeline_dag.py
[2026-10-05T17:19:34.477+0000] {processor.py:830} INFO - Processing file /opt/airflow/dags/f1_pipeline_dag.py for tasks to queue
[2026-10-05T17:19:34.478+0000] {logging_mixin.py:188} INFO - [2026-10-05T17:19:34.478+0000] {dagbag.py:545} INFO - Filling up the DagBag from /opt/airflow/dags/f1_pipeline_dag.py
[2026-10-05T17:19:34.492+0000] {processor.py:840} INFO - DAG(s) 'f1_data_analytics' retrieved from /opt/airflow/dags/f1_pipeline_dag.py
[2026-10-05T17:19:34.540+0000] {logging_mixin.py:188} INFO - [2026-10-05T17:19:34.540+0000] {dag.py:3096} INFO - Sync 1 DAGs
[2026-10-05T17:19:34.548+0000] {logging_mixin.py:188} INFO - [2026-10-05T17:19:34.547+0000] {dag.py:3954} INFO - Setting next_dagrun for f1_data_analytics to None, run_after=None
[2026-10-05T17:19:34.562+0000] {processor.py:183} INFO - Processing /opt/airflow/dags/f1_pipeline_dag.py took 0.099 seconds
[2026-10-05T17:20:04.774+0000] {processor.py:161} INFO - Started process (PID=303) to work on /opt/airflow/dags/f1_pipeline_dag.py
[2026-10-05T17:20:04.776+0000] {processor.py:830} INFO - Processing file /opt/airflow/dags/f1_pipeline_dag.py for tasks to queue
[2026-10-05T17:20:04.777+0000] {logging_mixin.py:188} INFO - [2026-10-05T17:20:04.777+0000] {dagbag.py:545} INFO - Filling up the DagBag from /opt/airflow/dags/f1_pipeline_dag.py
[2026-10-05T17:20:04.791+0000] {processor.py:840} INFO - DAG(s) 'f1_data_analytics' retrieved from /opt/airflow/dags/f1_pipeline_dag.py
[2026-10-05T17:20:04.828+0000] {logging_mixin.py:188} INFO - [2026-10-05T17:20:04.828+0000] {dag.py:3096} INFO - Sync 1 DAGs
[2026-10-05T17:20:04.836+0000] {logging_mixin.py:188} INFO - [2026-10-05T17:20:04.836+0000] {dag.py:3954} INFO - Setting next_dagrun for f1_data_analytics to None, run_after=None
[2026-10-05T17:20:04.850+0000] {processor.py:183} INFO - Processing /opt/airflow/dags/f1_pipeline_dag.py took 0.085 seconds
[2026-10-05T17:20:34.950+0000] {processor.py:161} INFO - Started process (PID=304) to work on /opt/airflow/dags/f1_pipeline_dag.py
[2026-10-05T17:20:34.958+0000] {processor.py:830} INFO - Processing file /opt/airflow/dags/f1_pipeline_dag.py for tasks to queue
[2026-10-05T17:20:34.960+0000] {logging_mixin.py:188} INFO - [2026-10-05T17:20:34.959+0000] {dagbag.py:545} INFO - Filling up the DagBag from /opt/airflow/dags/f1_pipeline_dag.py
[2026-10-05T17:20:34.974+0000] {processor.py:840} INFO - DAG(s) 'f1_data_analytics' retrieved from /opt/airflow/dags/f1_pipeline_dag.py
[2026-10-05T17:20:35.024+0000] {logging_mixin.py:188} INFO - [2026-10-05T17:20:35.023+0000] {dag.py:3096} INFO - Sync 1 DAGs
[2026-10-05T17:20:35.031+0000] {logging_mixin.py:188} INFO - [2026-10-05T17:20:35.031+0000] {dag.py:3954} INFO - Setting next_dagrun for f1_data_analytics to None, run_after=None
[2026-10-05T17:20:35.048+0000] {processor.py:183} INFO - Processing /opt/airflow/dags/f1_pipeline_dag.py took 0.107 seconds
[2026-10-05T17:21:05.252+0000] {processor.py:161} INFO - Started process (PID=305) to work on /opt/airflow/dags/f1_pipeline_dag.py
[2026-10-05T17:21:05.253+0000] {processor.py:830} INFO - Processing file /opt/airflow/dags/f1_pipeline_dag.py for tasks to queue
[2026-10-05T17:21:05.254+0000] {logging_mixin.py:188} INFO - [2026-10-05T17:21:05.254+0000] {dagbag.py:545} INFO - Filling up the DagBag from /opt/airflow/dags/f1_pipeline_dag.py
[2026-10-05T17:21:05.268+0000] {processor.py:840} INFO - DAG(s) 'f1_data_analytics' retrieved from /opt/airflow/dags/f1_pipeline_dag.py
[2026-10-05T17:21:05.318+0000] {logging_mixin.py:188} INFO - [2026-10-05T17:21:05.318+0000] {dag.py:3096} INFO - Sync 1 DAGs
[2026-10-05T17:21:05.327+0000] {logging_mixin.py:188} INFO - [2026-10-05T17:21:05.326+0000] {dag.py:3954} INFO - Setting next_dagrun for f1_data_analytics to None, run_after=None
[2026-10-05T17:21:05.340+0000] {processor.py:183} INFO - Processing /opt/airflow/dags/f1_pipeline_dag.py took 0.098 seconds
[2026-10-05T17:21:53.165+0000] {processor.py:161} INFO - Started process (PID=355) to work on /opt/airflow/dags/f1_pipeline_dag.py
[2026-10-05T17:21:53.168+0000] {processor.py:830} INFO - Processing file /opt/airflow/dags/f1_pipeline_dag.py for tasks to queue
[2026-10-05T17:21:53.170+0000] {logging_mixin.py:188} INFO - [2026-10-05T17:21:53.169+0000] {dagbag.py:545} INFO - Filling up the DagBag from /opt/airflow/dags/f1_pipeline_dag.py
[2026-10-05T17:21:53.183+0000] {processor.py:840} INFO - DAG(s) 'f1_data_analytics' retrieved from /opt/airflow/dags/f1_pipeline_dag.py
[2026-10-05T17:21:53.224+0000] {logging_mixin.py:188} INFO - [2026-10-05T17:21:53.224+0000] {dag.py:3096} INFO - Sync 1 DAGs
[2026-10-05T17:21:53.232+0000] {logging_mixin.py:188} INFO - [2026-10-05T17:21:53.232+0000] {dag.py:3954} INFO - Setting next_dagrun for f1_data_analytics to None, run_after=None
[2026-10-05T17:21:53.246+0000] {processor.py:183} INFO - Processing /opt/airflow/dags/f1_pipeline_dag.py took 0.090 seconds
[2026-10-05T17:22:23.407+0000] {processor.py:161} INFO - Started process (PID=365) to work on /opt/airflow/dags/f1_pipeline_dag.py
[2026-10-05T17:22:23.407+0000] {processor.py:830} INFO - Processing file /opt/airflow/dags/f1_pipeline_dag.py for tasks to queue
[2026-10-05T17:22:23.408+0000] {logging_mixin.py:188} INFO - [2026-10-05T17:22:23.408+0000] {dagbag.py:545} INFO - Filling up the DagBag from /opt/airflow/dags/f1_pipeline_dag.py
[2026-10-05T17:22:23.415+0000] {processor.py:840} INFO - DAG(s) 'f1_data_analytics' retrieved from /opt/airflow/dags/f1_pipeline_dag.py
[2026-10-05T17:22:23.457+0000] {logging_mixin.py:188} INFO - [2026-10-05T17:22:23.457+0000] {dag.py:3096} INFO - Sync 1 DAGs
[2026-10-05T17:22:23.466+0000] {logging_mixin.py:188} INFO - [2026-10-05T17:22:23.465+0000] {dag.py:3954} INFO - Setting next_dagrun for f1_data_analytics to None, run_after=None
[2026-10-05T17:22:23.480+0000] {processor.py:183} INFO - Processing /opt/airflow/dags/f1_pipeline_dag.py took 0.079 seconds
[2026-10-05T17:22:40.757+0000] {processor.py:161} INFO - Started process (PID=366) to work on /opt/airflow/dags/f1_pipeline_dag.py
[2026-10-05T17:22:40.760+0000] {processor.py:830} INFO - Processing file /opt/airflow/dags/f1_pipeline_dag.py for tasks to queue
[2026-10-05T17:22:40.762+0000] {logging_mixin.py:188} INFO - [2026-10-05T17:22:40.761+0000] {dagbag.py:545} INFO - Filling up the DagBag from /opt/airflow/dags/f1_pipeline_dag.py
[2026-10-05T17:22:40.777+0000] {logging_mixin.py:188} INFO - [2026-10-05T17:22:40.774+0000] {dagbag.py:355} ERROR - Failed to import: /opt/airflow/dags/f1_pipeline_dag.py
Traceback (most recent call last):
  File "/home/airflow/.local/lib/python3.11/site-packages/airflow/models/dagbag.py", line 351, in parse
    loader.exec_module(new_module)
  File "<frozen importlib._bootstrap_external>", line 940, in exec_module
  File "<frozen importlib._bootstrap>", line 241, in _call_with_frames_removed
  File "/opt/airflow/dags/f1_pipeline_dag.py", line 95, in <module>
    f1_pipeline = telemetry_pipeline()
          ^^^^^^^^^^^^^^^^^^^^
  File "/home/airflow/.local/lib/python3.11/site-packages/airflow/models/dag.py", line 4081, in factory
    f(**f_kwargs)
  File "/opt/airflow/dags/f1_pipeline_dag.py", line 94, in telemetry_pipeline
    validate_data() >> fetching >> check_db_alive >> silver_script() >> middle_scripts_sensor >> gold_script()
                                   ^^^^^^^^^^^^^^
NameError: name 'check_db_alive' is not defined
[2026-10-05T17:22:40.778+0000] {processor.py:842} WARNING - No viable dags retrieved from /opt/airflow/dags/f1_pipeline_dag.py
[2026-10-05T17:22:40.800+0000] {processor.py:183} INFO - Processing /opt/airflow/dags/f1_pipeline_dag.py took 0.052 seconds
[2026-10-05T17:23:04.975+0000] {processor.py:161} INFO - Started process (PID=367) to work on /opt/airflow/dags/f1_pipeline_dag.py
[2026-10-05T17:23:04.977+0000] {processor.py:830} INFO - Processing file /opt/airflow/dags/f1_pipeline_dag.py for tasks to queue
[2026-10-05T17:23:04.978+0000] {logging_mixin.py:188} INFO - [2026-10-05T17:23:04.978+0000] {dagbag.py:545} INFO - Filling up the DagBag from /opt/airflow/dags/f1_pipeline_dag.py
[2026-10-05T17:23:04.993+0000] {processor.py:840} INFO - DAG(s) 'f1_data_analytics' retrieved from /opt/airflow/dags/f1_pipeline_dag.py
[2026-10-05T17:23:05.100+0000] {logging_mixin.py:188} INFO - [2026-10-05T17:23:05.100+0000] {dag.py:3096} INFO - Sync 1 DAGs
[2026-10-05T17:23:05.106+0000] {logging_mixin.py:188} INFO - [2026-10-05T17:23:05.106+0000] {dag.py:3954} INFO - Setting next_dagrun for f1_data_analytics to None, run_after=None
[2026-10-05T17:23:05.127+0000] {processor.py:183} INFO - Processing /opt/airflow/dags/f1_pipeline_dag.py took 0.162 seconds
[2026-10-05T17:23:43.477+0000] {processor.py:161} INFO - Started process (PID=416) to work on /opt/airflow/dags/f1_pipeline_dag.py
[2026-10-05T17:23:43.480+0000] {processor.py:830} INFO - Processing file /opt/airflow/dags/f1_pipeline_dag.py for tasks to queue
[2026-10-05T17:23:43.482+0000] {logging_mixin.py:188} INFO - [2026-10-05T17:23:43.481+0000] {dagbag.py:545} INFO - Filling up the DagBag from /opt/airflow/dags/f1_pipeline_dag.py
[2026-10-05T17:23:43.495+0000] {processor.py:840} INFO - DAG(s) 'f1_data_analytics' retrieved from /opt/airflow/dags/f1_pipeline_dag.py
[2026-10-05T17:23:43.542+0000] {logging_mixin.py:188} INFO - [2026-10-05T17:23:43.542+0000] {dag.py:3096} INFO - Sync 1 DAGs
[2026-10-05T17:23:43.550+0000] {logging_mixin.py:188} INFO - [2026-10-05T17:23:43.549+0000] {dag.py:3954} INFO - Setting next_dagrun for f1_data_analytics to None, run_after=None
[2026-10-05T17:23:43.564+0000] {processor.py:183} INFO - Processing /opt/airflow/dags/f1_pipeline_dag.py took 0.097 seconds
[2026-10-05T17:24:14.580+0000] {processor.py:161} INFO - Started process (PID=453) to work on /opt/airflow/dags/f1_pipeline_dag.py
[2026-10-05T17:24:14.582+0000] {processor.py:830} INFO - Processing file /opt/airflow/dags/f1_pipeline_dag.py for tasks to queue
[2026-10-05T17:24:14.583+0000] {logging_mixin.py:188} INFO - [2026-10-05T17:24:14.582+0000] {dagbag.py:545} INFO - Filling up the DagBag from /opt/airflow/dags/f1_pipeline_dag.py
[2026-10-05T17:24:14.595+0000] {processor.py:840} INFO - DAG(s) 'f1_data_analytics' retrieved from /opt/airflow/dags/f1_pipeline_dag.py
[2026-10-05T17:24:14.637+0000] {logging_mixin.py:188} INFO - [2026-10-05T17:24:14.637+0000] {dag.py:3096} INFO - Sync 1 DAGs
[2026-10-05T17:24:14.645+0000] {logging_mixin.py:188} INFO - [2026-10-05T17:24:14.644+0000] {dag.py:3954} INFO - Setting next_dagrun for f1_data_analytics to None, run_after=None
[2026-10-05T17:24:14.659+0000] {processor.py:183} INFO - Processing /opt/airflow/dags/f1_pipeline_dag.py took 0.087 seconds
[2026-10-05T17:24:45.712+0000] {processor.py:161} INFO - Started process (PID=454) to work on /opt/airflow/dags/f1_pipeline_dag.py
[2026-10-05T17:24:45.715+0000] {processor.py:830} INFO - Processing file /opt/airflow/dags/f1_pipeline_dag.py for tasks to queue
[2026-10-05T17:24:45.717+0000] {logging_mixin.py:188} INFO - [2026-10-05T17:24:45.716+0000] {dagbag.py:545} INFO - Filling up the DagBag from /opt/airflow/dags/f1_pipeline_dag.py
[2026-10-05T17:24:45.730+0000] {processor.py:840} INFO - DAG(s) 'f1_data_analytics' retrieved from /opt/airflow/dags/f1_pipeline_dag.py
[2026-10-05T17:24:45.777+0000] {logging_mixin.py:188} INFO - [2026-10-05T17:24:45.777+0000] {dag.py:3096} INFO - Sync 1 DAGs
[2026-10-05T17:24:45.786+0000] {logging_mixin.py:188} INFO - [2026-10-05T17:24:45.785+0000] {dag.py:3954} INFO - Setting next_dagrun for f1_data_analytics to None, run_after=None
[2026-10-05T17:24:45.800+0000] {processor.py:183} INFO - Processing /opt/airflow/dags/f1_pipeline_dag.py took 0.098 seconds
[2026-10-05T17:25:16.769+0000] {processor.py:161} INFO - Started process (PID=455) to work on /opt/airflow/dags/f1_pipeline_dag.py
[2026-10-05T17:25:16.770+0000] {processor.py:830} INFO - Processing file /opt/airflow/dags/f1_pipeline_dag.py for tasks to queue
[2026-10-05T17:25:16.770+0000] {logging_mixin.py:188} INFO - [2026-10-05T17:25:16.770+0000] {dagbag.py:545} INFO - Filling up the DagBag from /opt/airflow/dags/f1_pipeline_dag.py
[2026-10-05T17:25:16.777+0000] {processor.py:840} INFO - DAG(s) 'f1_data_analytics' retrieved from /opt/airflow/dags/f1_pipeline_dag.py
[2026-10-05T17:25:16.821+0000] {logging_mixin.py:188} INFO - [2026-10-05T17:25:16.820+0000] {dag.py:3096} INFO - Sync 1 DAGs
[2026-10-05T17:25:16.829+0000] {logging_mixin.py:188} INFO - [2026-10-05T17:25:16.829+0000] {dag.py:3954} INFO - Setting next_dagrun for f1_data_analytics to None, run_after=None
[2026-10-05T17:25:16.843+0000] {processor.py:183} INFO - Processing /opt/airflow/dags/f1_pipeline_dag.py took 0.079 seconds
[2026-10-05T17:25:46.918+0000] {processor.py:161} INFO - Started process (PID=456) to work on /opt/airflow/dags/f1_pipeline_dag.py
[2026-10-05T17:25:46.921+0000] {processor.py:830} INFO - Processing file /opt/airflow/dags/f1_pipeline_dag.py for tasks to queue
[2026-10-05T17:25:46.922+0000] {logging_mixin.py:188} INFO - [2026-10-05T17:25:46.922+0000] {dagbag.py:545} INFO - Filling up the DagBag from /opt/airflow/dags/f1_pipeline_dag.py
[2026-10-05T17:25:46.934+0000] {processor.py:840} INFO - DAG(s) 'f1_data_analytics' retrieved from /opt/airflow/dags/f1_pipeline_dag.py
[2026-10-05T17:25:46.983+0000] {logging_mixin.py:188} INFO - [2026-10-05T17:25:46.983+0000] {dag.py:3096} INFO - Sync 1 DAGs
[2026-10-05T17:25:46.991+0000] {logging_mixin.py:188} INFO - [2026-10-05T17:25:46.991+0000] {dag.py:3954} INFO - Setting next_dagrun for f1_data_analytics to None, run_after=None
[2026-10-05T17:25:47.006+0000] {processor.py:183} INFO - Processing /opt/airflow/dags/f1_pipeline_dag.py took 0.097 seconds
[2026-10-05T17:26:17.274+0000] {processor.py:161} INFO - Started process (PID=457) to work on /opt/airflow/dags/f1_pipeline_dag.py
[2026-10-05T17:26:17.276+0000] {processor.py:830} INFO - Processing file /opt/airflow/dags/f1_pipeline_dag.py for tasks to queue
[2026-10-05T17:26:17.277+0000] {logging_mixin.py:188} INFO - [2026-10-05T17:26:17.277+0000] {dagbag.py:545} INFO - Filling up the DagBag from /opt/airflow/dags/f1_pipeline_dag.py
[2026-10-05T17:26:17.290+0000] {processor.py:840} INFO - DAG(s) 'f1_data_analytics' retrieved from /opt/airflow/dags/f1_pipeline_dag.py
[2026-10-05T17:26:17.335+0000] {logging_mixin.py:188} INFO - [2026-10-05T17:26:17.335+0000] {dag.py:3096} INFO - Sync 1 DAGs
[2026-10-05T17:26:17.343+0000] {logging_mixin.py:188} INFO - [2026-10-05T17:26:17.343+0000] {dag.py:3954} INFO - Setting next_dagrun for f1_data_analytics to None, run_after=None
[2026-10-05T17:26:17.359+0000] {processor.py:183} INFO - Processing /opt/airflow/dags/f1_pipeline_dag.py took 0.094 seconds
[2026-10-05T17:26:47.518+0000] {processor.py:161} INFO - Started process (PID=458) to work on /opt/airflow/dags/f1_pipeline_dag.py
[2026-10-05T17:26:47.526+0000] {processor.py:830} INFO - Processing file /opt/airflow/dags/f1_pipeline_dag.py for tasks to queue
[2026-10-05T17:26:47.528+0000] {logging_mixin.py:188} INFO - [2026-10-05T17:26:47.527+0000] {dagbag.py:545} INFO - Filling up the DagBag from /opt/airflow/dags/f1_pipeline_dag.py
[2026-10-05T17:26:47.543+0000] {processor.py:840} INFO - DAG(s) 'f1_data_analytics' retrieved from /opt/airflow/dags/f1_pipeline_dag.py
[2026-10-05T17:26:47.593+0000] {logging_mixin.py:188} INFO - [2026-10-05T17:26:47.592+0000] {dag.py:3096} INFO - Sync 1 DAGs
[2026-10-05T17:26:47.600+0000] {logging_mixin.py:188} INFO - [2026-10-05T17:26:47.600+0000] {dag.py:3954} INFO - Setting next_dagrun for f1_data_analytics to None, run_after=None
[2026-10-05T17:26:47.623+0000] {processor.py:183} INFO - Processing /opt/airflow/dags/f1_pipeline_dag.py took 0.117 seconds
[2026-10-05T17:27:17.875+0000] {processor.py:161} INFO - Started process (PID=459) to work on /opt/airflow/dags/f1_pipeline_dag.py
[2026-10-05T17:27:17.876+0000] {processor.py:830} INFO - Processing file /opt/airflow/dags/f1_pipeline_dag.py for tasks to queue
[2026-10-05T17:27:17.878+0000] {logging_mixin.py:188} INFO - [2026-10-05T17:27:17.877+0000] {dagbag.py:545} INFO - Filling up the DagBag from /opt/airflow/dags/f1_pipeline_dag.py
[2026-10-05T17:27:17.890+0000] {processor.py:840} INFO - DAG(s) 'f1_data_analytics' retrieved from /opt/airflow/dags/f1_pipeline_dag.py
[2026-10-05T17:27:17.951+0000] {logging_mixin.py:188} INFO - [2026-10-05T17:27:17.950+0000] {dag.py:3096} INFO - Sync 1 DAGs
[2026-10-05T17:27:17.967+0000] {logging_mixin.py:188} INFO - [2026-10-05T17:27:17.967+0000] {dag.py:3954} INFO - Setting next_dagrun for f1_data_analytics to None, run_after=None
[2026-10-05T17:27:17.997+0000] {processor.py:183} INFO - Processing /opt/airflow/dags/f1_pipeline_dag.py took 0.132 seconds
[2026-10-05T17:27:48.228+0000] {processor.py:161} INFO - Started process (PID=460) to work on /opt/airflow/dags/f1_pipeline_dag.py
[2026-10-05T17:27:48.231+0000] {processor.py:830} INFO - Processing file /opt/airflow/dags/f1_pipeline_dag.py for tasks to queue
[2026-10-05T17:27:48.233+0000] {logging_mixin.py:188} INFO - [2026-10-05T17:27:48.232+0000] {dagbag.py:545} INFO - Filling up the DagBag from /opt/airflow/dags/f1_pipeline_dag.py
[2026-10-05T17:27:48.246+0000] {processor.py:840} INFO - DAG(s) 'f1_data_analytics' retrieved from /opt/airflow/dags/f1_pipeline_dag.py
[2026-10-05T17:27:48.290+0000] {logging_mixin.py:188} INFO - [2026-10-05T17:27:48.290+0000] {dag.py:3096} INFO - Sync 1 DAGs
[2026-10-05T17:27:48.298+0000] {logging_mixin.py:188} INFO - [2026-10-05T17:27:48.297+0000] {dag.py:3954} INFO - Setting next_dagrun for f1_data_analytics to None, run_after=None
[2026-10-05T17:27:48.314+0000] {processor.py:183} INFO - Processing /opt/airflow/dags/f1_pipeline_dag.py took 0.095 seconds
[2026-10-05T17:28:18.568+0000] {processor.py:161} INFO - Started process (PID=461) to work on /opt/airflow/dags/f1_pipeline_dag.py
[2026-10-05T17:28:18.569+0000] {processor.py:830} INFO - Processing file /opt/airflow/dags/f1_pipeline_dag.py for tasks to queue
[2026-10-05T17:28:18.571+0000] {logging_mixin.py:188} INFO - [2026-10-05T17:28:18.570+0000] {dagbag.py:545} INFO - Filling up the DagBag from /opt/airflow/dags/f1_pipeline_dag.py
[2026-10-05T17:28:18.583+0000] {processor.py:840} INFO - DAG(s) 'f1_data_analytics' retrieved from /opt/airflow/dags/f1_pipeline_dag.py
[2026-10-05T17:28:18.632+0000] {logging_mixin.py:188} INFO - [2026-10-05T17:28:18.632+0000] {dag.py:3096} INFO - Sync 1 DAGs
[2026-10-05T17:28:18.639+0000] {logging_mixin.py:188} INFO - [2026-10-05T17:28:18.639+0000] {dag.py:3954} INFO - Setting next_dagrun for f1_data_analytics to None, run_after=None
[2026-10-05T17:28:18.655+0000] {processor.py:183} INFO - Processing /opt/airflow/dags/f1_pipeline_dag.py took 0.096 seconds
[2026-10-05T17:28:48.889+0000] {processor.py:161} INFO - Started process (PID=462) to work on /opt/airflow/dags/f1_pipeline_dag.py
[2026-10-05T17:28:48.890+0000] {processor.py:830} INFO - Processing file /opt/airflow/dags/f1_pipeline_dag.py for tasks to queue
[2026-10-05T17:28:48.890+0000] {logging_mixin.py:188} INFO - [2026-10-05T17:28:48.890+0000] {dagbag.py:545} INFO - Filling up the DagBag from /opt/airflow/dags/f1_pipeline_dag.py
[2026-10-05T17:28:48.897+0000] {processor.py:840} INFO - DAG(s) 'f1_data_analytics' retrieved from /opt/airflow/dags/f1_pipeline_dag.py
[2026-10-05T17:28:48.940+0000] {logging_mixin.py:188} INFO - [2026-10-05T17:28:48.939+0000] {dag.py:3096} INFO - Sync 1 DAGs
[2026-10-05T17:28:48.948+0000] {logging_mixin.py:188} INFO - [2026-10-05T17:28:48.948+0000] {dag.py:3954} INFO - Setting next_dagrun for f1_data_analytics to None, run_after=None
[2026-10-05T17:28:48.963+0000] {processor.py:183} INFO - Processing /opt/airflow/dags/f1_pipeline_dag.py took 0.078 seconds
[2026-10-05T17:29:19.131+0000] {processor.py:161} INFO - Started process (PID=463) to work on /opt/airflow/dags/f1_pipeline_dag.py
[2026-10-05T17:29:19.133+0000] {processor.py:830} INFO - Processing file /opt/airflow/dags/f1_pipeline_dag.py for tasks to queue
[2026-10-05T17:29:19.134+0000] {logging_mixin.py:188} INFO - [2026-10-05T17:29:19.134+0000] {dagbag.py:545} INFO - Filling up the DagBag from /opt/airflow/dags/f1_pipeline_dag.py
[2026-10-05T17:29:19.142+0000] {processor.py:840} INFO - DAG(s) 'f1_data_analytics' retrieved from /opt/airflow/dags/f1_pipeline_dag.py
[2026-10-05T17:29:19.178+0000] {logging_mixin.py:188} INFO - [2026-10-05T17:29:19.178+0000] {dag.py:3096} INFO - Sync 1 DAGs
[2026-10-05T17:29:19.185+0000] {logging_mixin.py:188} INFO - [2026-10-05T17:29:19.185+0000] {dag.py:3954} INFO - Setting next_dagrun for f1_data_analytics to None, run_after=None
[2026-10-05T17:29:19.200+0000] {processor.py:183} INFO - Processing /opt/airflow/dags/f1_pipeline_dag.py took 0.076 seconds
[2026-10-05T17:29:49.368+0000] {processor.py:161} INFO - Started process (PID=464) to work on /opt/airflow/dags/f1_pipeline_dag.py
[2026-10-05T17:29:49.369+0000] {processor.py:830} INFO - Processing file /opt/airflow/dags/f1_pipeline_dag.py for tasks to queue
[2026-10-05T17:29:49.370+0000] {logging_mixin.py:188} INFO - [2026-10-05T17:29:49.369+0000] {dagbag.py:545} INFO - Filling up the DagBag from /opt/airflow/dags/f1_pipeline_dag.py
[2026-10-05T17:29:49.377+0000] {processor.py:840} INFO - DAG(s) 'f1_data_analytics' retrieved from /opt/airflow/dags/f1_pipeline_dag.py
[2026-10-05T17:29:49.417+0000] {logging_mixin.py:188} INFO - [2026-10-05T17:29:49.417+0000] {dag.py:3096} INFO - Sync 1 DAGs
[2026-10-05T17:29:49.428+0000] {logging_mixin.py:188} INFO - [2026-10-05T17:29:49.428+0000] {dag.py:3954} INFO - Setting next_dagrun for f1_data_analytics to None, run_after=None
[2026-10-05T17:29:49.452+0000] {processor.py:183} INFO - Processing /opt/airflow/dags/f1_pipeline_dag.py took 0.090 seconds
[2026-10-05T17:30:19.607+0000] {processor.py:161} INFO - Started process (PID=465) to work on /opt/airflow/dags/f1_pipeline_dag.py
[2026-10-05T17:30:19.610+0000] {processor.py:830} INFO - Processing file /opt/airflow/dags/f1_pipeline_dag.py for tasks to queue
[2026-10-05T17:30:19.611+0000] {logging_mixin.py:188} INFO - [2026-10-05T17:30:19.611+0000] {dagbag.py:545} INFO - Filling up the DagBag from /opt/airflow/dags/f1_pipeline_dag.py
[2026-10-05T17:30:19.626+0000] {processor.py:840} INFO - DAG(s) 'f1_data_analytics' retrieved from /opt/airflow/dags/f1_pipeline_dag.py
[2026-10-05T17:30:19.672+0000] {logging_mixin.py:188} INFO - [2026-10-05T17:30:19.672+0000] {dag.py:3096} INFO - Sync 1 DAGs
[2026-10-05T17:30:19.680+0000] {logging_mixin.py:188} INFO - [2026-10-05T17:30:19.680+0000] {dag.py:3954} INFO - Setting next_dagrun for f1_data_analytics to None, run_after=None
[2026-10-05T17:30:19.695+0000] {processor.py:183} INFO - Processing /opt/airflow/dags/f1_pipeline_dag.py took 0.098 seconds
[2026-10-05T17:30:49.722+0000] {processor.py:161} INFO - Started process (PID=466) to work on /opt/airflow/dags/f1_pipeline_dag.py
[2026-10-05T17:30:49.723+0000] {processor.py:830} INFO - Processing file /opt/airflow/dags/f1_pipeline_dag.py for tasks to queue
[2026-10-05T17:30:49.724+0000] {logging_mixin.py:188} INFO - [2026-10-05T17:30:49.723+0000] {dagbag.py:545} INFO - Filling up the DagBag from /opt/airflow/dags/f1_pipeline_dag.py
[2026-10-05T17:30:49.738+0000] {logging_mixin.py:188} INFO - [2026-10-05T17:30:49.733+0000] {dagbag.py:355} ERROR - Failed to import: /opt/airflow/dags/f1_pipeline_dag.py
Traceback (most recent call last):
  File "/home/airflow/.local/lib/python3.11/site-packages/airflow/models/dagbag.py", line 351, in parse
    loader.exec_module(new_module)
  File "<frozen importlib._bootstrap_external>", line 940, in exec_module
  File "<frozen importlib._bootstrap>", line 241, in _call_with_frames_removed
  File "/opt/airflow/dags/f1_pipeline_dag.py", line 105, in <module>
    f1_pipeline = telemetry_pipeline()
          ^^^^^^^^^^^^^^^^^^^^
  File "/home/airflow/.local/lib/python3.11/site-packages/airflow/models/dag.py", line 4081, in factory
    f(**f_kwargs)
  File "/opt/airflow/dags/f1_pipeline_dag.py", line 104, in telemetry_pipeline
    validate_data() >> fetching >> silver_script() >> middle_scripts_sensor >> gold_script()
                                   ^^^^^^^^^^^^^^^
  File "/home/airflow/.local/lib/python3.11/site-packages/airflow/decorators/base.py", line 372, in __call__
    op = self.operator_class(
         ^^^^^^^^^^^^^^^^^^^^
  File "/home/airflow/.local/lib/python3.11/site-packages/airflow/models/baseoperator.py", line 485, in apply_defaults
    result = func(self, **kwargs, default_args=default_args)
             ^^^^^^^^^^^^^^^^^^^^^^^^^^^^^^^^^^^^^^^^^^^^^^^
  File "/home/airflow/.local/lib/python3.11/site-packages/airflow/decorators/python.py", line 52, in __init__
    super().__init__(
  File "/home/airflow/.local/lib/python3.11/site-packages/airflow/models/baseoperator.py", line 485, in apply_defaults
    result = func(self, **kwargs, default_args=default_args)
             ^^^^^^^^^^^^^^^^^^^^^^^^^^^^^^^^^^^^^^^^^^^^^^^
  File "/home/airflow/.local/lib/python3.11/site-packages/airflow/decorators/base.py", line 253, in __init__
    signature.bind(*op_args, **op_kwargs)
  File "/usr/local/lib/python3.11/inspect.py", line 3195, in bind
    return self._bind(args, kwargs)
           ^^^^^^^^^^^^^^^^^^^^^^^^
  File "/usr/local/lib/python3.11/inspect.py", line 3110, in _bind
    raise TypeError(msg) from None
TypeError: missing a required argument: 'script_path'
[2026-10-05T17:30:49.739+0000] {processor.py:842} WARNING - No viable dags retrieved from /opt/airflow/dags/f1_pipeline_dag.py
[2026-10-05T17:30:49.760+0000] {processor.py:183} INFO - Processing /opt/airflow/dags/f1_pipeline_dag.py took 0.046 seconds
[2026-10-05T17:31:20.035+0000] {processor.py:161} INFO - Started process (PID=467) to work on /opt/airflow/dags/f1_pipeline_dag.py
[2026-10-05T17:31:20.038+0000] {processor.py:830} INFO - Processing file /opt/airflow/dags/f1_pipeline_dag.py for tasks to queue
[2026-10-05T17:31:20.040+0000] {logging_mixin.py:188} INFO - [2026-10-05T17:31:20.039+0000] {dagbag.py:545} INFO - Filling up the DagBag from /opt/airflow/dags/f1_pipeline_dag.py
[2026-10-05T17:31:20.056+0000] {logging_mixin.py:188} INFO - [2026-10-05T17:31:20.050+0000] {dagbag.py:355} ERROR - Failed to import: /opt/airflow/dags/f1_pipeline_dag.py
Traceback (most recent call last):
  File "/home/airflow/.local/lib/python3.11/site-packages/airflow/models/dagbag.py", line 351, in parse
    loader.exec_module(new_module)
  File "<frozen importlib._bootstrap_external>", line 940, in exec_module
  File "<frozen importlib._bootstrap>", line 241, in _call_with_frames_removed
  File "/opt/airflow/dags/f1_pipeline_dag.py", line 105, in <module>
    f1_pipeline = telemetry_pipeline()
          ^^^^^^^^^^^^^^^^^^^^
  File "/home/airflow/.local/lib/python3.11/site-packages/airflow/models/dag.py", line 4081, in factory
    f(**f_kwargs)
  File "/opt/airflow/dags/f1_pipeline_dag.py", line 104, in telemetry_pipeline
    validate_data() >> fetching >> silver_script() >> middle_scripts_sensor >> gold_script()
                                   ^^^^^^^^^^^^^^^
  File "/home/airflow/.local/lib/python3.11/site-packages/airflow/decorators/base.py", line 372, in __call__
    op = self.operator_class(
         ^^^^^^^^^^^^^^^^^^^^
  File "/home/airflow/.local/lib/python3.11/site-packages/airflow/models/baseoperator.py", line 485, in apply_defaults
    result = func(self, **kwargs, default_args=default_args)
             ^^^^^^^^^^^^^^^^^^^^^^^^^^^^^^^^^^^^^^^^^^^^^^^
  File "/home/airflow/.local/lib/python3.11/site-packages/airflow/decorators/python.py", line 52, in __init__
    super().__init__(
  File "/home/airflow/.local/lib/python3.11/site-packages/airflow/models/baseoperator.py", line 485, in apply_defaults
    result = func(self, **kwargs, default_args=default_args)
             ^^^^^^^^^^^^^^^^^^^^^^^^^^^^^^^^^^^^^^^^^^^^^^^
  File "/home/airflow/.local/lib/python3.11/site-packages/airflow/decorators/base.py", line 253, in __init__
    signature.bind(*op_args, **op_kwargs)
  File "/usr/local/lib/python3.11/inspect.py", line 3195, in bind
    return self._bind(args, kwargs)
           ^^^^^^^^^^^^^^^^^^^^^^^^
  File "/usr/local/lib/python3.11/inspect.py", line 3110, in _bind
    raise TypeError(msg) from None
TypeError: missing a required argument: 'script_path'
[2026-10-05T17:31:20.058+0000] {processor.py:842} WARNING - No viable dags retrieved from /opt/airflow/dags/f1_pipeline_dag.py
[2026-10-05T17:31:20.079+0000] {processor.py:183} INFO - Processing /opt/airflow/dags/f1_pipeline_dag.py took 0.053 seconds
[2026-10-05T17:31:50.251+0000] {processor.py:161} INFO - Started process (PID=468) to work on /opt/airflow/dags/f1_pipeline_dag.py
[2026-10-05T17:31:50.252+0000] {processor.py:830} INFO - Processing file /opt/airflow/dags/f1_pipeline_dag.py for tasks to queue
[2026-10-05T17:31:50.253+0000] {logging_mixin.py:188} INFO - [2026-10-05T17:31:50.253+0000] {dagbag.py:545} INFO - Filling up the DagBag from /opt/airflow/dags/f1_pipeline_dag.py
[2026-10-05T17:31:50.263+0000] {logging_mixin.py:188} INFO - [2026-10-05T17:31:50.259+0000] {dagbag.py:355} ERROR - Failed to import: /opt/airflow/dags/f1_pipeline_dag.py
Traceback (most recent call last):
  File "/home/airflow/.local/lib/python3.11/site-packages/airflow/models/dagbag.py", line 351, in parse
    loader.exec_module(new_module)
  File "<frozen importlib._bootstrap_external>", line 940, in exec_module
  File "<frozen importlib._bootstrap>", line 241, in _call_with_frames_removed
  File "/opt/airflow/dags/f1_pipeline_dag.py", line 105, in <module>
    f1_pipeline = telemetry_pipeline()
          ^^^^^^^^^^^^^^^^^^^^
  File "/home/airflow/.local/lib/python3.11/site-packages/airflow/models/dag.py", line 4081, in factory
    f(**f_kwargs)
  File "/opt/airflow/dags/f1_pipeline_dag.py", line 104, in telemetry_pipeline
    validate_data() >> fetching >> silver_script() >> middle_scripts_sensor >> gold_script()
                                   ^^^^^^^^^^^^^^^
  File "/home/airflow/.local/lib/python3.11/site-packages/airflow/decorators/base.py", line 372, in __call__
    op = self.operator_class(
         ^^^^^^^^^^^^^^^^^^^^
  File "/home/airflow/.local/lib/python3.11/site-packages/airflow/models/baseoperator.py", line 485, in apply_defaults
    result = func(self, **kwargs, default_args=default_args)
             ^^^^^^^^^^^^^^^^^^^^^^^^^^^^^^^^^^^^^^^^^^^^^^^
  File "/home/airflow/.local/lib/python3.11/site-packages/airflow/decorators/python.py", line 52, in __init__
    super().__init__(
  File "/home/airflow/.local/lib/python3.11/site-packages/airflow/models/baseoperator.py", line 485, in apply_defaults
    result = func(self, **kwargs, default_args=default_args)
             ^^^^^^^^^^^^^^^^^^^^^^^^^^^^^^^^^^^^^^^^^^^^^^^
  File "/home/airflow/.local/lib/python3.11/site-packages/airflow/decorators/base.py", line 253, in __init__
    signature.bind(*op_args, **op_kwargs)
  File "/usr/local/lib/python3.11/inspect.py", line 3195, in bind
    return self._bind(args, kwargs)
           ^^^^^^^^^^^^^^^^^^^^^^^^
  File "/usr/local/lib/python3.11/inspect.py", line 3110, in _bind
    raise TypeError(msg) from None
TypeError: missing a required argument: 'script_path'
[2026-10-05T17:31:50.264+0000] {processor.py:842} WARNING - No viable dags retrieved from /opt/airflow/dags/f1_pipeline_dag.py
[2026-10-05T17:31:50.280+0000] {processor.py:183} INFO - Processing /opt/airflow/dags/f1_pipeline_dag.py took 0.034 seconds
[2026-10-05T17:32:20.507+0000] {processor.py:161} INFO - Started process (PID=469) to work on /opt/airflow/dags/f1_pipeline_dag.py
[2026-10-05T17:32:20.510+0000] {processor.py:830} INFO - Processing file /opt/airflow/dags/f1_pipeline_dag.py for tasks to queue
[2026-10-05T17:32:20.512+0000] {logging_mixin.py:188} INFO - [2026-10-05T17:32:20.512+0000] {dagbag.py:545} INFO - Filling up the DagBag from /opt/airflow/dags/f1_pipeline_dag.py
[2026-10-05T17:32:20.529+0000] {logging_mixin.py:188} INFO - [2026-10-05T17:32:20.523+0000] {dagbag.py:355} ERROR - Failed to import: /opt/airflow/dags/f1_pipeline_dag.py
Traceback (most recent call last):
  File "/home/airflow/.local/lib/python3.11/site-packages/airflow/models/dagbag.py", line 351, in parse
    loader.exec_module(new_module)
  File "<frozen importlib._bootstrap_external>", line 940, in exec_module
  File "<frozen importlib._bootstrap>", line 241, in _call_with_frames_removed
  File "/opt/airflow/dags/f1_pipeline_dag.py", line 105, in <module>
    f1_pipeline = telemetry_pipeline()
          ^^^^^^^^^^^^^^^^^^^^
  File "/home/airflow/.local/lib/python3.11/site-packages/airflow/models/dag.py", line 4081, in factory
    f(**f_kwargs)
  File "/opt/airflow/dags/f1_pipeline_dag.py", line 104, in telemetry_pipeline
    validate_data() >> fetching >> silver_script() >> middle_scripts_sensor >> gold_script()
                                   ^^^^^^^^^^^^^^^
  File "/home/airflow/.local/lib/python3.11/site-packages/airflow/decorators/base.py", line 372, in __call__
    op = self.operator_class(
         ^^^^^^^^^^^^^^^^^^^^
  File "/home/airflow/.local/lib/python3.11/site-packages/airflow/models/baseoperator.py", line 485, in apply_defaults
    result = func(self, **kwargs, default_args=default_args)
             ^^^^^^^^^^^^^^^^^^^^^^^^^^^^^^^^^^^^^^^^^^^^^^^
  File "/home/airflow/.local/lib/python3.11/site-packages/airflow/decorators/python.py", line 52, in __init__
    super().__init__(
  File "/home/airflow/.local/lib/python3.11/site-packages/airflow/models/baseoperator.py", line 485, in apply_defaults
    result = func(self, **kwargs, default_args=default_args)
             ^^^^^^^^^^^^^^^^^^^^^^^^^^^^^^^^^^^^^^^^^^^^^^^
  File "/home/airflow/.local/lib/python3.11/site-packages/airflow/decorators/base.py", line 253, in __init__
    signature.bind(*op_args, **op_kwargs)
  File "/usr/local/lib/python3.11/inspect.py", line 3195, in bind
    return self._bind(args, kwargs)
           ^^^^^^^^^^^^^^^^^^^^^^^^
  File "/usr/local/lib/python3.11/inspect.py", line 3110, in _bind
    raise TypeError(msg) from None
TypeError: missing a required argument: 'script_path'
[2026-10-05T17:32:20.531+0000] {processor.py:842} WARNING - No viable dags retrieved from /opt/airflow/dags/f1_pipeline_dag.py
[2026-10-05T17:32:20.553+0000] {processor.py:183} INFO - Processing /opt/airflow/dags/f1_pipeline_dag.py took 0.055 seconds
[2026-10-05T17:32:50.763+0000] {processor.py:161} INFO - Started process (PID=470) to work on /opt/airflow/dags/f1_pipeline_dag.py
[2026-10-05T17:32:50.764+0000] {processor.py:830} INFO - Processing file /opt/airflow/dags/f1_pipeline_dag.py for tasks to queue
[2026-10-05T17:32:50.766+0000] {logging_mixin.py:188} INFO - [2026-10-05T17:32:50.765+0000] {dagbag.py:545} INFO - Filling up the DagBag from /opt/airflow/dags/f1_pipeline_dag.py
[2026-10-05T17:32:50.783+0000] {logging_mixin.py:188} INFO - [2026-10-05T17:32:50.776+0000] {dagbag.py:355} ERROR - Failed to import: /opt/airflow/dags/f1_pipeline_dag.py
Traceback (most recent call last):
  File "/home/airflow/.local/lib/python3.11/site-packages/airflow/models/dagbag.py", line 351, in parse
    loader.exec_module(new_module)
  File "<frozen importlib._bootstrap_external>", line 940, in exec_module
  File "<frozen importlib._bootstrap>", line 241, in _call_with_frames_removed
  File "/opt/airflow/dags/f1_pipeline_dag.py", line 105, in <module>
    f1_pipeline = telemetry_pipeline()
          ^^^^^^^^^^^^^^^^^^^^
  File "/home/airflow/.local/lib/python3.11/site-packages/airflow/models/dag.py", line 4081, in factory
    f(**f_kwargs)
  File "/opt/airflow/dags/f1_pipeline_dag.py", line 104, in telemetry_pipeline
    validate_data() >> fetching >> silver_script() >> middle_scripts_sensor >> gold_script()
                                   ^^^^^^^^^^^^^^^
  File "/home/airflow/.local/lib/python3.11/site-packages/airflow/decorators/base.py", line 372, in __call__
    op = self.operator_class(
         ^^^^^^^^^^^^^^^^^^^^
  File "/home/airflow/.local/lib/python3.11/site-packages/airflow/models/baseoperator.py", line 485, in apply_defaults
    result = func(self, **kwargs, default_args=default_args)
             ^^^^^^^^^^^^^^^^^^^^^^^^^^^^^^^^^^^^^^^^^^^^^^^
  File "/home/airflow/.local/lib/python3.11/site-packages/airflow/decorators/python.py", line 52, in __init__
    super().__init__(
  File "/home/airflow/.local/lib/python3.11/site-packages/airflow/models/baseoperator.py", line 485, in apply_defaults
    result = func(self, **kwargs, default_args=default_args)
             ^^^^^^^^^^^^^^^^^^^^^^^^^^^^^^^^^^^^^^^^^^^^^^^
  File "/home/airflow/.local/lib/python3.11/site-packages/airflow/decorators/base.py", line 253, in __init__
    signature.bind(*op_args, **op_kwargs)
  File "/usr/local/lib/python3.11/inspect.py", line 3195, in bind
    return self._bind(args, kwargs)
           ^^^^^^^^^^^^^^^^^^^^^^^^
  File "/usr/local/lib/python3.11/inspect.py", line 3110, in _bind
    raise TypeError(msg) from None
TypeError: missing a required argument: 'script_path'
[2026-10-05T17:32:50.785+0000] {processor.py:842} WARNING - No viable dags retrieved from /opt/airflow/dags/f1_pipeline_dag.py
[2026-10-05T17:32:50.807+0000] {processor.py:183} INFO - Processing /opt/airflow/dags/f1_pipeline_dag.py took 0.053 seconds
[2026-10-05T17:33:20.999+0000] {processor.py:161} INFO - Started process (PID=471) to work on /opt/airflow/dags/f1_pipeline_dag.py
[2026-10-05T17:33:21.002+0000] {processor.py:830} INFO - Processing file /opt/airflow/dags/f1_pipeline_dag.py for tasks to queue
[2026-10-05T17:33:21.004+0000] {logging_mixin.py:188} INFO - [2026-10-05T17:33:21.003+0000] {dagbag.py:545} INFO - Filling up the DagBag from /opt/airflow/dags/f1_pipeline_dag.py
[2026-10-05T17:33:21.022+0000] {logging_mixin.py:188} INFO - [2026-10-05T17:33:21.015+0000] {dagbag.py:355} ERROR - Failed to import: /opt/airflow/dags/f1_pipeline_dag.py
Traceback (most recent call last):
  File "/home/airflow/.local/lib/python3.11/site-packages/airflow/models/dagbag.py", line 351, in parse
    loader.exec_module(new_module)
  File "<frozen importlib._bootstrap_external>", line 940, in exec_module
  File "<frozen importlib._bootstrap>", line 241, in _call_with_frames_removed
  File "/opt/airflow/dags/f1_pipeline_dag.py", line 105, in <module>
    f1_pipeline = telemetry_pipeline()
          ^^^^^^^^^^^^^^^^^^^^
  File "/home/airflow/.local/lib/python3.11/site-packages/airflow/models/dag.py", line 4081, in factory
    f(**f_kwargs)
  File "/opt/airflow/dags/f1_pipeline_dag.py", line 104, in telemetry_pipeline
    validate_data() >> fetching >> silver_script() >> middle_scripts_sensor >> gold_script()
                                   ^^^^^^^^^^^^^^^
  File "/home/airflow/.local/lib/python3.11/site-packages/airflow/decorators/base.py", line 372, in __call__
    op = self.operator_class(
         ^^^^^^^^^^^^^^^^^^^^
  File "/home/airflow/.local/lib/python3.11/site-packages/airflow/models/baseoperator.py", line 485, in apply_defaults
    result = func(self, **kwargs, default_args=default_args)
             ^^^^^^^^^^^^^^^^^^^^^^^^^^^^^^^^^^^^^^^^^^^^^^^
  File "/home/airflow/.local/lib/python3.11/site-packages/airflow/decorators/python.py", line 52, in __init__
    super().__init__(
  File "/home/airflow/.local/lib/python3.11/site-packages/airflow/models/baseoperator.py", line 485, in apply_defaults
    result = func(self, **kwargs, default_args=default_args)
             ^^^^^^^^^^^^^^^^^^^^^^^^^^^^^^^^^^^^^^^^^^^^^^^
  File "/home/airflow/.local/lib/python3.11/site-packages/airflow/decorators/base.py", line 253, in __init__
    signature.bind(*op_args, **op_kwargs)
  File "/usr/local/lib/python3.11/inspect.py", line 3195, in bind
    return self._bind(args, kwargs)
           ^^^^^^^^^^^^^^^^^^^^^^^^
  File "/usr/local/lib/python3.11/inspect.py", line 3110, in _bind
    raise TypeError(msg) from None
TypeError: missing a required argument: 'script_path'
[2026-10-05T17:33:21.023+0000] {processor.py:842} WARNING - No viable dags retrieved from /opt/airflow/dags/f1_pipeline_dag.py
[2026-10-05T17:33:21.045+0000] {processor.py:183} INFO - Processing /opt/airflow/dags/f1_pipeline_dag.py took 0.056 seconds
[2026-10-05T17:33:51.245+0000] {processor.py:161} INFO - Started process (PID=472) to work on /opt/airflow/dags/f1_pipeline_dag.py
[2026-10-05T17:33:51.247+0000] {processor.py:830} INFO - Processing file /opt/airflow/dags/f1_pipeline_dag.py for tasks to queue
[2026-10-05T17:33:51.248+0000] {logging_mixin.py:188} INFO - [2026-10-05T17:33:51.248+0000] {dagbag.py:545} INFO - Filling up the DagBag from /opt/airflow/dags/f1_pipeline_dag.py
[2026-10-05T17:33:51.266+0000] {logging_mixin.py:188} INFO - [2026-10-05T17:33:51.259+0000] {dagbag.py:355} ERROR - Failed to import: /opt/airflow/dags/f1_pipeline_dag.py
Traceback (most recent call last):
  File "/home/airflow/.local/lib/python3.11/site-packages/airflow/models/dagbag.py", line 351, in parse
    loader.exec_module(new_module)
  File "<frozen importlib._bootstrap_external>", line 940, in exec_module
  File "<frozen importlib._bootstrap>", line 241, in _call_with_frames_removed
  File "/opt/airflow/dags/f1_pipeline_dag.py", line 105, in <module>
    f1_pipeline = telemetry_pipeline()
          ^^^^^^^^^^^^^^^^^^^^
  File "/home/airflow/.local/lib/python3.11/site-packages/airflow/models/dag.py", line 4081, in factory
    f(**f_kwargs)
  File "/opt/airflow/dags/f1_pipeline_dag.py", line 104, in telemetry_pipeline
    validate_data() >> fetching >> silver_script() >> middle_scripts_sensor >> gold_script()
                                   ^^^^^^^^^^^^^^^
  File "/home/airflow/.local/lib/python3.11/site-packages/airflow/decorators/base.py", line 372, in __call__
    op = self.operator_class(
         ^^^^^^^^^^^^^^^^^^^^
  File "/home/airflow/.local/lib/python3.11/site-packages/airflow/models/baseoperator.py", line 485, in apply_defaults
    result = func(self, **kwargs, default_args=default_args)
             ^^^^^^^^^^^^^^^^^^^^^^^^^^^^^^^^^^^^^^^^^^^^^^^
  File "/home/airflow/.local/lib/python3.11/site-packages/airflow/decorators/python.py", line 52, in __init__
    super().__init__(
  File "/home/airflow/.local/lib/python3.11/site-packages/airflow/models/baseoperator.py", line 485, in apply_defaults
    result = func(self, **kwargs, default_args=default_args)
             ^^^^^^^^^^^^^^^^^^^^^^^^^^^^^^^^^^^^^^^^^^^^^^^
  File "/home/airflow/.local/lib/python3.11/site-packages/airflow/decorators/base.py", line 253, in __init__
    signature.bind(*op_args, **op_kwargs)
  File "/usr/local/lib/python3.11/inspect.py", line 3195, in bind
    return self._bind(args, kwargs)
           ^^^^^^^^^^^^^^^^^^^^^^^^
  File "/usr/local/lib/python3.11/inspect.py", line 3110, in _bind
    raise TypeError(msg) from None
TypeError: missing a required argument: 'script_path'
[2026-10-05T17:33:51.268+0000] {processor.py:842} WARNING - No viable dags retrieved from /opt/airflow/dags/f1_pipeline_dag.py
[2026-10-05T17:33:51.290+0000] {processor.py:183} INFO - Processing /opt/airflow/dags/f1_pipeline_dag.py took 0.054 seconds
[2026-10-05T17:34:21.501+0000] {processor.py:161} INFO - Started process (PID=473) to work on /opt/airflow/dags/f1_pipeline_dag.py
[2026-10-05T17:34:21.504+0000] {processor.py:830} INFO - Processing file /opt/airflow/dags/f1_pipeline_dag.py for tasks to queue
[2026-10-05T17:34:21.506+0000] {logging_mixin.py:188} INFO - [2026-10-05T17:34:21.505+0000] {dagbag.py:545} INFO - Filling up the DagBag from /opt/airflow/dags/f1_pipeline_dag.py
[2026-10-05T17:34:21.522+0000] {logging_mixin.py:188} INFO - [2026-10-05T17:34:21.516+0000] {dagbag.py:355} ERROR - Failed to import: /opt/airflow/dags/f1_pipeline_dag.py
Traceback (most recent call last):
  File "/home/airflow/.local/lib/python3.11/site-packages/airflow/models/dagbag.py", line 351, in parse
    loader.exec_module(new_module)
  File "<frozen importlib._bootstrap_external>", line 940, in exec_module
  File "<frozen importlib._bootstrap>", line 241, in _call_with_frames_removed
  File "/opt/airflow/dags/f1_pipeline_dag.py", line 105, in <module>
    f1_pipeline = telemetry_pipeline()
          ^^^^^^^^^^^^^^^^^^^^
  File "/home/airflow/.local/lib/python3.11/site-packages/airflow/models/dag.py", line 4081, in factory
    f(**f_kwargs)
  File "/opt/airflow/dags/f1_pipeline_dag.py", line 104, in telemetry_pipeline
    validate_data() >> fetching >> silver_script() >> middle_scripts_sensor >> gold_script()
                                   ^^^^^^^^^^^^^^^
  File "/home/airflow/.local/lib/python3.11/site-packages/airflow/decorators/base.py", line 372, in __call__
    op = self.operator_class(
         ^^^^^^^^^^^^^^^^^^^^
  File "/home/airflow/.local/lib/python3.11/site-packages/airflow/models/baseoperator.py", line 485, in apply_defaults
    result = func(self, **kwargs, default_args=default_args)
             ^^^^^^^^^^^^^^^^^^^^^^^^^^^^^^^^^^^^^^^^^^^^^^^
  File "/home/airflow/.local/lib/python3.11/site-packages/airflow/decorators/python.py", line 52, in __init__
    super().__init__(
  File "/home/airflow/.local/lib/python3.11/site-packages/airflow/models/baseoperator.py", line 485, in apply_defaults
    result = func(self, **kwargs, default_args=default_args)
             ^^^^^^^^^^^^^^^^^^^^^^^^^^^^^^^^^^^^^^^^^^^^^^^
  File "/home/airflow/.local/lib/python3.11/site-packages/airflow/decorators/base.py", line 253, in __init__
    signature.bind(*op_args, **op_kwargs)
  File "/usr/local/lib/python3.11/inspect.py", line 3195, in bind
    return self._bind(args, kwargs)
           ^^^^^^^^^^^^^^^^^^^^^^^^
  File "/usr/local/lib/python3.11/inspect.py", line 3110, in _bind
    raise TypeError(msg) from None
TypeError: missing a required argument: 'script_path'
[2026-10-05T17:34:21.523+0000] {processor.py:842} WARNING - No viable dags retrieved from /opt/airflow/dags/f1_pipeline_dag.py
[2026-10-05T17:34:21.545+0000] {processor.py:183} INFO - Processing /opt/airflow/dags/f1_pipeline_dag.py took 0.053 seconds
[2026-10-05T17:34:51.748+0000] {processor.py:161} INFO - Started process (PID=474) to work on /opt/airflow/dags/f1_pipeline_dag.py
[2026-10-05T17:34:51.750+0000] {processor.py:830} INFO - Processing file /opt/airflow/dags/f1_pipeline_dag.py for tasks to queue
[2026-10-05T17:34:51.751+0000] {logging_mixin.py:188} INFO - [2026-10-05T17:34:51.751+0000] {dagbag.py:545} INFO - Filling up the DagBag from /opt/airflow/dags/f1_pipeline_dag.py
[2026-10-05T17:34:51.768+0000] {logging_mixin.py:188} INFO - [2026-10-05T17:34:51.761+0000] {dagbag.py:355} ERROR - Failed to import: /opt/airflow/dags/f1_pipeline_dag.py
Traceback (most recent call last):
  File "/home/airflow/.local/lib/python3.11/site-packages/airflow/models/dagbag.py", line 351, in parse
    loader.exec_module(new_module)
  File "<frozen importlib._bootstrap_external>", line 940, in exec_module
  File "<frozen importlib._bootstrap>", line 241, in _call_with_frames_removed
  File "/opt/airflow/dags/f1_pipeline_dag.py", line 105, in <module>
    f1_pipeline = telemetry_pipeline()
          ^^^^^^^^^^^^^^^^^^^^
  File "/home/airflow/.local/lib/python3.11/site-packages/airflow/models/dag.py", line 4081, in factory
    f(**f_kwargs)
  File "/opt/airflow/dags/f1_pipeline_dag.py", line 104, in telemetry_pipeline
    validate_data() >> fetching >> silver_script() >> middle_scripts_sensor >> gold_script()
                                   ^^^^^^^^^^^^^^^
  File "/home/airflow/.local/lib/python3.11/site-packages/airflow/decorators/base.py", line 372, in __call__
    op = self.operator_class(
         ^^^^^^^^^^^^^^^^^^^^
  File "/home/airflow/.local/lib/python3.11/site-packages/airflow/models/baseoperator.py", line 485, in apply_defaults
    result = func(self, **kwargs, default_args=default_args)
             ^^^^^^^^^^^^^^^^^^^^^^^^^^^^^^^^^^^^^^^^^^^^^^^
  File "/home/airflow/.local/lib/python3.11/site-packages/airflow/decorators/python.py", line 52, in __init__
    super().__init__(
  File "/home/airflow/.local/lib/python3.11/site-packages/airflow/models/baseoperator.py", line 485, in apply_defaults
    result = func(self, **kwargs, default_args=default_args)
             ^^^^^^^^^^^^^^^^^^^^^^^^^^^^^^^^^^^^^^^^^^^^^^^
  File "/home/airflow/.local/lib/python3.11/site-packages/airflow/decorators/base.py", line 253, in __init__
    signature.bind(*op_args, **op_kwargs)
  File "/usr/local/lib/python3.11/inspect.py", line 3195, in bind
    return self._bind(args, kwargs)
           ^^^^^^^^^^^^^^^^^^^^^^^^
  File "/usr/local/lib/python3.11/inspect.py", line 3110, in _bind
    raise TypeError(msg) from None
TypeError: missing a required argument: 'script_path'
[2026-10-05T17:34:51.769+0000] {processor.py:842} WARNING - No viable dags retrieved from /opt/airflow/dags/f1_pipeline_dag.py
[2026-10-05T17:34:51.793+0000] {processor.py:183} INFO - Processing /opt/airflow/dags/f1_pipeline_dag.py took 0.055 seconds
[2026-10-05T17:35:21.997+0000] {processor.py:161} INFO - Started process (PID=475) to work on /opt/airflow/dags/f1_pipeline_dag.py
[2026-10-05T17:35:22.006+0000] {processor.py:830} INFO - Processing file /opt/airflow/dags/f1_pipeline_dag.py for tasks to queue
[2026-10-05T17:35:22.007+0000] {logging_mixin.py:188} INFO - [2026-10-05T17:35:22.007+0000] {dagbag.py:545} INFO - Filling up the DagBag from /opt/airflow/dags/f1_pipeline_dag.py
[2026-10-05T17:35:22.025+0000] {logging_mixin.py:188} INFO - [2026-10-05T17:35:22.018+0000] {dagbag.py:355} ERROR - Failed to import: /opt/airflow/dags/f1_pipeline_dag.py
Traceback (most recent call last):
  File "/home/airflow/.local/lib/python3.11/site-packages/airflow/models/dagbag.py", line 351, in parse
    loader.exec_module(new_module)
  File "<frozen importlib._bootstrap_external>", line 940, in exec_module
  File "<frozen importlib._bootstrap>", line 241, in _call_with_frames_removed
  File "/opt/airflow/dags/f1_pipeline_dag.py", line 105, in <module>
    f1_pipeline = telemetry_pipeline()
          ^^^^^^^^^^^^^^^^^^^^
  File "/home/airflow/.local/lib/python3.11/site-packages/airflow/models/dag.py", line 4081, in factory
    f(**f_kwargs)
  File "/opt/airflow/dags/f1_pipeline_dag.py", line 104, in telemetry_pipeline
    validate_data() >> fetching >> silver_script() >> middle_scripts_sensor >> gold_script()
                                   ^^^^^^^^^^^^^^^
  File "/home/airflow/.local/lib/python3.11/site-packages/airflow/decorators/base.py", line 372, in __call__
    op = self.operator_class(
         ^^^^^^^^^^^^^^^^^^^^
  File "/home/airflow/.local/lib/python3.11/site-packages/airflow/models/baseoperator.py", line 485, in apply_defaults
    result = func(self, **kwargs, default_args=default_args)
             ^^^^^^^^^^^^^^^^^^^^^^^^^^^^^^^^^^^^^^^^^^^^^^^
  File "/home/airflow/.local/lib/python3.11/site-packages/airflow/decorators/python.py", line 52, in __init__
    super().__init__(
  File "/home/airflow/.local/lib/python3.11/site-packages/airflow/models/baseoperator.py", line 485, in apply_defaults
    result = func(self, **kwargs, default_args=default_args)
             ^^^^^^^^^^^^^^^^^^^^^^^^^^^^^^^^^^^^^^^^^^^^^^^
  File "/home/airflow/.local/lib/python3.11/site-packages/airflow/decorators/base.py", line 253, in __init__
    signature.bind(*op_args, **op_kwargs)
  File "/usr/local/lib/python3.11/inspect.py", line 3195, in bind
    return self._bind(args, kwargs)
           ^^^^^^^^^^^^^^^^^^^^^^^^
  File "/usr/local/lib/python3.11/inspect.py", line 3110, in _bind
    raise TypeError(msg) from None
TypeError: missing a required argument: 'script_path'
[2026-10-05T17:35:22.026+0000] {processor.py:842} WARNING - No viable dags retrieved from /opt/airflow/dags/f1_pipeline_dag.py
[2026-10-05T17:35:22.048+0000] {processor.py:183} INFO - Processing /opt/airflow/dags/f1_pipeline_dag.py took 0.061 seconds
[2026-10-05T17:35:52.245+0000] {processor.py:161} INFO - Started process (PID=476) to work on /opt/airflow/dags/f1_pipeline_dag.py
[2026-10-05T17:35:52.247+0000] {processor.py:830} INFO - Processing file /opt/airflow/dags/f1_pipeline_dag.py for tasks to queue
[2026-10-05T17:35:52.248+0000] {logging_mixin.py:188} INFO - [2026-10-05T17:35:52.247+0000] {dagbag.py:545} INFO - Filling up the DagBag from /opt/airflow/dags/f1_pipeline_dag.py
[2026-10-05T17:35:52.266+0000] {logging_mixin.py:188} INFO - [2026-10-05T17:35:52.259+0000] {dagbag.py:355} ERROR - Failed to import: /opt/airflow/dags/f1_pipeline_dag.py
Traceback (most recent call last):
  File "/home/airflow/.local/lib/python3.11/site-packages/airflow/models/dagbag.py", line 351, in parse
    loader.exec_module(new_module)
  File "<frozen importlib._bootstrap_external>", line 940, in exec_module
  File "<frozen importlib._bootstrap>", line 241, in _call_with_frames_removed
  File "/opt/airflow/dags/f1_pipeline_dag.py", line 105, in <module>
    f1_pipeline = telemetry_pipeline()
          ^^^^^^^^^^^^^^^^^^^^
  File "/home/airflow/.local/lib/python3.11/site-packages/airflow/models/dag.py", line 4081, in factory
    f(**f_kwargs)
  File "/opt/airflow/dags/f1_pipeline_dag.py", line 104, in telemetry_pipeline
    validate_data() >> fetching >> silver_script() >> middle_scripts_sensor >> gold_script()
                                   ^^^^^^^^^^^^^^^
  File "/home/airflow/.local/lib/python3.11/site-packages/airflow/decorators/base.py", line 372, in __call__
    op = self.operator_class(
         ^^^^^^^^^^^^^^^^^^^^
  File "/home/airflow/.local/lib/python3.11/site-packages/airflow/models/baseoperator.py", line 485, in apply_defaults
    result = func(self, **kwargs, default_args=default_args)
             ^^^^^^^^^^^^^^^^^^^^^^^^^^^^^^^^^^^^^^^^^^^^^^^
  File "/home/airflow/.local/lib/python3.11/site-packages/airflow/decorators/python.py", line 52, in __init__
    super().__init__(
  File "/home/airflow/.local/lib/python3.11/site-packages/airflow/models/baseoperator.py", line 485, in apply_defaults
    result = func(self, **kwargs, default_args=default_args)
             ^^^^^^^^^^^^^^^^^^^^^^^^^^^^^^^^^^^^^^^^^^^^^^^
  File "/home/airflow/.local/lib/python3.11/site-packages/airflow/decorators/base.py", line 253, in __init__
    signature.bind(*op_args, **op_kwargs)
  File "/usr/local/lib/python3.11/inspect.py", line 3195, in bind
    return self._bind(args, kwargs)
           ^^^^^^^^^^^^^^^^^^^^^^^^
  File "/usr/local/lib/python3.11/inspect.py", line 3110, in _bind
    raise TypeError(msg) from None
TypeError: missing a required argument: 'script_path'
[2026-10-05T17:35:52.267+0000] {processor.py:842} WARNING - No viable dags retrieved from /opt/airflow/dags/f1_pipeline_dag.py
[2026-10-05T17:35:52.289+0000] {processor.py:183} INFO - Processing /opt/airflow/dags/f1_pipeline_dag.py took 0.054 seconds
[2026-10-05T17:36:22.505+0000] {processor.py:161} INFO - Started process (PID=477) to work on /opt/airflow/dags/f1_pipeline_dag.py
[2026-10-05T17:36:22.514+0000] {processor.py:830} INFO - Processing file /opt/airflow/dags/f1_pipeline_dag.py for tasks to queue
[2026-10-05T17:36:22.515+0000] {logging_mixin.py:188} INFO - [2026-10-05T17:36:22.515+0000] {dagbag.py:545} INFO - Filling up the DagBag from /opt/airflow/dags/f1_pipeline_dag.py
[2026-10-05T17:36:22.534+0000] {logging_mixin.py:188} INFO - [2026-10-05T17:36:22.527+0000] {dagbag.py:355} ERROR - Failed to import: /opt/airflow/dags/f1_pipeline_dag.py
Traceback (most recent call last):
  File "/home/airflow/.local/lib/python3.11/site-packages/airflow/models/dagbag.py", line 351, in parse
    loader.exec_module(new_module)
  File "<frozen importlib._bootstrap_external>", line 940, in exec_module
  File "<frozen importlib._bootstrap>", line 241, in _call_with_frames_removed
  File "/opt/airflow/dags/f1_pipeline_dag.py", line 105, in <module>
    f1_pipeline = telemetry_pipeline()
          ^^^^^^^^^^^^^^^^^^^^
  File "/home/airflow/.local/lib/python3.11/site-packages/airflow/models/dag.py", line 4081, in factory
    f(**f_kwargs)
  File "/opt/airflow/dags/f1_pipeline_dag.py", line 104, in telemetry_pipeline
    validate_data() >> fetching >> silver_script() >> middle_scripts_sensor >> gold_script()
                                   ^^^^^^^^^^^^^^^
  File "/home/airflow/.local/lib/python3.11/site-packages/airflow/decorators/base.py", line 372, in __call__
    op = self.operator_class(
         ^^^^^^^^^^^^^^^^^^^^
  File "/home/airflow/.local/lib/python3.11/site-packages/airflow/models/baseoperator.py", line 485, in apply_defaults
    result = func(self, **kwargs, default_args=default_args)
             ^^^^^^^^^^^^^^^^^^^^^^^^^^^^^^^^^^^^^^^^^^^^^^^
  File "/home/airflow/.local/lib/python3.11/site-packages/airflow/decorators/python.py", line 52, in __init__
    super().__init__(
  File "/home/airflow/.local/lib/python3.11/site-packages/airflow/models/baseoperator.py", line 485, in apply_defaults
    result = func(self, **kwargs, default_args=default_args)
             ^^^^^^^^^^^^^^^^^^^^^^^^^^^^^^^^^^^^^^^^^^^^^^^
  File "/home/airflow/.local/lib/python3.11/site-packages/airflow/decorators/base.py", line 253, in __init__
    signature.bind(*op_args, **op_kwargs)
  File "/usr/local/lib/python3.11/inspect.py", line 3195, in bind
    return self._bind(args, kwargs)
           ^^^^^^^^^^^^^^^^^^^^^^^^
  File "/usr/local/lib/python3.11/inspect.py", line 3110, in _bind
    raise TypeError(msg) from None
TypeError: missing a required argument: 'script_path'
[2026-10-05T17:36:22.536+0000] {processor.py:842} WARNING - No viable dags retrieved from /opt/airflow/dags/f1_pipeline_dag.py
[2026-10-05T17:36:22.558+0000] {processor.py:183} INFO - Processing /opt/airflow/dags/f1_pipeline_dag.py took 0.062 seconds
[2026-10-05T17:36:52.659+0000] {processor.py:161} INFO - Started process (PID=478) to work on /opt/airflow/dags/f1_pipeline_dag.py
[2026-10-05T17:36:52.660+0000] {processor.py:830} INFO - Processing file /opt/airflow/dags/f1_pipeline_dag.py for tasks to queue
[2026-10-05T17:36:52.662+0000] {logging_mixin.py:188} INFO - [2026-10-05T17:36:52.661+0000] {dagbag.py:545} INFO - Filling up the DagBag from /opt/airflow/dags/f1_pipeline_dag.py
[2026-10-05T17:36:52.679+0000] {logging_mixin.py:188} INFO - [2026-10-05T17:36:52.672+0000] {dagbag.py:355} ERROR - Failed to import: /opt/airflow/dags/f1_pipeline_dag.py
Traceback (most recent call last):
  File "/home/airflow/.local/lib/python3.11/site-packages/airflow/models/dagbag.py", line 351, in parse
    loader.exec_module(new_module)
  File "<frozen importlib._bootstrap_external>", line 940, in exec_module
  File "<frozen importlib._bootstrap>", line 241, in _call_with_frames_removed
  File "/opt/airflow/dags/f1_pipeline_dag.py", line 105, in <module>
    f1_pipeline = telemetry_pipeline()
          ^^^^^^^^^^^^^^^^^^^^
  File "/home/airflow/.local/lib/python3.11/site-packages/airflow/models/dag.py", line 4081, in factory
    f(**f_kwargs)
  File "/opt/airflow/dags/f1_pipeline_dag.py", line 104, in telemetry_pipeline
    validate_data() >> fetching >> silver_script() >> middle_scripts_sensor >> gold_script()
                                   ^^^^^^^^^^^^^^^
  File "/home/airflow/.local/lib/python3.11/site-packages/airflow/decorators/base.py", line 372, in __call__
    op = self.operator_class(
         ^^^^^^^^^^^^^^^^^^^^
  File "/home/airflow/.local/lib/python3.11/site-packages/airflow/models/baseoperator.py", line 485, in apply_defaults
    result = func(self, **kwargs, default_args=default_args)
             ^^^^^^^^^^^^^^^^^^^^^^^^^^^^^^^^^^^^^^^^^^^^^^^
  File "/home/airflow/.local/lib/python3.11/site-packages/airflow/decorators/python.py", line 52, in __init__
    super().__init__(
  File "/home/airflow/.local/lib/python3.11/site-packages/airflow/models/baseoperator.py", line 485, in apply_defaults
    result = func(self, **kwargs, default_args=default_args)
             ^^^^^^^^^^^^^^^^^^^^^^^^^^^^^^^^^^^^^^^^^^^^^^^
  File "/home/airflow/.local/lib/python3.11/site-packages/airflow/decorators/base.py", line 253, in __init__
    signature.bind(*op_args, **op_kwargs)
  File "/usr/local/lib/python3.11/inspect.py", line 3195, in bind
    return self._bind(args, kwargs)
           ^^^^^^^^^^^^^^^^^^^^^^^^
  File "/usr/local/lib/python3.11/inspect.py", line 3110, in _bind
    raise TypeError(msg) from None
TypeError: missing a required argument: 'script_path'
[2026-10-05T17:36:52.680+0000] {processor.py:842} WARNING - No viable dags retrieved from /opt/airflow/dags/f1_pipeline_dag.py
[2026-10-05T17:36:52.703+0000] {processor.py:183} INFO - Processing /opt/airflow/dags/f1_pipeline_dag.py took 0.054 seconds
[2026-10-05T17:37:22.913+0000] {processor.py:161} INFO - Started process (PID=479) to work on /opt/airflow/dags/f1_pipeline_dag.py
[2026-10-05T17:37:22.916+0000] {processor.py:830} INFO - Processing file /opt/airflow/dags/f1_pipeline_dag.py for tasks to queue
[2026-10-05T17:37:22.918+0000] {logging_mixin.py:188} INFO - [2026-10-05T17:37:22.917+0000] {dagbag.py:545} INFO - Filling up the DagBag from /opt/airflow/dags/f1_pipeline_dag.py
[2026-10-05T17:37:22.935+0000] {logging_mixin.py:188} INFO - [2026-10-05T17:37:22.929+0000] {dagbag.py:355} ERROR - Failed to import: /opt/airflow/dags/f1_pipeline_dag.py
Traceback (most recent call last):
  File "/home/airflow/.local/lib/python3.11/site-packages/airflow/models/dagbag.py", line 351, in parse
    loader.exec_module(new_module)
  File "<frozen importlib._bootstrap_external>", line 940, in exec_module
  File "<frozen importlib._bootstrap>", line 241, in _call_with_frames_removed
  File "/opt/airflow/dags/f1_pipeline_dag.py", line 105, in <module>
    f1_pipeline = telemetry_pipeline()
          ^^^^^^^^^^^^^^^^^^^^
  File "/home/airflow/.local/lib/python3.11/site-packages/airflow/models/dag.py", line 4081, in factory
    f(**f_kwargs)
  File "/opt/airflow/dags/f1_pipeline_dag.py", line 104, in telemetry_pipeline
    validate_data() >> fetching >> silver_script() >> middle_scripts_sensor >> gold_script()
                                   ^^^^^^^^^^^^^^^
  File "/home/airflow/.local/lib/python3.11/site-packages/airflow/decorators/base.py", line 372, in __call__
    op = self.operator_class(
         ^^^^^^^^^^^^^^^^^^^^
  File "/home/airflow/.local/lib/python3.11/site-packages/airflow/models/baseoperator.py", line 485, in apply_defaults
    result = func(self, **kwargs, default_args=default_args)
             ^^^^^^^^^^^^^^^^^^^^^^^^^^^^^^^^^^^^^^^^^^^^^^^
  File "/home/airflow/.local/lib/python3.11/site-packages/airflow/decorators/python.py", line 52, in __init__
    super().__init__(
  File "/home/airflow/.local/lib/python3.11/site-packages/airflow/models/baseoperator.py", line 485, in apply_defaults
    result = func(self, **kwargs, default_args=default_args)
             ^^^^^^^^^^^^^^^^^^^^^^^^^^^^^^^^^^^^^^^^^^^^^^^
  File "/home/airflow/.local/lib/python3.11/site-packages/airflow/decorators/base.py", line 253, in __init__
    signature.bind(*op_args, **op_kwargs)
  File "/usr/local/lib/python3.11/inspect.py", line 3195, in bind
    return self._bind(args, kwargs)
           ^^^^^^^^^^^^^^^^^^^^^^^^
  File "/usr/local/lib/python3.11/inspect.py", line 3110, in _bind
    raise TypeError(msg) from None
TypeError: missing a required argument: 'script_path'
[2026-10-05T17:37:22.937+0000] {processor.py:842} WARNING - No viable dags retrieved from /opt/airflow/dags/f1_pipeline_dag.py
[2026-10-05T17:37:22.958+0000] {processor.py:183} INFO - Processing /opt/airflow/dags/f1_pipeline_dag.py took 0.055 seconds
[2026-10-05T17:37:53.161+0000] {processor.py:161} INFO - Started process (PID=480) to work on /opt/airflow/dags/f1_pipeline_dag.py
[2026-10-05T17:37:53.162+0000] {processor.py:830} INFO - Processing file /opt/airflow/dags/f1_pipeline_dag.py for tasks to queue
[2026-10-05T17:37:53.164+0000] {logging_mixin.py:188} INFO - [2026-10-05T17:37:53.163+0000] {dagbag.py:545} INFO - Filling up the DagBag from /opt/airflow/dags/f1_pipeline_dag.py
[2026-10-05T17:37:53.182+0000] {logging_mixin.py:188} INFO - [2026-10-05T17:37:53.174+0000] {dagbag.py:355} ERROR - Failed to import: /opt/airflow/dags/f1_pipeline_dag.py
Traceback (most recent call last):
  File "/home/airflow/.local/lib/python3.11/site-packages/airflow/models/dagbag.py", line 351, in parse
    loader.exec_module(new_module)
  File "<frozen importlib._bootstrap_external>", line 940, in exec_module
  File "<frozen importlib._bootstrap>", line 241, in _call_with_frames_removed
  File "/opt/airflow/dags/f1_pipeline_dag.py", line 105, in <module>
    f1_pipeline = telemetry_pipeline()
          ^^^^^^^^^^^^^^^^^^^^
  File "/home/airflow/.local/lib/python3.11/site-packages/airflow/models/dag.py", line 4081, in factory
    f(**f_kwargs)
  File "/opt/airflow/dags/f1_pipeline_dag.py", line 104, in telemetry_pipeline
    validate_data() >> fetching >> silver_script() >> middle_scripts_sensor >> gold_script()
                                   ^^^^^^^^^^^^^^^
  File "/home/airflow/.local/lib/python3.11/site-packages/airflow/decorators/base.py", line 372, in __call__
    op = self.operator_class(
         ^^^^^^^^^^^^^^^^^^^^
  File "/home/airflow/.local/lib/python3.11/site-packages/airflow/models/baseoperator.py", line 485, in apply_defaults
    result = func(self, **kwargs, default_args=default_args)
             ^^^^^^^^^^^^^^^^^^^^^^^^^^^^^^^^^^^^^^^^^^^^^^^
  File "/home/airflow/.local/lib/python3.11/site-packages/airflow/decorators/python.py", line 52, in __init__
    super().__init__(
  File "/home/airflow/.local/lib/python3.11/site-packages/airflow/models/baseoperator.py", line 485, in apply_defaults
    result = func(self, **kwargs, default_args=default_args)
             ^^^^^^^^^^^^^^^^^^^^^^^^^^^^^^^^^^^^^^^^^^^^^^^
  File "/home/airflow/.local/lib/python3.11/site-packages/airflow/decorators/base.py", line 253, in __init__
    signature.bind(*op_args, **op_kwargs)
  File "/usr/local/lib/python3.11/inspect.py", line 3195, in bind
    return self._bind(args, kwargs)
           ^^^^^^^^^^^^^^^^^^^^^^^^
  File "/usr/local/lib/python3.11/inspect.py", line 3110, in _bind
    raise TypeError(msg) from None
TypeError: missing a required argument: 'script_path'
[2026-10-05T17:37:53.184+0000] {processor.py:842} WARNING - No viable dags retrieved from /opt/airflow/dags/f1_pipeline_dag.py
[2026-10-05T17:37:53.202+0000] {processor.py:183} INFO - Processing /opt/airflow/dags/f1_pipeline_dag.py took 0.050 seconds
[2026-10-05T17:38:23.417+0000] {processor.py:161} INFO - Started process (PID=481) to work on /opt/airflow/dags/f1_pipeline_dag.py
[2026-10-05T17:38:23.420+0000] {processor.py:830} INFO - Processing file /opt/airflow/dags/f1_pipeline_dag.py for tasks to queue
[2026-10-05T17:38:23.422+0000] {logging_mixin.py:188} INFO - [2026-10-05T17:38:23.421+0000] {dagbag.py:545} INFO - Filling up the DagBag from /opt/airflow/dags/f1_pipeline_dag.py
[2026-10-05T17:38:23.439+0000] {logging_mixin.py:188} INFO - [2026-10-05T17:38:23.432+0000] {dagbag.py:355} ERROR - Failed to import: /opt/airflow/dags/f1_pipeline_dag.py
Traceback (most recent call last):
  File "/home/airflow/.local/lib/python3.11/site-packages/airflow/models/dagbag.py", line 351, in parse
    loader.exec_module(new_module)
  File "<frozen importlib._bootstrap_external>", line 940, in exec_module
  File "<frozen importlib._bootstrap>", line 241, in _call_with_frames_removed
  File "/opt/airflow/dags/f1_pipeline_dag.py", line 105, in <module>
    f1_pipeline = telemetry_pipeline()
          ^^^^^^^^^^^^^^^^^^^^
  File "/home/airflow/.local/lib/python3.11/site-packages/airflow/models/dag.py", line 4081, in factory
    f(**f_kwargs)
  File "/opt/airflow/dags/f1_pipeline_dag.py", line 104, in telemetry_pipeline
    validate_data() >> fetching >> silver_script() >> middle_scripts_sensor >> gold_script()
                                   ^^^^^^^^^^^^^^^
  File "/home/airflow/.local/lib/python3.11/site-packages/airflow/decorators/base.py", line 372, in __call__
    op = self.operator_class(
         ^^^^^^^^^^^^^^^^^^^^
  File "/home/airflow/.local/lib/python3.11/site-packages/airflow/models/baseoperator.py", line 485, in apply_defaults
    result = func(self, **kwargs, default_args=default_args)
             ^^^^^^^^^^^^^^^^^^^^^^^^^^^^^^^^^^^^^^^^^^^^^^^
  File "/home/airflow/.local/lib/python3.11/site-packages/airflow/decorators/python.py", line 52, in __init__
    super().__init__(
  File "/home/airflow/.local/lib/python3.11/site-packages/airflow/models/baseoperator.py", line 485, in apply_defaults
    result = func(self, **kwargs, default_args=default_args)
             ^^^^^^^^^^^^^^^^^^^^^^^^^^^^^^^^^^^^^^^^^^^^^^^
  File "/home/airflow/.local/lib/python3.11/site-packages/airflow/decorators/base.py", line 253, in __init__
    signature.bind(*op_args, **op_kwargs)
  File "/usr/local/lib/python3.11/inspect.py", line 3195, in bind
    return self._bind(args, kwargs)
           ^^^^^^^^^^^^^^^^^^^^^^^^
  File "/usr/local/lib/python3.11/inspect.py", line 3110, in _bind
    raise TypeError(msg) from None
TypeError: missing a required argument: 'script_path'
[2026-10-05T17:38:23.441+0000] {processor.py:842} WARNING - No viable dags retrieved from /opt/airflow/dags/f1_pipeline_dag.py
[2026-10-05T17:38:23.463+0000] {processor.py:183} INFO - Processing /opt/airflow/dags/f1_pipeline_dag.py took 0.055 seconds
[2026-10-05T17:38:53.654+0000] {processor.py:161} INFO - Started process (PID=482) to work on /opt/airflow/dags/f1_pipeline_dag.py
[2026-10-05T17:38:53.657+0000] {processor.py:830} INFO - Processing file /opt/airflow/dags/f1_pipeline_dag.py for tasks to queue
[2026-10-05T17:38:53.658+0000] {logging_mixin.py:188} INFO - [2026-10-05T17:38:53.658+0000] {dagbag.py:545} INFO - Filling up the DagBag from /opt/airflow/dags/f1_pipeline_dag.py
[2026-10-05T17:38:53.675+0000] {logging_mixin.py:188} INFO - [2026-10-05T17:38:53.668+0000] {dagbag.py:355} ERROR - Failed to import: /opt/airflow/dags/f1_pipeline_dag.py
Traceback (most recent call last):
  File "/home/airflow/.local/lib/python3.11/site-packages/airflow/models/dagbag.py", line 351, in parse
    loader.exec_module(new_module)
  File "<frozen importlib._bootstrap_external>", line 940, in exec_module
  File "<frozen importlib._bootstrap>", line 241, in _call_with_frames_removed
  File "/opt/airflow/dags/f1_pipeline_dag.py", line 105, in <module>
    f1_pipeline = telemetry_pipeline()
          ^^^^^^^^^^^^^^^^^^^^
  File "/home/airflow/.local/lib/python3.11/site-packages/airflow/models/dag.py", line 4081, in factory
    f(**f_kwargs)
  File "/opt/airflow/dags/f1_pipeline_dag.py", line 104, in telemetry_pipeline
    validate_data() >> fetching >> silver_script() >> middle_scripts_sensor >> gold_script()
                                   ^^^^^^^^^^^^^^^
  File "/home/airflow/.local/lib/python3.11/site-packages/airflow/decorators/base.py", line 372, in __call__
    op = self.operator_class(
         ^^^^^^^^^^^^^^^^^^^^
  File "/home/airflow/.local/lib/python3.11/site-packages/airflow/models/baseoperator.py", line 485, in apply_defaults
    result = func(self, **kwargs, default_args=default_args)
             ^^^^^^^^^^^^^^^^^^^^^^^^^^^^^^^^^^^^^^^^^^^^^^^
  File "/home/airflow/.local/lib/python3.11/site-packages/airflow/decorators/python.py", line 52, in __init__
    super().__init__(
  File "/home/airflow/.local/lib/python3.11/site-packages/airflow/models/baseoperator.py", line 485, in apply_defaults
    result = func(self, **kwargs, default_args=default_args)
             ^^^^^^^^^^^^^^^^^^^^^^^^^^^^^^^^^^^^^^^^^^^^^^^
  File "/home/airflow/.local/lib/python3.11/site-packages/airflow/decorators/base.py", line 253, in __init__
    signature.bind(*op_args, **op_kwargs)
  File "/usr/local/lib/python3.11/inspect.py", line 3195, in bind
    return self._bind(args, kwargs)
           ^^^^^^^^^^^^^^^^^^^^^^^^
  File "/usr/local/lib/python3.11/inspect.py", line 3110, in _bind
    raise TypeError(msg) from None
TypeError: missing a required argument: 'script_path'
[2026-10-05T17:38:53.677+0000] {processor.py:842} WARNING - No viable dags retrieved from /opt/airflow/dags/f1_pipeline_dag.py
[2026-10-05T17:38:53.698+0000] {processor.py:183} INFO - Processing /opt/airflow/dags/f1_pipeline_dag.py took 0.053 seconds
[2026-10-05T17:39:18.258+0000] {processor.py:161} INFO - Started process (PID=483) to work on /opt/airflow/dags/f1_pipeline_dag.py
[2026-10-05T17:39:18.258+0000] {processor.py:830} INFO - Processing file /opt/airflow/dags/f1_pipeline_dag.py for tasks to queue
[2026-10-05T17:39:18.259+0000] {logging_mixin.py:188} INFO - [2026-10-05T17:39:18.259+0000] {dagbag.py:545} INFO - Filling up the DagBag from /opt/airflow/dags/f1_pipeline_dag.py
[2026-10-05T17:39:18.272+0000] {processor.py:840} INFO - DAG(s) 'f1_data_analytics' retrieved from /opt/airflow/dags/f1_pipeline_dag.py
[2026-10-05T17:39:18.380+0000] {logging_mixin.py:188} INFO - [2026-10-05T17:39:18.379+0000] {dag.py:3096} INFO - Sync 1 DAGs
[2026-10-05T17:39:18.386+0000] {logging_mixin.py:188} INFO - [2026-10-05T17:39:18.386+0000] {dag.py:3954} INFO - Setting next_dagrun for f1_data_analytics to None, run_after=None
[2026-10-05T17:39:18.406+0000] {processor.py:183} INFO - Processing /opt/airflow/dags/f1_pipeline_dag.py took 0.155 seconds
[2026-10-05T17:39:28.312+0000] {processor.py:161} INFO - Started process (PID=484) to work on /opt/airflow/dags/f1_pipeline_dag.py
[2026-10-05T17:39:28.314+0000] {processor.py:830} INFO - Processing file /opt/airflow/dags/f1_pipeline_dag.py for tasks to queue
[2026-10-05T17:39:28.315+0000] {logging_mixin.py:188} INFO - [2026-10-05T17:39:28.315+0000] {dagbag.py:545} INFO - Filling up the DagBag from /opt/airflow/dags/f1_pipeline_dag.py
[2026-10-05T17:39:28.330+0000] {processor.py:840} INFO - DAG(s) 'f1_data_analytics' retrieved from /opt/airflow/dags/f1_pipeline_dag.py
[2026-10-05T17:39:28.342+0000] {logging_mixin.py:188} INFO - [2026-10-05T17:39:28.342+0000] {dag.py:3096} INFO - Sync 1 DAGs
[2026-10-05T17:39:28.359+0000] {logging_mixin.py:188} INFO - [2026-10-05T17:39:28.359+0000] {dag.py:3954} INFO - Setting next_dagrun for f1_data_analytics to None, run_after=None
[2026-10-05T17:39:28.381+0000] {processor.py:183} INFO - Processing /opt/airflow/dags/f1_pipeline_dag.py took 0.076 seconds
[2026-10-05T17:40:04.280+0000] {processor.py:161} INFO - Started process (PID=533) to work on /opt/airflow/dags/f1_pipeline_dag.py
[2026-10-05T17:40:04.283+0000] {processor.py:830} INFO - Processing file /opt/airflow/dags/f1_pipeline_dag.py for tasks to queue
[2026-10-05T17:40:04.284+0000] {logging_mixin.py:188} INFO - [2026-10-05T17:40:04.284+0000] {dagbag.py:545} INFO - Filling up the DagBag from /opt/airflow/dags/f1_pipeline_dag.py
[2026-10-05T17:40:04.296+0000] {processor.py:840} INFO - DAG(s) 'f1_data_analytics' retrieved from /opt/airflow/dags/f1_pipeline_dag.py
[2026-10-05T17:40:04.342+0000] {logging_mixin.py:188} INFO - [2026-10-05T17:40:04.342+0000] {dag.py:3096} INFO - Sync 1 DAGs
[2026-10-05T17:40:04.350+0000] {logging_mixin.py:188} INFO - [2026-10-05T17:40:04.350+0000] {dag.py:3954} INFO - Setting next_dagrun for f1_data_analytics to None, run_after=None
[2026-10-05T17:40:04.364+0000] {processor.py:183} INFO - Processing /opt/airflow/dags/f1_pipeline_dag.py took 0.094 seconds
[2026-10-05T17:40:35.380+0000] {processor.py:161} INFO - Started process (PID=574) to work on /opt/airflow/dags/f1_pipeline_dag.py
[2026-10-05T17:40:35.381+0000] {processor.py:830} INFO - Processing file /opt/airflow/dags/f1_pipeline_dag.py for tasks to queue
[2026-10-05T17:40:35.382+0000] {logging_mixin.py:188} INFO - [2026-10-05T17:40:35.382+0000] {dagbag.py:545} INFO - Filling up the DagBag from /opt/airflow/dags/f1_pipeline_dag.py
[2026-10-05T17:40:35.395+0000] {processor.py:840} INFO - DAG(s) 'f1_data_analytics' retrieved from /opt/airflow/dags/f1_pipeline_dag.py
[2026-10-05T17:40:35.440+0000] {logging_mixin.py:188} INFO - [2026-10-05T17:40:35.440+0000] {dag.py:3096} INFO - Sync 1 DAGs
[2026-10-05T17:40:35.448+0000] {logging_mixin.py:188} INFO - [2026-10-05T17:40:35.448+0000] {dag.py:3954} INFO - Setting next_dagrun for f1_data_analytics to None, run_after=None
[2026-10-05T17:40:35.463+0000] {processor.py:183} INFO - Processing /opt/airflow/dags/f1_pipeline_dag.py took 0.093 seconds
[2026-10-05T17:41:06.516+0000] {processor.py:161} INFO - Started process (PID=575) to work on /opt/airflow/dags/f1_pipeline_dag.py
[2026-10-05T17:41:06.519+0000] {processor.py:830} INFO - Processing file /opt/airflow/dags/f1_pipeline_dag.py for tasks to queue
[2026-10-05T17:41:06.520+0000] {logging_mixin.py:188} INFO - [2026-10-05T17:41:06.520+0000] {dagbag.py:545} INFO - Filling up the DagBag from /opt/airflow/dags/f1_pipeline_dag.py
[2026-10-05T17:41:06.533+0000] {processor.py:840} INFO - DAG(s) 'f1_data_analytics' retrieved from /opt/airflow/dags/f1_pipeline_dag.py
[2026-10-05T17:41:06.578+0000] {logging_mixin.py:188} INFO - [2026-10-05T17:41:06.578+0000] {dag.py:3096} INFO - Sync 1 DAGs
[2026-10-05T17:41:06.586+0000] {logging_mixin.py:188} INFO - [2026-10-05T17:41:06.586+0000] {dag.py:3954} INFO - Setting next_dagrun for f1_data_analytics to None, run_after=None
[2026-10-05T17:41:06.601+0000] {processor.py:183} INFO - Processing /opt/airflow/dags/f1_pipeline_dag.py took 0.095 seconds
[2026-10-05T17:41:37.639+0000] {processor.py:161} INFO - Started process (PID=576) to work on /opt/airflow/dags/f1_pipeline_dag.py
[2026-10-05T17:41:37.642+0000] {processor.py:830} INFO - Processing file /opt/airflow/dags/f1_pipeline_dag.py for tasks to queue
[2026-10-05T17:41:37.643+0000] {logging_mixin.py:188} INFO - [2026-10-05T17:41:37.643+0000] {dagbag.py:545} INFO - Filling up the DagBag from /opt/airflow/dags/f1_pipeline_dag.py
[2026-10-05T17:41:37.656+0000] {processor.py:840} INFO - DAG(s) 'f1_data_analytics' retrieved from /opt/airflow/dags/f1_pipeline_dag.py
[2026-10-05T17:41:37.709+0000] {logging_mixin.py:188} INFO - [2026-10-05T17:41:37.709+0000] {dag.py:3096} INFO - Sync 1 DAGs
[2026-10-05T17:41:37.718+0000] {logging_mixin.py:188} INFO - [2026-10-05T17:41:37.717+0000] {dag.py:3954} INFO - Setting next_dagrun for f1_data_analytics to None, run_after=None
[2026-10-05T17:41:37.732+0000] {processor.py:183} INFO - Processing /opt/airflow/dags/f1_pipeline_dag.py took 0.103 seconds
[2026-10-05T17:42:07.985+0000] {processor.py:161} INFO - Started process (PID=577) to work on /opt/airflow/dags/f1_pipeline_dag.py
[2026-10-05T17:42:07.986+0000] {processor.py:830} INFO - Processing file /opt/airflow/dags/f1_pipeline_dag.py for tasks to queue
[2026-10-05T17:42:07.987+0000] {logging_mixin.py:188} INFO - [2026-10-05T17:42:07.986+0000] {dagbag.py:545} INFO - Filling up the DagBag from /opt/airflow/dags/f1_pipeline_dag.py
[2026-10-05T17:42:07.999+0000] {processor.py:840} INFO - DAG(s) 'f1_data_analytics' retrieved from /opt/airflow/dags/f1_pipeline_dag.py
[2026-10-05T17:42:08.045+0000] {logging_mixin.py:188} INFO - [2026-10-05T17:42:08.044+0000] {dag.py:3096} INFO - Sync 1 DAGs
[2026-10-05T17:42:08.053+0000] {logging_mixin.py:188} INFO - [2026-10-05T17:42:08.053+0000] {dag.py:3954} INFO - Setting next_dagrun for f1_data_analytics to None, run_after=None
[2026-10-05T17:42:08.067+0000] {processor.py:183} INFO - Processing /opt/airflow/dags/f1_pipeline_dag.py took 0.091 seconds
[2026-10-05T17:42:23.565+0000] {processor.py:161} INFO - Started process (PID=578) to work on /opt/airflow/dags/f1_pipeline_dag.py
[2026-10-05T17:42:23.566+0000] {processor.py:830} INFO - Processing file /opt/airflow/dags/f1_pipeline_dag.py for tasks to queue
[2026-10-05T17:42:23.568+0000] {logging_mixin.py:188} INFO - [2026-10-05T17:42:23.567+0000] {dagbag.py:545} INFO - Filling up the DagBag from /opt/airflow/dags/f1_pipeline_dag.py
[2026-10-05T17:42:23.582+0000] {processor.py:840} INFO - DAG(s) 'f1_data_analytics' retrieved from /opt/airflow/dags/f1_pipeline_dag.py
[2026-10-05T17:42:23.632+0000] {logging_mixin.py:188} INFO - [2026-10-05T17:42:23.632+0000] {dag.py:3096} INFO - Sync 1 DAGs
[2026-10-05T17:42:23.640+0000] {logging_mixin.py:188} INFO - [2026-10-05T17:42:23.640+0000] {dag.py:3954} INFO - Setting next_dagrun for f1_data_analytics to None, run_after=None
[2026-10-05T17:42:23.662+0000] {processor.py:183} INFO - Processing /opt/airflow/dags/f1_pipeline_dag.py took 0.105 seconds
[2026-10-05T17:42:55.142+0000] {processor.py:161} INFO - Started process (PID=626) to work on /opt/airflow/dags/f1_pipeline_dag.py
[2026-10-05T17:42:55.145+0000] {processor.py:830} INFO - Processing file /opt/airflow/dags/f1_pipeline_dag.py for tasks to queue
[2026-10-05T17:42:55.146+0000] {logging_mixin.py:188} INFO - [2026-10-05T17:42:55.146+0000] {dagbag.py:545} INFO - Filling up the DagBag from /opt/airflow/dags/f1_pipeline_dag.py
[2026-10-05T17:42:55.158+0000] {processor.py:840} INFO - DAG(s) 'f1_data_analytics' retrieved from /opt/airflow/dags/f1_pipeline_dag.py
[2026-10-05T17:42:55.194+0000] {logging_mixin.py:188} INFO - [2026-10-05T17:42:55.194+0000] {dag.py:3096} INFO - Sync 1 DAGs
[2026-10-05T17:42:55.201+0000] {logging_mixin.py:188} INFO - [2026-10-05T17:42:55.201+0000] {dag.py:3954} INFO - Setting next_dagrun for f1_data_analytics to None, run_after=None
[2026-10-05T17:42:55.216+0000] {processor.py:183} INFO - Processing /opt/airflow/dags/f1_pipeline_dag.py took 0.083 seconds
[2026-10-05T17:49:46.571+0000] {processor.py:161} INFO - Started process (PID=969) to work on /opt/airflow/dags/f1_pipeline_dag.py
[2026-10-05T17:49:46.573+0000] {processor.py:830} INFO - Processing file /opt/airflow/dags/f1_pipeline_dag.py for tasks to queue
[2026-10-05T17:49:46.574+0000] {logging_mixin.py:188} INFO - [2026-10-05T17:49:46.574+0000] {dagbag.py:545} INFO - Filling up the DagBag from /opt/airflow/dags/f1_pipeline_dag.py
[2026-10-05T17:49:46.581+0000] {processor.py:840} INFO - DAG(s) 'f1_data_analytics' retrieved from /opt/airflow/dags/f1_pipeline_dag.py
[2026-10-05T17:49:46.626+0000] {logging_mixin.py:188} INFO - [2026-10-05T17:49:46.626+0000] {dag.py:3096} INFO - Sync 1 DAGs
[2026-10-05T17:49:46.637+0000] {logging_mixin.py:188} INFO - [2026-10-05T17:49:46.637+0000] {dag.py:3954} INFO - Setting next_dagrun for f1_data_analytics to None, run_after=None
[2026-10-05T17:49:46.652+0000] {processor.py:183} INFO - Processing /opt/airflow/dags/f1_pipeline_dag.py took 0.085 seconds
[2026-10-05T17:50:10.396+0000] {processor.py:161} INFO - Started process (PID=1019) to work on /opt/airflow/dags/f1_pipeline_dag.py
[2026-10-05T17:50:10.398+0000] {processor.py:830} INFO - Processing file /opt/airflow/dags/f1_pipeline_dag.py for tasks to queue
[2026-10-05T17:50:10.399+0000] {logging_mixin.py:188} INFO - [2026-10-05T17:50:10.399+0000] {dagbag.py:545} INFO - Filling up the DagBag from /opt/airflow/dags/f1_pipeline_dag.py
[2026-10-05T17:50:10.412+0000] {processor.py:840} INFO - DAG(s) 'f1_data_analytics' retrieved from /opt/airflow/dags/f1_pipeline_dag.py
[2026-10-05T17:50:10.504+0000] {logging_mixin.py:188} INFO - [2026-10-05T17:50:10.504+0000] {dag.py:3096} INFO - Sync 1 DAGs
[2026-10-05T17:50:10.512+0000] {logging_mixin.py:188} INFO - [2026-10-05T17:50:10.511+0000] {dag.py:3954} INFO - Setting next_dagrun for f1_data_analytics to None, run_after=None
[2026-10-05T17:50:10.529+0000] {processor.py:183} INFO - Processing /opt/airflow/dags/f1_pipeline_dag.py took 0.142 seconds
[2026-10-05T17:50:41.657+0000] {processor.py:161} INFO - Started process (PID=1354) to work on /opt/airflow/dags/f1_pipeline_dag.py
[2026-10-05T17:50:41.660+0000] {processor.py:830} INFO - Processing file /opt/airflow/dags/f1_pipeline_dag.py for tasks to queue
[2026-10-05T17:50:41.661+0000] {logging_mixin.py:188} INFO - [2026-10-05T17:50:41.661+0000] {dagbag.py:545} INFO - Filling up the DagBag from /opt/airflow/dags/f1_pipeline_dag.py
[2026-10-05T17:50:41.668+0000] {processor.py:840} INFO - DAG(s) 'f1_data_analytics' retrieved from /opt/airflow/dags/f1_pipeline_dag.py
[2026-10-05T17:50:41.698+0000] {logging_mixin.py:188} INFO - [2026-10-05T17:50:41.698+0000] {dag.py:3096} INFO - Sync 1 DAGs
[2026-10-05T17:50:41.706+0000] {logging_mixin.py:188} INFO - [2026-10-05T17:50:41.706+0000] {dag.py:3954} INFO - Setting next_dagrun for f1_data_analytics to None, run_after=None
[2026-10-05T17:50:41.720+0000] {processor.py:183} INFO - Processing /opt/airflow/dags/f1_pipeline_dag.py took 0.070 seconds
[2026-10-05T17:51:27.786+0000] {processor.py:161} INFO - Started process (PID=1719) to work on /opt/airflow/dags/f1_pipeline_dag.py
[2026-10-05T17:51:27.788+0000] {processor.py:830} INFO - Processing file /opt/airflow/dags/f1_pipeline_dag.py for tasks to queue
[2026-10-05T17:51:27.790+0000] {logging_mixin.py:188} INFO - [2026-10-05T17:51:27.789+0000] {dagbag.py:545} INFO - Filling up the DagBag from /opt/airflow/dags/f1_pipeline_dag.py
[2026-10-05T17:51:27.802+0000] {processor.py:840} INFO - DAG(s) 'f1_data_analytics' retrieved from /opt/airflow/dags/f1_pipeline_dag.py
[2026-10-05T17:51:27.837+0000] {logging_mixin.py:188} INFO - [2026-10-05T17:51:27.836+0000] {dag.py:3096} INFO - Sync 1 DAGs
[2026-10-05T17:51:27.844+0000] {logging_mixin.py:188} INFO - [2026-10-05T17:51:27.844+0000] {dag.py:3954} INFO - Setting next_dagrun for f1_data_analytics to None, run_after=None
[2026-10-05T17:51:27.859+0000] {processor.py:183} INFO - Processing /opt/airflow/dags/f1_pipeline_dag.py took 0.083 seconds
[2026-10-05T17:51:58.927+0000] {processor.py:161} INFO - Started process (PID=1738) to work on /opt/airflow/dags/f1_pipeline_dag.py
[2026-10-05T17:51:58.928+0000] {processor.py:830} INFO - Processing file /opt/airflow/dags/f1_pipeline_dag.py for tasks to queue
[2026-10-05T17:51:58.930+0000] {logging_mixin.py:188} INFO - [2026-10-05T17:51:58.929+0000] {dagbag.py:545} INFO - Filling up the DagBag from /opt/airflow/dags/f1_pipeline_dag.py
[2026-10-05T17:51:58.942+0000] {processor.py:840} INFO - DAG(s) 'f1_data_analytics' retrieved from /opt/airflow/dags/f1_pipeline_dag.py
[2026-10-05T17:51:58.990+0000] {logging_mixin.py:188} INFO - [2026-10-05T17:51:58.990+0000] {dag.py:3096} INFO - Sync 1 DAGs
[2026-10-05T17:51:58.998+0000] {logging_mixin.py:188} INFO - [2026-10-05T17:51:58.998+0000] {dag.py:3954} INFO - Setting next_dagrun for f1_data_analytics to None, run_after=None
[2026-10-05T17:51:59.012+0000] {processor.py:183} INFO - Processing /opt/airflow/dags/f1_pipeline_dag.py took 0.095 seconds
[2026-10-05T17:52:29.064+0000] {processor.py:161} INFO - Started process (PID=1739) to work on /opt/airflow/dags/f1_pipeline_dag.py
[2026-10-05T17:52:29.073+0000] {processor.py:830} INFO - Processing file /opt/airflow/dags/f1_pipeline_dag.py for tasks to queue
[2026-10-05T17:52:29.074+0000] {logging_mixin.py:188} INFO - [2026-10-05T17:52:29.073+0000] {dagbag.py:545} INFO - Filling up the DagBag from /opt/airflow/dags/f1_pipeline_dag.py
[2026-10-05T17:52:29.087+0000] {processor.py:840} INFO - DAG(s) 'f1_data_analytics' retrieved from /opt/airflow/dags/f1_pipeline_dag.py
[2026-10-05T17:52:29.124+0000] {logging_mixin.py:188} INFO - [2026-10-05T17:52:29.124+0000] {dag.py:3096} INFO - Sync 1 DAGs
[2026-10-05T17:52:29.132+0000] {logging_mixin.py:188} INFO - [2026-10-05T17:52:29.132+0000] {dag.py:3954} INFO - Setting next_dagrun for f1_data_analytics to None, run_after=None
[2026-10-05T17:52:29.146+0000] {processor.py:183} INFO - Processing /opt/airflow/dags/f1_pipeline_dag.py took 0.091 seconds
[2026-10-05T17:52:59.203+0000] {processor.py:161} INFO - Started process (PID=1740) to work on /opt/airflow/dags/f1_pipeline_dag.py
[2026-10-05T17:52:59.205+0000] {processor.py:830} INFO - Processing file /opt/airflow/dags/f1_pipeline_dag.py for tasks to queue
[2026-10-05T17:52:59.207+0000] {logging_mixin.py:188} INFO - [2026-10-05T17:52:59.206+0000] {dagbag.py:545} INFO - Filling up the DagBag from /opt/airflow/dags/f1_pipeline_dag.py
[2026-10-05T17:52:59.221+0000] {processor.py:840} INFO - DAG(s) 'f1_data_analytics' retrieved from /opt/airflow/dags/f1_pipeline_dag.py
[2026-10-05T17:52:59.267+0000] {logging_mixin.py:188} INFO - [2026-10-05T17:52:59.267+0000] {dag.py:3096} INFO - Sync 1 DAGs
[2026-10-05T17:52:59.276+0000] {logging_mixin.py:188} INFO - [2026-10-05T17:52:59.276+0000] {dag.py:3954} INFO - Setting next_dagrun for f1_data_analytics to None, run_after=None
[2026-10-05T17:52:59.291+0000] {processor.py:183} INFO - Processing /opt/airflow/dags/f1_pipeline_dag.py took 0.098 seconds
[2026-10-05T17:53:30.080+0000] {processor.py:161} INFO - Started process (PID=1741) to work on /opt/airflow/dags/f1_pipeline_dag.py
[2026-10-05T17:53:30.083+0000] {processor.py:830} INFO - Processing file /opt/airflow/dags/f1_pipeline_dag.py for tasks to queue
[2026-10-05T17:53:30.085+0000] {logging_mixin.py:188} INFO - [2026-10-05T17:53:30.084+0000] {dagbag.py:545} INFO - Filling up the DagBag from /opt/airflow/dags/f1_pipeline_dag.py
[2026-10-05T17:53:30.098+0000] {processor.py:840} INFO - DAG(s) 'f1_data_analytics' retrieved from /opt/airflow/dags/f1_pipeline_dag.py
[2026-10-05T17:53:30.147+0000] {logging_mixin.py:188} INFO - [2026-10-05T17:53:30.146+0000] {dag.py:3096} INFO - Sync 1 DAGs
[2026-10-05T17:53:30.155+0000] {logging_mixin.py:188} INFO - [2026-10-05T17:53:30.155+0000] {dag.py:3954} INFO - Setting next_dagrun for f1_data_analytics to None, run_after=None
[2026-10-05T17:53:30.173+0000] {processor.py:183} INFO - Processing /opt/airflow/dags/f1_pipeline_dag.py took 0.102 seconds
[2026-10-05T17:54:00.591+0000] {processor.py:161} INFO - Started process (PID=1742) to work on /opt/airflow/dags/f1_pipeline_dag.py
[2026-10-05T17:54:00.593+0000] {processor.py:830} INFO - Processing file /opt/airflow/dags/f1_pipeline_dag.py for tasks to queue
[2026-10-05T17:54:00.594+0000] {logging_mixin.py:188} INFO - [2026-10-05T17:54:00.594+0000] {dagbag.py:545} INFO - Filling up the DagBag from /opt/airflow/dags/f1_pipeline_dag.py
[2026-10-05T17:54:00.608+0000] {processor.py:840} INFO - DAG(s) 'f1_data_analytics' retrieved from /opt/airflow/dags/f1_pipeline_dag.py
[2026-10-05T17:54:00.657+0000] {logging_mixin.py:188} INFO - [2026-10-05T17:54:00.657+0000] {dag.py:3096} INFO - Sync 1 DAGs
[2026-10-05T17:54:00.666+0000] {logging_mixin.py:188} INFO - [2026-10-05T17:54:00.665+0000] {dag.py:3954} INFO - Setting next_dagrun for f1_data_analytics to None, run_after=None
[2026-10-05T17:54:00.680+0000] {processor.py:183} INFO - Processing /opt/airflow/dags/f1_pipeline_dag.py took 0.098 seconds
[2026-10-05T17:54:31.158+0000] {processor.py:161} INFO - Started process (PID=1743) to work on /opt/airflow/dags/f1_pipeline_dag.py
[2026-10-05T17:54:31.161+0000] {processor.py:830} INFO - Processing file /opt/airflow/dags/f1_pipeline_dag.py for tasks to queue
[2026-10-05T17:54:31.163+0000] {logging_mixin.py:188} INFO - [2026-10-05T17:54:31.162+0000] {dagbag.py:545} INFO - Filling up the DagBag from /opt/airflow/dags/f1_pipeline_dag.py
[2026-10-05T17:54:31.175+0000] {processor.py:840} INFO - DAG(s) 'f1_data_analytics' retrieved from /opt/airflow/dags/f1_pipeline_dag.py
[2026-10-05T17:54:31.224+0000] {logging_mixin.py:188} INFO - [2026-10-05T17:54:31.224+0000] {dag.py:3096} INFO - Sync 1 DAGs
[2026-10-05T17:54:31.232+0000] {logging_mixin.py:188} INFO - [2026-10-05T17:54:31.232+0000] {dag.py:3954} INFO - Setting next_dagrun for f1_data_analytics to None, run_after=None
[2026-10-05T17:54:31.247+0000] {processor.py:183} INFO - Processing /opt/airflow/dags/f1_pipeline_dag.py took 0.098 seconds
[2026-10-05T17:55:01.717+0000] {processor.py:161} INFO - Started process (PID=1744) to work on /opt/airflow/dags/f1_pipeline_dag.py
[2026-10-05T17:55:01.718+0000] {processor.py:830} INFO - Processing file /opt/airflow/dags/f1_pipeline_dag.py for tasks to queue
[2026-10-05T17:55:01.719+0000] {logging_mixin.py:188} INFO - [2026-10-05T17:55:01.719+0000] {dagbag.py:545} INFO - Filling up the DagBag from /opt/airflow/dags/f1_pipeline_dag.py
[2026-10-05T17:55:01.732+0000] {processor.py:840} INFO - DAG(s) 'f1_data_analytics' retrieved from /opt/airflow/dags/f1_pipeline_dag.py
[2026-10-05T17:55:01.781+0000] {logging_mixin.py:188} INFO - [2026-10-05T17:55:01.781+0000] {dag.py:3096} INFO - Sync 1 DAGs
[2026-10-05T17:55:01.790+0000] {logging_mixin.py:188} INFO - [2026-10-05T17:55:01.790+0000] {dag.py:3954} INFO - Setting next_dagrun for f1_data_analytics to None, run_after=None
[2026-10-05T17:55:01.805+0000] {processor.py:183} INFO - Processing /opt/airflow/dags/f1_pipeline_dag.py took 0.098 seconds
[2026-10-05T17:55:29.177+0000] {processor.py:161} INFO - Started process (PID=57) to work on /opt/airflow/dags/f1_pipeline_dag.py
[2026-10-05T17:55:29.179+0000] {processor.py:830} INFO - Processing file /opt/airflow/dags/f1_pipeline_dag.py for tasks to queue
[2026-10-05T17:55:29.181+0000] {logging_mixin.py:188} INFO - [2026-10-05T17:55:29.181+0000] {dagbag.py:545} INFO - Filling up the DagBag from /opt/airflow/dags/f1_pipeline_dag.py
[2026-10-05T17:55:29.189+0000] {processor.py:840} INFO - DAG(s) 'f1_data_analytics' retrieved from /opt/airflow/dags/f1_pipeline_dag.py
[2026-10-05T17:55:29.400+0000] {logging_mixin.py:188} INFO - [2026-10-05T17:55:29.400+0000] {override.py:1829} INFO - Created Permission View: can delete on DAG:f1_data_analytics
[2026-10-05T17:55:29.408+0000] {logging_mixin.py:188} INFO - [2026-10-05T17:55:29.407+0000] {override.py:1829} INFO - Created Permission View: can edit on DAG:f1_data_analytics
[2026-10-05T17:55:29.412+0000] {logging_mixin.py:188} INFO - [2026-10-05T17:55:29.412+0000] {override.py:1829} INFO - Created Permission View: can read on DAG:f1_data_analytics
[2026-10-05T17:55:29.413+0000] {logging_mixin.py:188} INFO - [2026-10-05T17:55:29.413+0000] {dag.py:3096} INFO - Sync 1 DAGs
[2026-10-05T17:55:29.420+0000] {logging_mixin.py:188} INFO - [2026-10-05T17:55:29.420+0000] {dag.py:3118} INFO - Creating ORM DAG for f1_data_analytics
[2026-10-05T17:55:29.421+0000] {logging_mixin.py:188} INFO - [2026-10-05T17:55:29.420+0000] {dag.py:3954} INFO - Setting next_dagrun for f1_data_analytics to None, run_after=None
[2026-10-05T17:55:29.434+0000] {processor.py:183} INFO - Processing /opt/airflow/dags/f1_pipeline_dag.py took 0.261 seconds
[2026-10-05T17:56:02.602+0000] {processor.py:161} INFO - Started process (PID=88) to work on /opt/airflow/dags/f1_pipeline_dag.py
[2026-10-05T17:56:02.604+0000] {processor.py:830} INFO - Processing file /opt/airflow/dags/f1_pipeline_dag.py for tasks to queue
[2026-10-05T17:56:02.607+0000] {logging_mixin.py:188} INFO - [2026-10-05T17:56:02.606+0000] {dagbag.py:545} INFO - Filling up the DagBag from /opt/airflow/dags/f1_pipeline_dag.py
[2026-10-05T17:56:02.622+0000] {processor.py:840} INFO - DAG(s) 'f1_data_analytics' retrieved from /opt/airflow/dags/f1_pipeline_dag.py
[2026-10-05T17:56:02.654+0000] {logging_mixin.py:188} INFO - [2026-10-05T17:56:02.654+0000] {dag.py:3096} INFO - Sync 1 DAGs
[2026-10-05T17:56:02.663+0000] {logging_mixin.py:188} INFO - [2026-10-05T17:56:02.663+0000] {dag.py:3954} INFO - Setting next_dagrun for f1_data_analytics to None, run_after=None
[2026-10-05T17:56:02.681+0000] {processor.py:183} INFO - Processing /opt/airflow/dags/f1_pipeline_dag.py took 0.089 seconds
[2026-10-05T17:56:57.433+0000] {processor.py:161} INFO - Started process (PID=469) to work on /opt/airflow/dags/f1_pipeline_dag.py
[2026-10-05T17:56:57.436+0000] {processor.py:830} INFO - Processing file /opt/airflow/dags/f1_pipeline_dag.py for tasks to queue
[2026-10-05T17:56:57.438+0000] {logging_mixin.py:188} INFO - [2026-10-05T17:56:57.438+0000] {dagbag.py:545} INFO - Filling up the DagBag from /opt/airflow/dags/f1_pipeline_dag.py
[2026-10-05T17:56:57.455+0000] {processor.py:840} INFO - DAG(s) 'f1_data_analytics' retrieved from /opt/airflow/dags/f1_pipeline_dag.py
[2026-10-05T17:56:57.491+0000] {logging_mixin.py:188} INFO - [2026-10-05T17:56:57.491+0000] {dag.py:3096} INFO - Sync 1 DAGs
[2026-10-05T17:56:57.500+0000] {logging_mixin.py:188} INFO - [2026-10-05T17:56:57.500+0000] {dag.py:3954} INFO - Setting next_dagrun for f1_data_analytics to None, run_after=None
[2026-10-05T17:56:57.631+0000] {processor.py:183} INFO - Processing /opt/airflow/dags/f1_pipeline_dag.py took 0.206 seconds
[2026-10-05T17:57:27.964+0000] {processor.py:161} INFO - Started process (PID=744) to work on /opt/airflow/dags/f1_pipeline_dag.py
[2026-10-05T17:57:27.965+0000] {processor.py:830} INFO - Processing file /opt/airflow/dags/f1_pipeline_dag.py for tasks to queue
[2026-10-05T17:57:27.968+0000] {logging_mixin.py:188} INFO - [2026-10-05T17:57:27.967+0000] {dagbag.py:545} INFO - Filling up the DagBag from /opt/airflow/dags/f1_pipeline_dag.py
[2026-10-05T17:57:27.986+0000] {processor.py:840} INFO - DAG(s) 'f1_data_analytics' retrieved from /opt/airflow/dags/f1_pipeline_dag.py
[2026-10-05T17:57:28.019+0000] {logging_mixin.py:188} INFO - [2026-10-05T17:57:28.019+0000] {dag.py:3096} INFO - Sync 1 DAGs
[2026-10-05T17:57:28.030+0000] {logging_mixin.py:188} INFO - [2026-10-05T17:57:28.030+0000] {dag.py:3954} INFO - Setting next_dagrun for f1_data_analytics to None, run_after=None
[2026-10-05T17:57:28.161+0000] {processor.py:183} INFO - Processing /opt/airflow/dags/f1_pipeline_dag.py took 0.209 seconds
[2026-10-05T17:57:58.472+0000] {processor.py:161} INFO - Started process (PID=745) to work on /opt/airflow/dags/f1_pipeline_dag.py
[2026-10-05T17:57:58.475+0000] {processor.py:830} INFO - Processing file /opt/airflow/dags/f1_pipeline_dag.py for tasks to queue
[2026-10-05T17:57:58.478+0000] {logging_mixin.py:188} INFO - [2026-10-05T17:57:58.477+0000] {dagbag.py:545} INFO - Filling up the DagBag from /opt/airflow/dags/f1_pipeline_dag.py
[2026-10-05T17:57:58.497+0000] {processor.py:840} INFO - DAG(s) 'f1_data_analytics' retrieved from /opt/airflow/dags/f1_pipeline_dag.py
[2026-10-05T17:57:58.535+0000] {logging_mixin.py:188} INFO - [2026-10-05T17:57:58.534+0000] {dag.py:3096} INFO - Sync 1 DAGs
[2026-10-05T17:57:58.662+0000] {logging_mixin.py:188} INFO - [2026-10-05T17:57:58.662+0000] {dag.py:3954} INFO - Setting next_dagrun for f1_data_analytics to None, run_after=None
[2026-10-05T17:57:58.677+0000] {processor.py:183} INFO - Processing /opt/airflow/dags/f1_pipeline_dag.py took 0.215 seconds
[2026-10-05T17:58:29.638+0000] {processor.py:161} INFO - Started process (PID=746) to work on /opt/airflow/dags/f1_pipeline_dag.py
[2026-10-05T17:58:29.641+0000] {processor.py:830} INFO - Processing file /opt/airflow/dags/f1_pipeline_dag.py for tasks to queue
[2026-10-05T17:58:29.645+0000] {logging_mixin.py:188} INFO - [2026-10-05T17:58:29.644+0000] {dagbag.py:545} INFO - Filling up the DagBag from /opt/airflow/dags/f1_pipeline_dag.py
[2026-10-05T17:58:29.664+0000] {processor.py:840} INFO - DAG(s) 'f1_data_analytics' retrieved from /opt/airflow/dags/f1_pipeline_dag.py
[2026-10-05T17:58:29.821+0000] {logging_mixin.py:188} INFO - [2026-10-05T17:58:29.821+0000] {dag.py:3096} INFO - Sync 1 DAGs
[2026-10-05T17:58:29.829+0000] {logging_mixin.py:188} INFO - [2026-10-05T17:58:29.829+0000] {dag.py:3954} INFO - Setting next_dagrun for f1_data_analytics to None, run_after=None
[2026-10-05T17:58:29.845+0000] {processor.py:183} INFO - Processing /opt/airflow/dags/f1_pipeline_dag.py took 0.217 seconds
[2026-10-05T17:59:00.564+0000] {processor.py:161} INFO - Started process (PID=747) to work on /opt/airflow/dags/f1_pipeline_dag.py
[2026-10-05T17:59:00.565+0000] {processor.py:830} INFO - Processing file /opt/airflow/dags/f1_pipeline_dag.py for tasks to queue
[2026-10-05T17:59:00.567+0000] {logging_mixin.py:188} INFO - [2026-10-05T17:59:00.566+0000] {dagbag.py:545} INFO - Filling up the DagBag from /opt/airflow/dags/f1_pipeline_dag.py
[2026-10-05T17:59:00.713+0000] {processor.py:840} INFO - DAG(s) 'f1_data_analytics' retrieved from /opt/airflow/dags/f1_pipeline_dag.py
[2026-10-05T17:59:00.739+0000] {logging_mixin.py:188} INFO - [2026-10-05T17:59:00.739+0000] {dag.py:3096} INFO - Sync 1 DAGs
[2026-10-05T17:59:00.749+0000] {logging_mixin.py:188} INFO - [2026-10-05T17:59:00.748+0000] {dag.py:3954} INFO - Setting next_dagrun for f1_data_analytics to None, run_after=None
[2026-10-05T17:59:00.763+0000] {processor.py:183} INFO - Processing /opt/airflow/dags/f1_pipeline_dag.py took 0.206 seconds
[2026-10-05T17:59:18.231+0000] {processor.py:161} INFO - Started process (PID=748) to work on /opt/airflow/dags/f1_pipeline_dag.py
[2026-10-05T17:59:18.232+0000] {processor.py:830} INFO - Processing file /opt/airflow/dags/f1_pipeline_dag.py for tasks to queue
[2026-10-05T17:59:18.233+0000] {logging_mixin.py:188} INFO - [2026-10-05T17:59:18.233+0000] {dagbag.py:545} INFO - Filling up the DagBag from /opt/airflow/dags/f1_pipeline_dag.py
[2026-10-05T17:59:18.244+0000] {processor.py:840} INFO - DAG(s) 'f1_data_analytics' retrieved from /opt/airflow/dags/f1_pipeline_dag.py
[2026-10-05T17:59:18.295+0000] {logging_mixin.py:188} INFO - [2026-10-05T17:59:18.295+0000] {dag.py:3096} INFO - Sync 1 DAGs
[2026-10-05T17:59:18.304+0000] {logging_mixin.py:188} INFO - [2026-10-05T17:59:18.304+0000] {dag.py:3954} INFO - Setting next_dagrun for f1_data_analytics to None, run_after=None
[2026-10-05T17:59:18.321+0000] {processor.py:183} INFO - Processing /opt/airflow/dags/f1_pipeline_dag.py took 0.094 seconds
[2026-10-05T17:59:48.396+0000] {processor.py:161} INFO - Started process (PID=749) to work on /opt/airflow/dags/f1_pipeline_dag.py
[2026-10-05T17:59:48.399+0000] {processor.py:830} INFO - Processing file /opt/airflow/dags/f1_pipeline_dag.py for tasks to queue
[2026-10-05T17:59:48.401+0000] {logging_mixin.py:188} INFO - [2026-10-05T17:59:48.401+0000] {dagbag.py:545} INFO - Filling up the DagBag from /opt/airflow/dags/f1_pipeline_dag.py
[2026-10-05T17:59:48.415+0000] {processor.py:840} INFO - DAG(s) 'f1_data_analytics' retrieved from /opt/airflow/dags/f1_pipeline_dag.py
[2026-10-05T17:59:48.451+0000] {logging_mixin.py:188} INFO - [2026-10-05T17:59:48.451+0000] {dag.py:3096} INFO - Sync 1 DAGs
[2026-10-05T17:59:48.461+0000] {logging_mixin.py:188} INFO - [2026-10-05T17:59:48.461+0000] {dag.py:3954} INFO - Setting next_dagrun for f1_data_analytics to None, run_after=None
[2026-10-05T17:59:48.478+0000] {processor.py:183} INFO - Processing /opt/airflow/dags/f1_pipeline_dag.py took 0.090 seconds
[2026-10-05T18:00:18.663+0000] {processor.py:161} INFO - Started process (PID=750) to work on /opt/airflow/dags/f1_pipeline_dag.py
[2026-10-05T18:00:18.665+0000] {processor.py:830} INFO - Processing file /opt/airflow/dags/f1_pipeline_dag.py for tasks to queue
[2026-10-05T18:00:18.667+0000] {logging_mixin.py:188} INFO - [2026-10-05T18:00:18.667+0000] {dagbag.py:545} INFO - Filling up the DagBag from /opt/airflow/dags/f1_pipeline_dag.py
[2026-10-05T18:00:18.684+0000] {processor.py:840} INFO - DAG(s) 'f1_data_analytics' retrieved from /opt/airflow/dags/f1_pipeline_dag.py
[2026-10-05T18:00:18.730+0000] {logging_mixin.py:188} INFO - [2026-10-05T18:00:18.730+0000] {dag.py:3096} INFO - Sync 1 DAGs
[2026-10-05T18:00:18.739+0000] {logging_mixin.py:188} INFO - [2026-10-05T18:00:18.739+0000] {dag.py:3954} INFO - Setting next_dagrun for f1_data_analytics to None, run_after=None
[2026-10-05T18:00:18.755+0000] {processor.py:183} INFO - Processing /opt/airflow/dags/f1_pipeline_dag.py took 0.101 seconds
[2026-10-05T18:00:48.947+0000] {processor.py:161} INFO - Started process (PID=751) to work on /opt/airflow/dags/f1_pipeline_dag.py
[2026-10-05T18:00:48.949+0000] {processor.py:830} INFO - Processing file /opt/airflow/dags/f1_pipeline_dag.py for tasks to queue
[2026-10-05T18:00:48.951+0000] {logging_mixin.py:188} INFO - [2026-10-05T18:00:48.950+0000] {dagbag.py:545} INFO - Filling up the DagBag from /opt/airflow/dags/f1_pipeline_dag.py
[2026-10-05T18:00:48.960+0000] {processor.py:840} INFO - DAG(s) 'f1_data_analytics' retrieved from /opt/airflow/dags/f1_pipeline_dag.py
[2026-10-05T18:00:48.989+0000] {logging_mixin.py:188} INFO - [2026-10-05T18:00:48.989+0000] {dag.py:3096} INFO - Sync 1 DAGs
[2026-10-05T18:00:48.998+0000] {logging_mixin.py:188} INFO - [2026-10-05T18:00:48.997+0000] {dag.py:3954} INFO - Setting next_dagrun for f1_data_analytics to None, run_after=None
[2026-10-05T18:00:49.013+0000] {processor.py:183} INFO - Processing /opt/airflow/dags/f1_pipeline_dag.py took 0.072 seconds
[2026-10-05T18:01:19.237+0000] {processor.py:161} INFO - Started process (PID=752) to work on /opt/airflow/dags/f1_pipeline_dag.py
[2026-10-05T18:01:19.240+0000] {processor.py:830} INFO - Processing file /opt/airflow/dags/f1_pipeline_dag.py for tasks to queue
[2026-10-05T18:01:19.243+0000] {logging_mixin.py:188} INFO - [2026-10-05T18:01:19.242+0000] {dagbag.py:545} INFO - Filling up the DagBag from /opt/airflow/dags/f1_pipeline_dag.py
[2026-10-05T18:01:19.256+0000] {processor.py:840} INFO - DAG(s) 'f1_data_analytics' retrieved from /opt/airflow/dags/f1_pipeline_dag.py
[2026-10-05T18:01:19.288+0000] {logging_mixin.py:188} INFO - [2026-10-05T18:01:19.288+0000] {dag.py:3096} INFO - Sync 1 DAGs
[2026-10-05T18:01:19.296+0000] {logging_mixin.py:188} INFO - [2026-10-05T18:01:19.296+0000] {dag.py:3954} INFO - Setting next_dagrun for f1_data_analytics to None, run_after=None
[2026-10-05T18:01:19.312+0000] {processor.py:183} INFO - Processing /opt/airflow/dags/f1_pipeline_dag.py took 0.081 seconds
[2026-10-05T18:01:49.529+0000] {processor.py:161} INFO - Started process (PID=753) to work on /opt/airflow/dags/f1_pipeline_dag.py
[2026-10-05T18:01:49.530+0000] {processor.py:830} INFO - Processing file /opt/airflow/dags/f1_pipeline_dag.py for tasks to queue
[2026-10-05T18:01:49.532+0000] {logging_mixin.py:188} INFO - [2026-10-05T18:01:49.531+0000] {dagbag.py:545} INFO - Filling up the DagBag from /opt/airflow/dags/f1_pipeline_dag.py
[2026-10-05T18:01:49.545+0000] {processor.py:840} INFO - DAG(s) 'f1_data_analytics' retrieved from /opt/airflow/dags/f1_pipeline_dag.py
[2026-10-05T18:01:49.574+0000] {logging_mixin.py:188} INFO - [2026-10-05T18:01:49.574+0000] {dag.py:3096} INFO - Sync 1 DAGs
[2026-10-05T18:01:49.584+0000] {logging_mixin.py:188} INFO - [2026-10-05T18:01:49.584+0000] {dag.py:3954} INFO - Setting next_dagrun for f1_data_analytics to None, run_after=None
[2026-10-05T18:01:49.601+0000] {processor.py:183} INFO - Processing /opt/airflow/dags/f1_pipeline_dag.py took 0.081 seconds
[2026-10-05T18:02:19.877+0000] {processor.py:161} INFO - Started process (PID=754) to work on /opt/airflow/dags/f1_pipeline_dag.py
[2026-10-05T18:02:19.880+0000] {processor.py:830} INFO - Processing file /opt/airflow/dags/f1_pipeline_dag.py for tasks to queue
[2026-10-05T18:02:19.882+0000] {logging_mixin.py:188} INFO - [2026-10-05T18:02:19.881+0000] {dagbag.py:545} INFO - Filling up the DagBag from /opt/airflow/dags/f1_pipeline_dag.py
[2026-10-05T18:02:19.900+0000] {processor.py:840} INFO - DAG(s) 'f1_data_analytics' retrieved from /opt/airflow/dags/f1_pipeline_dag.py
[2026-10-05T18:02:19.950+0000] {logging_mixin.py:188} INFO - [2026-10-05T18:02:19.950+0000] {dag.py:3096} INFO - Sync 1 DAGs
[2026-10-05T18:02:19.959+0000] {logging_mixin.py:188} INFO - [2026-10-05T18:02:19.959+0000] {dag.py:3954} INFO - Setting next_dagrun for f1_data_analytics to None, run_after=None
[2026-10-05T18:02:19.973+0000] {processor.py:183} INFO - Processing /opt/airflow/dags/f1_pipeline_dag.py took 0.100 seconds
[2026-10-05T18:02:50.162+0000] {processor.py:161} INFO - Started process (PID=755) to work on /opt/airflow/dags/f1_pipeline_dag.py
[2026-10-05T18:02:50.163+0000] {processor.py:830} INFO - Processing file /opt/airflow/dags/f1_pipeline_dag.py for tasks to queue
[2026-10-05T18:02:50.164+0000] {logging_mixin.py:188} INFO - [2026-10-05T18:02:50.164+0000] {dagbag.py:545} INFO - Filling up the DagBag from /opt/airflow/dags/f1_pipeline_dag.py
[2026-10-05T18:02:50.173+0000] {processor.py:840} INFO - DAG(s) 'f1_data_analytics' retrieved from /opt/airflow/dags/f1_pipeline_dag.py
[2026-10-05T18:02:50.201+0000] {logging_mixin.py:188} INFO - [2026-10-05T18:02:50.201+0000] {dag.py:3096} INFO - Sync 1 DAGs
[2026-10-05T18:02:50.209+0000] {logging_mixin.py:188} INFO - [2026-10-05T18:02:50.209+0000] {dag.py:3954} INFO - Setting next_dagrun for f1_data_analytics to None, run_after=None
[2026-10-05T18:02:50.227+0000] {processor.py:183} INFO - Processing /opt/airflow/dags/f1_pipeline_dag.py took 0.069 seconds
[2026-10-05T18:03:20.460+0000] {processor.py:161} INFO - Started process (PID=756) to work on /opt/airflow/dags/f1_pipeline_dag.py
[2026-10-05T18:03:20.463+0000] {processor.py:830} INFO - Processing file /opt/airflow/dags/f1_pipeline_dag.py for tasks to queue
[2026-10-05T18:03:20.466+0000] {logging_mixin.py:188} INFO - [2026-10-05T18:03:20.465+0000] {dagbag.py:545} INFO - Filling up the DagBag from /opt/airflow/dags/f1_pipeline_dag.py
[2026-10-05T18:03:20.483+0000] {processor.py:840} INFO - DAG(s) 'f1_data_analytics' retrieved from /opt/airflow/dags/f1_pipeline_dag.py
[2026-10-05T18:03:20.530+0000] {logging_mixin.py:188} INFO - [2026-10-05T18:03:20.530+0000] {dag.py:3096} INFO - Sync 1 DAGs
[2026-10-05T18:03:20.540+0000] {logging_mixin.py:188} INFO - [2026-10-05T18:03:20.539+0000] {dag.py:3954} INFO - Setting next_dagrun for f1_data_analytics to None, run_after=None
[2026-10-05T18:03:20.555+0000] {processor.py:183} INFO - Processing /opt/airflow/dags/f1_pipeline_dag.py took 0.105 seconds
[2026-10-05T18:03:50.757+0000] {processor.py:161} INFO - Started process (PID=757) to work on /opt/airflow/dags/f1_pipeline_dag.py
[2026-10-05T18:03:50.758+0000] {processor.py:830} INFO - Processing file /opt/airflow/dags/f1_pipeline_dag.py for tasks to queue
[2026-10-05T18:03:50.761+0000] {logging_mixin.py:188} INFO - [2026-10-05T18:03:50.760+0000] {dagbag.py:545} INFO - Filling up the DagBag from /opt/airflow/dags/f1_pipeline_dag.py
[2026-10-05T18:03:50.780+0000] {processor.py:840} INFO - DAG(s) 'f1_data_analytics' retrieved from /opt/airflow/dags/f1_pipeline_dag.py
[2026-10-05T18:03:50.822+0000] {logging_mixin.py:188} INFO - [2026-10-05T18:03:50.822+0000] {dag.py:3096} INFO - Sync 1 DAGs
[2026-10-05T18:03:50.833+0000] {logging_mixin.py:188} INFO - [2026-10-05T18:03:50.833+0000] {dag.py:3954} INFO - Setting next_dagrun for f1_data_analytics to None, run_after=None
[2026-10-05T18:03:50.849+0000] {processor.py:183} INFO - Processing /opt/airflow/dags/f1_pipeline_dag.py took 0.101 seconds
[2026-10-05T18:04:21.049+0000] {processor.py:161} INFO - Started process (PID=758) to work on /opt/airflow/dags/f1_pipeline_dag.py
[2026-10-05T18:04:21.051+0000] {processor.py:830} INFO - Processing file /opt/airflow/dags/f1_pipeline_dag.py for tasks to queue
[2026-10-05T18:04:21.053+0000] {logging_mixin.py:188} INFO - [2026-10-05T18:04:21.053+0000] {dagbag.py:545} INFO - Filling up the DagBag from /opt/airflow/dags/f1_pipeline_dag.py
[2026-10-05T18:04:21.062+0000] {processor.py:840} INFO - DAG(s) 'f1_data_analytics' retrieved from /opt/airflow/dags/f1_pipeline_dag.py
[2026-10-05T18:04:21.095+0000] {logging_mixin.py:188} INFO - [2026-10-05T18:04:21.095+0000] {dag.py:3096} INFO - Sync 1 DAGs
[2026-10-05T18:04:21.104+0000] {logging_mixin.py:188} INFO - [2026-10-05T18:04:21.104+0000] {dag.py:3954} INFO - Setting next_dagrun for f1_data_analytics to None, run_after=None
[2026-10-05T18:04:21.124+0000] {processor.py:183} INFO - Processing /opt/airflow/dags/f1_pipeline_dag.py took 0.079 seconds
[2026-10-05T18:04:51.356+0000] {processor.py:161} INFO - Started process (PID=759) to work on /opt/airflow/dags/f1_pipeline_dag.py
[2026-10-05T18:04:51.358+0000] {processor.py:830} INFO - Processing file /opt/airflow/dags/f1_pipeline_dag.py for tasks to queue
[2026-10-05T18:04:51.360+0000] {logging_mixin.py:188} INFO - [2026-10-05T18:04:51.360+0000] {dagbag.py:545} INFO - Filling up the DagBag from /opt/airflow/dags/f1_pipeline_dag.py
[2026-10-05T18:04:51.378+0000] {processor.py:840} INFO - DAG(s) 'f1_data_analytics' retrieved from /opt/airflow/dags/f1_pipeline_dag.py
[2026-10-05T18:04:51.421+0000] {logging_mixin.py:188} INFO - [2026-10-05T18:04:51.421+0000] {dag.py:3096} INFO - Sync 1 DAGs
[2026-10-05T18:04:51.430+0000] {logging_mixin.py:188} INFO - [2026-10-05T18:04:51.430+0000] {dag.py:3954} INFO - Setting next_dagrun for f1_data_analytics to None, run_after=None
[2026-10-05T18:04:51.447+0000] {processor.py:183} INFO - Processing /opt/airflow/dags/f1_pipeline_dag.py took 0.099 seconds
[2026-10-05T18:05:21.665+0000] {processor.py:161} INFO - Started process (PID=760) to work on /opt/airflow/dags/f1_pipeline_dag.py
[2026-10-05T18:05:21.669+0000] {processor.py:830} INFO - Processing file /opt/airflow/dags/f1_pipeline_dag.py for tasks to queue
[2026-10-05T18:05:21.672+0000] {logging_mixin.py:188} INFO - [2026-10-05T18:05:21.671+0000] {dagbag.py:545} INFO - Filling up the DagBag from /opt/airflow/dags/f1_pipeline_dag.py
[2026-10-05T18:05:21.689+0000] {processor.py:840} INFO - DAG(s) 'f1_data_analytics' retrieved from /opt/airflow/dags/f1_pipeline_dag.py
[2026-10-05T18:05:21.735+0000] {logging_mixin.py:188} INFO - [2026-10-05T18:05:21.735+0000] {dag.py:3096} INFO - Sync 1 DAGs
[2026-10-05T18:05:21.744+0000] {logging_mixin.py:188} INFO - [2026-10-05T18:05:21.743+0000] {dag.py:3954} INFO - Setting next_dagrun for f1_data_analytics to None, run_after=None
[2026-10-05T18:05:21.759+0000] {processor.py:183} INFO - Processing /opt/airflow/dags/f1_pipeline_dag.py took 0.103 seconds
[2026-10-05T18:05:51.946+0000] {processor.py:161} INFO - Started process (PID=761) to work on /opt/airflow/dags/f1_pipeline_dag.py
[2026-10-05T18:05:51.946+0000] {processor.py:830} INFO - Processing file /opt/airflow/dags/f1_pipeline_dag.py for tasks to queue
[2026-10-05T18:05:51.948+0000] {logging_mixin.py:188} INFO - [2026-10-05T18:05:51.948+0000] {dagbag.py:545} INFO - Filling up the DagBag from /opt/airflow/dags/f1_pipeline_dag.py
[2026-10-05T18:05:51.957+0000] {processor.py:840} INFO - DAG(s) 'f1_data_analytics' retrieved from /opt/airflow/dags/f1_pipeline_dag.py
[2026-10-05T18:05:51.986+0000] {logging_mixin.py:188} INFO - [2026-10-05T18:05:51.986+0000] {dag.py:3096} INFO - Sync 1 DAGs
[2026-10-05T18:05:51.995+0000] {logging_mixin.py:188} INFO - [2026-10-05T18:05:51.994+0000] {dag.py:3954} INFO - Setting next_dagrun for f1_data_analytics to None, run_after=None
[2026-10-05T18:05:52.011+0000] {processor.py:183} INFO - Processing /opt/airflow/dags/f1_pipeline_dag.py took 0.069 seconds
[2026-10-05T18:06:16.169+0000] {processor.py:161} INFO - Started process (PID=762) to work on /opt/airflow/dags/f1_pipeline_dag.py
[2026-10-05T18:06:16.172+0000] {processor.py:830} INFO - Processing file /opt/airflow/dags/f1_pipeline_dag.py for tasks to queue
[2026-10-05T18:06:16.175+0000] {logging_mixin.py:188} INFO - [2026-10-05T18:06:16.174+0000] {dagbag.py:545} INFO - Filling up the DagBag from /opt/airflow/dags/f1_pipeline_dag.py
[2026-10-05T18:06:16.195+0000] {logging_mixin.py:188} INFO - [2026-10-05T18:06:16.188+0000] {dagbag.py:355} ERROR - Failed to import: /opt/airflow/dags/f1_pipeline_dag.py
Traceback (most recent call last):
  File "/home/airflow/.local/lib/python3.11/site-packages/airflow/models/dagbag.py", line 351, in parse
    loader.exec_module(new_module)
  File "<frozen importlib._bootstrap_external>", line 940, in exec_module
  File "<frozen importlib._bootstrap>", line 241, in _call_with_frames_removed
  File "/opt/airflow/dags/f1_pipeline_dag.py", line 111, in <module>
    f1_pipeline = telemetry_pipeline()
          ^^^^^^^^^^^^^^^^^^^^
  File "/home/airflow/.local/lib/python3.11/site-packages/airflow/models/dag.py", line 4081, in factory
    f(**f_kwargs)
  File "/opt/airflow/dags/f1_pipeline_dag.py", line 69, in telemetry_pipeline
    clear_old_data = PostgresOperator(
                     ^^^^^^^^^^^^^^^^^
  File "/home/airflow/.local/lib/python3.11/site-packages/airflow/models/baseoperator.py", line 485, in apply_defaults
    result = func(self, **kwargs, default_args=default_args)
             ^^^^^^^^^^^^^^^^^^^^^^^^^^^^^^^^^^^^^^^^^^^^^^^
  File "/home/airflow/.local/lib/python3.11/site-packages/airflow/providers/postgres/operators/postgres.py", line 84, in __init__
    super().__init__(conn_id=postgres_conn_id, **kwargs)
  File "/home/airflow/.local/lib/python3.11/site-packages/airflow/models/baseoperator.py", line 485, in apply_defaults
    result = func(self, **kwargs, default_args=default_args)
             ^^^^^^^^^^^^^^^^^^^^^^^^^^^^^^^^^^^^^^^^^^^^^^^
  File "/home/airflow/.local/lib/python3.11/site-packages/airflow/providers/common/sql/operators/sql.py", line 242, in __init__
    super().__init__(conn_id=conn_id, database=database, **kwargs)
  File "/home/airflow/.local/lib/python3.11/site-packages/airflow/models/baseoperator.py", line 485, in apply_defaults
    result = func(self, **kwargs, default_args=default_args)
             ^^^^^^^^^^^^^^^^^^^^^^^^^^^^^^^^^^^^^^^^^^^^^^^
  File "/home/airflow/.local/lib/python3.11/site-packages/airflow/providers/common/sql/operators/sql.py", line 139, in __init__
    super().__init__(**kwargs)
  File "/home/airflow/.local/lib/python3.11/site-packages/airflow/models/baseoperator.py", line 485, in apply_defaults
    result = func(self, **kwargs, default_args=default_args)
             ^^^^^^^^^^^^^^^^^^^^^^^^^^^^^^^^^^^^^^^^^^^^^^^
  File "/home/airflow/.local/lib/python3.11/site-packages/airflow/models/baseoperator.py", line 882, in __init__
    raise AirflowException(
airflow.exceptions.AirflowException: Invalid arguments were passed to PostgresOperator (task_id: clear_old_data). Invalid arguments were:
**kwargs: {'postress_conn_id': 'postgress_conn_id'}
[2026-10-05T18:06:16.196+0000] {processor.py:842} WARNING - No viable dags retrieved from /opt/airflow/dags/f1_pipeline_dag.py
[2026-10-05T18:06:16.217+0000] {processor.py:183} INFO - Processing /opt/airflow/dags/f1_pipeline_dag.py took 0.058 seconds
[2026-10-05T18:06:46.594+0000] {processor.py:161} INFO - Started process (PID=763) to work on /opt/airflow/dags/f1_pipeline_dag.py
[2026-10-05T18:06:46.596+0000] {processor.py:830} INFO - Processing file /opt/airflow/dags/f1_pipeline_dag.py for tasks to queue
[2026-10-05T18:06:46.599+0000] {logging_mixin.py:188} INFO - [2026-10-05T18:06:46.598+0000] {dagbag.py:545} INFO - Filling up the DagBag from /opt/airflow/dags/f1_pipeline_dag.py
[2026-10-05T18:06:46.617+0000] {logging_mixin.py:188} INFO - [2026-10-05T18:06:46.610+0000] {dagbag.py:355} ERROR - Failed to import: /opt/airflow/dags/f1_pipeline_dag.py
Traceback (most recent call last):
  File "/home/airflow/.local/lib/python3.11/site-packages/airflow/models/dagbag.py", line 351, in parse
    loader.exec_module(new_module)
  File "<frozen importlib._bootstrap_external>", line 940, in exec_module
  File "<frozen importlib._bootstrap>", line 241, in _call_with_frames_removed
  File "/opt/airflow/dags/f1_pipeline_dag.py", line 111, in <module>
    f1_pipeline = telemetry_pipeline()
          ^^^^^^^^^^^^^^^^^^^^
  File "/home/airflow/.local/lib/python3.11/site-packages/airflow/models/dag.py", line 4081, in factory
    f(**f_kwargs)
  File "/opt/airflow/dags/f1_pipeline_dag.py", line 69, in telemetry_pipeline
    clear_old_data = PostgresOperator(
                     ^^^^^^^^^^^^^^^^^
  File "/home/airflow/.local/lib/python3.11/site-packages/airflow/models/baseoperator.py", line 485, in apply_defaults
    result = func(self, **kwargs, default_args=default_args)
             ^^^^^^^^^^^^^^^^^^^^^^^^^^^^^^^^^^^^^^^^^^^^^^^
  File "/home/airflow/.local/lib/python3.11/site-packages/airflow/providers/postgres/operators/postgres.py", line 84, in __init__
    super().__init__(conn_id=postgres_conn_id, **kwargs)
  File "/home/airflow/.local/lib/python3.11/site-packages/airflow/models/baseoperator.py", line 485, in apply_defaults
    result = func(self, **kwargs, default_args=default_args)
             ^^^^^^^^^^^^^^^^^^^^^^^^^^^^^^^^^^^^^^^^^^^^^^^
  File "/home/airflow/.local/lib/python3.11/site-packages/airflow/providers/common/sql/operators/sql.py", line 242, in __init__
    super().__init__(conn_id=conn_id, database=database, **kwargs)
  File "/home/airflow/.local/lib/python3.11/site-packages/airflow/models/baseoperator.py", line 485, in apply_defaults
    result = func(self, **kwargs, default_args=default_args)
             ^^^^^^^^^^^^^^^^^^^^^^^^^^^^^^^^^^^^^^^^^^^^^^^
  File "/home/airflow/.local/lib/python3.11/site-packages/airflow/providers/common/sql/operators/sql.py", line 139, in __init__
    super().__init__(**kwargs)
  File "/home/airflow/.local/lib/python3.11/site-packages/airflow/models/baseoperator.py", line 485, in apply_defaults
    result = func(self, **kwargs, default_args=default_args)
             ^^^^^^^^^^^^^^^^^^^^^^^^^^^^^^^^^^^^^^^^^^^^^^^
  File "/home/airflow/.local/lib/python3.11/site-packages/airflow/models/baseoperator.py", line 882, in __init__
    raise AirflowException(
airflow.exceptions.AirflowException: Invalid arguments were passed to PostgresOperator (task_id: clear_old_data). Invalid arguments were:
**kwargs: {'postress_conn_id': 'postgress_conn_id'}
[2026-10-05T18:06:46.619+0000] {processor.py:842} WARNING - No viable dags retrieved from /opt/airflow/dags/f1_pipeline_dag.py
[2026-10-05T18:06:46.639+0000] {processor.py:183} INFO - Processing /opt/airflow/dags/f1_pipeline_dag.py took 0.054 seconds
[2026-10-05T18:07:17.036+0000] {processor.py:161} INFO - Started process (PID=764) to work on /opt/airflow/dags/f1_pipeline_dag.py
[2026-10-05T18:07:17.039+0000] {processor.py:830} INFO - Processing file /opt/airflow/dags/f1_pipeline_dag.py for tasks to queue
[2026-10-05T18:07:17.041+0000] {logging_mixin.py:188} INFO - [2026-10-05T18:07:17.040+0000] {dagbag.py:545} INFO - Filling up the DagBag from /opt/airflow/dags/f1_pipeline_dag.py
[2026-10-05T18:07:17.058+0000] {logging_mixin.py:188} INFO - [2026-10-05T18:07:17.051+0000] {dagbag.py:355} ERROR - Failed to import: /opt/airflow/dags/f1_pipeline_dag.py
Traceback (most recent call last):
  File "/home/airflow/.local/lib/python3.11/site-packages/airflow/models/dagbag.py", line 351, in parse
    loader.exec_module(new_module)
  File "<frozen importlib._bootstrap_external>", line 940, in exec_module
  File "<frozen importlib._bootstrap>", line 241, in _call_with_frames_removed
  File "/opt/airflow/dags/f1_pipeline_dag.py", line 111, in <module>
    f1_pipeline = telemetry_pipeline()
          ^^^^^^^^^^^^^^^^^^^^
  File "/home/airflow/.local/lib/python3.11/site-packages/airflow/models/dag.py", line 4081, in factory
    f(**f_kwargs)
  File "/opt/airflow/dags/f1_pipeline_dag.py", line 69, in telemetry_pipeline
    clear_old_data = PostgresOperator(
                     ^^^^^^^^^^^^^^^^^
  File "/home/airflow/.local/lib/python3.11/site-packages/airflow/models/baseoperator.py", line 485, in apply_defaults
    result = func(self, **kwargs, default_args=default_args)
             ^^^^^^^^^^^^^^^^^^^^^^^^^^^^^^^^^^^^^^^^^^^^^^^
  File "/home/airflow/.local/lib/python3.11/site-packages/airflow/providers/postgres/operators/postgres.py", line 84, in __init__
    super().__init__(conn_id=postgres_conn_id, **kwargs)
  File "/home/airflow/.local/lib/python3.11/site-packages/airflow/models/baseoperator.py", line 485, in apply_defaults
    result = func(self, **kwargs, default_args=default_args)
             ^^^^^^^^^^^^^^^^^^^^^^^^^^^^^^^^^^^^^^^^^^^^^^^
  File "/home/airflow/.local/lib/python3.11/site-packages/airflow/providers/common/sql/operators/sql.py", line 242, in __init__
    super().__init__(conn_id=conn_id, database=database, **kwargs)
  File "/home/airflow/.local/lib/python3.11/site-packages/airflow/models/baseoperator.py", line 485, in apply_defaults
    result = func(self, **kwargs, default_args=default_args)
             ^^^^^^^^^^^^^^^^^^^^^^^^^^^^^^^^^^^^^^^^^^^^^^^
  File "/home/airflow/.local/lib/python3.11/site-packages/airflow/providers/common/sql/operators/sql.py", line 139, in __init__
    super().__init__(**kwargs)
  File "/home/airflow/.local/lib/python3.11/site-packages/airflow/models/baseoperator.py", line 485, in apply_defaults
    result = func(self, **kwargs, default_args=default_args)
             ^^^^^^^^^^^^^^^^^^^^^^^^^^^^^^^^^^^^^^^^^^^^^^^
  File "/home/airflow/.local/lib/python3.11/site-packages/airflow/models/baseoperator.py", line 882, in __init__
    raise AirflowException(
airflow.exceptions.AirflowException: Invalid arguments were passed to PostgresOperator (task_id: clear_old_data). Invalid arguments were:
**kwargs: {'postress_conn_id': 'postgress_conn_id'}
[2026-10-05T18:07:17.059+0000] {processor.py:842} WARNING - No viable dags retrieved from /opt/airflow/dags/f1_pipeline_dag.py
[2026-10-05T18:07:17.082+0000] {processor.py:183} INFO - Processing /opt/airflow/dags/f1_pipeline_dag.py took 0.057 seconds
[2026-10-05T18:07:47.469+0000] {processor.py:161} INFO - Started process (PID=765) to work on /opt/airflow/dags/f1_pipeline_dag.py
[2026-10-05T18:07:47.470+0000] {processor.py:830} INFO - Processing file /opt/airflow/dags/f1_pipeline_dag.py for tasks to queue
[2026-10-05T18:07:47.471+0000] {logging_mixin.py:188} INFO - [2026-10-05T18:07:47.471+0000] {dagbag.py:545} INFO - Filling up the DagBag from /opt/airflow/dags/f1_pipeline_dag.py
[2026-10-05T18:07:47.489+0000] {logging_mixin.py:188} INFO - [2026-10-05T18:07:47.482+0000] {dagbag.py:355} ERROR - Failed to import: /opt/airflow/dags/f1_pipeline_dag.py
Traceback (most recent call last):
  File "/home/airflow/.local/lib/python3.11/site-packages/airflow/models/dagbag.py", line 351, in parse
    loader.exec_module(new_module)
  File "<frozen importlib._bootstrap_external>", line 940, in exec_module
  File "<frozen importlib._bootstrap>", line 241, in _call_with_frames_removed
  File "/opt/airflow/dags/f1_pipeline_dag.py", line 111, in <module>
    f1_pipeline = telemetry_pipeline()
          ^^^^^^^^^^^^^^^^^^^^
  File "/home/airflow/.local/lib/python3.11/site-packages/airflow/models/dag.py", line 4081, in factory
    f(**f_kwargs)
  File "/opt/airflow/dags/f1_pipeline_dag.py", line 69, in telemetry_pipeline
    clear_old_data = PostgresOperator(
                     ^^^^^^^^^^^^^^^^^
  File "/home/airflow/.local/lib/python3.11/site-packages/airflow/models/baseoperator.py", line 485, in apply_defaults
    result = func(self, **kwargs, default_args=default_args)
             ^^^^^^^^^^^^^^^^^^^^^^^^^^^^^^^^^^^^^^^^^^^^^^^
  File "/home/airflow/.local/lib/python3.11/site-packages/airflow/providers/postgres/operators/postgres.py", line 84, in __init__
    super().__init__(conn_id=postgres_conn_id, **kwargs)
  File "/home/airflow/.local/lib/python3.11/site-packages/airflow/models/baseoperator.py", line 485, in apply_defaults
    result = func(self, **kwargs, default_args=default_args)
             ^^^^^^^^^^^^^^^^^^^^^^^^^^^^^^^^^^^^^^^^^^^^^^^
  File "/home/airflow/.local/lib/python3.11/site-packages/airflow/providers/common/sql/operators/sql.py", line 242, in __init__
    super().__init__(conn_id=conn_id, database=database, **kwargs)
  File "/home/airflow/.local/lib/python3.11/site-packages/airflow/models/baseoperator.py", line 485, in apply_defaults
    result = func(self, **kwargs, default_args=default_args)
             ^^^^^^^^^^^^^^^^^^^^^^^^^^^^^^^^^^^^^^^^^^^^^^^
  File "/home/airflow/.local/lib/python3.11/site-packages/airflow/providers/common/sql/operators/sql.py", line 139, in __init__
    super().__init__(**kwargs)
  File "/home/airflow/.local/lib/python3.11/site-packages/airflow/models/baseoperator.py", line 485, in apply_defaults
    result = func(self, **kwargs, default_args=default_args)
             ^^^^^^^^^^^^^^^^^^^^^^^^^^^^^^^^^^^^^^^^^^^^^^^
  File "/home/airflow/.local/lib/python3.11/site-packages/airflow/models/baseoperator.py", line 882, in __init__
    raise AirflowException(
airflow.exceptions.AirflowException: Invalid arguments were passed to PostgresOperator (task_id: clear_old_data). Invalid arguments were:
**kwargs: {'postress_conn_id': 'postgress_conn_id'}
[2026-10-05T18:07:47.491+0000] {processor.py:842} WARNING - No viable dags retrieved from /opt/airflow/dags/f1_pipeline_dag.py
[2026-10-05T18:07:47.512+0000] {processor.py:183} INFO - Processing /opt/airflow/dags/f1_pipeline_dag.py took 0.054 seconds
[2026-10-05T18:08:17.680+0000] {processor.py:161} INFO - Started process (PID=766) to work on /opt/airflow/dags/f1_pipeline_dag.py
[2026-10-05T18:08:17.682+0000] {processor.py:830} INFO - Processing file /opt/airflow/dags/f1_pipeline_dag.py for tasks to queue
[2026-10-05T18:08:17.684+0000] {logging_mixin.py:188} INFO - [2026-10-05T18:08:17.683+0000] {dagbag.py:545} INFO - Filling up the DagBag from /opt/airflow/dags/f1_pipeline_dag.py
[2026-10-05T18:08:17.700+0000] {logging_mixin.py:188} INFO - [2026-10-05T18:08:17.693+0000] {dagbag.py:355} ERROR - Failed to import: /opt/airflow/dags/f1_pipeline_dag.py
Traceback (most recent call last):
  File "/home/airflow/.local/lib/python3.11/site-packages/airflow/models/dagbag.py", line 351, in parse
    loader.exec_module(new_module)
  File "<frozen importlib._bootstrap_external>", line 940, in exec_module
  File "<frozen importlib._bootstrap>", line 241, in _call_with_frames_removed
  File "/opt/airflow/dags/f1_pipeline_dag.py", line 111, in <module>
    f1_pipeline = telemetry_pipeline()
          ^^^^^^^^^^^^^^^^^^^^
  File "/home/airflow/.local/lib/python3.11/site-packages/airflow/models/dag.py", line 4081, in factory
    f(**f_kwargs)
  File "/opt/airflow/dags/f1_pipeline_dag.py", line 69, in telemetry_pipeline
    clear_old_data = PostgresOperator(
                     ^^^^^^^^^^^^^^^^^
  File "/home/airflow/.local/lib/python3.11/site-packages/airflow/models/baseoperator.py", line 485, in apply_defaults
    result = func(self, **kwargs, default_args=default_args)
             ^^^^^^^^^^^^^^^^^^^^^^^^^^^^^^^^^^^^^^^^^^^^^^^
  File "/home/airflow/.local/lib/python3.11/site-packages/airflow/providers/postgres/operators/postgres.py", line 84, in __init__
    super().__init__(conn_id=postgres_conn_id, **kwargs)
  File "/home/airflow/.local/lib/python3.11/site-packages/airflow/models/baseoperator.py", line 485, in apply_defaults
    result = func(self, **kwargs, default_args=default_args)
             ^^^^^^^^^^^^^^^^^^^^^^^^^^^^^^^^^^^^^^^^^^^^^^^
  File "/home/airflow/.local/lib/python3.11/site-packages/airflow/providers/common/sql/operators/sql.py", line 242, in __init__
    super().__init__(conn_id=conn_id, database=database, **kwargs)
  File "/home/airflow/.local/lib/python3.11/site-packages/airflow/models/baseoperator.py", line 485, in apply_defaults
    result = func(self, **kwargs, default_args=default_args)
             ^^^^^^^^^^^^^^^^^^^^^^^^^^^^^^^^^^^^^^^^^^^^^^^
  File "/home/airflow/.local/lib/python3.11/site-packages/airflow/providers/common/sql/operators/sql.py", line 139, in __init__
    super().__init__(**kwargs)
  File "/home/airflow/.local/lib/python3.11/site-packages/airflow/models/baseoperator.py", line 485, in apply_defaults
    result = func(self, **kwargs, default_args=default_args)
             ^^^^^^^^^^^^^^^^^^^^^^^^^^^^^^^^^^^^^^^^^^^^^^^
  File "/home/airflow/.local/lib/python3.11/site-packages/airflow/models/baseoperator.py", line 882, in __init__
    raise AirflowException(
airflow.exceptions.AirflowException: Invalid arguments were passed to PostgresOperator (task_id: clear_old_data). Invalid arguments were:
**kwargs: {'postress_conn_id': 'postgress_conn_id'}
[2026-10-05T18:08:17.702+0000] {processor.py:842} WARNING - No viable dags retrieved from /opt/airflow/dags/f1_pipeline_dag.py
[2026-10-05T18:08:17.724+0000] {processor.py:183} INFO - Processing /opt/airflow/dags/f1_pipeline_dag.py took 0.054 seconds
[2026-10-05T18:08:37.233+0000] {processor.py:161} INFO - Started process (PID=767) to work on /opt/airflow/dags/f1_pipeline_dag.py
[2026-10-05T18:08:37.234+0000] {processor.py:830} INFO - Processing file /opt/airflow/dags/f1_pipeline_dag.py for tasks to queue
[2026-10-05T18:08:37.235+0000] {logging_mixin.py:188} INFO - [2026-10-05T18:08:37.235+0000] {dagbag.py:545} INFO - Filling up the DagBag from /opt/airflow/dags/f1_pipeline_dag.py
[2026-10-05T18:08:37.264+0000] {processor.py:840} INFO - DAG(s) 'f1_data_analytics' retrieved from /opt/airflow/dags/f1_pipeline_dag.py
[2026-10-05T18:08:37.368+0000] {logging_mixin.py:188} INFO - [2026-10-05T18:08:37.368+0000] {dag.py:3096} INFO - Sync 1 DAGs
[2026-10-05T18:08:37.375+0000] {logging_mixin.py:188} INFO - [2026-10-05T18:08:37.374+0000] {dag.py:3954} INFO - Setting next_dagrun for f1_data_analytics to None, run_after=None
[2026-10-05T18:08:37.393+0000] {processor.py:183} INFO - Processing /opt/airflow/dags/f1_pipeline_dag.py took 0.170 seconds
[2026-10-05T18:09:07.558+0000] {processor.py:161} INFO - Started process (PID=768) to work on /opt/airflow/dags/f1_pipeline_dag.py
[2026-10-05T18:09:07.567+0000] {processor.py:830} INFO - Processing file /opt/airflow/dags/f1_pipeline_dag.py for tasks to queue
[2026-10-05T18:09:07.569+0000] {logging_mixin.py:188} INFO - [2026-10-05T18:09:07.568+0000] {dagbag.py:545} INFO - Filling up the DagBag from /opt/airflow/dags/f1_pipeline_dag.py
[2026-10-05T18:09:07.588+0000] {processor.py:840} INFO - DAG(s) 'f1_data_analytics' retrieved from /opt/airflow/dags/f1_pipeline_dag.py
[2026-10-05T18:09:07.635+0000] {logging_mixin.py:188} INFO - [2026-10-05T18:09:07.634+0000] {dag.py:3096} INFO - Sync 1 DAGs
[2026-10-05T18:09:07.643+0000] {logging_mixin.py:188} INFO - [2026-10-05T18:09:07.643+0000] {dag.py:3954} INFO - Setting next_dagrun for f1_data_analytics to None, run_after=None
[2026-10-05T18:09:07.660+0000] {processor.py:183} INFO - Processing /opt/airflow/dags/f1_pipeline_dag.py took 0.111 seconds
[2026-10-05T18:09:33.704+0000] {processor.py:161} INFO - Started process (PID=769) to work on /opt/airflow/dags/f1_pipeline_dag.py
[2026-10-05T18:09:33.706+0000] {processor.py:830} INFO - Processing file /opt/airflow/dags/f1_pipeline_dag.py for tasks to queue
[2026-10-05T18:09:33.707+0000] {logging_mixin.py:188} INFO - [2026-10-05T18:09:33.706+0000] {dagbag.py:545} INFO - Filling up the DagBag from /opt/airflow/dags/f1_pipeline_dag.py
[2026-10-05T18:09:33.729+0000] {processor.py:840} INFO - DAG(s) 'f1_data_analytics' retrieved from /opt/airflow/dags/f1_pipeline_dag.py
[2026-10-05T18:09:33.831+0000] {logging_mixin.py:188} INFO - [2026-10-05T18:09:33.831+0000] {dag.py:3096} INFO - Sync 1 DAGs
[2026-10-05T18:09:33.839+0000] {logging_mixin.py:188} INFO - [2026-10-05T18:09:33.839+0000] {dag.py:3954} INFO - Setting next_dagrun for f1_data_analytics to None, run_after=None
[2026-10-05T18:09:33.857+0000] {processor.py:183} INFO - Processing /opt/airflow/dags/f1_pipeline_dag.py took 0.163 seconds
[2026-10-05T18:10:15.768+0000] {processor.py:161} INFO - Started process (PID=818) to work on /opt/airflow/dags/f1_pipeline_dag.py
[2026-10-05T18:10:15.771+0000] {processor.py:830} INFO - Processing file /opt/airflow/dags/f1_pipeline_dag.py for tasks to queue
[2026-10-05T18:10:15.772+0000] {logging_mixin.py:188} INFO - [2026-10-05T18:10:15.771+0000] {dagbag.py:545} INFO - Filling up the DagBag from /opt/airflow/dags/f1_pipeline_dag.py
[2026-10-05T18:10:15.790+0000] {processor.py:840} INFO - DAG(s) 'f1_data_analytics' retrieved from /opt/airflow/dags/f1_pipeline_dag.py
[2026-10-05T18:10:15.837+0000] {logging_mixin.py:188} INFO - [2026-10-05T18:10:15.837+0000] {dag.py:3096} INFO - Sync 1 DAGs
[2026-10-05T18:10:15.846+0000] {logging_mixin.py:188} INFO - [2026-10-05T18:10:15.846+0000] {dag.py:3954} INFO - Setting next_dagrun for f1_data_analytics to None, run_after=None
[2026-10-05T18:10:15.861+0000] {processor.py:183} INFO - Processing /opt/airflow/dags/f1_pipeline_dag.py took 0.102 seconds
[2026-10-05T18:10:46.043+0000] {processor.py:161} INFO - Started process (PID=828) to work on /opt/airflow/dags/f1_pipeline_dag.py
[2026-10-05T18:10:46.044+0000] {processor.py:830} INFO - Processing file /opt/airflow/dags/f1_pipeline_dag.py for tasks to queue
[2026-10-05T18:10:46.045+0000] {logging_mixin.py:188} INFO - [2026-10-05T18:10:46.045+0000] {dagbag.py:545} INFO - Filling up the DagBag from /opt/airflow/dags/f1_pipeline_dag.py
[2026-10-05T18:10:46.065+0000] {processor.py:840} INFO - DAG(s) 'f1_data_analytics' retrieved from /opt/airflow/dags/f1_pipeline_dag.py
[2026-10-05T18:10:46.113+0000] {logging_mixin.py:188} INFO - [2026-10-05T18:10:46.112+0000] {dag.py:3096} INFO - Sync 1 DAGs
[2026-10-05T18:10:46.122+0000] {logging_mixin.py:188} INFO - [2026-10-05T18:10:46.122+0000] {dag.py:3954} INFO - Setting next_dagrun for f1_data_analytics to None, run_after=None
[2026-10-05T18:10:46.138+0000] {processor.py:183} INFO - Processing /opt/airflow/dags/f1_pipeline_dag.py took 0.104 seconds
[2026-10-05T18:11:16.579+0000] {processor.py:161} INFO - Started process (PID=829) to work on /opt/airflow/dags/f1_pipeline_dag.py
[2026-10-05T18:11:16.583+0000] {processor.py:830} INFO - Processing file /opt/airflow/dags/f1_pipeline_dag.py for tasks to queue
[2026-10-05T18:11:16.584+0000] {logging_mixin.py:188} INFO - [2026-10-05T18:11:16.583+0000] {dagbag.py:545} INFO - Filling up the DagBag from /opt/airflow/dags/f1_pipeline_dag.py
[2026-10-05T18:11:16.603+0000] {processor.py:840} INFO - DAG(s) 'f1_data_analytics' retrieved from /opt/airflow/dags/f1_pipeline_dag.py
[2026-10-05T18:11:16.649+0000] {logging_mixin.py:188} INFO - [2026-10-05T18:11:16.649+0000] {dag.py:3096} INFO - Sync 1 DAGs
[2026-10-05T18:11:16.658+0000] {logging_mixin.py:188} INFO - [2026-10-05T18:11:16.658+0000] {dag.py:3954} INFO - Setting next_dagrun for f1_data_analytics to None, run_after=None
[2026-10-05T18:11:16.675+0000] {processor.py:183} INFO - Processing /opt/airflow/dags/f1_pipeline_dag.py took 0.105 seconds
[2026-10-05T18:11:47.101+0000] {processor.py:161} INFO - Started process (PID=830) to work on /opt/airflow/dags/f1_pipeline_dag.py
[2026-10-05T18:11:47.105+0000] {processor.py:830} INFO - Processing file /opt/airflow/dags/f1_pipeline_dag.py for tasks to queue
[2026-10-05T18:11:47.106+0000] {logging_mixin.py:188} INFO - [2026-10-05T18:11:47.105+0000] {dagbag.py:545} INFO - Filling up the DagBag from /opt/airflow/dags/f1_pipeline_dag.py
[2026-10-05T18:11:47.127+0000] {processor.py:840} INFO - DAG(s) 'f1_data_analytics' retrieved from /opt/airflow/dags/f1_pipeline_dag.py
[2026-10-05T18:11:47.168+0000] {logging_mixin.py:188} INFO - [2026-10-05T18:11:47.168+0000] {dag.py:3096} INFO - Sync 1 DAGs
[2026-10-05T18:11:47.177+0000] {logging_mixin.py:188} INFO - [2026-10-05T18:11:47.177+0000] {dag.py:3954} INFO - Setting next_dagrun for f1_data_analytics to None, run_after=None
[2026-10-05T18:11:47.194+0000] {processor.py:183} INFO - Processing /opt/airflow/dags/f1_pipeline_dag.py took 0.102 seconds
[2026-10-05T18:12:17.624+0000] {processor.py:161} INFO - Started process (PID=831) to work on /opt/airflow/dags/f1_pipeline_dag.py
[2026-10-05T18:12:17.628+0000] {processor.py:830} INFO - Processing file /opt/airflow/dags/f1_pipeline_dag.py for tasks to queue
[2026-10-05T18:12:17.629+0000] {logging_mixin.py:188} INFO - [2026-10-05T18:12:17.628+0000] {dagbag.py:545} INFO - Filling up the DagBag from /opt/airflow/dags/f1_pipeline_dag.py
[2026-10-05T18:12:17.649+0000] {processor.py:840} INFO - DAG(s) 'f1_data_analytics' retrieved from /opt/airflow/dags/f1_pipeline_dag.py
[2026-10-05T18:12:17.694+0000] {logging_mixin.py:188} INFO - [2026-10-05T18:12:17.694+0000] {dag.py:3096} INFO - Sync 1 DAGs
[2026-10-05T18:12:17.703+0000] {logging_mixin.py:188} INFO - [2026-10-05T18:12:17.703+0000] {dag.py:3954} INFO - Setting next_dagrun for f1_data_analytics to None, run_after=None
[2026-10-05T18:12:17.719+0000] {processor.py:183} INFO - Processing /opt/airflow/dags/f1_pipeline_dag.py took 0.104 seconds
[2026-10-05T18:12:48.161+0000] {processor.py:161} INFO - Started process (PID=832) to work on /opt/airflow/dags/f1_pipeline_dag.py
[2026-10-05T18:12:48.164+0000] {processor.py:830} INFO - Processing file /opt/airflow/dags/f1_pipeline_dag.py for tasks to queue
[2026-10-05T18:12:48.166+0000] {logging_mixin.py:188} INFO - [2026-10-05T18:12:48.165+0000] {dagbag.py:545} INFO - Filling up the DagBag from /opt/airflow/dags/f1_pipeline_dag.py
[2026-10-05T18:12:48.185+0000] {processor.py:840} INFO - DAG(s) 'f1_data_analytics' retrieved from /opt/airflow/dags/f1_pipeline_dag.py
[2026-10-05T18:12:48.231+0000] {logging_mixin.py:188} INFO - [2026-10-05T18:12:48.231+0000] {dag.py:3096} INFO - Sync 1 DAGs
[2026-10-05T18:12:48.241+0000] {logging_mixin.py:188} INFO - [2026-10-05T18:12:48.240+0000] {dag.py:3954} INFO - Setting next_dagrun for f1_data_analytics to None, run_after=None
[2026-10-05T18:12:48.256+0000] {processor.py:183} INFO - Processing /opt/airflow/dags/f1_pipeline_dag.py took 0.104 seconds
[2026-10-05T18:13:18.579+0000] {processor.py:161} INFO - Started process (PID=833) to work on /opt/airflow/dags/f1_pipeline_dag.py
[2026-10-05T18:13:18.580+0000] {processor.py:830} INFO - Processing file /opt/airflow/dags/f1_pipeline_dag.py for tasks to queue
[2026-10-05T18:13:18.582+0000] {logging_mixin.py:188} INFO - [2026-10-05T18:13:18.581+0000] {dagbag.py:545} INFO - Filling up the DagBag from /opt/airflow/dags/f1_pipeline_dag.py
[2026-10-05T18:13:18.601+0000] {processor.py:840} INFO - DAG(s) 'f1_data_analytics' retrieved from /opt/airflow/dags/f1_pipeline_dag.py
[2026-10-05T18:13:18.647+0000] {logging_mixin.py:188} INFO - [2026-10-05T18:13:18.647+0000] {dag.py:3096} INFO - Sync 1 DAGs
[2026-10-05T18:13:18.656+0000] {logging_mixin.py:188} INFO - [2026-10-05T18:13:18.656+0000] {dag.py:3954} INFO - Setting next_dagrun for f1_data_analytics to None, run_after=None
[2026-10-05T18:13:18.672+0000] {processor.py:183} INFO - Processing /opt/airflow/dags/f1_pipeline_dag.py took 0.103 seconds
[2026-10-05T18:13:49.071+0000] {processor.py:161} INFO - Started process (PID=834) to work on /opt/airflow/dags/f1_pipeline_dag.py
[2026-10-05T18:13:49.074+0000] {processor.py:830} INFO - Processing file /opt/airflow/dags/f1_pipeline_dag.py for tasks to queue
[2026-10-05T18:13:49.076+0000] {logging_mixin.py:188} INFO - [2026-10-05T18:13:49.075+0000] {dagbag.py:545} INFO - Filling up the DagBag from /opt/airflow/dags/f1_pipeline_dag.py
[2026-10-05T18:13:49.093+0000] {processor.py:840} INFO - DAG(s) 'f1_data_analytics' retrieved from /opt/airflow/dags/f1_pipeline_dag.py
[2026-10-05T18:13:49.139+0000] {logging_mixin.py:188} INFO - [2026-10-05T18:13:49.139+0000] {dag.py:3096} INFO - Sync 1 DAGs
[2026-10-05T18:13:49.147+0000] {logging_mixin.py:188} INFO - [2026-10-05T18:13:49.147+0000] {dag.py:3954} INFO - Setting next_dagrun for f1_data_analytics to None, run_after=None
[2026-10-05T18:13:49.164+0000] {processor.py:183} INFO - Processing /opt/airflow/dags/f1_pipeline_dag.py took 0.102 seconds
[2026-10-05T18:14:19.558+0000] {processor.py:161} INFO - Started process (PID=835) to work on /opt/airflow/dags/f1_pipeline_dag.py
[2026-10-05T18:14:19.559+0000] {processor.py:830} INFO - Processing file /opt/airflow/dags/f1_pipeline_dag.py for tasks to queue
[2026-10-05T18:14:19.560+0000] {logging_mixin.py:188} INFO - [2026-10-05T18:14:19.560+0000] {dagbag.py:545} INFO - Filling up the DagBag from /opt/airflow/dags/f1_pipeline_dag.py
[2026-10-05T18:14:19.581+0000] {processor.py:840} INFO - DAG(s) 'f1_data_analytics' retrieved from /opt/airflow/dags/f1_pipeline_dag.py
[2026-10-05T18:14:19.628+0000] {logging_mixin.py:188} INFO - [2026-10-05T18:14:19.627+0000] {dag.py:3096} INFO - Sync 1 DAGs
[2026-10-05T18:14:19.636+0000] {logging_mixin.py:188} INFO - [2026-10-05T18:14:19.636+0000] {dag.py:3954} INFO - Setting next_dagrun for f1_data_analytics to None, run_after=None
[2026-10-05T18:14:19.651+0000] {processor.py:183} INFO - Processing /opt/airflow/dags/f1_pipeline_dag.py took 0.104 seconds
[2026-10-05T18:14:50.009+0000] {processor.py:161} INFO - Started process (PID=836) to work on /opt/airflow/dags/f1_pipeline_dag.py
[2026-10-05T18:14:50.012+0000] {processor.py:830} INFO - Processing file /opt/airflow/dags/f1_pipeline_dag.py for tasks to queue
[2026-10-05T18:14:50.014+0000] {logging_mixin.py:188} INFO - [2026-10-05T18:14:50.013+0000] {dagbag.py:545} INFO - Filling up the DagBag from /opt/airflow/dags/f1_pipeline_dag.py
[2026-10-05T18:14:50.038+0000] {processor.py:840} INFO - DAG(s) 'f1_data_analytics' retrieved from /opt/airflow/dags/f1_pipeline_dag.py
[2026-10-05T18:14:50.083+0000] {logging_mixin.py:188} INFO - [2026-10-05T18:14:50.083+0000] {dag.py:3096} INFO - Sync 1 DAGs
[2026-10-05T18:14:50.092+0000] {logging_mixin.py:188} INFO - [2026-10-05T18:14:50.092+0000] {dag.py:3954} INFO - Setting next_dagrun for f1_data_analytics to None, run_after=None
[2026-10-05T18:14:50.107+0000] {processor.py:183} INFO - Processing /opt/airflow/dags/f1_pipeline_dag.py took 0.109 seconds
[2026-10-05T18:15:20.560+0000] {processor.py:161} INFO - Started process (PID=837) to work on /opt/airflow/dags/f1_pipeline_dag.py
[2026-10-05T18:15:20.561+0000] {processor.py:830} INFO - Processing file /opt/airflow/dags/f1_pipeline_dag.py for tasks to queue
[2026-10-05T18:15:20.562+0000] {logging_mixin.py:188} INFO - [2026-10-05T18:15:20.562+0000] {dagbag.py:545} INFO - Filling up the DagBag from /opt/airflow/dags/f1_pipeline_dag.py
[2026-10-05T18:15:20.581+0000] {processor.py:840} INFO - DAG(s) 'f1_data_analytics' retrieved from /opt/airflow/dags/f1_pipeline_dag.py
[2026-10-05T18:15:20.629+0000] {logging_mixin.py:188} INFO - [2026-10-05T18:15:20.629+0000] {dag.py:3096} INFO - Sync 1 DAGs
[2026-10-05T18:15:20.638+0000] {logging_mixin.py:188} INFO - [2026-10-05T18:15:20.638+0000] {dag.py:3954} INFO - Setting next_dagrun for f1_data_analytics to None, run_after=None
[2026-10-05T18:15:20.653+0000] {processor.py:183} INFO - Processing /opt/airflow/dags/f1_pipeline_dag.py took 0.103 seconds
[2026-10-05T18:15:51.092+0000] {processor.py:161} INFO - Started process (PID=838) to work on /opt/airflow/dags/f1_pipeline_dag.py
[2026-10-05T18:15:51.096+0000] {processor.py:830} INFO - Processing file /opt/airflow/dags/f1_pipeline_dag.py for tasks to queue
[2026-10-05T18:15:51.097+0000] {logging_mixin.py:188} INFO - [2026-10-05T18:15:51.097+0000] {dagbag.py:545} INFO - Filling up the DagBag from /opt/airflow/dags/f1_pipeline_dag.py
[2026-10-05T18:15:51.116+0000] {processor.py:840} INFO - DAG(s) 'f1_data_analytics' retrieved from /opt/airflow/dags/f1_pipeline_dag.py
[2026-10-05T18:15:51.163+0000] {logging_mixin.py:188} INFO - [2026-10-05T18:15:51.163+0000] {dag.py:3096} INFO - Sync 1 DAGs
[2026-10-05T18:15:51.173+0000] {logging_mixin.py:188} INFO - [2026-10-05T18:15:51.172+0000] {dag.py:3954} INFO - Setting next_dagrun for f1_data_analytics to None, run_after=None
[2026-10-05T18:15:51.188+0000] {processor.py:183} INFO - Processing /opt/airflow/dags/f1_pipeline_dag.py took 0.106 seconds
[2026-10-05T18:16:21.437+0000] {processor.py:161} INFO - Started process (PID=839) to work on /opt/airflow/dags/f1_pipeline_dag.py
[2026-10-05T18:16:21.438+0000] {processor.py:830} INFO - Processing file /opt/airflow/dags/f1_pipeline_dag.py for tasks to queue
[2026-10-05T18:16:21.440+0000] {logging_mixin.py:188} INFO - [2026-10-05T18:16:21.439+0000] {dagbag.py:545} INFO - Filling up the DagBag from /opt/airflow/dags/f1_pipeline_dag.py
[2026-10-05T18:16:21.463+0000] {processor.py:840} INFO - DAG(s) 'f1_data_analytics' retrieved from /opt/airflow/dags/f1_pipeline_dag.py
[2026-10-05T18:16:21.510+0000] {logging_mixin.py:188} INFO - [2026-10-05T18:16:21.510+0000] {dag.py:3096} INFO - Sync 1 DAGs
[2026-10-05T18:16:21.520+0000] {logging_mixin.py:188} INFO - [2026-10-05T18:16:21.520+0000] {dag.py:3954} INFO - Setting next_dagrun for f1_data_analytics to None, run_after=None
[2026-10-05T18:16:21.544+0000] {processor.py:183} INFO - Processing /opt/airflow/dags/f1_pipeline_dag.py took 0.117 seconds
[2026-10-05T18:16:51.983+0000] {processor.py:161} INFO - Started process (PID=840) to work on /opt/airflow/dags/f1_pipeline_dag.py
[2026-10-05T18:16:51.992+0000] {processor.py:830} INFO - Processing file /opt/airflow/dags/f1_pipeline_dag.py for tasks to queue
[2026-10-05T18:16:51.994+0000] {logging_mixin.py:188} INFO - [2026-10-05T18:16:51.993+0000] {dagbag.py:545} INFO - Filling up the DagBag from /opt/airflow/dags/f1_pipeline_dag.py
[2026-10-05T18:16:52.012+0000] {processor.py:840} INFO - DAG(s) 'f1_data_analytics' retrieved from /opt/airflow/dags/f1_pipeline_dag.py
[2026-10-05T18:16:52.062+0000] {logging_mixin.py:188} INFO - [2026-10-05T18:16:52.062+0000] {dag.py:3096} INFO - Sync 1 DAGs
[2026-10-05T18:16:52.071+0000] {logging_mixin.py:188} INFO - [2026-10-05T18:16:52.071+0000] {dag.py:3954} INFO - Setting next_dagrun for f1_data_analytics to None, run_after=None
[2026-10-05T18:16:52.086+0000] {processor.py:183} INFO - Processing /opt/airflow/dags/f1_pipeline_dag.py took 0.112 seconds
[2026-10-05T18:17:22.537+0000] {processor.py:161} INFO - Started process (PID=841) to work on /opt/airflow/dags/f1_pipeline_dag.py
[2026-10-05T18:17:22.538+0000] {processor.py:830} INFO - Processing file /opt/airflow/dags/f1_pipeline_dag.py for tasks to queue
[2026-10-05T18:17:22.540+0000] {logging_mixin.py:188} INFO - [2026-10-05T18:17:22.539+0000] {dagbag.py:545} INFO - Filling up the DagBag from /opt/airflow/dags/f1_pipeline_dag.py
[2026-10-05T18:17:22.559+0000] {processor.py:840} INFO - DAG(s) 'f1_data_analytics' retrieved from /opt/airflow/dags/f1_pipeline_dag.py
[2026-10-05T18:17:22.605+0000] {logging_mixin.py:188} INFO - [2026-10-05T18:17:22.605+0000] {dag.py:3096} INFO - Sync 1 DAGs
[2026-10-05T18:17:22.615+0000] {logging_mixin.py:188} INFO - [2026-10-05T18:17:22.614+0000] {dag.py:3954} INFO - Setting next_dagrun for f1_data_analytics to None, run_after=None
[2026-10-05T18:17:22.630+0000] {processor.py:183} INFO - Processing /opt/airflow/dags/f1_pipeline_dag.py took 0.103 seconds
[2026-10-05T18:17:53.119+0000] {processor.py:161} INFO - Started process (PID=842) to work on /opt/airflow/dags/f1_pipeline_dag.py
[2026-10-05T18:17:53.123+0000] {processor.py:830} INFO - Processing file /opt/airflow/dags/f1_pipeline_dag.py for tasks to queue
[2026-10-05T18:17:53.124+0000] {logging_mixin.py:188} INFO - [2026-10-05T18:17:53.124+0000] {dagbag.py:545} INFO - Filling up the DagBag from /opt/airflow/dags/f1_pipeline_dag.py
[2026-10-05T18:17:53.144+0000] {processor.py:840} INFO - DAG(s) 'f1_data_analytics' retrieved from /opt/airflow/dags/f1_pipeline_dag.py
[2026-10-05T18:17:53.191+0000] {logging_mixin.py:188} INFO - [2026-10-05T18:17:53.191+0000] {dag.py:3096} INFO - Sync 1 DAGs
[2026-10-05T18:17:53.200+0000] {logging_mixin.py:188} INFO - [2026-10-05T18:17:53.200+0000] {dag.py:3954} INFO - Setting next_dagrun for f1_data_analytics to None, run_after=None
[2026-10-05T18:17:53.216+0000] {processor.py:183} INFO - Processing /opt/airflow/dags/f1_pipeline_dag.py took 0.106 seconds
[2026-10-05T18:18:23.671+0000] {processor.py:161} INFO - Started process (PID=843) to work on /opt/airflow/dags/f1_pipeline_dag.py
[2026-10-05T18:18:23.673+0000] {processor.py:830} INFO - Processing file /opt/airflow/dags/f1_pipeline_dag.py for tasks to queue
[2026-10-05T18:18:23.674+0000] {logging_mixin.py:188} INFO - [2026-10-05T18:18:23.673+0000] {dagbag.py:545} INFO - Filling up the DagBag from /opt/airflow/dags/f1_pipeline_dag.py
[2026-10-05T18:18:23.696+0000] {processor.py:840} INFO - DAG(s) 'f1_data_analytics' retrieved from /opt/airflow/dags/f1_pipeline_dag.py
[2026-10-05T18:18:23.740+0000] {logging_mixin.py:188} INFO - [2026-10-05T18:18:23.740+0000] {dag.py:3096} INFO - Sync 1 DAGs
[2026-10-05T18:18:23.749+0000] {logging_mixin.py:188} INFO - [2026-10-05T18:18:23.749+0000] {dag.py:3954} INFO - Setting next_dagrun for f1_data_analytics to None, run_after=None
[2026-10-05T18:18:23.766+0000] {processor.py:183} INFO - Processing /opt/airflow/dags/f1_pipeline_dag.py took 0.106 seconds
[2026-10-05T18:18:54.196+0000] {processor.py:161} INFO - Started process (PID=844) to work on /opt/airflow/dags/f1_pipeline_dag.py
[2026-10-05T18:18:54.200+0000] {processor.py:830} INFO - Processing file /opt/airflow/dags/f1_pipeline_dag.py for tasks to queue
[2026-10-05T18:18:54.201+0000] {logging_mixin.py:188} INFO - [2026-10-05T18:18:54.201+0000] {dagbag.py:545} INFO - Filling up the DagBag from /opt/airflow/dags/f1_pipeline_dag.py
[2026-10-05T18:18:54.220+0000] {processor.py:840} INFO - DAG(s) 'f1_data_analytics' retrieved from /opt/airflow/dags/f1_pipeline_dag.py
[2026-10-05T18:18:54.269+0000] {logging_mixin.py:188} INFO - [2026-10-05T18:18:54.269+0000] {dag.py:3096} INFO - Sync 1 DAGs
[2026-10-05T18:18:54.279+0000] {logging_mixin.py:188} INFO - [2026-10-05T18:18:54.279+0000] {dag.py:3954} INFO - Setting next_dagrun for f1_data_analytics to None, run_after=None
[2026-10-05T18:18:54.294+0000] {processor.py:183} INFO - Processing /opt/airflow/dags/f1_pipeline_dag.py took 0.107 seconds
[2026-10-05T18:19:24.768+0000] {processor.py:161} INFO - Started process (PID=845) to work on /opt/airflow/dags/f1_pipeline_dag.py
[2026-10-05T18:19:24.770+0000] {processor.py:830} INFO - Processing file /opt/airflow/dags/f1_pipeline_dag.py for tasks to queue
[2026-10-05T18:19:24.772+0000] {logging_mixin.py:188} INFO - [2026-10-05T18:19:24.771+0000] {dagbag.py:545} INFO - Filling up the DagBag from /opt/airflow/dags/f1_pipeline_dag.py
[2026-10-05T18:19:24.795+0000] {processor.py:840} INFO - DAG(s) 'f1_data_analytics' retrieved from /opt/airflow/dags/f1_pipeline_dag.py
[2026-10-05T18:19:24.835+0000] {logging_mixin.py:188} INFO - [2026-10-05T18:19:24.835+0000] {dag.py:3096} INFO - Sync 1 DAGs
[2026-10-05T18:19:24.844+0000] {logging_mixin.py:188} INFO - [2026-10-05T18:19:24.844+0000] {dag.py:3954} INFO - Setting next_dagrun for f1_data_analytics to None, run_after=None
[2026-10-05T18:19:24.861+0000] {processor.py:183} INFO - Processing /opt/airflow/dags/f1_pipeline_dag.py took 0.104 seconds
[2026-10-05T18:19:55.321+0000] {processor.py:161} INFO - Started process (PID=846) to work on /opt/airflow/dags/f1_pipeline_dag.py
[2026-10-05T18:19:55.325+0000] {processor.py:830} INFO - Processing file /opt/airflow/dags/f1_pipeline_dag.py for tasks to queue
[2026-10-05T18:19:55.326+0000] {logging_mixin.py:188} INFO - [2026-10-05T18:19:55.326+0000] {dagbag.py:545} INFO - Filling up the DagBag from /opt/airflow/dags/f1_pipeline_dag.py
[2026-10-05T18:19:55.346+0000] {processor.py:840} INFO - DAG(s) 'f1_data_analytics' retrieved from /opt/airflow/dags/f1_pipeline_dag.py
[2026-10-05T18:19:55.394+0000] {logging_mixin.py:188} INFO - [2026-10-05T18:19:55.393+0000] {dag.py:3096} INFO - Sync 1 DAGs
[2026-10-05T18:19:55.403+0000] {logging_mixin.py:188} INFO - [2026-10-05T18:19:55.403+0000] {dag.py:3954} INFO - Setting next_dagrun for f1_data_analytics to None, run_after=None
[2026-10-05T18:19:55.418+0000] {processor.py:183} INFO - Processing /opt/airflow/dags/f1_pipeline_dag.py took 0.107 seconds
[2026-10-05T18:20:25.900+0000] {processor.py:161} INFO - Started process (PID=847) to work on /opt/airflow/dags/f1_pipeline_dag.py
[2026-10-05T18:20:25.902+0000] {processor.py:830} INFO - Processing file /opt/airflow/dags/f1_pipeline_dag.py for tasks to queue
[2026-10-05T18:20:25.903+0000] {logging_mixin.py:188} INFO - [2026-10-05T18:20:25.903+0000] {dagbag.py:545} INFO - Filling up the DagBag from /opt/airflow/dags/f1_pipeline_dag.py
[2026-10-05T18:20:25.927+0000] {processor.py:840} INFO - DAG(s) 'f1_data_analytics' retrieved from /opt/airflow/dags/f1_pipeline_dag.py
[2026-10-05T18:20:25.968+0000] {logging_mixin.py:188} INFO - [2026-10-05T18:20:25.967+0000] {dag.py:3096} INFO - Sync 1 DAGs
[2026-10-05T18:20:25.978+0000] {logging_mixin.py:188} INFO - [2026-10-05T18:20:25.978+0000] {dag.py:3954} INFO - Setting next_dagrun for f1_data_analytics to None, run_after=None
[2026-10-05T18:20:25.997+0000] {processor.py:183} INFO - Processing /opt/airflow/dags/f1_pipeline_dag.py took 0.108 seconds
[2026-10-05T18:20:56.457+0000] {processor.py:161} INFO - Started process (PID=848) to work on /opt/airflow/dags/f1_pipeline_dag.py
[2026-10-05T18:20:56.460+0000] {processor.py:830} INFO - Processing file /opt/airflow/dags/f1_pipeline_dag.py for tasks to queue
[2026-10-05T18:20:56.462+0000] {logging_mixin.py:188} INFO - [2026-10-05T18:20:56.461+0000] {dagbag.py:545} INFO - Filling up the DagBag from /opt/airflow/dags/f1_pipeline_dag.py
[2026-10-05T18:20:56.482+0000] {processor.py:840} INFO - DAG(s) 'f1_data_analytics' retrieved from /opt/airflow/dags/f1_pipeline_dag.py
[2026-10-05T18:20:56.530+0000] {logging_mixin.py:188} INFO - [2026-10-05T18:20:56.530+0000] {dag.py:3096} INFO - Sync 1 DAGs
[2026-10-05T18:20:56.539+0000] {logging_mixin.py:188} INFO - [2026-10-05T18:20:56.539+0000] {dag.py:3954} INFO - Setting next_dagrun for f1_data_analytics to None, run_after=None
[2026-10-05T18:20:56.555+0000] {processor.py:183} INFO - Processing /opt/airflow/dags/f1_pipeline_dag.py took 0.108 seconds
[2026-10-05T18:21:27.014+0000] {processor.py:161} INFO - Started process (PID=849) to work on /opt/airflow/dags/f1_pipeline_dag.py
[2026-10-05T18:21:27.016+0000] {processor.py:830} INFO - Processing file /opt/airflow/dags/f1_pipeline_dag.py for tasks to queue
[2026-10-05T18:21:27.017+0000] {logging_mixin.py:188} INFO - [2026-10-05T18:21:27.017+0000] {dagbag.py:545} INFO - Filling up the DagBag from /opt/airflow/dags/f1_pipeline_dag.py
[2026-10-05T18:21:27.037+0000] {processor.py:840} INFO - DAG(s) 'f1_data_analytics' retrieved from /opt/airflow/dags/f1_pipeline_dag.py
[2026-10-05T18:21:27.083+0000] {logging_mixin.py:188} INFO - [2026-10-05T18:21:27.083+0000] {dag.py:3096} INFO - Sync 1 DAGs
[2026-10-05T18:21:27.092+0000] {logging_mixin.py:188} INFO - [2026-10-05T18:21:27.092+0000] {dag.py:3954} INFO - Setting next_dagrun for f1_data_analytics to None, run_after=None
[2026-10-05T18:21:27.108+0000] {processor.py:183} INFO - Processing /opt/airflow/dags/f1_pipeline_dag.py took 0.104 seconds
[2026-10-05T18:21:57.573+0000] {processor.py:161} INFO - Started process (PID=850) to work on /opt/airflow/dags/f1_pipeline_dag.py
[2026-10-05T18:21:57.582+0000] {processor.py:830} INFO - Processing file /opt/airflow/dags/f1_pipeline_dag.py for tasks to queue
[2026-10-05T18:21:57.584+0000] {logging_mixin.py:188} INFO - [2026-10-05T18:21:57.583+0000] {dagbag.py:545} INFO - Filling up the DagBag from /opt/airflow/dags/f1_pipeline_dag.py
[2026-10-05T18:21:57.605+0000] {processor.py:840} INFO - DAG(s) 'f1_data_analytics' retrieved from /opt/airflow/dags/f1_pipeline_dag.py
[2026-10-05T18:21:57.654+0000] {logging_mixin.py:188} INFO - [2026-10-05T18:21:57.654+0000] {dag.py:3096} INFO - Sync 1 DAGs
[2026-10-05T18:21:57.663+0000] {logging_mixin.py:188} INFO - [2026-10-05T18:21:57.663+0000] {dag.py:3954} INFO - Setting next_dagrun for f1_data_analytics to None, run_after=None
[2026-10-05T18:21:57.678+0000] {processor.py:183} INFO - Processing /opt/airflow/dags/f1_pipeline_dag.py took 0.115 seconds
[2026-10-05T18:22:28.111+0000] {processor.py:161} INFO - Started process (PID=851) to work on /opt/airflow/dags/f1_pipeline_dag.py
[2026-10-05T18:22:28.112+0000] {processor.py:830} INFO - Processing file /opt/airflow/dags/f1_pipeline_dag.py for tasks to queue
[2026-10-05T18:22:28.114+0000] {logging_mixin.py:188} INFO - [2026-10-05T18:22:28.113+0000] {dagbag.py:545} INFO - Filling up the DagBag from /opt/airflow/dags/f1_pipeline_dag.py
[2026-10-05T18:22:28.132+0000] {processor.py:840} INFO - DAG(s) 'f1_data_analytics' retrieved from /opt/airflow/dags/f1_pipeline_dag.py
[2026-10-05T18:22:28.181+0000] {logging_mixin.py:188} INFO - [2026-10-05T18:22:28.180+0000] {dag.py:3096} INFO - Sync 1 DAGs
[2026-10-05T18:22:28.190+0000] {logging_mixin.py:188} INFO - [2026-10-05T18:22:28.190+0000] {dag.py:3954} INFO - Setting next_dagrun for f1_data_analytics to None, run_after=None
[2026-10-05T18:22:28.205+0000] {processor.py:183} INFO - Processing /opt/airflow/dags/f1_pipeline_dag.py took 0.104 seconds
[2026-10-05T18:22:58.652+0000] {processor.py:161} INFO - Started process (PID=852) to work on /opt/airflow/dags/f1_pipeline_dag.py
[2026-10-05T18:22:58.655+0000] {processor.py:830} INFO - Processing file /opt/airflow/dags/f1_pipeline_dag.py for tasks to queue
[2026-10-05T18:22:58.657+0000] {logging_mixin.py:188} INFO - [2026-10-05T18:22:58.656+0000] {dagbag.py:545} INFO - Filling up the DagBag from /opt/airflow/dags/f1_pipeline_dag.py
[2026-10-05T18:22:58.676+0000] {processor.py:840} INFO - DAG(s) 'f1_data_analytics' retrieved from /opt/airflow/dags/f1_pipeline_dag.py
[2026-10-05T18:22:58.724+0000] {logging_mixin.py:188} INFO - [2026-10-05T18:22:58.724+0000] {dag.py:3096} INFO - Sync 1 DAGs
[2026-10-05T18:22:58.734+0000] {logging_mixin.py:188} INFO - [2026-10-05T18:22:58.733+0000] {dag.py:3954} INFO - Setting next_dagrun for f1_data_analytics to None, run_after=None
[2026-10-05T18:22:58.749+0000] {processor.py:183} INFO - Processing /opt/airflow/dags/f1_pipeline_dag.py took 0.107 seconds
[2026-10-05T18:23:29.211+0000] {processor.py:161} INFO - Started process (PID=853) to work on /opt/airflow/dags/f1_pipeline_dag.py
[2026-10-05T18:23:29.212+0000] {processor.py:830} INFO - Processing file /opt/airflow/dags/f1_pipeline_dag.py for tasks to queue
[2026-10-05T18:23:29.214+0000] {logging_mixin.py:188} INFO - [2026-10-05T18:23:29.213+0000] {dagbag.py:545} INFO - Filling up the DagBag from /opt/airflow/dags/f1_pipeline_dag.py
[2026-10-05T18:23:29.234+0000] {processor.py:840} INFO - DAG(s) 'f1_data_analytics' retrieved from /opt/airflow/dags/f1_pipeline_dag.py
[2026-10-05T18:23:29.280+0000] {logging_mixin.py:188} INFO - [2026-10-05T18:23:29.279+0000] {dag.py:3096} INFO - Sync 1 DAGs
[2026-10-05T18:23:29.289+0000] {logging_mixin.py:188} INFO - [2026-10-05T18:23:29.289+0000] {dag.py:3954} INFO - Setting next_dagrun for f1_data_analytics to None, run_after=None
[2026-10-05T18:23:29.306+0000] {processor.py:183} INFO - Processing /opt/airflow/dags/f1_pipeline_dag.py took 0.106 seconds
[2026-10-05T18:23:59.555+0000] {processor.py:161} INFO - Started process (PID=854) to work on /opt/airflow/dags/f1_pipeline_dag.py
[2026-10-05T18:23:59.563+0000] {processor.py:830} INFO - Processing file /opt/airflow/dags/f1_pipeline_dag.py for tasks to queue
[2026-10-05T18:23:59.565+0000] {logging_mixin.py:188} INFO - [2026-10-05T18:23:59.564+0000] {dagbag.py:545} INFO - Filling up the DagBag from /opt/airflow/dags/f1_pipeline_dag.py
[2026-10-05T18:23:59.584+0000] {processor.py:840} INFO - DAG(s) 'f1_data_analytics' retrieved from /opt/airflow/dags/f1_pipeline_dag.py
[2026-10-05T18:23:59.625+0000] {logging_mixin.py:188} INFO - [2026-10-05T18:23:59.624+0000] {dag.py:3096} INFO - Sync 1 DAGs
[2026-10-05T18:23:59.633+0000] {logging_mixin.py:188} INFO - [2026-10-05T18:23:59.633+0000] {dag.py:3954} INFO - Setting next_dagrun for f1_data_analytics to None, run_after=None
[2026-10-05T18:23:59.649+0000] {processor.py:183} INFO - Processing /opt/airflow/dags/f1_pipeline_dag.py took 0.104 seconds
[2026-10-05T18:24:29.907+0000] {processor.py:161} INFO - Started process (PID=855) to work on /opt/airflow/dags/f1_pipeline_dag.py
[2026-10-05T18:24:29.909+0000] {processor.py:830} INFO - Processing file /opt/airflow/dags/f1_pipeline_dag.py for tasks to queue
[2026-10-05T18:24:29.910+0000] {logging_mixin.py:188} INFO - [2026-10-05T18:24:29.910+0000] {dagbag.py:545} INFO - Filling up the DagBag from /opt/airflow/dags/f1_pipeline_dag.py
[2026-10-05T18:24:29.922+0000] {processor.py:840} INFO - DAG(s) 'f1_data_analytics' retrieved from /opt/airflow/dags/f1_pipeline_dag.py
[2026-10-05T18:24:29.980+0000] {logging_mixin.py:188} INFO - [2026-10-05T18:24:29.980+0000] {dag.py:3096} INFO - Sync 1 DAGs
[2026-10-05T18:24:30.002+0000] {logging_mixin.py:188} INFO - [2026-10-05T18:24:30.001+0000] {dag.py:3954} INFO - Setting next_dagrun for f1_data_analytics to None, run_after=None
[2026-10-05T18:24:30.033+0000] {processor.py:183} INFO - Processing /opt/airflow/dags/f1_pipeline_dag.py took 0.131 seconds
[2026-10-05T18:25:00.250+0000] {processor.py:161} INFO - Started process (PID=856) to work on /opt/airflow/dags/f1_pipeline_dag.py
[2026-10-05T18:25:00.251+0000] {processor.py:830} INFO - Processing file /opt/airflow/dags/f1_pipeline_dag.py for tasks to queue
[2026-10-05T18:25:00.252+0000] {logging_mixin.py:188} INFO - [2026-10-05T18:25:00.252+0000] {dagbag.py:545} INFO - Filling up the DagBag from /opt/airflow/dags/f1_pipeline_dag.py
[2026-10-05T18:25:00.264+0000] {processor.py:840} INFO - DAG(s) 'f1_data_analytics' retrieved from /opt/airflow/dags/f1_pipeline_dag.py
[2026-10-05T18:25:00.298+0000] {logging_mixin.py:188} INFO - [2026-10-05T18:25:00.298+0000] {dag.py:3096} INFO - Sync 1 DAGs
[2026-10-05T18:25:00.307+0000] {logging_mixin.py:188} INFO - [2026-10-05T18:25:00.307+0000] {dag.py:3954} INFO - Setting next_dagrun for f1_data_analytics to None, run_after=None
[2026-10-05T18:25:00.322+0000] {processor.py:183} INFO - Processing /opt/airflow/dags/f1_pipeline_dag.py took 0.079 seconds
[2026-10-05T18:25:30.473+0000] {processor.py:161} INFO - Started process (PID=857) to work on /opt/airflow/dags/f1_pipeline_dag.py
[2026-10-05T18:25:30.474+0000] {processor.py:830} INFO - Processing file /opt/airflow/dags/f1_pipeline_dag.py for tasks to queue
[2026-10-05T18:25:30.476+0000] {logging_mixin.py:188} INFO - [2026-10-05T18:25:30.475+0000] {dagbag.py:545} INFO - Filling up the DagBag from /opt/airflow/dags/f1_pipeline_dag.py
[2026-10-05T18:25:30.494+0000] {processor.py:840} INFO - DAG(s) 'f1_data_analytics' retrieved from /opt/airflow/dags/f1_pipeline_dag.py
[2026-10-05T18:25:30.543+0000] {logging_mixin.py:188} INFO - [2026-10-05T18:25:30.543+0000] {dag.py:3096} INFO - Sync 1 DAGs
[2026-10-05T18:25:30.552+0000] {logging_mixin.py:188} INFO - [2026-10-05T18:25:30.552+0000] {dag.py:3954} INFO - Setting next_dagrun for f1_data_analytics to None, run_after=None
[2026-10-05T18:25:30.571+0000] {processor.py:183} INFO - Processing /opt/airflow/dags/f1_pipeline_dag.py took 0.108 seconds
[2026-10-05T18:26:00.823+0000] {processor.py:161} INFO - Started process (PID=858) to work on /opt/airflow/dags/f1_pipeline_dag.py
[2026-10-05T18:26:00.832+0000] {processor.py:830} INFO - Processing file /opt/airflow/dags/f1_pipeline_dag.py for tasks to queue
[2026-10-05T18:26:00.833+0000] {logging_mixin.py:188} INFO - [2026-10-05T18:26:00.832+0000] {dagbag.py:545} INFO - Filling up the DagBag from /opt/airflow/dags/f1_pipeline_dag.py
[2026-10-05T18:26:00.852+0000] {processor.py:840} INFO - DAG(s) 'f1_data_analytics' retrieved from /opt/airflow/dags/f1_pipeline_dag.py
[2026-10-05T18:26:00.904+0000] {logging_mixin.py:188} INFO - [2026-10-05T18:26:00.903+0000] {dag.py:3096} INFO - Sync 1 DAGs
[2026-10-05T18:26:00.912+0000] {logging_mixin.py:188} INFO - [2026-10-05T18:26:00.912+0000] {dag.py:3954} INFO - Setting next_dagrun for f1_data_analytics to None, run_after=None
[2026-10-05T18:26:00.928+0000] {processor.py:183} INFO - Processing /opt/airflow/dags/f1_pipeline_dag.py took 0.114 seconds
[2026-10-05T18:26:31.168+0000] {processor.py:161} INFO - Started process (PID=859) to work on /opt/airflow/dags/f1_pipeline_dag.py
[2026-10-05T18:26:31.169+0000] {processor.py:830} INFO - Processing file /opt/airflow/dags/f1_pipeline_dag.py for tasks to queue
[2026-10-05T18:26:31.170+0000] {logging_mixin.py:188} INFO - [2026-10-05T18:26:31.170+0000] {dagbag.py:545} INFO - Filling up the DagBag from /opt/airflow/dags/f1_pipeline_dag.py
[2026-10-05T18:26:31.184+0000] {processor.py:840} INFO - DAG(s) 'f1_data_analytics' retrieved from /opt/airflow/dags/f1_pipeline_dag.py
[2026-10-05T18:26:31.225+0000] {logging_mixin.py:188} INFO - [2026-10-05T18:26:31.224+0000] {dag.py:3096} INFO - Sync 1 DAGs
[2026-10-05T18:26:31.234+0000] {logging_mixin.py:188} INFO - [2026-10-05T18:26:31.233+0000] {dag.py:3954} INFO - Setting next_dagrun for f1_data_analytics to None, run_after=None
[2026-10-05T18:26:31.250+0000] {processor.py:183} INFO - Processing /opt/airflow/dags/f1_pipeline_dag.py took 0.088 seconds
[2026-10-05T18:27:01.403+0000] {processor.py:161} INFO - Started process (PID=860) to work on /opt/airflow/dags/f1_pipeline_dag.py
[2026-10-05T18:27:01.411+0000] {processor.py:830} INFO - Processing file /opt/airflow/dags/f1_pipeline_dag.py for tasks to queue
[2026-10-05T18:27:01.413+0000] {logging_mixin.py:188} INFO - [2026-10-05T18:27:01.412+0000] {dagbag.py:545} INFO - Filling up the DagBag from /opt/airflow/dags/f1_pipeline_dag.py
[2026-10-05T18:27:01.433+0000] {processor.py:840} INFO - DAG(s) 'f1_data_analytics' retrieved from /opt/airflow/dags/f1_pipeline_dag.py
[2026-10-05T18:27:01.479+0000] {logging_mixin.py:188} INFO - [2026-10-05T18:27:01.479+0000] {dag.py:3096} INFO - Sync 1 DAGs
[2026-10-05T18:27:01.488+0000] {logging_mixin.py:188} INFO - [2026-10-05T18:27:01.488+0000] {dag.py:3954} INFO - Setting next_dagrun for f1_data_analytics to None, run_after=None
[2026-10-05T18:27:01.504+0000] {processor.py:183} INFO - Processing /opt/airflow/dags/f1_pipeline_dag.py took 0.112 seconds
[2026-10-05T18:27:31.741+0000] {processor.py:161} INFO - Started process (PID=861) to work on /opt/airflow/dags/f1_pipeline_dag.py
[2026-10-05T18:27:31.742+0000] {processor.py:830} INFO - Processing file /opt/airflow/dags/f1_pipeline_dag.py for tasks to queue
[2026-10-05T18:27:31.743+0000] {logging_mixin.py:188} INFO - [2026-10-05T18:27:31.742+0000] {dagbag.py:545} INFO - Filling up the DagBag from /opt/airflow/dags/f1_pipeline_dag.py
[2026-10-05T18:27:31.764+0000] {processor.py:840} INFO - DAG(s) 'f1_data_analytics' retrieved from /opt/airflow/dags/f1_pipeline_dag.py
[2026-10-05T18:27:31.801+0000] {logging_mixin.py:188} INFO - [2026-10-05T18:27:31.801+0000] {dag.py:3096} INFO - Sync 1 DAGs
[2026-10-05T18:27:31.810+0000] {logging_mixin.py:188} INFO - [2026-10-05T18:27:31.809+0000] {dag.py:3954} INFO - Setting next_dagrun for f1_data_analytics to None, run_after=None
[2026-10-05T18:27:31.825+0000] {processor.py:183} INFO - Processing /opt/airflow/dags/f1_pipeline_dag.py took 0.095 seconds
[2026-10-05T18:28:01.944+0000] {processor.py:161} INFO - Started process (PID=862) to work on /opt/airflow/dags/f1_pipeline_dag.py
[2026-10-05T18:28:01.948+0000] {processor.py:830} INFO - Processing file /opt/airflow/dags/f1_pipeline_dag.py for tasks to queue
[2026-10-05T18:28:01.949+0000] {logging_mixin.py:188} INFO - [2026-10-05T18:28:01.949+0000] {dagbag.py:545} INFO - Filling up the DagBag from /opt/airflow/dags/f1_pipeline_dag.py
[2026-10-05T18:28:01.968+0000] {processor.py:840} INFO - DAG(s) 'f1_data_analytics' retrieved from /opt/airflow/dags/f1_pipeline_dag.py
[2026-10-05T18:28:02.014+0000] {logging_mixin.py:188} INFO - [2026-10-05T18:28:02.014+0000] {dag.py:3096} INFO - Sync 1 DAGs
[2026-10-05T18:28:02.025+0000] {logging_mixin.py:188} INFO - [2026-10-05T18:28:02.024+0000] {dag.py:3954} INFO - Setting next_dagrun for f1_data_analytics to None, run_after=None
[2026-10-05T18:28:02.040+0000] {processor.py:183} INFO - Processing /opt/airflow/dags/f1_pipeline_dag.py took 0.106 seconds
[2026-10-05T18:28:32.295+0000] {processor.py:161} INFO - Started process (PID=863) to work on /opt/airflow/dags/f1_pipeline_dag.py
[2026-10-05T18:28:32.296+0000] {processor.py:830} INFO - Processing file /opt/airflow/dags/f1_pipeline_dag.py for tasks to queue
[2026-10-05T18:28:32.298+0000] {logging_mixin.py:188} INFO - [2026-10-05T18:28:32.297+0000] {dagbag.py:545} INFO - Filling up the DagBag from /opt/airflow/dags/f1_pipeline_dag.py
[2026-10-05T18:28:32.317+0000] {processor.py:840} INFO - DAG(s) 'f1_data_analytics' retrieved from /opt/airflow/dags/f1_pipeline_dag.py
[2026-10-05T18:28:32.363+0000] {logging_mixin.py:188} INFO - [2026-10-05T18:28:32.363+0000] {dag.py:3096} INFO - Sync 1 DAGs
[2026-10-05T18:28:32.373+0000] {logging_mixin.py:188} INFO - [2026-10-05T18:28:32.373+0000] {dag.py:3954} INFO - Setting next_dagrun for f1_data_analytics to None, run_after=None
[2026-10-05T18:28:32.390+0000] {processor.py:183} INFO - Processing /opt/airflow/dags/f1_pipeline_dag.py took 0.105 seconds
[2026-10-05T18:29:02.643+0000] {processor.py:161} INFO - Started process (PID=864) to work on /opt/airflow/dags/f1_pipeline_dag.py
[2026-10-05T18:29:02.646+0000] {processor.py:830} INFO - Processing file /opt/airflow/dags/f1_pipeline_dag.py for tasks to queue
[2026-10-05T18:29:02.648+0000] {logging_mixin.py:188} INFO - [2026-10-05T18:29:02.647+0000] {dagbag.py:545} INFO - Filling up the DagBag from /opt/airflow/dags/f1_pipeline_dag.py
[2026-10-05T18:29:02.668+0000] {processor.py:840} INFO - DAG(s) 'f1_data_analytics' retrieved from /opt/airflow/dags/f1_pipeline_dag.py
[2026-10-05T18:29:02.713+0000] {logging_mixin.py:188} INFO - [2026-10-05T18:29:02.713+0000] {dag.py:3096} INFO - Sync 1 DAGs
[2026-10-05T18:29:02.722+0000] {logging_mixin.py:188} INFO - [2026-10-05T18:29:02.722+0000] {dag.py:3954} INFO - Setting next_dagrun for f1_data_analytics to None, run_after=None
[2026-10-05T18:29:02.738+0000] {processor.py:183} INFO - Processing /opt/airflow/dags/f1_pipeline_dag.py took 0.104 seconds
[2026-10-05T18:29:32.882+0000] {processor.py:161} INFO - Started process (PID=865) to work on /opt/airflow/dags/f1_pipeline_dag.py
[2026-10-05T18:29:32.883+0000] {processor.py:830} INFO - Processing file /opt/airflow/dags/f1_pipeline_dag.py for tasks to queue
[2026-10-05T18:29:32.885+0000] {logging_mixin.py:188} INFO - [2026-10-05T18:29:32.884+0000] {dagbag.py:545} INFO - Filling up the DagBag from /opt/airflow/dags/f1_pipeline_dag.py
[2026-10-05T18:29:32.911+0000] {processor.py:840} INFO - DAG(s) 'f1_data_analytics' retrieved from /opt/airflow/dags/f1_pipeline_dag.py
[2026-10-05T18:29:32.997+0000] {logging_mixin.py:188} INFO - [2026-10-05T18:29:32.997+0000] {dag.py:3096} INFO - Sync 1 DAGs
[2026-10-05T18:29:33.011+0000] {logging_mixin.py:188} INFO - [2026-10-05T18:29:33.011+0000] {dag.py:3954} INFO - Setting next_dagrun for f1_data_analytics to None, run_after=None
[2026-10-05T18:29:33.036+0000] {processor.py:183} INFO - Processing /opt/airflow/dags/f1_pipeline_dag.py took 0.166 seconds
[2026-10-05T18:30:03.206+0000] {processor.py:161} INFO - Started process (PID=866) to work on /opt/airflow/dags/f1_pipeline_dag.py
[2026-10-05T18:30:03.209+0000] {processor.py:830} INFO - Processing file /opt/airflow/dags/f1_pipeline_dag.py for tasks to queue
[2026-10-05T18:30:03.210+0000] {logging_mixin.py:188} INFO - [2026-10-05T18:30:03.210+0000] {dagbag.py:545} INFO - Filling up the DagBag from /opt/airflow/dags/f1_pipeline_dag.py
[2026-10-05T18:30:03.231+0000] {processor.py:840} INFO - DAG(s) 'f1_data_analytics' retrieved from /opt/airflow/dags/f1_pipeline_dag.py
[2026-10-05T18:30:03.274+0000] {logging_mixin.py:188} INFO - [2026-10-05T18:30:03.274+0000] {dag.py:3096} INFO - Sync 1 DAGs
[2026-10-05T18:30:03.284+0000] {logging_mixin.py:188} INFO - [2026-10-05T18:30:03.284+0000] {dag.py:3954} INFO - Setting next_dagrun for f1_data_analytics to None, run_after=None
[2026-10-05T18:30:03.300+0000] {processor.py:183} INFO - Processing /opt/airflow/dags/f1_pipeline_dag.py took 0.104 seconds
[2026-10-05T18:30:33.543+0000] {processor.py:161} INFO - Started process (PID=867) to work on /opt/airflow/dags/f1_pipeline_dag.py
[2026-10-05T18:30:33.545+0000] {processor.py:830} INFO - Processing file /opt/airflow/dags/f1_pipeline_dag.py for tasks to queue
[2026-10-05T18:30:33.546+0000] {logging_mixin.py:188} INFO - [2026-10-05T18:30:33.546+0000] {dagbag.py:545} INFO - Filling up the DagBag from /opt/airflow/dags/f1_pipeline_dag.py
[2026-10-05T18:30:33.566+0000] {processor.py:840} INFO - DAG(s) 'f1_data_analytics' retrieved from /opt/airflow/dags/f1_pipeline_dag.py
[2026-10-05T18:30:33.609+0000] {logging_mixin.py:188} INFO - [2026-10-05T18:30:33.609+0000] {dag.py:3096} INFO - Sync 1 DAGs
[2026-10-05T18:30:33.618+0000] {logging_mixin.py:188} INFO - [2026-10-05T18:30:33.618+0000] {dag.py:3954} INFO - Setting next_dagrun for f1_data_analytics to None, run_after=None
[2026-10-05T18:30:33.634+0000] {processor.py:183} INFO - Processing /opt/airflow/dags/f1_pipeline_dag.py took 0.101 seconds
[2026-10-05T18:31:03.889+0000] {processor.py:161} INFO - Started process (PID=868) to work on /opt/airflow/dags/f1_pipeline_dag.py
[2026-10-05T18:31:03.892+0000] {processor.py:830} INFO - Processing file /opt/airflow/dags/f1_pipeline_dag.py for tasks to queue
[2026-10-05T18:31:03.894+0000] {logging_mixin.py:188} INFO - [2026-10-05T18:31:03.893+0000] {dagbag.py:545} INFO - Filling up the DagBag from /opt/airflow/dags/f1_pipeline_dag.py
[2026-10-05T18:31:03.916+0000] {processor.py:840} INFO - DAG(s) 'f1_data_analytics' retrieved from /opt/airflow/dags/f1_pipeline_dag.py
[2026-10-05T18:31:03.955+0000] {logging_mixin.py:188} INFO - [2026-10-05T18:31:03.955+0000] {dag.py:3096} INFO - Sync 1 DAGs
[2026-10-05T18:31:03.965+0000] {logging_mixin.py:188} INFO - [2026-10-05T18:31:03.964+0000] {dag.py:3954} INFO - Setting next_dagrun for f1_data_analytics to None, run_after=None
[2026-10-05T18:31:03.981+0000] {processor.py:183} INFO - Processing /opt/airflow/dags/f1_pipeline_dag.py took 0.100 seconds
[2026-10-05T18:31:34.237+0000] {processor.py:161} INFO - Started process (PID=869) to work on /opt/airflow/dags/f1_pipeline_dag.py
[2026-10-05T18:31:34.238+0000] {processor.py:830} INFO - Processing file /opt/airflow/dags/f1_pipeline_dag.py for tasks to queue
[2026-10-05T18:31:34.239+0000] {logging_mixin.py:188} INFO - [2026-10-05T18:31:34.239+0000] {dagbag.py:545} INFO - Filling up the DagBag from /opt/airflow/dags/f1_pipeline_dag.py
[2026-10-05T18:31:34.259+0000] {processor.py:840} INFO - DAG(s) 'f1_data_analytics' retrieved from /opt/airflow/dags/f1_pipeline_dag.py
[2026-10-05T18:31:34.302+0000] {logging_mixin.py:188} INFO - [2026-10-05T18:31:34.302+0000] {dag.py:3096} INFO - Sync 1 DAGs
[2026-10-05T18:31:34.312+0000] {logging_mixin.py:188} INFO - [2026-10-05T18:31:34.312+0000] {dag.py:3954} INFO - Setting next_dagrun for f1_data_analytics to None, run_after=None
[2026-10-05T18:31:34.329+0000] {processor.py:183} INFO - Processing /opt/airflow/dags/f1_pipeline_dag.py took 0.103 seconds
[2026-10-05T18:32:04.591+0000] {processor.py:161} INFO - Started process (PID=870) to work on /opt/airflow/dags/f1_pipeline_dag.py
[2026-10-05T18:32:04.594+0000] {processor.py:830} INFO - Processing file /opt/airflow/dags/f1_pipeline_dag.py for tasks to queue
[2026-10-05T18:32:04.596+0000] {logging_mixin.py:188} INFO - [2026-10-05T18:32:04.595+0000] {dagbag.py:545} INFO - Filling up the DagBag from /opt/airflow/dags/f1_pipeline_dag.py
[2026-10-05T18:32:04.614+0000] {processor.py:840} INFO - DAG(s) 'f1_data_analytics' retrieved from /opt/airflow/dags/f1_pipeline_dag.py
[2026-10-05T18:32:04.663+0000] {logging_mixin.py:188} INFO - [2026-10-05T18:32:04.663+0000] {dag.py:3096} INFO - Sync 1 DAGs
[2026-10-05T18:32:04.673+0000] {logging_mixin.py:188} INFO - [2026-10-05T18:32:04.672+0000] {dag.py:3954} INFO - Setting next_dagrun for f1_data_analytics to None, run_after=None
[2026-10-05T18:32:04.688+0000] {processor.py:183} INFO - Processing /opt/airflow/dags/f1_pipeline_dag.py took 0.106 seconds
[2026-10-05T18:32:34.872+0000] {processor.py:161} INFO - Started process (PID=871) to work on /opt/airflow/dags/f1_pipeline_dag.py
[2026-10-05T18:32:34.873+0000] {processor.py:830} INFO - Processing file /opt/airflow/dags/f1_pipeline_dag.py for tasks to queue
[2026-10-05T18:32:34.875+0000] {logging_mixin.py:188} INFO - [2026-10-05T18:32:34.874+0000] {dagbag.py:545} INFO - Filling up the DagBag from /opt/airflow/dags/f1_pipeline_dag.py
[2026-10-05T18:32:34.895+0000] {processor.py:840} INFO - DAG(s) 'f1_data_analytics' retrieved from /opt/airflow/dags/f1_pipeline_dag.py
[2026-10-05T18:32:34.940+0000] {logging_mixin.py:188} INFO - [2026-10-05T18:32:34.940+0000] {dag.py:3096} INFO - Sync 1 DAGs
[2026-10-05T18:32:34.949+0000] {logging_mixin.py:188} INFO - [2026-10-05T18:32:34.949+0000] {dag.py:3954} INFO - Setting next_dagrun for f1_data_analytics to None, run_after=None
[2026-10-05T18:32:34.964+0000] {processor.py:183} INFO - Processing /opt/airflow/dags/f1_pipeline_dag.py took 0.103 seconds
[2026-10-05T18:33:05.177+0000] {processor.py:161} INFO - Started process (PID=872) to work on /opt/airflow/dags/f1_pipeline_dag.py
[2026-10-05T18:33:05.178+0000] {processor.py:830} INFO - Processing file /opt/airflow/dags/f1_pipeline_dag.py for tasks to queue
[2026-10-05T18:33:05.179+0000] {logging_mixin.py:188} INFO - [2026-10-05T18:33:05.179+0000] {dagbag.py:545} INFO - Filling up the DagBag from /opt/airflow/dags/f1_pipeline_dag.py
[2026-10-05T18:33:05.201+0000] {processor.py:840} INFO - DAG(s) 'f1_data_analytics' retrieved from /opt/airflow/dags/f1_pipeline_dag.py
[2026-10-05T18:33:05.240+0000] {logging_mixin.py:188} INFO - [2026-10-05T18:33:05.240+0000] {dag.py:3096} INFO - Sync 1 DAGs
[2026-10-05T18:33:05.250+0000] {logging_mixin.py:188} INFO - [2026-10-05T18:33:05.250+0000] {dag.py:3954} INFO - Setting next_dagrun for f1_data_analytics to None, run_after=None
[2026-10-05T18:33:05.267+0000] {processor.py:183} INFO - Processing /opt/airflow/dags/f1_pipeline_dag.py took 0.100 seconds
[2026-10-05T18:33:35.484+0000] {processor.py:161} INFO - Started process (PID=873) to work on /opt/airflow/dags/f1_pipeline_dag.py
[2026-10-05T18:33:35.485+0000] {processor.py:830} INFO - Processing file /opt/airflow/dags/f1_pipeline_dag.py for tasks to queue
[2026-10-05T18:33:35.487+0000] {logging_mixin.py:188} INFO - [2026-10-05T18:33:35.486+0000] {dagbag.py:545} INFO - Filling up the DagBag from /opt/airflow/dags/f1_pipeline_dag.py
[2026-10-05T18:33:35.506+0000] {processor.py:840} INFO - DAG(s) 'f1_data_analytics' retrieved from /opt/airflow/dags/f1_pipeline_dag.py
[2026-10-05T18:33:35.553+0000] {logging_mixin.py:188} INFO - [2026-10-05T18:33:35.553+0000] {dag.py:3096} INFO - Sync 1 DAGs
[2026-10-05T18:33:35.562+0000] {logging_mixin.py:188} INFO - [2026-10-05T18:33:35.562+0000] {dag.py:3954} INFO - Setting next_dagrun for f1_data_analytics to None, run_after=None
[2026-10-05T18:33:35.578+0000] {processor.py:183} INFO - Processing /opt/airflow/dags/f1_pipeline_dag.py took 0.105 seconds
[2026-10-05T18:34:05.790+0000] {processor.py:161} INFO - Started process (PID=874) to work on /opt/airflow/dags/f1_pipeline_dag.py
[2026-10-05T18:34:05.799+0000] {processor.py:830} INFO - Processing file /opt/airflow/dags/f1_pipeline_dag.py for tasks to queue
[2026-10-05T18:34:05.800+0000] {logging_mixin.py:188} INFO - [2026-10-05T18:34:05.800+0000] {dagbag.py:545} INFO - Filling up the DagBag from /opt/airflow/dags/f1_pipeline_dag.py
[2026-10-05T18:34:05.821+0000] {processor.py:840} INFO - DAG(s) 'f1_data_analytics' retrieved from /opt/airflow/dags/f1_pipeline_dag.py
[2026-10-05T18:34:05.867+0000] {logging_mixin.py:188} INFO - [2026-10-05T18:34:05.867+0000] {dag.py:3096} INFO - Sync 1 DAGs
[2026-10-05T18:34:05.877+0000] {logging_mixin.py:188} INFO - [2026-10-05T18:34:05.877+0000] {dag.py:3954} INFO - Setting next_dagrun for f1_data_analytics to None, run_after=None
[2026-10-05T18:34:05.893+0000] {processor.py:183} INFO - Processing /opt/airflow/dags/f1_pipeline_dag.py took 0.114 seconds
[2026-10-05T18:34:36.098+0000] {processor.py:161} INFO - Started process (PID=875) to work on /opt/airflow/dags/f1_pipeline_dag.py
[2026-10-05T18:34:36.099+0000] {processor.py:830} INFO - Processing file /opt/airflow/dags/f1_pipeline_dag.py for tasks to queue
[2026-10-05T18:34:36.101+0000] {logging_mixin.py:188} INFO - [2026-10-05T18:34:36.100+0000] {dagbag.py:545} INFO - Filling up the DagBag from /opt/airflow/dags/f1_pipeline_dag.py
[2026-10-05T18:34:36.121+0000] {processor.py:840} INFO - DAG(s) 'f1_data_analytics' retrieved from /opt/airflow/dags/f1_pipeline_dag.py
[2026-10-05T18:34:36.168+0000] {logging_mixin.py:188} INFO - [2026-10-05T18:34:36.168+0000] {dag.py:3096} INFO - Sync 1 DAGs
[2026-10-05T18:34:36.178+0000] {logging_mixin.py:188} INFO - [2026-10-05T18:34:36.177+0000] {dag.py:3954} INFO - Setting next_dagrun for f1_data_analytics to None, run_after=None
[2026-10-05T18:34:36.193+0000] {processor.py:183} INFO - Processing /opt/airflow/dags/f1_pipeline_dag.py took 0.106 seconds
[2026-10-05T18:35:06.407+0000] {processor.py:161} INFO - Started process (PID=876) to work on /opt/airflow/dags/f1_pipeline_dag.py
[2026-10-05T18:35:06.410+0000] {processor.py:830} INFO - Processing file /opt/airflow/dags/f1_pipeline_dag.py for tasks to queue
[2026-10-05T18:35:06.412+0000] {logging_mixin.py:188} INFO - [2026-10-05T18:35:06.411+0000] {dagbag.py:545} INFO - Filling up the DagBag from /opt/airflow/dags/f1_pipeline_dag.py
[2026-10-05T18:35:06.432+0000] {processor.py:840} INFO - DAG(s) 'f1_data_analytics' retrieved from /opt/airflow/dags/f1_pipeline_dag.py
[2026-10-05T18:35:06.477+0000] {logging_mixin.py:188} INFO - [2026-10-05T18:35:06.477+0000] {dag.py:3096} INFO - Sync 1 DAGs
[2026-10-05T18:35:06.486+0000] {logging_mixin.py:188} INFO - [2026-10-05T18:35:06.486+0000] {dag.py:3954} INFO - Setting next_dagrun for f1_data_analytics to None, run_after=None
[2026-10-05T18:35:06.502+0000] {processor.py:183} INFO - Processing /opt/airflow/dags/f1_pipeline_dag.py took 0.106 seconds
[2026-10-05T18:35:36.722+0000] {processor.py:161} INFO - Started process (PID=877) to work on /opt/airflow/dags/f1_pipeline_dag.py
[2026-10-05T18:35:36.723+0000] {processor.py:830} INFO - Processing file /opt/airflow/dags/f1_pipeline_dag.py for tasks to queue
[2026-10-05T18:35:36.725+0000] {logging_mixin.py:188} INFO - [2026-10-05T18:35:36.724+0000] {dagbag.py:545} INFO - Filling up the DagBag from /opt/airflow/dags/f1_pipeline_dag.py
[2026-10-05T18:35:36.744+0000] {processor.py:840} INFO - DAG(s) 'f1_data_analytics' retrieved from /opt/airflow/dags/f1_pipeline_dag.py
[2026-10-05T18:35:36.791+0000] {logging_mixin.py:188} INFO - [2026-10-05T18:35:36.791+0000] {dag.py:3096} INFO - Sync 1 DAGs
[2026-10-05T18:35:36.800+0000] {logging_mixin.py:188} INFO - [2026-10-05T18:35:36.800+0000] {dag.py:3954} INFO - Setting next_dagrun for f1_data_analytics to None, run_after=None
[2026-10-05T18:35:36.815+0000] {processor.py:183} INFO - Processing /opt/airflow/dags/f1_pipeline_dag.py took 0.104 seconds
[2026-10-05T18:36:07.027+0000] {processor.py:161} INFO - Started process (PID=878) to work on /opt/airflow/dags/f1_pipeline_dag.py
[2026-10-05T18:36:07.035+0000] {processor.py:830} INFO - Processing file /opt/airflow/dags/f1_pipeline_dag.py for tasks to queue
[2026-10-05T18:36:07.037+0000] {logging_mixin.py:188} INFO - [2026-10-05T18:36:07.036+0000] {dagbag.py:545} INFO - Filling up the DagBag from /opt/airflow/dags/f1_pipeline_dag.py
[2026-10-05T18:36:07.059+0000] {processor.py:840} INFO - DAG(s) 'f1_data_analytics' retrieved from /opt/airflow/dags/f1_pipeline_dag.py
[2026-10-05T18:36:07.106+0000] {logging_mixin.py:188} INFO - [2026-10-05T18:36:07.106+0000] {dag.py:3096} INFO - Sync 1 DAGs
[2026-10-05T18:36:07.115+0000] {logging_mixin.py:188} INFO - [2026-10-05T18:36:07.115+0000] {dag.py:3954} INFO - Setting next_dagrun for f1_data_analytics to None, run_after=None
[2026-10-05T18:36:07.138+0000] {processor.py:183} INFO - Processing /opt/airflow/dags/f1_pipeline_dag.py took 0.122 seconds
[2026-10-05T18:36:37.330+0000] {processor.py:161} INFO - Started process (PID=879) to work on /opt/airflow/dags/f1_pipeline_dag.py
[2026-10-05T18:36:37.332+0000] {processor.py:830} INFO - Processing file /opt/airflow/dags/f1_pipeline_dag.py for tasks to queue
[2026-10-05T18:36:37.333+0000] {logging_mixin.py:188} INFO - [2026-10-05T18:36:37.333+0000] {dagbag.py:545} INFO - Filling up the DagBag from /opt/airflow/dags/f1_pipeline_dag.py
[2026-10-05T18:36:37.353+0000] {processor.py:840} INFO - DAG(s) 'f1_data_analytics' retrieved from /opt/airflow/dags/f1_pipeline_dag.py
[2026-10-05T18:36:37.399+0000] {logging_mixin.py:188} INFO - [2026-10-05T18:36:37.399+0000] {dag.py:3096} INFO - Sync 1 DAGs
[2026-10-05T18:36:37.407+0000] {logging_mixin.py:188} INFO - [2026-10-05T18:36:37.407+0000] {dag.py:3954} INFO - Setting next_dagrun for f1_data_analytics to None, run_after=None
[2026-10-05T18:36:37.423+0000] {processor.py:183} INFO - Processing /opt/airflow/dags/f1_pipeline_dag.py took 0.103 seconds
[2026-10-05T18:37:07.578+0000] {processor.py:161} INFO - Started process (PID=880) to work on /opt/airflow/dags/f1_pipeline_dag.py
[2026-10-05T18:37:07.587+0000] {processor.py:830} INFO - Processing file /opt/airflow/dags/f1_pipeline_dag.py for tasks to queue
[2026-10-05T18:37:07.588+0000] {logging_mixin.py:188} INFO - [2026-10-05T18:37:07.587+0000] {dagbag.py:545} INFO - Filling up the DagBag from /opt/airflow/dags/f1_pipeline_dag.py
[2026-10-05T18:37:07.608+0000] {processor.py:840} INFO - DAG(s) 'f1_data_analytics' retrieved from /opt/airflow/dags/f1_pipeline_dag.py
[2026-10-05T18:37:07.656+0000] {logging_mixin.py:188} INFO - [2026-10-05T18:37:07.655+0000] {dag.py:3096} INFO - Sync 1 DAGs
[2026-10-05T18:37:07.666+0000] {logging_mixin.py:188} INFO - [2026-10-05T18:37:07.666+0000] {dag.py:3954} INFO - Setting next_dagrun for f1_data_analytics to None, run_after=None
[2026-10-05T18:37:07.682+0000] {processor.py:183} INFO - Processing /opt/airflow/dags/f1_pipeline_dag.py took 0.116 seconds
[2026-10-05T18:37:37.890+0000] {processor.py:161} INFO - Started process (PID=881) to work on /opt/airflow/dags/f1_pipeline_dag.py
[2026-10-05T18:37:37.891+0000] {processor.py:830} INFO - Processing file /opt/airflow/dags/f1_pipeline_dag.py for tasks to queue
[2026-10-05T18:37:37.893+0000] {logging_mixin.py:188} INFO - [2026-10-05T18:37:37.892+0000] {dagbag.py:545} INFO - Filling up the DagBag from /opt/airflow/dags/f1_pipeline_dag.py
[2026-10-05T18:37:37.912+0000] {processor.py:840} INFO - DAG(s) 'f1_data_analytics' retrieved from /opt/airflow/dags/f1_pipeline_dag.py
[2026-10-05T18:37:37.956+0000] {logging_mixin.py:188} INFO - [2026-10-05T18:37:37.956+0000] {dag.py:3096} INFO - Sync 1 DAGs
[2026-10-05T18:37:37.965+0000] {logging_mixin.py:188} INFO - [2026-10-05T18:37:37.965+0000] {dag.py:3954} INFO - Setting next_dagrun for f1_data_analytics to None, run_after=None
[2026-10-05T18:37:37.981+0000] {processor.py:183} INFO - Processing /opt/airflow/dags/f1_pipeline_dag.py took 0.104 seconds
[2026-10-05T18:38:08.171+0000] {processor.py:161} INFO - Started process (PID=882) to work on /opt/airflow/dags/f1_pipeline_dag.py
[2026-10-05T18:38:08.180+0000] {processor.py:830} INFO - Processing file /opt/airflow/dags/f1_pipeline_dag.py for tasks to queue
[2026-10-05T18:38:08.182+0000] {logging_mixin.py:188} INFO - [2026-10-05T18:38:08.181+0000] {dagbag.py:545} INFO - Filling up the DagBag from /opt/airflow/dags/f1_pipeline_dag.py
[2026-10-05T18:38:08.204+0000] {processor.py:840} INFO - DAG(s) 'f1_data_analytics' retrieved from /opt/airflow/dags/f1_pipeline_dag.py
[2026-10-05T18:38:08.252+0000] {logging_mixin.py:188} INFO - [2026-10-05T18:38:08.252+0000] {dag.py:3096} INFO - Sync 1 DAGs
[2026-10-05T18:38:08.261+0000] {logging_mixin.py:188} INFO - [2026-10-05T18:38:08.261+0000] {dag.py:3954} INFO - Setting next_dagrun for f1_data_analytics to None, run_after=None
[2026-10-05T18:38:08.276+0000] {processor.py:183} INFO - Processing /opt/airflow/dags/f1_pipeline_dag.py took 0.115 seconds
[2026-10-05T18:38:38.476+0000] {processor.py:161} INFO - Started process (PID=883) to work on /opt/airflow/dags/f1_pipeline_dag.py
[2026-10-05T18:38:38.477+0000] {processor.py:830} INFO - Processing file /opt/airflow/dags/f1_pipeline_dag.py for tasks to queue
[2026-10-05T18:38:38.478+0000] {logging_mixin.py:188} INFO - [2026-10-05T18:38:38.478+0000] {dagbag.py:545} INFO - Filling up the DagBag from /opt/airflow/dags/f1_pipeline_dag.py
[2026-10-05T18:38:38.499+0000] {processor.py:840} INFO - DAG(s) 'f1_data_analytics' retrieved from /opt/airflow/dags/f1_pipeline_dag.py
[2026-10-05T18:38:38.545+0000] {logging_mixin.py:188} INFO - [2026-10-05T18:38:38.545+0000] {dag.py:3096} INFO - Sync 1 DAGs
[2026-10-05T18:38:38.554+0000] {logging_mixin.py:188} INFO - [2026-10-05T18:38:38.554+0000] {dag.py:3954} INFO - Setting next_dagrun for f1_data_analytics to None, run_after=None
[2026-10-05T18:38:38.570+0000] {processor.py:183} INFO - Processing /opt/airflow/dags/f1_pipeline_dag.py took 0.104 seconds
[2026-10-05T18:39:08.782+0000] {processor.py:161} INFO - Started process (PID=884) to work on /opt/airflow/dags/f1_pipeline_dag.py
[2026-10-05T18:39:08.785+0000] {processor.py:830} INFO - Processing file /opt/airflow/dags/f1_pipeline_dag.py for tasks to queue
[2026-10-05T18:39:08.786+0000] {logging_mixin.py:188} INFO - [2026-10-05T18:39:08.786+0000] {dagbag.py:545} INFO - Filling up the DagBag from /opt/airflow/dags/f1_pipeline_dag.py
[2026-10-05T18:39:08.806+0000] {processor.py:840} INFO - DAG(s) 'f1_data_analytics' retrieved from /opt/airflow/dags/f1_pipeline_dag.py
[2026-10-05T18:39:08.852+0000] {logging_mixin.py:188} INFO - [2026-10-05T18:39:08.851+0000] {dag.py:3096} INFO - Sync 1 DAGs
[2026-10-05T18:39:08.860+0000] {logging_mixin.py:188} INFO - [2026-10-05T18:39:08.860+0000] {dag.py:3954} INFO - Setting next_dagrun for f1_data_analytics to None, run_after=None
[2026-10-05T18:39:08.875+0000] {processor.py:183} INFO - Processing /opt/airflow/dags/f1_pipeline_dag.py took 0.104 seconds
[2026-10-05T18:39:39.085+0000] {processor.py:161} INFO - Started process (PID=885) to work on /opt/airflow/dags/f1_pipeline_dag.py
[2026-10-05T18:39:39.086+0000] {processor.py:830} INFO - Processing file /opt/airflow/dags/f1_pipeline_dag.py for tasks to queue
[2026-10-05T18:39:39.087+0000] {logging_mixin.py:188} INFO - [2026-10-05T18:39:39.087+0000] {dagbag.py:545} INFO - Filling up the DagBag from /opt/airflow/dags/f1_pipeline_dag.py
[2026-10-05T18:39:39.110+0000] {processor.py:840} INFO - DAG(s) 'f1_data_analytics' retrieved from /opt/airflow/dags/f1_pipeline_dag.py
[2026-10-05T18:39:39.164+0000] {logging_mixin.py:188} INFO - [2026-10-05T18:39:39.163+0000] {dag.py:3096} INFO - Sync 1 DAGs
[2026-10-05T18:39:39.179+0000] {logging_mixin.py:188} INFO - [2026-10-05T18:39:39.179+0000] {dag.py:3954} INFO - Setting next_dagrun for f1_data_analytics to None, run_after=None
[2026-10-05T18:39:39.208+0000] {processor.py:183} INFO - Processing /opt/airflow/dags/f1_pipeline_dag.py took 0.134 seconds
[2026-10-05T18:40:09.395+0000] {processor.py:161} INFO - Started process (PID=886) to work on /opt/airflow/dags/f1_pipeline_dag.py
[2026-10-05T18:40:09.398+0000] {processor.py:830} INFO - Processing file /opt/airflow/dags/f1_pipeline_dag.py for tasks to queue
[2026-10-05T18:40:09.399+0000] {logging_mixin.py:188} INFO - [2026-10-05T18:40:09.399+0000] {dagbag.py:545} INFO - Filling up the DagBag from /opt/airflow/dags/f1_pipeline_dag.py
[2026-10-05T18:40:09.419+0000] {processor.py:840} INFO - DAG(s) 'f1_data_analytics' retrieved from /opt/airflow/dags/f1_pipeline_dag.py
[2026-10-05T18:40:09.462+0000] {logging_mixin.py:188} INFO - [2026-10-05T18:40:09.462+0000] {dag.py:3096} INFO - Sync 1 DAGs
[2026-10-05T18:40:09.472+0000] {logging_mixin.py:188} INFO - [2026-10-05T18:40:09.472+0000] {dag.py:3954} INFO - Setting next_dagrun for f1_data_analytics to None, run_after=None
[2026-10-05T18:40:09.488+0000] {processor.py:183} INFO - Processing /opt/airflow/dags/f1_pipeline_dag.py took 0.104 seconds
[2026-10-05T18:40:39.684+0000] {processor.py:161} INFO - Started process (PID=887) to work on /opt/airflow/dags/f1_pipeline_dag.py
[2026-10-05T18:40:39.686+0000] {processor.py:830} INFO - Processing file /opt/airflow/dags/f1_pipeline_dag.py for tasks to queue
[2026-10-05T18:40:39.687+0000] {logging_mixin.py:188} INFO - [2026-10-05T18:40:39.687+0000] {dagbag.py:545} INFO - Filling up the DagBag from /opt/airflow/dags/f1_pipeline_dag.py
[2026-10-05T18:40:39.707+0000] {processor.py:840} INFO - DAG(s) 'f1_data_analytics' retrieved from /opt/airflow/dags/f1_pipeline_dag.py
[2026-10-05T18:40:39.755+0000] {logging_mixin.py:188} INFO - [2026-10-05T18:40:39.755+0000] {dag.py:3096} INFO - Sync 1 DAGs
[2026-10-05T18:40:39.765+0000] {logging_mixin.py:188} INFO - [2026-10-05T18:40:39.764+0000] {dag.py:3954} INFO - Setting next_dagrun for f1_data_analytics to None, run_after=None
[2026-10-05T18:40:39.780+0000] {processor.py:183} INFO - Processing /opt/airflow/dags/f1_pipeline_dag.py took 0.105 seconds
[2026-10-05T18:41:09.987+0000] {processor.py:161} INFO - Started process (PID=888) to work on /opt/airflow/dags/f1_pipeline_dag.py
[2026-10-05T18:41:09.990+0000] {processor.py:830} INFO - Processing file /opt/airflow/dags/f1_pipeline_dag.py for tasks to queue
[2026-10-05T18:41:09.992+0000] {logging_mixin.py:188} INFO - [2026-10-05T18:41:09.991+0000] {dagbag.py:545} INFO - Filling up the DagBag from /opt/airflow/dags/f1_pipeline_dag.py
[2026-10-05T18:41:10.010+0000] {processor.py:840} INFO - DAG(s) 'f1_data_analytics' retrieved from /opt/airflow/dags/f1_pipeline_dag.py
[2026-10-05T18:41:10.059+0000] {logging_mixin.py:188} INFO - [2026-10-05T18:41:10.059+0000] {dag.py:3096} INFO - Sync 1 DAGs
[2026-10-05T18:41:10.068+0000] {logging_mixin.py:188} INFO - [2026-10-05T18:41:10.068+0000] {dag.py:3954} INFO - Setting next_dagrun for f1_data_analytics to None, run_after=None
[2026-10-05T18:41:10.084+0000] {processor.py:183} INFO - Processing /opt/airflow/dags/f1_pipeline_dag.py took 0.107 seconds
[2026-10-05T18:41:40.291+0000] {processor.py:161} INFO - Started process (PID=889) to work on /opt/airflow/dags/f1_pipeline_dag.py
[2026-10-05T18:41:40.293+0000] {processor.py:830} INFO - Processing file /opt/airflow/dags/f1_pipeline_dag.py for tasks to queue
[2026-10-05T18:41:40.294+0000] {logging_mixin.py:188} INFO - [2026-10-05T18:41:40.294+0000] {dagbag.py:545} INFO - Filling up the DagBag from /opt/airflow/dags/f1_pipeline_dag.py
[2026-10-05T18:41:40.315+0000] {processor.py:840} INFO - DAG(s) 'f1_data_analytics' retrieved from /opt/airflow/dags/f1_pipeline_dag.py
[2026-10-05T18:41:40.362+0000] {logging_mixin.py:188} INFO - [2026-10-05T18:41:40.362+0000] {dag.py:3096} INFO - Sync 1 DAGs
[2026-10-05T18:41:40.371+0000] {logging_mixin.py:188} INFO - [2026-10-05T18:41:40.371+0000] {dag.py:3954} INFO - Setting next_dagrun for f1_data_analytics to None, run_after=None
[2026-10-05T18:41:40.387+0000] {processor.py:183} INFO - Processing /opt/airflow/dags/f1_pipeline_dag.py took 0.106 seconds
[2026-10-05T18:42:10.596+0000] {processor.py:161} INFO - Started process (PID=890) to work on /opt/airflow/dags/f1_pipeline_dag.py
[2026-10-05T18:42:10.599+0000] {processor.py:830} INFO - Processing file /opt/airflow/dags/f1_pipeline_dag.py for tasks to queue
[2026-10-05T18:42:10.600+0000] {logging_mixin.py:188} INFO - [2026-10-05T18:42:10.600+0000] {dagbag.py:545} INFO - Filling up the DagBag from /opt/airflow/dags/f1_pipeline_dag.py
[2026-10-05T18:42:10.619+0000] {processor.py:840} INFO - DAG(s) 'f1_data_analytics' retrieved from /opt/airflow/dags/f1_pipeline_dag.py
[2026-10-05T18:42:10.668+0000] {logging_mixin.py:188} INFO - [2026-10-05T18:42:10.667+0000] {dag.py:3096} INFO - Sync 1 DAGs
[2026-10-05T18:42:10.678+0000] {logging_mixin.py:188} INFO - [2026-10-05T18:42:10.678+0000] {dag.py:3954} INFO - Setting next_dagrun for f1_data_analytics to None, run_after=None
[2026-10-05T18:42:10.693+0000] {processor.py:183} INFO - Processing /opt/airflow/dags/f1_pipeline_dag.py took 0.108 seconds
[2026-10-05T18:42:40.903+0000] {processor.py:161} INFO - Started process (PID=891) to work on /opt/airflow/dags/f1_pipeline_dag.py
[2026-10-05T18:42:40.905+0000] {processor.py:830} INFO - Processing file /opt/airflow/dags/f1_pipeline_dag.py for tasks to queue
[2026-10-05T18:42:40.906+0000] {logging_mixin.py:188} INFO - [2026-10-05T18:42:40.905+0000] {dagbag.py:545} INFO - Filling up the DagBag from /opt/airflow/dags/f1_pipeline_dag.py
[2026-10-05T18:42:40.928+0000] {processor.py:840} INFO - DAG(s) 'f1_data_analytics' retrieved from /opt/airflow/dags/f1_pipeline_dag.py
[2026-10-05T18:42:40.973+0000] {logging_mixin.py:188} INFO - [2026-10-05T18:42:40.973+0000] {dag.py:3096} INFO - Sync 1 DAGs
[2026-10-05T18:42:40.983+0000] {logging_mixin.py:188} INFO - [2026-10-05T18:42:40.982+0000] {dag.py:3954} INFO - Setting next_dagrun for f1_data_analytics to None, run_after=None
[2026-10-05T18:42:40.999+0000] {processor.py:183} INFO - Processing /opt/airflow/dags/f1_pipeline_dag.py took 0.106 seconds
[2026-10-05T18:43:11.209+0000] {processor.py:161} INFO - Started process (PID=892) to work on /opt/airflow/dags/f1_pipeline_dag.py
[2026-10-05T18:43:11.212+0000] {processor.py:830} INFO - Processing file /opt/airflow/dags/f1_pipeline_dag.py for tasks to queue
[2026-10-05T18:43:11.214+0000] {logging_mixin.py:188} INFO - [2026-10-05T18:43:11.213+0000] {dagbag.py:545} INFO - Filling up the DagBag from /opt/airflow/dags/f1_pipeline_dag.py
[2026-10-05T18:43:11.234+0000] {processor.py:840} INFO - DAG(s) 'f1_data_analytics' retrieved from /opt/airflow/dags/f1_pipeline_dag.py
[2026-10-05T18:43:11.279+0000] {logging_mixin.py:188} INFO - [2026-10-05T18:43:11.279+0000] {dag.py:3096} INFO - Sync 1 DAGs
[2026-10-05T18:43:11.290+0000] {logging_mixin.py:188} INFO - [2026-10-05T18:43:11.290+0000] {dag.py:3954} INFO - Setting next_dagrun for f1_data_analytics to None, run_after=None
[2026-10-05T18:43:11.305+0000] {processor.py:183} INFO - Processing /opt/airflow/dags/f1_pipeline_dag.py took 0.106 seconds
[2026-10-05T18:43:41.519+0000] {processor.py:161} INFO - Started process (PID=893) to work on /opt/airflow/dags/f1_pipeline_dag.py
[2026-10-05T18:43:41.521+0000] {processor.py:830} INFO - Processing file /opt/airflow/dags/f1_pipeline_dag.py for tasks to queue
[2026-10-05T18:43:41.523+0000] {logging_mixin.py:188} INFO - [2026-10-05T18:43:41.522+0000] {dagbag.py:545} INFO - Filling up the DagBag from /opt/airflow/dags/f1_pipeline_dag.py
[2026-10-05T18:43:41.542+0000] {processor.py:840} INFO - DAG(s) 'f1_data_analytics' retrieved from /opt/airflow/dags/f1_pipeline_dag.py
[2026-10-05T18:43:41.587+0000] {logging_mixin.py:188} INFO - [2026-10-05T18:43:41.586+0000] {dag.py:3096} INFO - Sync 1 DAGs
[2026-10-05T18:43:41.596+0000] {logging_mixin.py:188} INFO - [2026-10-05T18:43:41.596+0000] {dag.py:3954} INFO - Setting next_dagrun for f1_data_analytics to None, run_after=None
[2026-10-05T18:43:41.613+0000] {processor.py:183} INFO - Processing /opt/airflow/dags/f1_pipeline_dag.py took 0.105 seconds
[2026-10-05T18:44:11.820+0000] {processor.py:161} INFO - Started process (PID=894) to work on /opt/airflow/dags/f1_pipeline_dag.py
[2026-10-05T18:44:11.822+0000] {processor.py:830} INFO - Processing file /opt/airflow/dags/f1_pipeline_dag.py for tasks to queue
[2026-10-05T18:44:11.823+0000] {logging_mixin.py:188} INFO - [2026-10-05T18:44:11.823+0000] {dagbag.py:545} INFO - Filling up the DagBag from /opt/airflow/dags/f1_pipeline_dag.py
[2026-10-05T18:44:11.845+0000] {processor.py:840} INFO - DAG(s) 'f1_data_analytics' retrieved from /opt/airflow/dags/f1_pipeline_dag.py
[2026-10-05T18:44:11.899+0000] {logging_mixin.py:188} INFO - [2026-10-05T18:44:11.899+0000] {dag.py:3096} INFO - Sync 1 DAGs
[2026-10-05T18:44:11.908+0000] {logging_mixin.py:188} INFO - [2026-10-05T18:44:11.908+0000] {dag.py:3954} INFO - Setting next_dagrun for f1_data_analytics to None, run_after=None
[2026-10-05T18:44:11.924+0000] {processor.py:183} INFO - Processing /opt/airflow/dags/f1_pipeline_dag.py took 0.114 seconds
[2026-10-05T18:44:42.127+0000] {processor.py:161} INFO - Started process (PID=895) to work on /opt/airflow/dags/f1_pipeline_dag.py
[2026-10-05T18:44:42.135+0000] {processor.py:830} INFO - Processing file /opt/airflow/dags/f1_pipeline_dag.py for tasks to queue
[2026-10-05T18:44:42.137+0000] {logging_mixin.py:188} INFO - [2026-10-05T18:44:42.136+0000] {dagbag.py:545} INFO - Filling up the DagBag from /opt/airflow/dags/f1_pipeline_dag.py
[2026-10-05T18:44:42.156+0000] {processor.py:840} INFO - DAG(s) 'f1_data_analytics' retrieved from /opt/airflow/dags/f1_pipeline_dag.py
[2026-10-05T18:44:42.205+0000] {logging_mixin.py:188} INFO - [2026-10-05T18:44:42.204+0000] {dag.py:3096} INFO - Sync 1 DAGs
[2026-10-05T18:44:42.214+0000] {logging_mixin.py:188} INFO - [2026-10-05T18:44:42.214+0000] {dag.py:3954} INFO - Setting next_dagrun for f1_data_analytics to None, run_after=None
[2026-10-05T18:44:42.229+0000] {processor.py:183} INFO - Processing /opt/airflow/dags/f1_pipeline_dag.py took 0.113 seconds
[2026-10-05T18:45:12.428+0000] {processor.py:161} INFO - Started process (PID=896) to work on /opt/airflow/dags/f1_pipeline_dag.py
[2026-10-05T18:45:12.429+0000] {processor.py:830} INFO - Processing file /opt/airflow/dags/f1_pipeline_dag.py for tasks to queue
[2026-10-05T18:45:12.431+0000] {logging_mixin.py:188} INFO - [2026-10-05T18:45:12.430+0000] {dagbag.py:545} INFO - Filling up the DagBag from /opt/airflow/dags/f1_pipeline_dag.py
[2026-10-05T18:45:12.449+0000] {processor.py:840} INFO - DAG(s) 'f1_data_analytics' retrieved from /opt/airflow/dags/f1_pipeline_dag.py
[2026-10-05T18:45:12.495+0000] {logging_mixin.py:188} INFO - [2026-10-05T18:45:12.495+0000] {dag.py:3096} INFO - Sync 1 DAGs
[2026-10-05T18:45:12.504+0000] {logging_mixin.py:188} INFO - [2026-10-05T18:45:12.504+0000] {dag.py:3954} INFO - Setting next_dagrun for f1_data_analytics to None, run_after=None
[2026-10-05T18:45:12.520+0000] {processor.py:183} INFO - Processing /opt/airflow/dags/f1_pipeline_dag.py took 0.102 seconds
[2026-10-05T18:45:42.714+0000] {processor.py:161} INFO - Started process (PID=897) to work on /opt/airflow/dags/f1_pipeline_dag.py
[2026-10-05T18:45:42.722+0000] {processor.py:830} INFO - Processing file /opt/airflow/dags/f1_pipeline_dag.py for tasks to queue
[2026-10-05T18:45:42.722+0000] {logging_mixin.py:188} INFO - [2026-10-05T18:45:42.722+0000] {dagbag.py:545} INFO - Filling up the DagBag from /opt/airflow/dags/f1_pipeline_dag.py
[2026-10-05T18:45:42.733+0000] {processor.py:840} INFO - DAG(s) 'f1_data_analytics' retrieved from /opt/airflow/dags/f1_pipeline_dag.py
[2026-10-05T18:45:42.763+0000] {logging_mixin.py:188} INFO - [2026-10-05T18:45:42.763+0000] {dag.py:3096} INFO - Sync 1 DAGs
[2026-10-05T18:45:42.772+0000] {logging_mixin.py:188} INFO - [2026-10-05T18:45:42.772+0000] {dag.py:3954} INFO - Setting next_dagrun for f1_data_analytics to None, run_after=None
[2026-10-05T18:45:42.788+0000] {processor.py:183} INFO - Processing /opt/airflow/dags/f1_pipeline_dag.py took 0.079 seconds
[2026-10-05T18:46:00.013+0000] {processor.py:161} INFO - Started process (PID=898) to work on /opt/airflow/dags/f1_pipeline_dag.py
[2026-10-05T18:46:00.014+0000] {processor.py:830} INFO - Processing file /opt/airflow/dags/f1_pipeline_dag.py for tasks to queue
[2026-10-05T18:46:00.015+0000] {logging_mixin.py:188} INFO - [2026-10-05T18:46:00.014+0000] {dagbag.py:545} INFO - Filling up the DagBag from /opt/airflow/dags/f1_pipeline_dag.py
[2026-10-05T18:46:00.026+0000] {processor.py:840} INFO - DAG(s) 'f1_data_analytics' retrieved from /opt/airflow/dags/f1_pipeline_dag.py
[2026-10-05T18:46:00.135+0000] {logging_mixin.py:188} INFO - [2026-10-05T18:46:00.134+0000] {dag.py:3096} INFO - Sync 1 DAGs
[2026-10-05T18:46:00.141+0000] {logging_mixin.py:188} INFO - [2026-10-05T18:46:00.141+0000] {dag.py:3954} INFO - Setting next_dagrun for f1_data_analytics to None, run_after=None
[2026-10-05T18:46:00.159+0000] {processor.py:183} INFO - Processing /opt/airflow/dags/f1_pipeline_dag.py took 0.151 seconds
[2026-10-05T18:46:30.323+0000] {processor.py:161} INFO - Started process (PID=899) to work on /opt/airflow/dags/f1_pipeline_dag.py
[2026-10-05T18:46:30.326+0000] {processor.py:830} INFO - Processing file /opt/airflow/dags/f1_pipeline_dag.py for tasks to queue
[2026-10-05T18:46:30.328+0000] {logging_mixin.py:188} INFO - [2026-10-05T18:46:30.327+0000] {dagbag.py:545} INFO - Filling up the DagBag from /opt/airflow/dags/f1_pipeline_dag.py
[2026-10-05T18:46:30.345+0000] {processor.py:840} INFO - DAG(s) 'f1_data_analytics' retrieved from /opt/airflow/dags/f1_pipeline_dag.py
[2026-10-05T18:46:30.395+0000] {logging_mixin.py:188} INFO - [2026-10-05T18:46:30.395+0000] {dag.py:3096} INFO - Sync 1 DAGs
[2026-10-05T18:46:30.405+0000] {logging_mixin.py:188} INFO - [2026-10-05T18:46:30.405+0000] {dag.py:3954} INFO - Setting next_dagrun for f1_data_analytics to None, run_after=None
[2026-10-05T18:46:30.420+0000] {processor.py:183} INFO - Processing /opt/airflow/dags/f1_pipeline_dag.py took 0.106 seconds
[2026-10-05T18:47:00.597+0000] {processor.py:161} INFO - Started process (PID=900) to work on /opt/airflow/dags/f1_pipeline_dag.py
[2026-10-05T18:47:00.597+0000] {processor.py:830} INFO - Processing file /opt/airflow/dags/f1_pipeline_dag.py for tasks to queue
[2026-10-05T18:47:00.598+0000] {logging_mixin.py:188} INFO - [2026-10-05T18:47:00.598+0000] {dagbag.py:545} INFO - Filling up the DagBag from /opt/airflow/dags/f1_pipeline_dag.py
[2026-10-05T18:47:00.608+0000] {processor.py:840} INFO - DAG(s) 'f1_data_analytics' retrieved from /opt/airflow/dags/f1_pipeline_dag.py
[2026-10-05T18:47:00.647+0000] {logging_mixin.py:188} INFO - [2026-10-05T18:47:00.647+0000] {dag.py:3096} INFO - Sync 1 DAGs
[2026-10-05T18:47:00.656+0000] {logging_mixin.py:188} INFO - [2026-10-05T18:47:00.655+0000] {dag.py:3954} INFO - Setting next_dagrun for f1_data_analytics to None, run_after=None
[2026-10-05T18:47:00.671+0000] {processor.py:183} INFO - Processing /opt/airflow/dags/f1_pipeline_dag.py took 0.080 seconds
[2026-10-05T18:47:31.182+0000] {processor.py:161} INFO - Started process (PID=901) to work on /opt/airflow/dags/f1_pipeline_dag.py
[2026-10-05T18:47:31.185+0000] {processor.py:830} INFO - Processing file /opt/airflow/dags/f1_pipeline_dag.py for tasks to queue
[2026-10-05T18:47:31.186+0000] {logging_mixin.py:188} INFO - [2026-10-05T18:47:31.185+0000] {dagbag.py:545} INFO - Filling up the DagBag from /opt/airflow/dags/f1_pipeline_dag.py
[2026-10-05T18:47:31.205+0000] {processor.py:840} INFO - DAG(s) 'f1_data_analytics' retrieved from /opt/airflow/dags/f1_pipeline_dag.py
[2026-10-05T18:47:31.251+0000] {logging_mixin.py:188} INFO - [2026-10-05T18:47:31.251+0000] {dag.py:3096} INFO - Sync 1 DAGs
[2026-10-05T18:47:31.260+0000] {logging_mixin.py:188} INFO - [2026-10-05T18:47:31.260+0000] {dag.py:3954} INFO - Setting next_dagrun for f1_data_analytics to None, run_after=None
[2026-10-05T18:47:31.276+0000] {processor.py:183} INFO - Processing /opt/airflow/dags/f1_pipeline_dag.py took 0.103 seconds
[2026-10-05T18:48:02.288+0000] {processor.py:161} INFO - Started process (PID=902) to work on /opt/airflow/dags/f1_pipeline_dag.py
[2026-10-05T18:48:02.289+0000] {processor.py:830} INFO - Processing file /opt/airflow/dags/f1_pipeline_dag.py for tasks to queue
[2026-10-05T18:48:02.291+0000] {logging_mixin.py:188} INFO - [2026-10-05T18:48:02.290+0000] {dagbag.py:545} INFO - Filling up the DagBag from /opt/airflow/dags/f1_pipeline_dag.py
[2026-10-05T18:48:02.309+0000] {processor.py:840} INFO - DAG(s) 'f1_data_analytics' retrieved from /opt/airflow/dags/f1_pipeline_dag.py
[2026-10-05T18:48:02.345+0000] {logging_mixin.py:188} INFO - [2026-10-05T18:48:02.345+0000] {dag.py:3096} INFO - Sync 1 DAGs
[2026-10-05T18:48:02.353+0000] {logging_mixin.py:188} INFO - [2026-10-05T18:48:02.353+0000] {dag.py:3954} INFO - Setting next_dagrun for f1_data_analytics to None, run_after=None
[2026-10-05T18:48:02.369+0000] {processor.py:183} INFO - Processing /opt/airflow/dags/f1_pipeline_dag.py took 0.090 seconds
[2026-10-05T18:48:32.557+0000] {processor.py:161} INFO - Started process (PID=903) to work on /opt/airflow/dags/f1_pipeline_dag.py
[2026-10-05T18:48:32.560+0000] {processor.py:830} INFO - Processing file /opt/airflow/dags/f1_pipeline_dag.py for tasks to queue
[2026-10-05T18:48:32.561+0000] {logging_mixin.py:188} INFO - [2026-10-05T18:48:32.560+0000] {dagbag.py:545} INFO - Filling up the DagBag from /opt/airflow/dags/f1_pipeline_dag.py
[2026-10-05T18:48:32.581+0000] {processor.py:840} INFO - DAG(s) 'f1_data_analytics' retrieved from /opt/airflow/dags/f1_pipeline_dag.py
[2026-10-05T18:48:32.624+0000] {logging_mixin.py:188} INFO - [2026-10-05T18:48:32.624+0000] {dag.py:3096} INFO - Sync 1 DAGs
[2026-10-05T18:48:32.633+0000] {logging_mixin.py:188} INFO - [2026-10-05T18:48:32.633+0000] {dag.py:3954} INFO - Setting next_dagrun for f1_data_analytics to None, run_after=None
[2026-10-05T18:48:32.649+0000] {processor.py:183} INFO - Processing /opt/airflow/dags/f1_pipeline_dag.py took 0.103 seconds
[2026-10-05T18:49:02.854+0000] {processor.py:161} INFO - Started process (PID=904) to work on /opt/airflow/dags/f1_pipeline_dag.py
[2026-10-05T18:49:02.855+0000] {processor.py:830} INFO - Processing file /opt/airflow/dags/f1_pipeline_dag.py for tasks to queue
[2026-10-05T18:49:02.857+0000] {logging_mixin.py:188} INFO - [2026-10-05T18:49:02.856+0000] {dagbag.py:545} INFO - Filling up the DagBag from /opt/airflow/dags/f1_pipeline_dag.py
[2026-10-05T18:49:02.876+0000] {processor.py:840} INFO - DAG(s) 'f1_data_analytics' retrieved from /opt/airflow/dags/f1_pipeline_dag.py
[2026-10-05T18:49:02.922+0000] {logging_mixin.py:188} INFO - [2026-10-05T18:49:02.922+0000] {dag.py:3096} INFO - Sync 1 DAGs
[2026-10-05T18:49:02.932+0000] {logging_mixin.py:188} INFO - [2026-10-05T18:49:02.931+0000] {dag.py:3954} INFO - Setting next_dagrun for f1_data_analytics to None, run_after=None
[2026-10-05T18:49:02.948+0000] {processor.py:183} INFO - Processing /opt/airflow/dags/f1_pipeline_dag.py took 0.103 seconds
[2026-10-05T18:49:33.157+0000] {processor.py:161} INFO - Started process (PID=905) to work on /opt/airflow/dags/f1_pipeline_dag.py
[2026-10-05T18:49:33.159+0000] {processor.py:830} INFO - Processing file /opt/airflow/dags/f1_pipeline_dag.py for tasks to queue
[2026-10-05T18:49:33.160+0000] {logging_mixin.py:188} INFO - [2026-10-05T18:49:33.159+0000] {dagbag.py:545} INFO - Filling up the DagBag from /opt/airflow/dags/f1_pipeline_dag.py
[2026-10-05T18:49:33.169+0000] {processor.py:840} INFO - DAG(s) 'f1_data_analytics' retrieved from /opt/airflow/dags/f1_pipeline_dag.py
[2026-10-05T18:49:33.198+0000] {logging_mixin.py:188} INFO - [2026-10-05T18:49:33.198+0000] {dag.py:3096} INFO - Sync 1 DAGs
[2026-10-05T18:49:33.208+0000] {logging_mixin.py:188} INFO - [2026-10-05T18:49:33.208+0000] {dag.py:3954} INFO - Setting next_dagrun for f1_data_analytics to None, run_after=None
[2026-10-05T18:49:33.224+0000] {processor.py:183} INFO - Processing /opt/airflow/dags/f1_pipeline_dag.py took 0.072 seconds
[2026-10-05T18:50:03.499+0000] {processor.py:161} INFO - Started process (PID=906) to work on /opt/airflow/dags/f1_pipeline_dag.py
[2026-10-05T18:50:03.500+0000] {processor.py:830} INFO - Processing file /opt/airflow/dags/f1_pipeline_dag.py for tasks to queue
[2026-10-05T18:50:03.501+0000] {logging_mixin.py:188} INFO - [2026-10-05T18:50:03.501+0000] {dagbag.py:545} INFO - Filling up the DagBag from /opt/airflow/dags/f1_pipeline_dag.py
[2026-10-05T18:50:03.520+0000] {processor.py:840} INFO - DAG(s) 'f1_data_analytics' retrieved from /opt/airflow/dags/f1_pipeline_dag.py
[2026-10-05T18:50:03.568+0000] {logging_mixin.py:188} INFO - [2026-10-05T18:50:03.568+0000] {dag.py:3096} INFO - Sync 1 DAGs
[2026-10-05T18:50:03.577+0000] {logging_mixin.py:188} INFO - [2026-10-05T18:50:03.577+0000] {dag.py:3954} INFO - Setting next_dagrun for f1_data_analytics to None, run_after=None
[2026-10-05T18:50:03.593+0000] {processor.py:183} INFO - Processing /opt/airflow/dags/f1_pipeline_dag.py took 0.104 seconds
[2026-10-05T18:50:33.825+0000] {processor.py:161} INFO - Started process (PID=907) to work on /opt/airflow/dags/f1_pipeline_dag.py
[2026-10-05T18:50:33.828+0000] {processor.py:830} INFO - Processing file /opt/airflow/dags/f1_pipeline_dag.py for tasks to queue
[2026-10-05T18:50:33.829+0000] {logging_mixin.py:188} INFO - [2026-10-05T18:50:33.829+0000] {dagbag.py:545} INFO - Filling up the DagBag from /opt/airflow/dags/f1_pipeline_dag.py
[2026-10-05T18:50:33.852+0000] {processor.py:840} INFO - DAG(s) 'f1_data_analytics' retrieved from /opt/airflow/dags/f1_pipeline_dag.py
[2026-10-05T18:50:33.911+0000] {logging_mixin.py:188} INFO - [2026-10-05T18:50:33.910+0000] {dag.py:3096} INFO - Sync 1 DAGs
[2026-10-05T18:50:33.924+0000] {logging_mixin.py:188} INFO - [2026-10-05T18:50:33.924+0000] {dag.py:3954} INFO - Setting next_dagrun for f1_data_analytics to None, run_after=None
[2026-10-05T18:50:33.952+0000] {processor.py:183} INFO - Processing /opt/airflow/dags/f1_pipeline_dag.py took 0.137 seconds
[2026-10-05T18:51:04.132+0000] {processor.py:161} INFO - Started process (PID=908) to work on /opt/airflow/dags/f1_pipeline_dag.py
[2026-10-05T18:51:04.133+0000] {processor.py:830} INFO - Processing file /opt/airflow/dags/f1_pipeline_dag.py for tasks to queue
[2026-10-05T18:51:04.134+0000] {logging_mixin.py:188} INFO - [2026-10-05T18:51:04.134+0000] {dagbag.py:545} INFO - Filling up the DagBag from /opt/airflow/dags/f1_pipeline_dag.py
[2026-10-05T18:51:04.152+0000] {processor.py:840} INFO - DAG(s) 'f1_data_analytics' retrieved from /opt/airflow/dags/f1_pipeline_dag.py
[2026-10-05T18:51:04.191+0000] {logging_mixin.py:188} INFO - [2026-10-05T18:51:04.191+0000] {dag.py:3096} INFO - Sync 1 DAGs
[2026-10-05T18:51:04.200+0000] {logging_mixin.py:188} INFO - [2026-10-05T18:51:04.200+0000] {dag.py:3954} INFO - Setting next_dagrun for f1_data_analytics to None, run_after=None
[2026-10-05T18:51:04.215+0000] {processor.py:183} INFO - Processing /opt/airflow/dags/f1_pipeline_dag.py took 0.093 seconds
[2026-10-05T18:51:34.356+0000] {processor.py:161} INFO - Started process (PID=909) to work on /opt/airflow/dags/f1_pipeline_dag.py
[2026-10-05T18:51:34.359+0000] {processor.py:830} INFO - Processing file /opt/airflow/dags/f1_pipeline_dag.py for tasks to queue
[2026-10-05T18:51:34.361+0000] {logging_mixin.py:188} INFO - [2026-10-05T18:51:34.360+0000] {dagbag.py:545} INFO - Filling up the DagBag from /opt/airflow/dags/f1_pipeline_dag.py
[2026-10-05T18:51:34.380+0000] {processor.py:840} INFO - DAG(s) 'f1_data_analytics' retrieved from /opt/airflow/dags/f1_pipeline_dag.py
[2026-10-05T18:51:34.427+0000] {logging_mixin.py:188} INFO - [2026-10-05T18:51:34.427+0000] {dag.py:3096} INFO - Sync 1 DAGs
[2026-10-05T18:51:34.436+0000] {logging_mixin.py:188} INFO - [2026-10-05T18:51:34.436+0000] {dag.py:3954} INFO - Setting next_dagrun for f1_data_analytics to None, run_after=None
[2026-10-05T18:51:34.451+0000] {processor.py:183} INFO - Processing /opt/airflow/dags/f1_pipeline_dag.py took 0.105 seconds
[2026-10-05T18:52:04.677+0000] {processor.py:161} INFO - Started process (PID=910) to work on /opt/airflow/dags/f1_pipeline_dag.py
[2026-10-05T18:52:04.677+0000] {processor.py:830} INFO - Processing file /opt/airflow/dags/f1_pipeline_dag.py for tasks to queue
[2026-10-05T18:52:04.678+0000] {logging_mixin.py:188} INFO - [2026-10-05T18:52:04.678+0000] {dagbag.py:545} INFO - Filling up the DagBag from /opt/airflow/dags/f1_pipeline_dag.py
[2026-10-05T18:52:04.687+0000] {processor.py:840} INFO - DAG(s) 'f1_data_analytics' retrieved from /opt/airflow/dags/f1_pipeline_dag.py
[2026-10-05T18:52:04.720+0000] {logging_mixin.py:188} INFO - [2026-10-05T18:52:04.720+0000] {dag.py:3096} INFO - Sync 1 DAGs
[2026-10-05T18:52:04.729+0000] {logging_mixin.py:188} INFO - [2026-10-05T18:52:04.729+0000] {dag.py:3954} INFO - Setting next_dagrun for f1_data_analytics to None, run_after=None
[2026-10-05T18:52:04.748+0000] {processor.py:183} INFO - Processing /opt/airflow/dags/f1_pipeline_dag.py took 0.076 seconds
[2026-10-05T18:52:34.868+0000] {processor.py:161} INFO - Started process (PID=911) to work on /opt/airflow/dags/f1_pipeline_dag.py
[2026-10-05T18:52:34.870+0000] {processor.py:830} INFO - Processing file /opt/airflow/dags/f1_pipeline_dag.py for tasks to queue
[2026-10-05T18:52:34.871+0000] {logging_mixin.py:188} INFO - [2026-10-05T18:52:34.871+0000] {dagbag.py:545} INFO - Filling up the DagBag from /opt/airflow/dags/f1_pipeline_dag.py
[2026-10-05T18:52:34.881+0000] {processor.py:840} INFO - DAG(s) 'f1_data_analytics' retrieved from /opt/airflow/dags/f1_pipeline_dag.py
[2026-10-05T18:52:34.919+0000] {logging_mixin.py:188} INFO - [2026-10-05T18:52:34.919+0000] {dag.py:3096} INFO - Sync 1 DAGs
[2026-10-05T18:52:34.929+0000] {logging_mixin.py:188} INFO - [2026-10-05T18:52:34.929+0000] {dag.py:3954} INFO - Setting next_dagrun for f1_data_analytics to None, run_after=None
[2026-10-05T18:52:34.948+0000] {processor.py:183} INFO - Processing /opt/airflow/dags/f1_pipeline_dag.py took 0.086 seconds
[2026-10-05T18:53:05.093+0000] {processor.py:161} INFO - Started process (PID=912) to work on /opt/airflow/dags/f1_pipeline_dag.py
[2026-10-05T18:53:05.094+0000] {processor.py:830} INFO - Processing file /opt/airflow/dags/f1_pipeline_dag.py for tasks to queue
[2026-10-05T18:53:05.095+0000] {logging_mixin.py:188} INFO - [2026-10-05T18:53:05.095+0000] {dagbag.py:545} INFO - Filling up the DagBag from /opt/airflow/dags/f1_pipeline_dag.py
[2026-10-05T18:53:05.114+0000] {processor.py:840} INFO - DAG(s) 'f1_data_analytics' retrieved from /opt/airflow/dags/f1_pipeline_dag.py
[2026-10-05T18:53:05.159+0000] {logging_mixin.py:188} INFO - [2026-10-05T18:53:05.159+0000] {dag.py:3096} INFO - Sync 1 DAGs
[2026-10-05T18:53:05.168+0000] {logging_mixin.py:188} INFO - [2026-10-05T18:53:05.168+0000] {dag.py:3954} INFO - Setting next_dagrun for f1_data_analytics to None, run_after=None
[2026-10-05T18:53:05.183+0000] {processor.py:183} INFO - Processing /opt/airflow/dags/f1_pipeline_dag.py took 0.100 seconds
[2026-10-05T18:53:35.444+0000] {processor.py:161} INFO - Started process (PID=913) to work on /opt/airflow/dags/f1_pipeline_dag.py
[2026-10-05T18:53:35.447+0000] {processor.py:830} INFO - Processing file /opt/airflow/dags/f1_pipeline_dag.py for tasks to queue
[2026-10-05T18:53:35.449+0000] {logging_mixin.py:188} INFO - [2026-10-05T18:53:35.448+0000] {dagbag.py:545} INFO - Filling up the DagBag from /opt/airflow/dags/f1_pipeline_dag.py
[2026-10-05T18:53:35.469+0000] {processor.py:840} INFO - DAG(s) 'f1_data_analytics' retrieved from /opt/airflow/dags/f1_pipeline_dag.py
[2026-10-05T18:53:35.517+0000] {logging_mixin.py:188} INFO - [2026-10-05T18:53:35.517+0000] {dag.py:3096} INFO - Sync 1 DAGs
[2026-10-05T18:53:35.526+0000] {logging_mixin.py:188} INFO - [2026-10-05T18:53:35.526+0000] {dag.py:3954} INFO - Setting next_dagrun for f1_data_analytics to None, run_after=None
[2026-10-05T18:53:35.543+0000] {processor.py:183} INFO - Processing /opt/airflow/dags/f1_pipeline_dag.py took 0.111 seconds
[2026-10-05T18:54:05.774+0000] {processor.py:161} INFO - Started process (PID=914) to work on /opt/airflow/dags/f1_pipeline_dag.py
[2026-10-05T18:54:05.775+0000] {processor.py:830} INFO - Processing file /opt/airflow/dags/f1_pipeline_dag.py for tasks to queue
[2026-10-05T18:54:05.777+0000] {logging_mixin.py:188} INFO - [2026-10-05T18:54:05.776+0000] {dagbag.py:545} INFO - Filling up the DagBag from /opt/airflow/dags/f1_pipeline_dag.py
[2026-10-05T18:54:05.795+0000] {processor.py:840} INFO - DAG(s) 'f1_data_analytics' retrieved from /opt/airflow/dags/f1_pipeline_dag.py
[2026-10-05T18:54:05.842+0000] {logging_mixin.py:188} INFO - [2026-10-05T18:54:05.842+0000] {dag.py:3096} INFO - Sync 1 DAGs
[2026-10-05T18:54:05.850+0000] {logging_mixin.py:188} INFO - [2026-10-05T18:54:05.850+0000] {dag.py:3954} INFO - Setting next_dagrun for f1_data_analytics to None, run_after=None
[2026-10-05T18:54:05.866+0000] {processor.py:183} INFO - Processing /opt/airflow/dags/f1_pipeline_dag.py took 0.103 seconds
[2026-10-05T18:54:36.106+0000] {processor.py:161} INFO - Started process (PID=915) to work on /opt/airflow/dags/f1_pipeline_dag.py
[2026-10-05T18:54:36.109+0000] {processor.py:830} INFO - Processing file /opt/airflow/dags/f1_pipeline_dag.py for tasks to queue
[2026-10-05T18:54:36.111+0000] {logging_mixin.py:188} INFO - [2026-10-05T18:54:36.110+0000] {dagbag.py:545} INFO - Filling up the DagBag from /opt/airflow/dags/f1_pipeline_dag.py
[2026-10-05T18:54:36.135+0000] {processor.py:840} INFO - DAG(s) 'f1_data_analytics' retrieved from /opt/airflow/dags/f1_pipeline_dag.py
[2026-10-05T18:54:36.183+0000] {logging_mixin.py:188} INFO - [2026-10-05T18:54:36.183+0000] {dag.py:3096} INFO - Sync 1 DAGs
[2026-10-05T18:54:36.196+0000] {logging_mixin.py:188} INFO - [2026-10-05T18:54:36.196+0000] {dag.py:3954} INFO - Setting next_dagrun for f1_data_analytics to None, run_after=None
[2026-10-05T18:54:36.219+0000] {processor.py:183} INFO - Processing /opt/airflow/dags/f1_pipeline_dag.py took 0.125 seconds
[2026-10-05T18:55:06.390+0000] {processor.py:161} INFO - Started process (PID=916) to work on /opt/airflow/dags/f1_pipeline_dag.py
[2026-10-05T18:55:06.391+0000] {processor.py:830} INFO - Processing file /opt/airflow/dags/f1_pipeline_dag.py for tasks to queue
[2026-10-05T18:55:06.393+0000] {logging_mixin.py:188} INFO - [2026-10-05T18:55:06.392+0000] {dagbag.py:545} INFO - Filling up the DagBag from /opt/airflow/dags/f1_pipeline_dag.py
[2026-10-05T18:55:06.414+0000] {processor.py:840} INFO - DAG(s) 'f1_data_analytics' retrieved from /opt/airflow/dags/f1_pipeline_dag.py
[2026-10-05T18:55:06.459+0000] {logging_mixin.py:188} INFO - [2026-10-05T18:55:06.458+0000] {dag.py:3096} INFO - Sync 1 DAGs
[2026-10-05T18:55:06.467+0000] {logging_mixin.py:188} INFO - [2026-10-05T18:55:06.467+0000] {dag.py:3954} INFO - Setting next_dagrun for f1_data_analytics to None, run_after=None
[2026-10-05T18:55:06.484+0000] {processor.py:183} INFO - Processing /opt/airflow/dags/f1_pipeline_dag.py took 0.105 seconds
[2026-10-05T18:55:36.718+0000] {processor.py:161} INFO - Started process (PID=917) to work on /opt/airflow/dags/f1_pipeline_dag.py
[2026-10-05T18:55:36.721+0000] {processor.py:830} INFO - Processing file /opt/airflow/dags/f1_pipeline_dag.py for tasks to queue
[2026-10-05T18:55:36.722+0000] {logging_mixin.py:188} INFO - [2026-10-05T18:55:36.722+0000] {dagbag.py:545} INFO - Filling up the DagBag from /opt/airflow/dags/f1_pipeline_dag.py
[2026-10-05T18:55:36.743+0000] {processor.py:840} INFO - DAG(s) 'f1_data_analytics' retrieved from /opt/airflow/dags/f1_pipeline_dag.py
[2026-10-05T18:55:36.789+0000] {logging_mixin.py:188} INFO - [2026-10-05T18:55:36.789+0000] {dag.py:3096} INFO - Sync 1 DAGs
[2026-10-05T18:55:36.799+0000] {logging_mixin.py:188} INFO - [2026-10-05T18:55:36.799+0000] {dag.py:3954} INFO - Setting next_dagrun for f1_data_analytics to None, run_after=None
[2026-10-05T18:55:36.815+0000] {processor.py:183} INFO - Processing /opt/airflow/dags/f1_pipeline_dag.py took 0.107 seconds
[2026-10-05T18:56:07.020+0000] {processor.py:161} INFO - Started process (PID=918) to work on /opt/airflow/dags/f1_pipeline_dag.py
[2026-10-05T18:56:07.021+0000] {processor.py:830} INFO - Processing file /opt/airflow/dags/f1_pipeline_dag.py for tasks to queue
[2026-10-05T18:56:07.023+0000] {logging_mixin.py:188} INFO - [2026-10-05T18:56:07.022+0000] {dagbag.py:545} INFO - Filling up the DagBag from /opt/airflow/dags/f1_pipeline_dag.py
[2026-10-05T18:56:07.043+0000] {processor.py:840} INFO - DAG(s) 'f1_data_analytics' retrieved from /opt/airflow/dags/f1_pipeline_dag.py
[2026-10-05T18:56:07.092+0000] {logging_mixin.py:188} INFO - [2026-10-05T18:56:07.092+0000] {dag.py:3096} INFO - Sync 1 DAGs
[2026-10-05T18:56:07.102+0000] {logging_mixin.py:188} INFO - [2026-10-05T18:56:07.102+0000] {dag.py:3954} INFO - Setting next_dagrun for f1_data_analytics to None, run_after=None
[2026-10-05T18:56:07.118+0000] {processor.py:183} INFO - Processing /opt/airflow/dags/f1_pipeline_dag.py took 0.108 seconds
[2026-10-05T18:56:37.346+0000] {processor.py:161} INFO - Started process (PID=919) to work on /opt/airflow/dags/f1_pipeline_dag.py
[2026-10-05T18:56:37.349+0000] {processor.py:830} INFO - Processing file /opt/airflow/dags/f1_pipeline_dag.py for tasks to queue
[2026-10-05T18:56:37.351+0000] {logging_mixin.py:188} INFO - [2026-10-05T18:56:37.351+0000] {dagbag.py:545} INFO - Filling up the DagBag from /opt/airflow/dags/f1_pipeline_dag.py
[2026-10-05T18:56:37.369+0000] {processor.py:840} INFO - DAG(s) 'f1_data_analytics' retrieved from /opt/airflow/dags/f1_pipeline_dag.py
[2026-10-05T18:56:37.422+0000] {logging_mixin.py:188} INFO - [2026-10-05T18:56:37.422+0000] {dag.py:3096} INFO - Sync 1 DAGs
[2026-10-05T18:56:37.434+0000] {logging_mixin.py:188} INFO - [2026-10-05T18:56:37.434+0000] {dag.py:3954} INFO - Setting next_dagrun for f1_data_analytics to None, run_after=None
[2026-10-05T18:56:37.449+0000] {processor.py:183} INFO - Processing /opt/airflow/dags/f1_pipeline_dag.py took 0.113 seconds
[2026-10-05T18:57:07.662+0000] {processor.py:161} INFO - Started process (PID=920) to work on /opt/airflow/dags/f1_pipeline_dag.py
[2026-10-05T18:57:07.663+0000] {processor.py:830} INFO - Processing file /opt/airflow/dags/f1_pipeline_dag.py for tasks to queue
[2026-10-05T18:57:07.664+0000] {logging_mixin.py:188} INFO - [2026-10-05T18:57:07.664+0000] {dagbag.py:545} INFO - Filling up the DagBag from /opt/airflow/dags/f1_pipeline_dag.py
[2026-10-05T18:57:07.683+0000] {processor.py:840} INFO - DAG(s) 'f1_data_analytics' retrieved from /opt/airflow/dags/f1_pipeline_dag.py
[2026-10-05T18:57:07.730+0000] {logging_mixin.py:188} INFO - [2026-10-05T18:57:07.729+0000] {dag.py:3096} INFO - Sync 1 DAGs
[2026-10-05T18:57:07.738+0000] {logging_mixin.py:188} INFO - [2026-10-05T18:57:07.738+0000] {dag.py:3954} INFO - Setting next_dagrun for f1_data_analytics to None, run_after=None
[2026-10-05T18:57:07.755+0000] {processor.py:183} INFO - Processing /opt/airflow/dags/f1_pipeline_dag.py took 0.103 seconds
[2026-10-05T18:57:37.998+0000] {processor.py:161} INFO - Started process (PID=921) to work on /opt/airflow/dags/f1_pipeline_dag.py
[2026-10-05T18:57:38.001+0000] {processor.py:830} INFO - Processing file /opt/airflow/dags/f1_pipeline_dag.py for tasks to queue
[2026-10-05T18:57:38.002+0000] {logging_mixin.py:188} INFO - [2026-10-05T18:57:38.001+0000] {dagbag.py:545} INFO - Filling up the DagBag from /opt/airflow/dags/f1_pipeline_dag.py
[2026-10-05T18:57:38.020+0000] {processor.py:840} INFO - DAG(s) 'f1_data_analytics' retrieved from /opt/airflow/dags/f1_pipeline_dag.py
[2026-10-05T18:57:38.079+0000] {logging_mixin.py:188} INFO - [2026-10-05T18:57:38.079+0000] {dag.py:3096} INFO - Sync 1 DAGs
[2026-10-05T18:57:38.088+0000] {logging_mixin.py:188} INFO - [2026-10-05T18:57:38.087+0000] {dag.py:3954} INFO - Setting next_dagrun for f1_data_analytics to None, run_after=None
[2026-10-05T18:57:38.109+0000] {processor.py:183} INFO - Processing /opt/airflow/dags/f1_pipeline_dag.py took 0.121 seconds
[2026-10-05T18:58:08.344+0000] {processor.py:161} INFO - Started process (PID=922) to work on /opt/airflow/dags/f1_pipeline_dag.py
[2026-10-05T18:58:08.345+0000] {processor.py:830} INFO - Processing file /opt/airflow/dags/f1_pipeline_dag.py for tasks to queue
[2026-10-05T18:58:08.347+0000] {logging_mixin.py:188} INFO - [2026-10-05T18:58:08.346+0000] {dagbag.py:545} INFO - Filling up the DagBag from /opt/airflow/dags/f1_pipeline_dag.py
[2026-10-05T18:58:08.367+0000] {processor.py:840} INFO - DAG(s) 'f1_data_analytics' retrieved from /opt/airflow/dags/f1_pipeline_dag.py
[2026-10-05T18:58:08.413+0000] {logging_mixin.py:188} INFO - [2026-10-05T18:58:08.413+0000] {dag.py:3096} INFO - Sync 1 DAGs
[2026-10-05T18:58:08.423+0000] {logging_mixin.py:188} INFO - [2026-10-05T18:58:08.422+0000] {dag.py:3954} INFO - Setting next_dagrun for f1_data_analytics to None, run_after=None
[2026-10-05T18:58:08.439+0000] {processor.py:183} INFO - Processing /opt/airflow/dags/f1_pipeline_dag.py took 0.106 seconds
[2026-10-05T18:58:38.665+0000] {processor.py:161} INFO - Started process (PID=923) to work on /opt/airflow/dags/f1_pipeline_dag.py
[2026-10-05T18:58:38.668+0000] {processor.py:830} INFO - Processing file /opt/airflow/dags/f1_pipeline_dag.py for tasks to queue
[2026-10-05T18:58:38.670+0000] {logging_mixin.py:188} INFO - [2026-10-05T18:58:38.669+0000] {dagbag.py:545} INFO - Filling up the DagBag from /opt/airflow/dags/f1_pipeline_dag.py
[2026-10-05T18:58:38.689+0000] {processor.py:840} INFO - DAG(s) 'f1_data_analytics' retrieved from /opt/airflow/dags/f1_pipeline_dag.py
[2026-10-05T18:58:38.737+0000] {logging_mixin.py:188} INFO - [2026-10-05T18:58:38.736+0000] {dag.py:3096} INFO - Sync 1 DAGs
[2026-10-05T18:58:38.746+0000] {logging_mixin.py:188} INFO - [2026-10-05T18:58:38.746+0000] {dag.py:3954} INFO - Setting next_dagrun for f1_data_analytics to None, run_after=None
[2026-10-05T18:58:38.762+0000] {processor.py:183} INFO - Processing /opt/airflow/dags/f1_pipeline_dag.py took 0.107 seconds
[2026-10-05T18:59:08.999+0000] {processor.py:161} INFO - Started process (PID=924) to work on /opt/airflow/dags/f1_pipeline_dag.py
[2026-10-05T18:59:09.000+0000] {processor.py:830} INFO - Processing file /opt/airflow/dags/f1_pipeline_dag.py for tasks to queue
[2026-10-05T18:59:09.002+0000] {logging_mixin.py:188} INFO - [2026-10-05T18:59:09.001+0000] {dagbag.py:545} INFO - Filling up the DagBag from /opt/airflow/dags/f1_pipeline_dag.py
[2026-10-05T18:59:09.020+0000] {processor.py:840} INFO - DAG(s) 'f1_data_analytics' retrieved from /opt/airflow/dags/f1_pipeline_dag.py
[2026-10-05T18:59:09.067+0000] {logging_mixin.py:188} INFO - [2026-10-05T18:59:09.067+0000] {dag.py:3096} INFO - Sync 1 DAGs
[2026-10-05T18:59:09.076+0000] {logging_mixin.py:188} INFO - [2026-10-05T18:59:09.076+0000] {dag.py:3954} INFO - Setting next_dagrun for f1_data_analytics to None, run_after=None
[2026-10-05T18:59:09.092+0000] {processor.py:183} INFO - Processing /opt/airflow/dags/f1_pipeline_dag.py took 0.103 seconds
[2026-10-05T18:59:39.335+0000] {processor.py:161} INFO - Started process (PID=925) to work on /opt/airflow/dags/f1_pipeline_dag.py
[2026-10-05T18:59:39.339+0000] {processor.py:830} INFO - Processing file /opt/airflow/dags/f1_pipeline_dag.py for tasks to queue
[2026-10-05T18:59:39.340+0000] {logging_mixin.py:188} INFO - [2026-10-05T18:59:39.340+0000] {dagbag.py:545} INFO - Filling up the DagBag from /opt/airflow/dags/f1_pipeline_dag.py
[2026-10-05T18:59:39.360+0000] {processor.py:840} INFO - DAG(s) 'f1_data_analytics' retrieved from /opt/airflow/dags/f1_pipeline_dag.py
[2026-10-05T18:59:39.412+0000] {logging_mixin.py:188} INFO - [2026-10-05T18:59:39.412+0000] {dag.py:3096} INFO - Sync 1 DAGs
[2026-10-05T18:59:39.421+0000] {logging_mixin.py:188} INFO - [2026-10-05T18:59:39.421+0000] {dag.py:3954} INFO - Setting next_dagrun for f1_data_analytics to None, run_after=None
[2026-10-05T18:59:39.436+0000] {processor.py:183} INFO - Processing /opt/airflow/dags/f1_pipeline_dag.py took 0.111 seconds
[2026-10-05T19:00:09.668+0000] {processor.py:161} INFO - Started process (PID=926) to work on /opt/airflow/dags/f1_pipeline_dag.py
[2026-10-05T19:00:09.669+0000] {processor.py:830} INFO - Processing file /opt/airflow/dags/f1_pipeline_dag.py for tasks to queue
[2026-10-05T19:00:09.671+0000] {logging_mixin.py:188} INFO - [2026-10-05T19:00:09.670+0000] {dagbag.py:545} INFO - Filling up the DagBag from /opt/airflow/dags/f1_pipeline_dag.py
[2026-10-05T19:00:09.692+0000] {processor.py:840} INFO - DAG(s) 'f1_data_analytics' retrieved from /opt/airflow/dags/f1_pipeline_dag.py
[2026-10-05T19:00:09.738+0000] {logging_mixin.py:188} INFO - [2026-10-05T19:00:09.738+0000] {dag.py:3096} INFO - Sync 1 DAGs
[2026-10-05T19:00:09.747+0000] {logging_mixin.py:188} INFO - [2026-10-05T19:00:09.747+0000] {dag.py:3954} INFO - Setting next_dagrun for f1_data_analytics to None, run_after=None
[2026-10-05T19:00:09.762+0000] {processor.py:183} INFO - Processing /opt/airflow/dags/f1_pipeline_dag.py took 0.105 seconds
[2026-10-05T19:00:40.021+0000] {processor.py:161} INFO - Started process (PID=927) to work on /opt/airflow/dags/f1_pipeline_dag.py
[2026-10-05T19:00:40.022+0000] {processor.py:830} INFO - Processing file /opt/airflow/dags/f1_pipeline_dag.py for tasks to queue
[2026-10-05T19:00:40.023+0000] {logging_mixin.py:188} INFO - [2026-10-05T19:00:40.023+0000] {dagbag.py:545} INFO - Filling up the DagBag from /opt/airflow/dags/f1_pipeline_dag.py
[2026-10-05T19:00:40.041+0000] {processor.py:840} INFO - DAG(s) 'f1_data_analytics' retrieved from /opt/airflow/dags/f1_pipeline_dag.py
[2026-10-05T19:00:40.089+0000] {logging_mixin.py:188} INFO - [2026-10-05T19:00:40.089+0000] {dag.py:3096} INFO - Sync 1 DAGs
[2026-10-05T19:00:40.098+0000] {logging_mixin.py:188} INFO - [2026-10-05T19:00:40.097+0000] {dag.py:3954} INFO - Setting next_dagrun for f1_data_analytics to None, run_after=None
[2026-10-05T19:00:40.113+0000] {processor.py:183} INFO - Processing /opt/airflow/dags/f1_pipeline_dag.py took 0.103 seconds
[2026-10-05T19:01:10.368+0000] {processor.py:161} INFO - Started process (PID=928) to work on /opt/airflow/dags/f1_pipeline_dag.py
[2026-10-05T19:01:10.371+0000] {processor.py:830} INFO - Processing file /opt/airflow/dags/f1_pipeline_dag.py for tasks to queue
[2026-10-05T19:01:10.373+0000] {logging_mixin.py:188} INFO - [2026-10-05T19:01:10.372+0000] {dagbag.py:545} INFO - Filling up the DagBag from /opt/airflow/dags/f1_pipeline_dag.py
[2026-10-05T19:01:10.392+0000] {processor.py:840} INFO - DAG(s) 'f1_data_analytics' retrieved from /opt/airflow/dags/f1_pipeline_dag.py
[2026-10-05T19:01:10.440+0000] {logging_mixin.py:188} INFO - [2026-10-05T19:01:10.439+0000] {dag.py:3096} INFO - Sync 1 DAGs
[2026-10-05T19:01:10.449+0000] {logging_mixin.py:188} INFO - [2026-10-05T19:01:10.448+0000] {dag.py:3954} INFO - Setting next_dagrun for f1_data_analytics to None, run_after=None
[2026-10-05T19:01:10.465+0000] {processor.py:183} INFO - Processing /opt/airflow/dags/f1_pipeline_dag.py took 0.108 seconds
[2026-10-05T19:01:40.682+0000] {processor.py:161} INFO - Started process (PID=929) to work on /opt/airflow/dags/f1_pipeline_dag.py
[2026-10-05T19:01:40.683+0000] {processor.py:830} INFO - Processing file /opt/airflow/dags/f1_pipeline_dag.py for tasks to queue
[2026-10-05T19:01:40.685+0000] {logging_mixin.py:188} INFO - [2026-10-05T19:01:40.684+0000] {dagbag.py:545} INFO - Filling up the DagBag from /opt/airflow/dags/f1_pipeline_dag.py
[2026-10-05T19:01:40.703+0000] {processor.py:840} INFO - DAG(s) 'f1_data_analytics' retrieved from /opt/airflow/dags/f1_pipeline_dag.py
[2026-10-05T19:01:40.745+0000] {logging_mixin.py:188} INFO - [2026-10-05T19:01:40.745+0000] {dag.py:3096} INFO - Sync 1 DAGs
[2026-10-05T19:01:40.754+0000] {logging_mixin.py:188} INFO - [2026-10-05T19:01:40.754+0000] {dag.py:3954} INFO - Setting next_dagrun for f1_data_analytics to None, run_after=None
[2026-10-05T19:01:40.769+0000] {processor.py:183} INFO - Processing /opt/airflow/dags/f1_pipeline_dag.py took 0.096 seconds
[2026-10-05T19:01:48.708+0000] {processor.py:161} INFO - Started process (PID=930) to work on /opt/airflow/dags/f1_pipeline_dag.py
[2026-10-05T19:01:48.709+0000] {processor.py:830} INFO - Processing file /opt/airflow/dags/f1_pipeline_dag.py for tasks to queue
[2026-10-05T19:01:48.711+0000] {logging_mixin.py:188} INFO - [2026-10-05T19:01:48.710+0000] {dagbag.py:545} INFO - Filling up the DagBag from /opt/airflow/dags/f1_pipeline_dag.py
[2026-10-05T19:01:48.732+0000] {processor.py:840} INFO - DAG(s) 'f1_data_analytics' retrieved from /opt/airflow/dags/f1_pipeline_dag.py
[2026-10-05T19:01:48.845+0000] {logging_mixin.py:188} INFO - [2026-10-05T19:01:48.844+0000] {dag.py:3096} INFO - Sync 1 DAGs
[2026-10-05T19:01:48.852+0000] {logging_mixin.py:188} INFO - [2026-10-05T19:01:48.851+0000] {dag.py:3954} INFO - Setting next_dagrun for f1_data_analytics to None, run_after=None
[2026-10-05T19:01:48.869+0000] {processor.py:183} INFO - Processing /opt/airflow/dags/f1_pipeline_dag.py took 0.173 seconds
[2026-10-05T19:02:19.087+0000] {processor.py:161} INFO - Started process (PID=959) to work on /opt/airflow/dags/f1_pipeline_dag.py
[2026-10-05T19:02:19.089+0000] {processor.py:830} INFO - Processing file /opt/airflow/dags/f1_pipeline_dag.py for tasks to queue
[2026-10-05T19:02:19.090+0000] {logging_mixin.py:188} INFO - [2026-10-05T19:02:19.089+0000] {dagbag.py:545} INFO - Filling up the DagBag from /opt/airflow/dags/f1_pipeline_dag.py
[2026-10-05T19:02:19.108+0000] {processor.py:840} INFO - DAG(s) 'f1_data_analytics' retrieved from /opt/airflow/dags/f1_pipeline_dag.py
[2026-10-05T19:02:19.156+0000] {logging_mixin.py:188} INFO - [2026-10-05T19:02:19.156+0000] {dag.py:3096} INFO - Sync 1 DAGs
[2026-10-05T19:02:19.165+0000] {logging_mixin.py:188} INFO - [2026-10-05T19:02:19.165+0000] {dag.py:3954} INFO - Setting next_dagrun for f1_data_analytics to None, run_after=None
[2026-10-05T19:02:19.180+0000] {processor.py:183} INFO - Processing /opt/airflow/dags/f1_pipeline_dag.py took 0.103 seconds
[2026-10-05T19:02:49.403+0000] {processor.py:161} INFO - Started process (PID=960) to work on /opt/airflow/dags/f1_pipeline_dag.py
[2026-10-05T19:02:49.406+0000] {processor.py:830} INFO - Processing file /opt/airflow/dags/f1_pipeline_dag.py for tasks to queue
[2026-10-05T19:02:49.408+0000] {logging_mixin.py:188} INFO - [2026-10-05T19:02:49.407+0000] {dagbag.py:545} INFO - Filling up the DagBag from /opt/airflow/dags/f1_pipeline_dag.py
[2026-10-05T19:02:49.427+0000] {processor.py:840} INFO - DAG(s) 'f1_data_analytics' retrieved from /opt/airflow/dags/f1_pipeline_dag.py
[2026-10-05T19:02:49.473+0000] {logging_mixin.py:188} INFO - [2026-10-05T19:02:49.473+0000] {dag.py:3096} INFO - Sync 1 DAGs
[2026-10-05T19:02:49.482+0000] {logging_mixin.py:188} INFO - [2026-10-05T19:02:49.482+0000] {dag.py:3954} INFO - Setting next_dagrun for f1_data_analytics to None, run_after=None
[2026-10-05T19:02:49.498+0000] {processor.py:183} INFO - Processing /opt/airflow/dags/f1_pipeline_dag.py took 0.105 seconds
[2026-10-05T19:03:19.698+0000] {processor.py:161} INFO - Started process (PID=961) to work on /opt/airflow/dags/f1_pipeline_dag.py
[2026-10-05T19:03:19.699+0000] {processor.py:830} INFO - Processing file /opt/airflow/dags/f1_pipeline_dag.py for tasks to queue
[2026-10-05T19:03:19.700+0000] {logging_mixin.py:188} INFO - [2026-10-05T19:03:19.700+0000] {dagbag.py:545} INFO - Filling up the DagBag from /opt/airflow/dags/f1_pipeline_dag.py
[2026-10-05T19:03:19.720+0000] {processor.py:840} INFO - DAG(s) 'f1_data_analytics' retrieved from /opt/airflow/dags/f1_pipeline_dag.py
[2026-10-05T19:03:19.762+0000] {logging_mixin.py:188} INFO - [2026-10-05T19:03:19.762+0000] {dag.py:3096} INFO - Sync 1 DAGs
[2026-10-05T19:03:19.772+0000] {logging_mixin.py:188} INFO - [2026-10-05T19:03:19.772+0000] {dag.py:3954} INFO - Setting next_dagrun for f1_data_analytics to None, run_after=None
[2026-10-05T19:03:19.788+0000] {processor.py:183} INFO - Processing /opt/airflow/dags/f1_pipeline_dag.py took 0.101 seconds
[2026-10-05T19:03:50.010+0000] {processor.py:161} INFO - Started process (PID=962) to work on /opt/airflow/dags/f1_pipeline_dag.py
[2026-10-05T19:03:50.013+0000] {processor.py:830} INFO - Processing file /opt/airflow/dags/f1_pipeline_dag.py for tasks to queue
[2026-10-05T19:03:50.015+0000] {logging_mixin.py:188} INFO - [2026-10-05T19:03:50.014+0000] {dagbag.py:545} INFO - Filling up the DagBag from /opt/airflow/dags/f1_pipeline_dag.py
[2026-10-05T19:03:50.035+0000] {processor.py:840} INFO - DAG(s) 'f1_data_analytics' retrieved from /opt/airflow/dags/f1_pipeline_dag.py
[2026-10-05T19:03:50.082+0000] {logging_mixin.py:188} INFO - [2026-10-05T19:03:50.081+0000] {dag.py:3096} INFO - Sync 1 DAGs
[2026-10-05T19:03:50.091+0000] {logging_mixin.py:188} INFO - [2026-10-05T19:03:50.090+0000] {dag.py:3954} INFO - Setting next_dagrun for f1_data_analytics to None, run_after=None
[2026-10-05T19:03:50.108+0000] {processor.py:183} INFO - Processing /opt/airflow/dags/f1_pipeline_dag.py took 0.105 seconds
[2026-10-05T19:04:20.339+0000] {processor.py:161} INFO - Started process (PID=963) to work on /opt/airflow/dags/f1_pipeline_dag.py
[2026-10-05T19:04:20.340+0000] {processor.py:830} INFO - Processing file /opt/airflow/dags/f1_pipeline_dag.py for tasks to queue
[2026-10-05T19:04:20.342+0000] {logging_mixin.py:188} INFO - [2026-10-05T19:04:20.341+0000] {dagbag.py:545} INFO - Filling up the DagBag from /opt/airflow/dags/f1_pipeline_dag.py
[2026-10-05T19:04:20.360+0000] {processor.py:840} INFO - DAG(s) 'f1_data_analytics' retrieved from /opt/airflow/dags/f1_pipeline_dag.py
[2026-10-05T19:04:20.405+0000] {logging_mixin.py:188} INFO - [2026-10-05T19:04:20.405+0000] {dag.py:3096} INFO - Sync 1 DAGs
[2026-10-05T19:04:20.414+0000] {logging_mixin.py:188} INFO - [2026-10-05T19:04:20.414+0000] {dag.py:3954} INFO - Setting next_dagrun for f1_data_analytics to None, run_after=None
[2026-10-05T19:04:20.430+0000] {processor.py:183} INFO - Processing /opt/airflow/dags/f1_pipeline_dag.py took 0.100 seconds
[2026-10-05T19:04:50.635+0000] {processor.py:161} INFO - Started process (PID=964) to work on /opt/airflow/dags/f1_pipeline_dag.py
[2026-10-05T19:04:50.638+0000] {processor.py:830} INFO - Processing file /opt/airflow/dags/f1_pipeline_dag.py for tasks to queue
[2026-10-05T19:04:50.638+0000] {logging_mixin.py:188} INFO - [2026-10-05T19:04:50.638+0000] {dagbag.py:545} INFO - Filling up the DagBag from /opt/airflow/dags/f1_pipeline_dag.py
[2026-10-05T19:04:50.648+0000] {processor.py:840} INFO - DAG(s) 'f1_data_analytics' retrieved from /opt/airflow/dags/f1_pipeline_dag.py
[2026-10-05T19:04:50.685+0000] {logging_mixin.py:188} INFO - [2026-10-05T19:04:50.685+0000] {dag.py:3096} INFO - Sync 1 DAGs
[2026-10-05T19:04:50.696+0000] {logging_mixin.py:188} INFO - [2026-10-05T19:04:50.696+0000] {dag.py:3954} INFO - Setting next_dagrun for f1_data_analytics to None, run_after=None
[2026-10-05T19:04:50.713+0000] {processor.py:183} INFO - Processing /opt/airflow/dags/f1_pipeline_dag.py took 0.083 seconds
[2026-10-05T19:05:20.921+0000] {processor.py:161} INFO - Started process (PID=965) to work on /opt/airflow/dags/f1_pipeline_dag.py
[2026-10-05T19:05:20.922+0000] {processor.py:830} INFO - Processing file /opt/airflow/dags/f1_pipeline_dag.py for tasks to queue
[2026-10-05T19:05:20.923+0000] {logging_mixin.py:188} INFO - [2026-10-05T19:05:20.923+0000] {dagbag.py:545} INFO - Filling up the DagBag from /opt/airflow/dags/f1_pipeline_dag.py
[2026-10-05T19:05:20.940+0000] {processor.py:840} INFO - DAG(s) 'f1_data_analytics' retrieved from /opt/airflow/dags/f1_pipeline_dag.py
[2026-10-05T19:05:20.986+0000] {logging_mixin.py:188} INFO - [2026-10-05T19:05:20.986+0000] {dag.py:3096} INFO - Sync 1 DAGs
[2026-10-05T19:05:20.996+0000] {logging_mixin.py:188} INFO - [2026-10-05T19:05:20.996+0000] {dag.py:3954} INFO - Setting next_dagrun for f1_data_analytics to None, run_after=None
[2026-10-05T19:05:21.014+0000] {processor.py:183} INFO - Processing /opt/airflow/dags/f1_pipeline_dag.py took 0.100 seconds
[2026-10-05T19:05:52.073+0000] {processor.py:161} INFO - Started process (PID=994) to work on /opt/airflow/dags/f1_pipeline_dag.py
[2026-10-05T19:05:52.076+0000] {processor.py:830} INFO - Processing file /opt/airflow/dags/f1_pipeline_dag.py for tasks to queue
[2026-10-05T19:05:52.077+0000] {logging_mixin.py:188} INFO - [2026-10-05T19:05:52.076+0000] {dagbag.py:545} INFO - Filling up the DagBag from /opt/airflow/dags/f1_pipeline_dag.py
[2026-10-05T19:05:52.097+0000] {processor.py:840} INFO - DAG(s) 'f1_data_analytics' retrieved from /opt/airflow/dags/f1_pipeline_dag.py
[2026-10-05T19:05:52.141+0000] {logging_mixin.py:188} INFO - [2026-10-05T19:05:52.141+0000] {dag.py:3096} INFO - Sync 1 DAGs
[2026-10-05T19:05:52.150+0000] {logging_mixin.py:188} INFO - [2026-10-05T19:05:52.150+0000] {dag.py:3954} INFO - Setting next_dagrun for f1_data_analytics to None, run_after=None
[2026-10-05T19:05:52.167+0000] {processor.py:183} INFO - Processing /opt/airflow/dags/f1_pipeline_dag.py took 0.103 seconds
[2026-10-05T19:06:22.410+0000] {processor.py:161} INFO - Started process (PID=995) to work on /opt/airflow/dags/f1_pipeline_dag.py
[2026-10-05T19:06:22.412+0000] {processor.py:830} INFO - Processing file /opt/airflow/dags/f1_pipeline_dag.py for tasks to queue
[2026-10-05T19:06:22.413+0000] {logging_mixin.py:188} INFO - [2026-10-05T19:06:22.412+0000] {dagbag.py:545} INFO - Filling up the DagBag from /opt/airflow/dags/f1_pipeline_dag.py
[2026-10-05T19:06:22.433+0000] {processor.py:840} INFO - DAG(s) 'f1_data_analytics' retrieved from /opt/airflow/dags/f1_pipeline_dag.py
[2026-10-05T19:06:22.480+0000] {logging_mixin.py:188} INFO - [2026-10-05T19:06:22.480+0000] {dag.py:3096} INFO - Sync 1 DAGs
[2026-10-05T19:06:22.489+0000] {logging_mixin.py:188} INFO - [2026-10-05T19:06:22.489+0000] {dag.py:3954} INFO - Setting next_dagrun for f1_data_analytics to None, run_after=None
[2026-10-05T19:06:22.504+0000] {processor.py:183} INFO - Processing /opt/airflow/dags/f1_pipeline_dag.py took 0.104 seconds
[2026-10-05T19:06:52.634+0000] {processor.py:161} INFO - Started process (PID=1024) to work on /opt/airflow/dags/f1_pipeline_dag.py
[2026-10-05T19:06:52.637+0000] {processor.py:830} INFO - Processing file /opt/airflow/dags/f1_pipeline_dag.py for tasks to queue
[2026-10-05T19:06:52.638+0000] {logging_mixin.py:188} INFO - [2026-10-05T19:06:52.638+0000] {dagbag.py:545} INFO - Filling up the DagBag from /opt/airflow/dags/f1_pipeline_dag.py
[2026-10-05T19:06:52.659+0000] {processor.py:840} INFO - DAG(s) 'f1_data_analytics' retrieved from /opt/airflow/dags/f1_pipeline_dag.py
[2026-10-05T19:06:52.706+0000] {logging_mixin.py:188} INFO - [2026-10-05T19:06:52.706+0000] {dag.py:3096} INFO - Sync 1 DAGs
[2026-10-05T19:06:52.716+0000] {logging_mixin.py:188} INFO - [2026-10-05T19:06:52.716+0000] {dag.py:3954} INFO - Setting next_dagrun for f1_data_analytics to None, run_after=None
[2026-10-05T19:06:52.734+0000] {processor.py:183} INFO - Processing /opt/airflow/dags/f1_pipeline_dag.py took 0.110 seconds
[2026-10-05T19:07:22.903+0000] {processor.py:161} INFO - Started process (PID=1025) to work on /opt/airflow/dags/f1_pipeline_dag.py
[2026-10-05T19:07:22.904+0000] {processor.py:830} INFO - Processing file /opt/airflow/dags/f1_pipeline_dag.py for tasks to queue
[2026-10-05T19:07:22.906+0000] {logging_mixin.py:188} INFO - [2026-10-05T19:07:22.905+0000] {dagbag.py:545} INFO - Filling up the DagBag from /opt/airflow/dags/f1_pipeline_dag.py
[2026-10-05T19:07:22.927+0000] {processor.py:840} INFO - DAG(s) 'f1_data_analytics' retrieved from /opt/airflow/dags/f1_pipeline_dag.py
[2026-10-05T19:07:22.969+0000] {logging_mixin.py:188} INFO - [2026-10-05T19:07:22.969+0000] {dag.py:3096} INFO - Sync 1 DAGs
[2026-10-05T19:07:22.980+0000] {logging_mixin.py:188} INFO - [2026-10-05T19:07:22.979+0000] {dag.py:3954} INFO - Setting next_dagrun for f1_data_analytics to None, run_after=None
[2026-10-05T19:07:22.996+0000] {processor.py:183} INFO - Processing /opt/airflow/dags/f1_pipeline_dag.py took 0.104 seconds
[2026-10-05T19:07:53.225+0000] {processor.py:161} INFO - Started process (PID=1026) to work on /opt/airflow/dags/f1_pipeline_dag.py
[2026-10-05T19:07:53.228+0000] {processor.py:830} INFO - Processing file /opt/airflow/dags/f1_pipeline_dag.py for tasks to queue
[2026-10-05T19:07:53.230+0000] {logging_mixin.py:188} INFO - [2026-10-05T19:07:53.229+0000] {dagbag.py:545} INFO - Filling up the DagBag from /opt/airflow/dags/f1_pipeline_dag.py
[2026-10-05T19:07:53.251+0000] {processor.py:840} INFO - DAG(s) 'f1_data_analytics' retrieved from /opt/airflow/dags/f1_pipeline_dag.py
[2026-10-05T19:07:53.297+0000] {logging_mixin.py:188} INFO - [2026-10-05T19:07:53.297+0000] {dag.py:3096} INFO - Sync 1 DAGs
[2026-10-05T19:07:53.307+0000] {logging_mixin.py:188} INFO - [2026-10-05T19:07:53.306+0000] {dag.py:3954} INFO - Setting next_dagrun for f1_data_analytics to None, run_after=None
[2026-10-05T19:07:53.324+0000] {processor.py:183} INFO - Processing /opt/airflow/dags/f1_pipeline_dag.py took 0.109 seconds
[2026-10-05T19:08:23.549+0000] {processor.py:161} INFO - Started process (PID=1027) to work on /opt/airflow/dags/f1_pipeline_dag.py
[2026-10-05T19:08:23.550+0000] {processor.py:830} INFO - Processing file /opt/airflow/dags/f1_pipeline_dag.py for tasks to queue
[2026-10-05T19:08:23.552+0000] {logging_mixin.py:188} INFO - [2026-10-05T19:08:23.551+0000] {dagbag.py:545} INFO - Filling up the DagBag from /opt/airflow/dags/f1_pipeline_dag.py
[2026-10-05T19:08:23.570+0000] {processor.py:840} INFO - DAG(s) 'f1_data_analytics' retrieved from /opt/airflow/dags/f1_pipeline_dag.py
[2026-10-05T19:08:23.616+0000] {logging_mixin.py:188} INFO - [2026-10-05T19:08:23.615+0000] {dag.py:3096} INFO - Sync 1 DAGs
[2026-10-05T19:08:23.624+0000] {logging_mixin.py:188} INFO - [2026-10-05T19:08:23.624+0000] {dag.py:3954} INFO - Setting next_dagrun for f1_data_analytics to None, run_after=None
[2026-10-05T19:08:23.639+0000] {processor.py:183} INFO - Processing /opt/airflow/dags/f1_pipeline_dag.py took 0.098 seconds
[2026-10-05T19:08:53.793+0000] {processor.py:161} INFO - Started process (PID=1028) to work on /opt/airflow/dags/f1_pipeline_dag.py
[2026-10-05T19:08:53.796+0000] {processor.py:830} INFO - Processing file /opt/airflow/dags/f1_pipeline_dag.py for tasks to queue
[2026-10-05T19:08:53.798+0000] {logging_mixin.py:188} INFO - [2026-10-05T19:08:53.797+0000] {dagbag.py:545} INFO - Filling up the DagBag from /opt/airflow/dags/f1_pipeline_dag.py
[2026-10-05T19:08:53.817+0000] {processor.py:840} INFO - DAG(s) 'f1_data_analytics' retrieved from /opt/airflow/dags/f1_pipeline_dag.py
[2026-10-05T19:08:53.865+0000] {logging_mixin.py:188} INFO - [2026-10-05T19:08:53.865+0000] {dag.py:3096} INFO - Sync 1 DAGs
[2026-10-05T19:08:53.874+0000] {logging_mixin.py:188} INFO - [2026-10-05T19:08:53.874+0000] {dag.py:3954} INFO - Setting next_dagrun for f1_data_analytics to None, run_after=None
[2026-10-05T19:08:53.889+0000] {processor.py:183} INFO - Processing /opt/airflow/dags/f1_pipeline_dag.py took 0.107 seconds
[2026-10-05T19:09:33.132+0000] {processor.py:161} INFO - Started process (PID=1077) to work on /opt/airflow/dags/f1_pipeline_dag.py
[2026-10-05T19:09:33.133+0000] {processor.py:830} INFO - Processing file /opt/airflow/dags/f1_pipeline_dag.py for tasks to queue
[2026-10-05T19:09:33.133+0000] {logging_mixin.py:188} INFO - [2026-10-05T19:09:33.133+0000] {dagbag.py:545} INFO - Filling up the DagBag from /opt/airflow/dags/f1_pipeline_dag.py
[2026-10-05T19:09:33.146+0000] {processor.py:840} INFO - DAG(s) 'f1_data_analytics' retrieved from /opt/airflow/dags/f1_pipeline_dag.py
[2026-10-05T19:09:33.196+0000] {logging_mixin.py:188} INFO - [2026-10-05T19:09:33.195+0000] {dag.py:3096} INFO - Sync 1 DAGs
[2026-10-05T19:09:33.204+0000] {logging_mixin.py:188} INFO - [2026-10-05T19:09:33.204+0000] {dag.py:3954} INFO - Setting next_dagrun for f1_data_analytics to None, run_after=None
[2026-10-05T19:09:33.220+0000] {processor.py:183} INFO - Processing /opt/airflow/dags/f1_pipeline_dag.py took 0.092 seconds
[2026-10-05T19:10:03.427+0000] {processor.py:161} INFO - Started process (PID=1087) to work on /opt/airflow/dags/f1_pipeline_dag.py
[2026-10-05T19:10:03.429+0000] {processor.py:830} INFO - Processing file /opt/airflow/dags/f1_pipeline_dag.py for tasks to queue
[2026-10-05T19:10:03.430+0000] {logging_mixin.py:188} INFO - [2026-10-05T19:10:03.429+0000] {dagbag.py:545} INFO - Filling up the DagBag from /opt/airflow/dags/f1_pipeline_dag.py
[2026-10-05T19:10:03.449+0000] {processor.py:840} INFO - DAG(s) 'f1_data_analytics' retrieved from /opt/airflow/dags/f1_pipeline_dag.py
[2026-10-05T19:10:03.496+0000] {logging_mixin.py:188} INFO - [2026-10-05T19:10:03.495+0000] {dag.py:3096} INFO - Sync 1 DAGs
[2026-10-05T19:10:03.505+0000] {logging_mixin.py:188} INFO - [2026-10-05T19:10:03.504+0000] {dag.py:3954} INFO - Setting next_dagrun for f1_data_analytics to None, run_after=None
[2026-10-05T19:10:03.521+0000] {processor.py:183} INFO - Processing /opt/airflow/dags/f1_pipeline_dag.py took 0.104 seconds
[2026-10-05T19:10:33.990+0000] {processor.py:161} INFO - Started process (PID=1088) to work on /opt/airflow/dags/f1_pipeline_dag.py
[2026-10-05T19:10:33.993+0000] {processor.py:830} INFO - Processing file /opt/airflow/dags/f1_pipeline_dag.py for tasks to queue
[2026-10-05T19:10:33.995+0000] {logging_mixin.py:188} INFO - [2026-10-05T19:10:33.994+0000] {dagbag.py:545} INFO - Filling up the DagBag from /opt/airflow/dags/f1_pipeline_dag.py
[2026-10-05T19:10:34.014+0000] {processor.py:840} INFO - DAG(s) 'f1_data_analytics' retrieved from /opt/airflow/dags/f1_pipeline_dag.py
[2026-10-05T19:10:34.061+0000] {logging_mixin.py:188} INFO - [2026-10-05T19:10:34.061+0000] {dag.py:3096} INFO - Sync 1 DAGs
[2026-10-05T19:10:34.070+0000] {logging_mixin.py:188} INFO - [2026-10-05T19:10:34.070+0000] {dag.py:3954} INFO - Setting next_dagrun for f1_data_analytics to None, run_after=None
[2026-10-05T19:10:34.086+0000] {processor.py:183} INFO - Processing /opt/airflow/dags/f1_pipeline_dag.py took 0.107 seconds
[2026-10-05T19:11:04.520+0000] {processor.py:161} INFO - Started process (PID=1089) to work on /opt/airflow/dags/f1_pipeline_dag.py
[2026-10-05T19:11:04.521+0000] {processor.py:830} INFO - Processing file /opt/airflow/dags/f1_pipeline_dag.py for tasks to queue
[2026-10-05T19:11:04.523+0000] {logging_mixin.py:188} INFO - [2026-10-05T19:11:04.522+0000] {dagbag.py:545} INFO - Filling up the DagBag from /opt/airflow/dags/f1_pipeline_dag.py
[2026-10-05T19:11:04.543+0000] {processor.py:840} INFO - DAG(s) 'f1_data_analytics' retrieved from /opt/airflow/dags/f1_pipeline_dag.py
[2026-10-05T19:11:04.605+0000] {logging_mixin.py:188} INFO - [2026-10-05T19:11:04.605+0000] {dag.py:3096} INFO - Sync 1 DAGs
[2026-10-05T19:11:04.621+0000] {logging_mixin.py:188} INFO - [2026-10-05T19:11:04.621+0000] {dag.py:3954} INFO - Setting next_dagrun for f1_data_analytics to None, run_after=None
[2026-10-05T19:11:04.640+0000] {processor.py:183} INFO - Processing /opt/airflow/dags/f1_pipeline_dag.py took 0.130 seconds
[2026-10-05T19:11:35.081+0000] {processor.py:161} INFO - Started process (PID=1090) to work on /opt/airflow/dags/f1_pipeline_dag.py
[2026-10-05T19:11:35.084+0000] {processor.py:830} INFO - Processing file /opt/airflow/dags/f1_pipeline_dag.py for tasks to queue
[2026-10-05T19:11:35.086+0000] {logging_mixin.py:188} INFO - [2026-10-05T19:11:35.085+0000] {dagbag.py:545} INFO - Filling up the DagBag from /opt/airflow/dags/f1_pipeline_dag.py
[2026-10-05T19:11:35.106+0000] {processor.py:840} INFO - DAG(s) 'f1_data_analytics' retrieved from /opt/airflow/dags/f1_pipeline_dag.py
[2026-10-05T19:11:35.150+0000] {logging_mixin.py:188} INFO - [2026-10-05T19:11:35.150+0000] {dag.py:3096} INFO - Sync 1 DAGs
[2026-10-05T19:11:35.160+0000] {logging_mixin.py:188} INFO - [2026-10-05T19:11:35.160+0000] {dag.py:3954} INFO - Setting next_dagrun for f1_data_analytics to None, run_after=None
[2026-10-05T19:11:35.176+0000] {processor.py:183} INFO - Processing /opt/airflow/dags/f1_pipeline_dag.py took 0.106 seconds
[2026-10-05T19:12:05.597+0000] {processor.py:161} INFO - Started process (PID=1091) to work on /opt/airflow/dags/f1_pipeline_dag.py
[2026-10-05T19:12:05.598+0000] {processor.py:830} INFO - Processing file /opt/airflow/dags/f1_pipeline_dag.py for tasks to queue
[2026-10-05T19:12:05.600+0000] {logging_mixin.py:188} INFO - [2026-10-05T19:12:05.599+0000] {dagbag.py:545} INFO - Filling up the DagBag from /opt/airflow/dags/f1_pipeline_dag.py
[2026-10-05T19:12:05.619+0000] {processor.py:840} INFO - DAG(s) 'f1_data_analytics' retrieved from /opt/airflow/dags/f1_pipeline_dag.py
[2026-10-05T19:12:05.663+0000] {logging_mixin.py:188} INFO - [2026-10-05T19:12:05.662+0000] {dag.py:3096} INFO - Sync 1 DAGs
[2026-10-05T19:12:05.672+0000] {logging_mixin.py:188} INFO - [2026-10-05T19:12:05.671+0000] {dag.py:3954} INFO - Setting next_dagrun for f1_data_analytics to None, run_after=None
[2026-10-05T19:12:05.687+0000] {processor.py:183} INFO - Processing /opt/airflow/dags/f1_pipeline_dag.py took 0.101 seconds
[2026-10-05T19:12:35.979+0000] {processor.py:161} INFO - Started process (PID=1092) to work on /opt/airflow/dags/f1_pipeline_dag.py
[2026-10-05T19:12:35.982+0000] {processor.py:830} INFO - Processing file /opt/airflow/dags/f1_pipeline_dag.py for tasks to queue
[2026-10-05T19:12:35.984+0000] {logging_mixin.py:188} INFO - [2026-10-05T19:12:35.983+0000] {dagbag.py:545} INFO - Filling up the DagBag from /opt/airflow/dags/f1_pipeline_dag.py
[2026-10-05T19:12:36.003+0000] {processor.py:840} INFO - DAG(s) 'f1_data_analytics' retrieved from /opt/airflow/dags/f1_pipeline_dag.py
[2026-10-05T19:12:36.050+0000] {logging_mixin.py:188} INFO - [2026-10-05T19:12:36.050+0000] {dag.py:3096} INFO - Sync 1 DAGs
[2026-10-05T19:12:36.060+0000] {logging_mixin.py:188} INFO - [2026-10-05T19:12:36.059+0000] {dag.py:3954} INFO - Setting next_dagrun for f1_data_analytics to None, run_after=None
[2026-10-05T19:12:36.076+0000] {processor.py:183} INFO - Processing /opt/airflow/dags/f1_pipeline_dag.py took 0.106 seconds
[2026-10-05T19:13:06.483+0000] {processor.py:161} INFO - Started process (PID=1093) to work on /opt/airflow/dags/f1_pipeline_dag.py
[2026-10-05T19:13:06.484+0000] {processor.py:830} INFO - Processing file /opt/airflow/dags/f1_pipeline_dag.py for tasks to queue
[2026-10-05T19:13:06.486+0000] {logging_mixin.py:188} INFO - [2026-10-05T19:13:06.485+0000] {dagbag.py:545} INFO - Filling up the DagBag from /opt/airflow/dags/f1_pipeline_dag.py
[2026-10-05T19:13:06.505+0000] {processor.py:840} INFO - DAG(s) 'f1_data_analytics' retrieved from /opt/airflow/dags/f1_pipeline_dag.py
[2026-10-05T19:13:06.549+0000] {logging_mixin.py:188} INFO - [2026-10-05T19:13:06.549+0000] {dag.py:3096} INFO - Sync 1 DAGs
[2026-10-05T19:13:06.558+0000] {logging_mixin.py:188} INFO - [2026-10-05T19:13:06.557+0000] {dag.py:3954} INFO - Setting next_dagrun for f1_data_analytics to None, run_after=None
[2026-10-05T19:13:06.574+0000] {processor.py:183} INFO - Processing /opt/airflow/dags/f1_pipeline_dag.py took 0.101 seconds
[2026-10-05T19:13:37.011+0000] {processor.py:161} INFO - Started process (PID=1094) to work on /opt/airflow/dags/f1_pipeline_dag.py
[2026-10-05T19:13:37.019+0000] {processor.py:830} INFO - Processing file /opt/airflow/dags/f1_pipeline_dag.py for tasks to queue
[2026-10-05T19:13:37.021+0000] {logging_mixin.py:188} INFO - [2026-10-05T19:13:37.020+0000] {dagbag.py:545} INFO - Filling up the DagBag from /opt/airflow/dags/f1_pipeline_dag.py
[2026-10-05T19:13:37.039+0000] {processor.py:840} INFO - DAG(s) 'f1_data_analytics' retrieved from /opt/airflow/dags/f1_pipeline_dag.py
[2026-10-05T19:13:37.089+0000] {logging_mixin.py:188} INFO - [2026-10-05T19:13:37.088+0000] {dag.py:3096} INFO - Sync 1 DAGs
[2026-10-05T19:13:37.098+0000] {logging_mixin.py:188} INFO - [2026-10-05T19:13:37.097+0000] {dag.py:3954} INFO - Setting next_dagrun for f1_data_analytics to None, run_after=None
[2026-10-05T19:13:37.114+0000] {processor.py:183} INFO - Processing /opt/airflow/dags/f1_pipeline_dag.py took 0.113 seconds
[2026-10-05T19:14:07.396+0000] {processor.py:161} INFO - Started process (PID=1095) to work on /opt/airflow/dags/f1_pipeline_dag.py
[2026-10-05T19:14:07.398+0000] {processor.py:830} INFO - Processing file /opt/airflow/dags/f1_pipeline_dag.py for tasks to queue
[2026-10-05T19:14:07.399+0000] {logging_mixin.py:188} INFO - [2026-10-05T19:14:07.399+0000] {dagbag.py:545} INFO - Filling up the DagBag from /opt/airflow/dags/f1_pipeline_dag.py
[2026-10-05T19:14:07.418+0000] {processor.py:840} INFO - DAG(s) 'f1_data_analytics' retrieved from /opt/airflow/dags/f1_pipeline_dag.py
[2026-10-05T19:14:07.465+0000] {logging_mixin.py:188} INFO - [2026-10-05T19:14:07.465+0000] {dag.py:3096} INFO - Sync 1 DAGs
[2026-10-05T19:14:07.475+0000] {logging_mixin.py:188} INFO - [2026-10-05T19:14:07.475+0000] {dag.py:3954} INFO - Setting next_dagrun for f1_data_analytics to None, run_after=None
[2026-10-05T19:14:07.490+0000] {processor.py:183} INFO - Processing /opt/airflow/dags/f1_pipeline_dag.py took 0.105 seconds
[2026-10-05T19:14:37.933+0000] {processor.py:161} INFO - Started process (PID=1096) to work on /opt/airflow/dags/f1_pipeline_dag.py
[2026-10-05T19:14:37.936+0000] {processor.py:830} INFO - Processing file /opt/airflow/dags/f1_pipeline_dag.py for tasks to queue
[2026-10-05T19:14:37.938+0000] {logging_mixin.py:188} INFO - [2026-10-05T19:14:37.937+0000] {dagbag.py:545} INFO - Filling up the DagBag from /opt/airflow/dags/f1_pipeline_dag.py
[2026-10-05T19:14:37.957+0000] {processor.py:840} INFO - DAG(s) 'f1_data_analytics' retrieved from /opt/airflow/dags/f1_pipeline_dag.py
[2026-10-05T19:14:38.004+0000] {logging_mixin.py:188} INFO - [2026-10-05T19:14:38.004+0000] {dag.py:3096} INFO - Sync 1 DAGs
[2026-10-05T19:14:38.013+0000] {logging_mixin.py:188} INFO - [2026-10-05T19:14:38.013+0000] {dag.py:3954} INFO - Setting next_dagrun for f1_data_analytics to None, run_after=None
[2026-10-05T19:14:38.029+0000] {processor.py:183} INFO - Processing /opt/airflow/dags/f1_pipeline_dag.py took 0.105 seconds
[2026-10-05T19:15:08.488+0000] {processor.py:161} INFO - Started process (PID=1097) to work on /opt/airflow/dags/f1_pipeline_dag.py
[2026-10-05T19:15:08.490+0000] {processor.py:830} INFO - Processing file /opt/airflow/dags/f1_pipeline_dag.py for tasks to queue
[2026-10-05T19:15:08.491+0000] {logging_mixin.py:188} INFO - [2026-10-05T19:15:08.491+0000] {dagbag.py:545} INFO - Filling up the DagBag from /opt/airflow/dags/f1_pipeline_dag.py
[2026-10-05T19:15:08.512+0000] {processor.py:840} INFO - DAG(s) 'f1_data_analytics' retrieved from /opt/airflow/dags/f1_pipeline_dag.py
[2026-10-05T19:15:08.559+0000] {logging_mixin.py:188} INFO - [2026-10-05T19:15:08.559+0000] {dag.py:3096} INFO - Sync 1 DAGs
[2026-10-05T19:15:08.568+0000] {logging_mixin.py:188} INFO - [2026-10-05T19:15:08.567+0000] {dag.py:3954} INFO - Setting next_dagrun for f1_data_analytics to None, run_after=None
[2026-10-05T19:15:08.584+0000] {processor.py:183} INFO - Processing /opt/airflow/dags/f1_pipeline_dag.py took 0.105 seconds
[2026-10-05T19:15:38.849+0000] {processor.py:161} INFO - Started process (PID=1098) to work on /opt/airflow/dags/f1_pipeline_dag.py
[2026-10-05T19:15:38.853+0000] {processor.py:830} INFO - Processing file /opt/airflow/dags/f1_pipeline_dag.py for tasks to queue
[2026-10-05T19:15:38.854+0000] {logging_mixin.py:188} INFO - [2026-10-05T19:15:38.854+0000] {dagbag.py:545} INFO - Filling up the DagBag from /opt/airflow/dags/f1_pipeline_dag.py
[2026-10-05T19:15:38.873+0000] {processor.py:840} INFO - DAG(s) 'f1_data_analytics' retrieved from /opt/airflow/dags/f1_pipeline_dag.py
[2026-10-05T19:15:38.921+0000] {logging_mixin.py:188} INFO - [2026-10-05T19:15:38.920+0000] {dag.py:3096} INFO - Sync 1 DAGs
[2026-10-05T19:15:38.930+0000] {logging_mixin.py:188} INFO - [2026-10-05T19:15:38.929+0000] {dag.py:3954} INFO - Setting next_dagrun for f1_data_analytics to None, run_after=None
[2026-10-05T19:15:38.945+0000] {processor.py:183} INFO - Processing /opt/airflow/dags/f1_pipeline_dag.py took 0.106 seconds
[2026-10-05T19:16:09.378+0000] {processor.py:161} INFO - Started process (PID=1099) to work on /opt/airflow/dags/f1_pipeline_dag.py
[2026-10-05T19:16:09.379+0000] {processor.py:830} INFO - Processing file /opt/airflow/dags/f1_pipeline_dag.py for tasks to queue
[2026-10-05T19:16:09.380+0000] {logging_mixin.py:188} INFO - [2026-10-05T19:16:09.380+0000] {dagbag.py:545} INFO - Filling up the DagBag from /opt/airflow/dags/f1_pipeline_dag.py
[2026-10-05T19:16:09.400+0000] {processor.py:840} INFO - DAG(s) 'f1_data_analytics' retrieved from /opt/airflow/dags/f1_pipeline_dag.py
[2026-10-05T19:16:09.447+0000] {logging_mixin.py:188} INFO - [2026-10-05T19:16:09.447+0000] {dag.py:3096} INFO - Sync 1 DAGs
[2026-10-05T19:16:09.456+0000] {logging_mixin.py:188} INFO - [2026-10-05T19:16:09.456+0000] {dag.py:3954} INFO - Setting next_dagrun for f1_data_analytics to None, run_after=None
[2026-10-05T19:16:09.471+0000] {processor.py:183} INFO - Processing /opt/airflow/dags/f1_pipeline_dag.py took 0.104 seconds
[2026-10-05T19:16:39.947+0000] {processor.py:161} INFO - Started process (PID=1100) to work on /opt/airflow/dags/f1_pipeline_dag.py
[2026-10-05T19:16:39.951+0000] {processor.py:830} INFO - Processing file /opt/airflow/dags/f1_pipeline_dag.py for tasks to queue
[2026-10-05T19:16:39.952+0000] {logging_mixin.py:188} INFO - [2026-10-05T19:16:39.952+0000] {dagbag.py:545} INFO - Filling up the DagBag from /opt/airflow/dags/f1_pipeline_dag.py
[2026-10-05T19:16:39.971+0000] {processor.py:840} INFO - DAG(s) 'f1_data_analytics' retrieved from /opt/airflow/dags/f1_pipeline_dag.py
[2026-10-05T19:16:40.025+0000] {logging_mixin.py:188} INFO - [2026-10-05T19:16:40.025+0000] {dag.py:3096} INFO - Sync 1 DAGs
[2026-10-05T19:16:40.034+0000] {logging_mixin.py:188} INFO - [2026-10-05T19:16:40.034+0000] {dag.py:3954} INFO - Setting next_dagrun for f1_data_analytics to None, run_after=None
[2026-10-05T19:16:40.051+0000] {processor.py:183} INFO - Processing /opt/airflow/dags/f1_pipeline_dag.py took 0.114 seconds
[2026-10-05T19:17:10.443+0000] {processor.py:161} INFO - Started process (PID=1101) to work on /opt/airflow/dags/f1_pipeline_dag.py
[2026-10-05T19:17:10.444+0000] {processor.py:830} INFO - Processing file /opt/airflow/dags/f1_pipeline_dag.py for tasks to queue
[2026-10-05T19:17:10.445+0000] {logging_mixin.py:188} INFO - [2026-10-05T19:17:10.445+0000] {dagbag.py:545} INFO - Filling up the DagBag from /opt/airflow/dags/f1_pipeline_dag.py
[2026-10-05T19:17:10.465+0000] {processor.py:840} INFO - DAG(s) 'f1_data_analytics' retrieved from /opt/airflow/dags/f1_pipeline_dag.py
[2026-10-05T19:17:10.512+0000] {logging_mixin.py:188} INFO - [2026-10-05T19:17:10.511+0000] {dag.py:3096} INFO - Sync 1 DAGs
[2026-10-05T19:17:10.521+0000] {logging_mixin.py:188} INFO - [2026-10-05T19:17:10.521+0000] {dag.py:3954} INFO - Setting next_dagrun for f1_data_analytics to None, run_after=None
[2026-10-05T19:17:10.539+0000] {processor.py:183} INFO - Processing /opt/airflow/dags/f1_pipeline_dag.py took 0.107 seconds
[2026-10-05T19:17:40.983+0000] {processor.py:161} INFO - Started process (PID=1102) to work on /opt/airflow/dags/f1_pipeline_dag.py
[2026-10-05T19:17:40.986+0000] {processor.py:830} INFO - Processing file /opt/airflow/dags/f1_pipeline_dag.py for tasks to queue
[2026-10-05T19:17:40.988+0000] {logging_mixin.py:188} INFO - [2026-10-05T19:17:40.987+0000] {dagbag.py:545} INFO - Filling up the DagBag from /opt/airflow/dags/f1_pipeline_dag.py
[2026-10-05T19:17:41.008+0000] {processor.py:840} INFO - DAG(s) 'f1_data_analytics' retrieved from /opt/airflow/dags/f1_pipeline_dag.py
[2026-10-05T19:17:41.055+0000] {logging_mixin.py:188} INFO - [2026-10-05T19:17:41.055+0000] {dag.py:3096} INFO - Sync 1 DAGs
[2026-10-05T19:17:41.064+0000] {logging_mixin.py:188} INFO - [2026-10-05T19:17:41.064+0000] {dag.py:3954} INFO - Setting next_dagrun for f1_data_analytics to None, run_after=None
[2026-10-05T19:17:41.079+0000] {processor.py:183} INFO - Processing /opt/airflow/dags/f1_pipeline_dag.py took 0.107 seconds
[2026-10-05T19:18:11.519+0000] {processor.py:161} INFO - Started process (PID=1103) to work on /opt/airflow/dags/f1_pipeline_dag.py
[2026-10-05T19:18:11.520+0000] {processor.py:830} INFO - Processing file /opt/airflow/dags/f1_pipeline_dag.py for tasks to queue
[2026-10-05T19:18:11.522+0000] {logging_mixin.py:188} INFO - [2026-10-05T19:18:11.521+0000] {dagbag.py:545} INFO - Filling up the DagBag from /opt/airflow/dags/f1_pipeline_dag.py
[2026-10-05T19:18:11.541+0000] {processor.py:840} INFO - DAG(s) 'f1_data_analytics' retrieved from /opt/airflow/dags/f1_pipeline_dag.py
[2026-10-05T19:18:11.588+0000] {logging_mixin.py:188} INFO - [2026-10-05T19:18:11.588+0000] {dag.py:3096} INFO - Sync 1 DAGs
[2026-10-05T19:18:11.598+0000] {logging_mixin.py:188} INFO - [2026-10-05T19:18:11.598+0000] {dag.py:3954} INFO - Setting next_dagrun for f1_data_analytics to None, run_after=None
[2026-10-05T19:18:11.615+0000] {processor.py:183} INFO - Processing /opt/airflow/dags/f1_pipeline_dag.py took 0.106 seconds
[2026-10-05T19:18:42.019+0000] {processor.py:161} INFO - Started process (PID=1104) to work on /opt/airflow/dags/f1_pipeline_dag.py
[2026-10-05T19:18:42.022+0000] {processor.py:830} INFO - Processing file /opt/airflow/dags/f1_pipeline_dag.py for tasks to queue
[2026-10-05T19:18:42.024+0000] {logging_mixin.py:188} INFO - [2026-10-05T19:18:42.023+0000] {dagbag.py:545} INFO - Filling up the DagBag from /opt/airflow/dags/f1_pipeline_dag.py
[2026-10-05T19:18:42.043+0000] {processor.py:840} INFO - DAG(s) 'f1_data_analytics' retrieved from /opt/airflow/dags/f1_pipeline_dag.py
[2026-10-05T19:18:42.090+0000] {logging_mixin.py:188} INFO - [2026-10-05T19:18:42.090+0000] {dag.py:3096} INFO - Sync 1 DAGs
[2026-10-05T19:18:42.099+0000] {logging_mixin.py:188} INFO - [2026-10-05T19:18:42.098+0000] {dag.py:3954} INFO - Setting next_dagrun for f1_data_analytics to None, run_after=None
[2026-10-05T19:18:42.115+0000] {processor.py:183} INFO - Processing /opt/airflow/dags/f1_pipeline_dag.py took 0.105 seconds
[2026-10-05T19:19:12.558+0000] {processor.py:161} INFO - Started process (PID=1105) to work on /opt/airflow/dags/f1_pipeline_dag.py
[2026-10-05T19:19:12.560+0000] {processor.py:830} INFO - Processing file /opt/airflow/dags/f1_pipeline_dag.py for tasks to queue
[2026-10-05T19:19:12.561+0000] {logging_mixin.py:188} INFO - [2026-10-05T19:19:12.561+0000] {dagbag.py:545} INFO - Filling up the DagBag from /opt/airflow/dags/f1_pipeline_dag.py
[2026-10-05T19:19:12.581+0000] {processor.py:840} INFO - DAG(s) 'f1_data_analytics' retrieved from /opt/airflow/dags/f1_pipeline_dag.py
[2026-10-05T19:19:12.627+0000] {logging_mixin.py:188} INFO - [2026-10-05T19:19:12.627+0000] {dag.py:3096} INFO - Sync 1 DAGs
[2026-10-05T19:19:12.636+0000] {logging_mixin.py:188} INFO - [2026-10-05T19:19:12.636+0000] {dag.py:3954} INFO - Setting next_dagrun for f1_data_analytics to None, run_after=None
[2026-10-05T19:19:12.651+0000] {processor.py:183} INFO - Processing /opt/airflow/dags/f1_pipeline_dag.py took 0.102 seconds
[2026-10-05T19:19:43.104+0000] {processor.py:161} INFO - Started process (PID=1106) to work on /opt/airflow/dags/f1_pipeline_dag.py
[2026-10-05T19:19:43.107+0000] {processor.py:830} INFO - Processing file /opt/airflow/dags/f1_pipeline_dag.py for tasks to queue
[2026-10-05T19:19:43.108+0000] {logging_mixin.py:188} INFO - [2026-10-05T19:19:43.107+0000] {dagbag.py:545} INFO - Filling up the DagBag from /opt/airflow/dags/f1_pipeline_dag.py
[2026-10-05T19:19:43.127+0000] {processor.py:840} INFO - DAG(s) 'f1_data_analytics' retrieved from /opt/airflow/dags/f1_pipeline_dag.py
[2026-10-05T19:19:43.174+0000] {logging_mixin.py:188} INFO - [2026-10-05T19:19:43.173+0000] {dag.py:3096} INFO - Sync 1 DAGs
[2026-10-05T19:19:43.182+0000] {logging_mixin.py:188} INFO - [2026-10-05T19:19:43.182+0000] {dag.py:3954} INFO - Setting next_dagrun for f1_data_analytics to None, run_after=None
[2026-10-05T19:19:43.198+0000] {processor.py:183} INFO - Processing /opt/airflow/dags/f1_pipeline_dag.py took 0.105 seconds
[2026-10-05T19:20:13.651+0000] {processor.py:161} INFO - Started process (PID=1107) to work on /opt/airflow/dags/f1_pipeline_dag.py
[2026-10-05T19:20:13.652+0000] {processor.py:830} INFO - Processing file /opt/airflow/dags/f1_pipeline_dag.py for tasks to queue
[2026-10-05T19:20:13.653+0000] {logging_mixin.py:188} INFO - [2026-10-05T19:20:13.653+0000] {dagbag.py:545} INFO - Filling up the DagBag from /opt/airflow/dags/f1_pipeline_dag.py
[2026-10-05T19:20:13.672+0000] {processor.py:840} INFO - DAG(s) 'f1_data_analytics' retrieved from /opt/airflow/dags/f1_pipeline_dag.py
[2026-10-05T19:20:13.717+0000] {logging_mixin.py:188} INFO - [2026-10-05T19:20:13.717+0000] {dag.py:3096} INFO - Sync 1 DAGs
[2026-10-05T19:20:13.727+0000] {logging_mixin.py:188} INFO - [2026-10-05T19:20:13.727+0000] {dag.py:3954} INFO - Setting next_dagrun for f1_data_analytics to None, run_after=None
[2026-10-05T19:20:13.742+0000] {processor.py:183} INFO - Processing /opt/airflow/dags/f1_pipeline_dag.py took 0.102 seconds
[2026-10-05T19:20:44.172+0000] {processor.py:161} INFO - Started process (PID=1108) to work on /opt/airflow/dags/f1_pipeline_dag.py
[2026-10-05T19:20:44.175+0000] {processor.py:830} INFO - Processing file /opt/airflow/dags/f1_pipeline_dag.py for tasks to queue
[2026-10-05T19:20:44.177+0000] {logging_mixin.py:188} INFO - [2026-10-05T19:20:44.176+0000] {dagbag.py:545} INFO - Filling up the DagBag from /opt/airflow/dags/f1_pipeline_dag.py
[2026-10-05T19:20:44.196+0000] {processor.py:840} INFO - DAG(s) 'f1_data_analytics' retrieved from /opt/airflow/dags/f1_pipeline_dag.py
[2026-10-05T19:20:44.244+0000] {logging_mixin.py:188} INFO - [2026-10-05T19:20:44.244+0000] {dag.py:3096} INFO - Sync 1 DAGs
[2026-10-05T19:20:44.252+0000] {logging_mixin.py:188} INFO - [2026-10-05T19:20:44.252+0000] {dag.py:3954} INFO - Setting next_dagrun for f1_data_analytics to None, run_after=None
[2026-10-05T19:20:44.267+0000] {processor.py:183} INFO - Processing /opt/airflow/dags/f1_pipeline_dag.py took 0.105 seconds
[2026-10-05T19:21:14.687+0000] {processor.py:161} INFO - Started process (PID=1109) to work on /opt/airflow/dags/f1_pipeline_dag.py
[2026-10-05T19:21:14.690+0000] {processor.py:830} INFO - Processing file /opt/airflow/dags/f1_pipeline_dag.py for tasks to queue
[2026-10-05T19:21:14.691+0000] {logging_mixin.py:188} INFO - [2026-10-05T19:21:14.691+0000] {dagbag.py:545} INFO - Filling up the DagBag from /opt/airflow/dags/f1_pipeline_dag.py
[2026-10-05T19:21:14.711+0000] {processor.py:840} INFO - DAG(s) 'f1_data_analytics' retrieved from /opt/airflow/dags/f1_pipeline_dag.py
[2026-10-05T19:21:14.759+0000] {logging_mixin.py:188} INFO - [2026-10-05T19:21:14.759+0000] {dag.py:3096} INFO - Sync 1 DAGs
[2026-10-05T19:21:14.768+0000] {logging_mixin.py:188} INFO - [2026-10-05T19:21:14.768+0000] {dag.py:3954} INFO - Setting next_dagrun for f1_data_analytics to None, run_after=None
[2026-10-05T19:21:14.783+0000] {processor.py:183} INFO - Processing /opt/airflow/dags/f1_pipeline_dag.py took 0.106 seconds
[2026-10-05T19:21:45.215+0000] {processor.py:161} INFO - Started process (PID=1110) to work on /opt/airflow/dags/f1_pipeline_dag.py
[2026-10-05T19:21:45.219+0000] {processor.py:830} INFO - Processing file /opt/airflow/dags/f1_pipeline_dag.py for tasks to queue
[2026-10-05T19:21:45.220+0000] {logging_mixin.py:188} INFO - [2026-10-05T19:21:45.220+0000] {dagbag.py:545} INFO - Filling up the DagBag from /opt/airflow/dags/f1_pipeline_dag.py
[2026-10-05T19:21:45.240+0000] {processor.py:840} INFO - DAG(s) 'f1_data_analytics' retrieved from /opt/airflow/dags/f1_pipeline_dag.py
[2026-10-05T19:21:45.285+0000] {logging_mixin.py:188} INFO - [2026-10-05T19:21:45.285+0000] {dag.py:3096} INFO - Sync 1 DAGs
[2026-10-05T19:21:45.295+0000] {logging_mixin.py:188} INFO - [2026-10-05T19:21:45.295+0000] {dag.py:3954} INFO - Setting next_dagrun for f1_data_analytics to None, run_after=None
[2026-10-05T19:21:45.311+0000] {processor.py:183} INFO - Processing /opt/airflow/dags/f1_pipeline_dag.py took 0.107 seconds
[2026-10-05T19:22:15.716+0000] {processor.py:161} INFO - Started process (PID=1111) to work on /opt/airflow/dags/f1_pipeline_dag.py
[2026-10-05T19:22:15.718+0000] {processor.py:830} INFO - Processing file /opt/airflow/dags/f1_pipeline_dag.py for tasks to queue
[2026-10-05T19:22:15.720+0000] {logging_mixin.py:188} INFO - [2026-10-05T19:22:15.719+0000] {dagbag.py:545} INFO - Filling up the DagBag from /opt/airflow/dags/f1_pipeline_dag.py
[2026-10-05T19:22:15.739+0000] {processor.py:840} INFO - DAG(s) 'f1_data_analytics' retrieved from /opt/airflow/dags/f1_pipeline_dag.py
[2026-10-05T19:22:15.784+0000] {logging_mixin.py:188} INFO - [2026-10-05T19:22:15.784+0000] {dag.py:3096} INFO - Sync 1 DAGs
[2026-10-05T19:22:15.793+0000] {logging_mixin.py:188} INFO - [2026-10-05T19:22:15.793+0000] {dag.py:3954} INFO - Setting next_dagrun for f1_data_analytics to None, run_after=None
[2026-10-05T19:22:15.808+0000] {processor.py:183} INFO - Processing /opt/airflow/dags/f1_pipeline_dag.py took 0.101 seconds
[2026-10-05T19:22:46.269+0000] {processor.py:161} INFO - Started process (PID=1112) to work on /opt/airflow/dags/f1_pipeline_dag.py
[2026-10-05T19:22:46.270+0000] {processor.py:830} INFO - Processing file /opt/airflow/dags/f1_pipeline_dag.py for tasks to queue
[2026-10-05T19:22:46.272+0000] {logging_mixin.py:188} INFO - [2026-10-05T19:22:46.271+0000] {dagbag.py:545} INFO - Filling up the DagBag from /opt/airflow/dags/f1_pipeline_dag.py
[2026-10-05T19:22:46.292+0000] {processor.py:840} INFO - DAG(s) 'f1_data_analytics' retrieved from /opt/airflow/dags/f1_pipeline_dag.py
[2026-10-05T19:22:46.339+0000] {logging_mixin.py:188} INFO - [2026-10-05T19:22:46.339+0000] {dag.py:3096} INFO - Sync 1 DAGs
[2026-10-05T19:22:46.352+0000] {logging_mixin.py:188} INFO - [2026-10-05T19:22:46.352+0000] {dag.py:3954} INFO - Setting next_dagrun for f1_data_analytics to None, run_after=None
[2026-10-05T19:22:46.381+0000] {processor.py:183} INFO - Processing /opt/airflow/dags/f1_pipeline_dag.py took 0.123 seconds
[2026-10-05T19:23:16.669+0000] {processor.py:161} INFO - Started process (PID=1113) to work on /opt/airflow/dags/f1_pipeline_dag.py
[2026-10-05T19:23:16.672+0000] {processor.py:830} INFO - Processing file /opt/airflow/dags/f1_pipeline_dag.py for tasks to queue
[2026-10-05T19:23:16.674+0000] {logging_mixin.py:188} INFO - [2026-10-05T19:23:16.673+0000] {dagbag.py:545} INFO - Filling up the DagBag from /opt/airflow/dags/f1_pipeline_dag.py
[2026-10-05T19:23:16.697+0000] {processor.py:840} INFO - DAG(s) 'f1_data_analytics' retrieved from /opt/airflow/dags/f1_pipeline_dag.py
[2026-10-05T19:23:16.754+0000] {logging_mixin.py:188} INFO - [2026-10-05T19:23:16.753+0000] {dag.py:3096} INFO - Sync 1 DAGs
[2026-10-05T19:23:16.764+0000] {logging_mixin.py:188} INFO - [2026-10-05T19:23:16.764+0000] {dag.py:3954} INFO - Setting next_dagrun for f1_data_analytics to None, run_after=None
[2026-10-05T19:23:16.780+0000] {processor.py:183} INFO - Processing /opt/airflow/dags/f1_pipeline_dag.py took 0.125 seconds
[2026-10-05T19:23:47.019+0000] {processor.py:161} INFO - Started process (PID=1114) to work on /opt/airflow/dags/f1_pipeline_dag.py
[2026-10-05T19:23:47.020+0000] {processor.py:830} INFO - Processing file /opt/airflow/dags/f1_pipeline_dag.py for tasks to queue
[2026-10-05T19:23:47.021+0000] {logging_mixin.py:188} INFO - [2026-10-05T19:23:47.021+0000] {dagbag.py:545} INFO - Filling up the DagBag from /opt/airflow/dags/f1_pipeline_dag.py
[2026-10-05T19:23:47.034+0000] {processor.py:840} INFO - DAG(s) 'f1_data_analytics' retrieved from /opt/airflow/dags/f1_pipeline_dag.py
[2026-10-05T19:23:47.069+0000] {logging_mixin.py:188} INFO - [2026-10-05T19:23:47.069+0000] {dag.py:3096} INFO - Sync 1 DAGs
[2026-10-05T19:23:47.080+0000] {logging_mixin.py:188} INFO - [2026-10-05T19:23:47.079+0000] {dag.py:3954} INFO - Setting next_dagrun for f1_data_analytics to None, run_after=None
[2026-10-05T19:23:47.097+0000] {processor.py:183} INFO - Processing /opt/airflow/dags/f1_pipeline_dag.py took 0.085 seconds
[2026-10-05T19:24:17.263+0000] {processor.py:161} INFO - Started process (PID=1115) to work on /opt/airflow/dags/f1_pipeline_dag.py
[2026-10-05T19:24:17.266+0000] {processor.py:830} INFO - Processing file /opt/airflow/dags/f1_pipeline_dag.py for tasks to queue
[2026-10-05T19:24:17.268+0000] {logging_mixin.py:188} INFO - [2026-10-05T19:24:17.268+0000] {dagbag.py:545} INFO - Filling up the DagBag from /opt/airflow/dags/f1_pipeline_dag.py
[2026-10-05T19:24:17.289+0000] {processor.py:840} INFO - DAG(s) 'f1_data_analytics' retrieved from /opt/airflow/dags/f1_pipeline_dag.py
[2026-10-05T19:24:17.335+0000] {logging_mixin.py:188} INFO - [2026-10-05T19:24:17.335+0000] {dag.py:3096} INFO - Sync 1 DAGs
[2026-10-05T19:24:17.344+0000] {logging_mixin.py:188} INFO - [2026-10-05T19:24:17.344+0000] {dag.py:3954} INFO - Setting next_dagrun for f1_data_analytics to None, run_after=None
[2026-10-05T19:24:17.360+0000] {processor.py:183} INFO - Processing /opt/airflow/dags/f1_pipeline_dag.py took 0.106 seconds
[2026-10-05T19:24:47.613+0000] {processor.py:161} INFO - Started process (PID=1116) to work on /opt/airflow/dags/f1_pipeline_dag.py
[2026-10-05T19:24:47.614+0000] {processor.py:830} INFO - Processing file /opt/airflow/dags/f1_pipeline_dag.py for tasks to queue
[2026-10-05T19:24:47.615+0000] {logging_mixin.py:188} INFO - [2026-10-05T19:24:47.615+0000] {dagbag.py:545} INFO - Filling up the DagBag from /opt/airflow/dags/f1_pipeline_dag.py
[2026-10-05T19:24:47.634+0000] {processor.py:840} INFO - DAG(s) 'f1_data_analytics' retrieved from /opt/airflow/dags/f1_pipeline_dag.py
[2026-10-05T19:24:47.679+0000] {logging_mixin.py:188} INFO - [2026-10-05T19:24:47.678+0000] {dag.py:3096} INFO - Sync 1 DAGs
[2026-10-05T19:24:47.688+0000] {logging_mixin.py:188} INFO - [2026-10-05T19:24:47.688+0000] {dag.py:3954} INFO - Setting next_dagrun for f1_data_analytics to None, run_after=None
[2026-10-05T19:24:47.706+0000] {processor.py:183} INFO - Processing /opt/airflow/dags/f1_pipeline_dag.py took 0.102 seconds
[2026-10-05T19:25:02.070+0000] {processor.py:161} INFO - Started process (PID=1117) to work on /opt/airflow/dags/f1_pipeline_dag.py
[2026-10-05T19:25:02.073+0000] {processor.py:830} INFO - Processing file /opt/airflow/dags/f1_pipeline_dag.py for tasks to queue
[2026-10-05T19:25:02.074+0000] {logging_mixin.py:188} INFO - [2026-10-05T19:25:02.074+0000] {dagbag.py:545} INFO - Filling up the DagBag from /opt/airflow/dags/f1_pipeline_dag.py
[2026-10-05T19:25:02.092+0000] {processor.py:840} INFO - DAG(s) 'f1_data_analytics' retrieved from /opt/airflow/dags/f1_pipeline_dag.py
[2026-10-05T19:25:02.202+0000] {logging_mixin.py:188} INFO - [2026-10-05T19:25:02.202+0000] {dag.py:3096} INFO - Sync 1 DAGs
[2026-10-05T19:25:02.210+0000] {logging_mixin.py:188} INFO - [2026-10-05T19:25:02.210+0000] {dag.py:3954} INFO - Setting next_dagrun for f1_data_analytics to None, run_after=None
[2026-10-05T19:25:02.227+0000] {processor.py:183} INFO - Processing /opt/airflow/dags/f1_pipeline_dag.py took 0.168 seconds
[2026-10-05T19:25:33.213+0000] {processor.py:161} INFO - Started process (PID=1118) to work on /opt/airflow/dags/f1_pipeline_dag.py
[2026-10-05T19:25:33.214+0000] {processor.py:830} INFO - Processing file /opt/airflow/dags/f1_pipeline_dag.py for tasks to queue
[2026-10-05T19:25:33.216+0000] {logging_mixin.py:188} INFO - [2026-10-05T19:25:33.216+0000] {dagbag.py:545} INFO - Filling up the DagBag from /opt/airflow/dags/f1_pipeline_dag.py
[2026-10-05T19:25:33.236+0000] {processor.py:840} INFO - DAG(s) 'f1_data_analytics' retrieved from /opt/airflow/dags/f1_pipeline_dag.py
[2026-10-05T19:25:33.290+0000] {logging_mixin.py:188} INFO - [2026-10-05T19:25:33.290+0000] {dag.py:3096} INFO - Sync 1 DAGs
[2026-10-05T19:25:33.303+0000] {logging_mixin.py:188} INFO - [2026-10-05T19:25:33.303+0000] {dag.py:3954} INFO - Setting next_dagrun for f1_data_analytics to None, run_after=None
[2026-10-05T19:25:33.321+0000] {processor.py:183} INFO - Processing /opt/airflow/dags/f1_pipeline_dag.py took 0.122 seconds
[2026-10-05T19:26:03.696+0000] {processor.py:161} INFO - Started process (PID=1119) to work on /opt/airflow/dags/f1_pipeline_dag.py
[2026-10-05T19:26:03.699+0000] {processor.py:830} INFO - Processing file /opt/airflow/dags/f1_pipeline_dag.py for tasks to queue
[2026-10-05T19:26:03.700+0000] {logging_mixin.py:188} INFO - [2026-10-05T19:26:03.699+0000] {dagbag.py:545} INFO - Filling up the DagBag from /opt/airflow/dags/f1_pipeline_dag.py
[2026-10-05T19:26:03.714+0000] {processor.py:840} INFO - DAG(s) 'f1_data_analytics' retrieved from /opt/airflow/dags/f1_pipeline_dag.py
[2026-10-05T19:26:03.750+0000] {logging_mixin.py:188} INFO - [2026-10-05T19:26:03.750+0000] {dag.py:3096} INFO - Sync 1 DAGs
[2026-10-05T19:26:03.762+0000] {logging_mixin.py:188} INFO - [2026-10-05T19:26:03.762+0000] {dag.py:3954} INFO - Setting next_dagrun for f1_data_analytics to None, run_after=None
[2026-10-05T19:26:03.777+0000] {processor.py:183} INFO - Processing /opt/airflow/dags/f1_pipeline_dag.py took 0.087 seconds
[2026-10-05T19:26:34.083+0000] {processor.py:161} INFO - Started process (PID=1120) to work on /opt/airflow/dags/f1_pipeline_dag.py
[2026-10-05T19:26:34.084+0000] {processor.py:830} INFO - Processing file /opt/airflow/dags/f1_pipeline_dag.py for tasks to queue
[2026-10-05T19:26:34.086+0000] {logging_mixin.py:188} INFO - [2026-10-05T19:26:34.085+0000] {dagbag.py:545} INFO - Filling up the DagBag from /opt/airflow/dags/f1_pipeline_dag.py
[2026-10-05T19:26:34.105+0000] {processor.py:840} INFO - DAG(s) 'f1_data_analytics' retrieved from /opt/airflow/dags/f1_pipeline_dag.py
[2026-10-05T19:26:34.152+0000] {logging_mixin.py:188} INFO - [2026-10-05T19:26:34.152+0000] {dag.py:3096} INFO - Sync 1 DAGs
[2026-10-05T19:26:34.161+0000] {logging_mixin.py:188} INFO - [2026-10-05T19:26:34.160+0000] {dag.py:3954} INFO - Setting next_dagrun for f1_data_analytics to None, run_after=None
[2026-10-05T19:26:34.176+0000] {processor.py:183} INFO - Processing /opt/airflow/dags/f1_pipeline_dag.py took 0.104 seconds
[2026-10-05T19:27:04.597+0000] {processor.py:161} INFO - Started process (PID=1121) to work on /opt/airflow/dags/f1_pipeline_dag.py
[2026-10-05T19:27:04.600+0000] {processor.py:830} INFO - Processing file /opt/airflow/dags/f1_pipeline_dag.py for tasks to queue
[2026-10-05T19:27:04.601+0000] {logging_mixin.py:188} INFO - [2026-10-05T19:27:04.601+0000] {dagbag.py:545} INFO - Filling up the DagBag from /opt/airflow/dags/f1_pipeline_dag.py
[2026-10-05T19:27:04.617+0000] {processor.py:840} INFO - DAG(s) 'f1_data_analytics' retrieved from /opt/airflow/dags/f1_pipeline_dag.py
[2026-10-05T19:27:04.654+0000] {logging_mixin.py:188} INFO - [2026-10-05T19:27:04.653+0000] {dag.py:3096} INFO - Sync 1 DAGs
[2026-10-05T19:27:04.662+0000] {logging_mixin.py:188} INFO - [2026-10-05T19:27:04.662+0000] {dag.py:3954} INFO - Setting next_dagrun for f1_data_analytics to None, run_after=None
[2026-10-05T19:27:04.677+0000] {processor.py:183} INFO - Processing /opt/airflow/dags/f1_pipeline_dag.py took 0.090 seconds
[2026-10-05T19:27:34.862+0000] {processor.py:161} INFO - Started process (PID=1122) to work on /opt/airflow/dags/f1_pipeline_dag.py
[2026-10-05T19:27:34.863+0000] {processor.py:830} INFO - Processing file /opt/airflow/dags/f1_pipeline_dag.py for tasks to queue
[2026-10-05T19:27:34.863+0000] {logging_mixin.py:188} INFO - [2026-10-05T19:27:34.863+0000] {dagbag.py:545} INFO - Filling up the DagBag from /opt/airflow/dags/f1_pipeline_dag.py
[2026-10-05T19:27:34.872+0000] {processor.py:840} INFO - DAG(s) 'f1_data_analytics' retrieved from /opt/airflow/dags/f1_pipeline_dag.py
[2026-10-05T19:27:34.905+0000] {logging_mixin.py:188} INFO - [2026-10-05T19:27:34.904+0000] {dag.py:3096} INFO - Sync 1 DAGs
[2026-10-05T19:27:34.914+0000] {logging_mixin.py:188} INFO - [2026-10-05T19:27:34.914+0000] {dag.py:3954} INFO - Setting next_dagrun for f1_data_analytics to None, run_after=None
[2026-10-05T19:27:34.930+0000] {processor.py:183} INFO - Processing /opt/airflow/dags/f1_pipeline_dag.py took 0.073 seconds
[2026-10-05T19:28:05.275+0000] {processor.py:161} INFO - Started process (PID=1123) to work on /opt/airflow/dags/f1_pipeline_dag.py
[2026-10-05T19:28:05.277+0000] {processor.py:830} INFO - Processing file /opt/airflow/dags/f1_pipeline_dag.py for tasks to queue
[2026-10-05T19:28:05.278+0000] {logging_mixin.py:188} INFO - [2026-10-05T19:28:05.277+0000] {dagbag.py:545} INFO - Filling up the DagBag from /opt/airflow/dags/f1_pipeline_dag.py
[2026-10-05T19:28:05.287+0000] {processor.py:840} INFO - DAG(s) 'f1_data_analytics' retrieved from /opt/airflow/dags/f1_pipeline_dag.py
[2026-10-05T19:28:05.328+0000] {logging_mixin.py:188} INFO - [2026-10-05T19:28:05.327+0000] {dag.py:3096} INFO - Sync 1 DAGs
[2026-10-05T19:28:05.336+0000] {logging_mixin.py:188} INFO - [2026-10-05T19:28:05.336+0000] {dag.py:3954} INFO - Setting next_dagrun for f1_data_analytics to None, run_after=None
[2026-10-05T19:28:05.351+0000] {processor.py:183} INFO - Processing /opt/airflow/dags/f1_pipeline_dag.py took 0.081 seconds
[2026-10-05T19:28:24.600+0000] {processor.py:161} INFO - Started process (PID=1124) to work on /opt/airflow/dags/f1_pipeline_dag.py
[2026-10-05T19:28:24.601+0000] {processor.py:830} INFO - Processing file /opt/airflow/dags/f1_pipeline_dag.py for tasks to queue
[2026-10-05T19:28:24.603+0000] {logging_mixin.py:188} INFO - [2026-10-05T19:28:24.602+0000] {dagbag.py:545} INFO - Filling up the DagBag from /opt/airflow/dags/f1_pipeline_dag.py
[2026-10-05T19:28:24.624+0000] {processor.py:840} INFO - DAG(s) 'f1_data_analytics' retrieved from /opt/airflow/dags/f1_pipeline_dag.py
[2026-10-05T19:28:24.728+0000] {logging_mixin.py:188} INFO - [2026-10-05T19:28:24.728+0000] {dag.py:3096} INFO - Sync 1 DAGs
[2026-10-05T19:28:24.734+0000] {logging_mixin.py:188} INFO - [2026-10-05T19:28:24.734+0000] {dag.py:3954} INFO - Setting next_dagrun for f1_data_analytics to None, run_after=None
[2026-10-05T19:28:24.752+0000] {processor.py:183} INFO - Processing /opt/airflow/dags/f1_pipeline_dag.py took 0.161 seconds
[2026-10-05T19:29:10.308+0000] {processor.py:161} INFO - Started process (PID=1173) to work on /opt/airflow/dags/f1_pipeline_dag.py
[2026-10-05T19:29:10.311+0000] {processor.py:830} INFO - Processing file /opt/airflow/dags/f1_pipeline_dag.py for tasks to queue
[2026-10-05T19:29:10.312+0000] {logging_mixin.py:188} INFO - [2026-10-05T19:29:10.312+0000] {dagbag.py:545} INFO - Filling up the DagBag from /opt/airflow/dags/f1_pipeline_dag.py
[2026-10-05T19:29:10.330+0000] {processor.py:840} INFO - DAG(s) 'f1_data_analytics' retrieved from /opt/airflow/dags/f1_pipeline_dag.py
[2026-10-05T19:29:10.369+0000] {logging_mixin.py:188} INFO - [2026-10-05T19:29:10.369+0000] {dag.py:3096} INFO - Sync 1 DAGs
[2026-10-05T19:29:10.378+0000] {logging_mixin.py:188} INFO - [2026-10-05T19:29:10.378+0000] {dag.py:3954} INFO - Setting next_dagrun for f1_data_analytics to None, run_after=None
[2026-10-05T19:29:10.394+0000] {processor.py:183} INFO - Processing /opt/airflow/dags/f1_pipeline_dag.py took 0.095 seconds
[2026-10-05T19:29:40.600+0000] {processor.py:161} INFO - Started process (PID=1183) to work on /opt/airflow/dags/f1_pipeline_dag.py
[2026-10-05T19:29:40.602+0000] {processor.py:830} INFO - Processing file /opt/airflow/dags/f1_pipeline_dag.py for tasks to queue
[2026-10-05T19:29:40.603+0000] {logging_mixin.py:188} INFO - [2026-10-05T19:29:40.602+0000] {dagbag.py:545} INFO - Filling up the DagBag from /opt/airflow/dags/f1_pipeline_dag.py
[2026-10-05T19:29:40.622+0000] {processor.py:840} INFO - DAG(s) 'f1_data_analytics' retrieved from /opt/airflow/dags/f1_pipeline_dag.py
[2026-10-05T19:29:40.666+0000] {logging_mixin.py:188} INFO - [2026-10-05T19:29:40.665+0000] {dag.py:3096} INFO - Sync 1 DAGs
[2026-10-05T19:29:40.675+0000] {logging_mixin.py:188} INFO - [2026-10-05T19:29:40.675+0000] {dag.py:3954} INFO - Setting next_dagrun for f1_data_analytics to None, run_after=None
[2026-10-05T19:29:40.691+0000] {processor.py:183} INFO - Processing /opt/airflow/dags/f1_pipeline_dag.py took 0.100 seconds
[2026-10-05T19:29:50.928+0000] {processor.py:161} INFO - Started process (PID=1184) to work on /opt/airflow/dags/f1_pipeline_dag.py
[2026-10-05T19:29:50.931+0000] {processor.py:830} INFO - Processing file /opt/airflow/dags/f1_pipeline_dag.py for tasks to queue
[2026-10-05T19:29:50.932+0000] {logging_mixin.py:188} INFO - [2026-10-05T19:29:50.931+0000] {dagbag.py:545} INFO - Filling up the DagBag from /opt/airflow/dags/f1_pipeline_dag.py
[2026-10-05T19:29:50.954+0000] {processor.py:840} INFO - DAG(s) 'f1_data_analytics' retrieved from /opt/airflow/dags/f1_pipeline_dag.py
[2026-10-05T19:29:51.061+0000] {logging_mixin.py:188} INFO - [2026-10-05T19:29:51.061+0000] {dag.py:3096} INFO - Sync 1 DAGs
[2026-10-05T19:29:51.068+0000] {logging_mixin.py:188} INFO - [2026-10-05T19:29:51.067+0000] {dag.py:3954} INFO - Setting next_dagrun for f1_data_analytics to None, run_after=None
[2026-10-05T19:29:51.084+0000] {processor.py:183} INFO - Processing /opt/airflow/dags/f1_pipeline_dag.py took 0.166 seconds
[2026-10-05T19:30:33.289+0000] {processor.py:161} INFO - Started process (PID=1233) to work on /opt/airflow/dags/f1_pipeline_dag.py
[2026-10-05T19:30:33.292+0000] {processor.py:830} INFO - Processing file /opt/airflow/dags/f1_pipeline_dag.py for tasks to queue
[2026-10-05T19:30:33.293+0000] {logging_mixin.py:188} INFO - [2026-10-05T19:30:33.292+0000] {dagbag.py:545} INFO - Filling up the DagBag from /opt/airflow/dags/f1_pipeline_dag.py
[2026-10-05T19:30:33.312+0000] {processor.py:840} INFO - DAG(s) 'f1_data_analytics' retrieved from /opt/airflow/dags/f1_pipeline_dag.py
[2026-10-05T19:30:33.363+0000] {logging_mixin.py:188} INFO - [2026-10-05T19:30:33.363+0000] {dag.py:3096} INFO - Sync 1 DAGs
[2026-10-05T19:30:33.372+0000] {logging_mixin.py:188} INFO - [2026-10-05T19:30:33.372+0000] {dag.py:3954} INFO - Setting next_dagrun for f1_data_analytics to None, run_after=None
[2026-10-05T19:30:33.387+0000] {processor.py:183} INFO - Processing /opt/airflow/dags/f1_pipeline_dag.py took 0.107 seconds
[2026-10-05T19:31:03.508+0000] {processor.py:161} INFO - Started process (PID=1749) to work on /opt/airflow/dags/f1_pipeline_dag.py
[2026-10-05T19:31:03.508+0000] {processor.py:830} INFO - Processing file /opt/airflow/dags/f1_pipeline_dag.py for tasks to queue
[2026-10-05T19:31:03.509+0000] {logging_mixin.py:188} INFO - [2026-10-05T19:31:03.509+0000] {dagbag.py:545} INFO - Filling up the DagBag from /opt/airflow/dags/f1_pipeline_dag.py
[2026-10-05T19:31:03.526+0000] {processor.py:840} INFO - DAG(s) 'f1_data_analytics' retrieved from /opt/airflow/dags/f1_pipeline_dag.py
[2026-10-05T19:31:03.565+0000] {logging_mixin.py:188} INFO - [2026-10-05T19:31:03.565+0000] {dag.py:3096} INFO - Sync 1 DAGs
[2026-10-05T19:31:03.574+0000] {logging_mixin.py:188} INFO - [2026-10-05T19:31:03.574+0000] {dag.py:3954} INFO - Setting next_dagrun for f1_data_analytics to None, run_after=None
[2026-10-05T19:31:03.591+0000] {processor.py:183} INFO - Processing /opt/airflow/dags/f1_pipeline_dag.py took 0.087 seconds
[2026-10-05T19:31:34.586+0000] {processor.py:161} INFO - Started process (PID=1919) to work on /opt/airflow/dags/f1_pipeline_dag.py
[2026-10-05T19:31:34.589+0000] {processor.py:830} INFO - Processing file /opt/airflow/dags/f1_pipeline_dag.py for tasks to queue
[2026-10-05T19:31:34.591+0000] {logging_mixin.py:188} INFO - [2026-10-05T19:31:34.590+0000] {dagbag.py:545} INFO - Filling up the DagBag from /opt/airflow/dags/f1_pipeline_dag.py
[2026-10-05T19:31:34.619+0000] {processor.py:840} INFO - DAG(s) 'f1_data_analytics' retrieved from /opt/airflow/dags/f1_pipeline_dag.py
[2026-10-05T19:31:34.662+0000] {logging_mixin.py:188} INFO - [2026-10-05T19:31:34.661+0000] {dag.py:3096} INFO - Sync 1 DAGs
[2026-10-05T19:31:34.671+0000] {logging_mixin.py:188} INFO - [2026-10-05T19:31:34.670+0000] {dag.py:3954} INFO - Setting next_dagrun for f1_data_analytics to None, run_after=None
[2026-10-05T19:31:34.687+0000] {processor.py:183} INFO - Processing /opt/airflow/dags/f1_pipeline_dag.py took 0.110 seconds
[2026-10-05T19:32:05.260+0000] {processor.py:161} INFO - Started process (PID=1920) to work on /opt/airflow/dags/f1_pipeline_dag.py
[2026-10-05T19:32:05.262+0000] {processor.py:830} INFO - Processing file /opt/airflow/dags/f1_pipeline_dag.py for tasks to queue
[2026-10-05T19:32:05.264+0000] {logging_mixin.py:188} INFO - [2026-10-05T19:32:05.263+0000] {dagbag.py:545} INFO - Filling up the DagBag from /opt/airflow/dags/f1_pipeline_dag.py
[2026-10-05T19:32:05.283+0000] {processor.py:840} INFO - DAG(s) 'f1_data_analytics' retrieved from /opt/airflow/dags/f1_pipeline_dag.py
[2026-10-05T19:32:05.329+0000] {logging_mixin.py:188} INFO - [2026-10-05T19:32:05.329+0000] {dag.py:3096} INFO - Sync 1 DAGs
[2026-10-05T19:32:05.338+0000] {logging_mixin.py:188} INFO - [2026-10-05T19:32:05.338+0000] {dag.py:3954} INFO - Setting next_dagrun for f1_data_analytics to None, run_after=None
[2026-10-05T19:32:05.354+0000] {processor.py:183} INFO - Processing /opt/airflow/dags/f1_pipeline_dag.py took 0.105 seconds
[2026-10-05T19:32:35.581+0000] {processor.py:161} INFO - Started process (PID=1921) to work on /opt/airflow/dags/f1_pipeline_dag.py
[2026-10-05T19:32:35.584+0000] {processor.py:830} INFO - Processing file /opt/airflow/dags/f1_pipeline_dag.py for tasks to queue
[2026-10-05T19:32:35.585+0000] {logging_mixin.py:188} INFO - [2026-10-05T19:32:35.585+0000] {dagbag.py:545} INFO - Filling up the DagBag from /opt/airflow/dags/f1_pipeline_dag.py
[2026-10-05T19:32:35.603+0000] {processor.py:840} INFO - DAG(s) 'f1_data_analytics' retrieved from /opt/airflow/dags/f1_pipeline_dag.py
[2026-10-05T19:32:35.651+0000] {logging_mixin.py:188} INFO - [2026-10-05T19:32:35.651+0000] {dag.py:3096} INFO - Sync 1 DAGs
[2026-10-05T19:32:35.660+0000] {logging_mixin.py:188} INFO - [2026-10-05T19:32:35.660+0000] {dag.py:3954} INFO - Setting next_dagrun for f1_data_analytics to None, run_after=None
[2026-10-05T19:32:35.676+0000] {processor.py:183} INFO - Processing /opt/airflow/dags/f1_pipeline_dag.py took 0.105 seconds
[2026-10-05T19:33:05.870+0000] {processor.py:161} INFO - Started process (PID=1922) to work on /opt/airflow/dags/f1_pipeline_dag.py
[2026-10-05T19:33:05.871+0000] {processor.py:830} INFO - Processing file /opt/airflow/dags/f1_pipeline_dag.py for tasks to queue
[2026-10-05T19:33:05.872+0000] {logging_mixin.py:188} INFO - [2026-10-05T19:33:05.872+0000] {dagbag.py:545} INFO - Filling up the DagBag from /opt/airflow/dags/f1_pipeline_dag.py
[2026-10-05T19:33:05.891+0000] {processor.py:840} INFO - DAG(s) 'f1_data_analytics' retrieved from /opt/airflow/dags/f1_pipeline_dag.py
[2026-10-05T19:33:05.937+0000] {logging_mixin.py:188} INFO - [2026-10-05T19:33:05.937+0000] {dag.py:3096} INFO - Sync 1 DAGs
[2026-10-05T19:33:05.947+0000] {logging_mixin.py:188} INFO - [2026-10-05T19:33:05.947+0000] {dag.py:3954} INFO - Setting next_dagrun for f1_data_analytics to None, run_after=None
[2026-10-05T19:33:05.964+0000] {processor.py:183} INFO - Processing /opt/airflow/dags/f1_pipeline_dag.py took 0.104 seconds
[2026-10-05T19:33:36.223+0000] {processor.py:161} INFO - Started process (PID=1923) to work on /opt/airflow/dags/f1_pipeline_dag.py
[2026-10-05T19:33:36.226+0000] {processor.py:830} INFO - Processing file /opt/airflow/dags/f1_pipeline_dag.py for tasks to queue
[2026-10-05T19:33:36.228+0000] {logging_mixin.py:188} INFO - [2026-10-05T19:33:36.227+0000] {dagbag.py:545} INFO - Filling up the DagBag from /opt/airflow/dags/f1_pipeline_dag.py
[2026-10-05T19:33:36.247+0000] {processor.py:840} INFO - DAG(s) 'f1_data_analytics' retrieved from /opt/airflow/dags/f1_pipeline_dag.py
[2026-10-05T19:33:36.293+0000] {logging_mixin.py:188} INFO - [2026-10-05T19:33:36.293+0000] {dag.py:3096} INFO - Sync 1 DAGs
[2026-10-05T19:33:36.302+0000] {logging_mixin.py:188} INFO - [2026-10-05T19:33:36.302+0000] {dag.py:3954} INFO - Setting next_dagrun for f1_data_analytics to None, run_after=None
[2026-10-05T19:33:36.320+0000] {processor.py:183} INFO - Processing /opt/airflow/dags/f1_pipeline_dag.py took 0.108 seconds
[2026-10-05T19:34:06.529+0000] {processor.py:161} INFO - Started process (PID=1924) to work on /opt/airflow/dags/f1_pipeline_dag.py
[2026-10-05T19:34:06.531+0000] {processor.py:830} INFO - Processing file /opt/airflow/dags/f1_pipeline_dag.py for tasks to queue
[2026-10-05T19:34:06.532+0000] {logging_mixin.py:188} INFO - [2026-10-05T19:34:06.531+0000] {dagbag.py:545} INFO - Filling up the DagBag from /opt/airflow/dags/f1_pipeline_dag.py
[2026-10-05T19:34:06.551+0000] {processor.py:840} INFO - DAG(s) 'f1_data_analytics' retrieved from /opt/airflow/dags/f1_pipeline_dag.py
[2026-10-05T19:34:06.597+0000] {logging_mixin.py:188} INFO - [2026-10-05T19:34:06.597+0000] {dag.py:3096} INFO - Sync 1 DAGs
[2026-10-05T19:34:06.607+0000] {logging_mixin.py:188} INFO - [2026-10-05T19:34:06.607+0000] {dag.py:3954} INFO - Setting next_dagrun for f1_data_analytics to None, run_after=None
[2026-10-05T19:34:06.622+0000] {processor.py:183} INFO - Processing /opt/airflow/dags/f1_pipeline_dag.py took 0.103 seconds
[2026-10-05T19:34:36.879+0000] {processor.py:161} INFO - Started process (PID=1925) to work on /opt/airflow/dags/f1_pipeline_dag.py
[2026-10-05T19:34:36.881+0000] {processor.py:830} INFO - Processing file /opt/airflow/dags/f1_pipeline_dag.py for tasks to queue
[2026-10-05T19:34:36.883+0000] {logging_mixin.py:188} INFO - [2026-10-05T19:34:36.882+0000] {dagbag.py:545} INFO - Filling up the DagBag from /opt/airflow/dags/f1_pipeline_dag.py
[2026-10-05T19:34:36.903+0000] {processor.py:840} INFO - DAG(s) 'f1_data_analytics' retrieved from /opt/airflow/dags/f1_pipeline_dag.py
[2026-10-05T19:34:36.948+0000] {logging_mixin.py:188} INFO - [2026-10-05T19:34:36.948+0000] {dag.py:3096} INFO - Sync 1 DAGs
[2026-10-05T19:34:36.958+0000] {logging_mixin.py:188} INFO - [2026-10-05T19:34:36.957+0000] {dag.py:3954} INFO - Setting next_dagrun for f1_data_analytics to None, run_after=None
[2026-10-05T19:34:36.974+0000] {processor.py:183} INFO - Processing /opt/airflow/dags/f1_pipeline_dag.py took 0.105 seconds
[2026-10-05T19:35:07.173+0000] {processor.py:161} INFO - Started process (PID=1926) to work on /opt/airflow/dags/f1_pipeline_dag.py
[2026-10-05T19:35:07.174+0000] {processor.py:830} INFO - Processing file /opt/airflow/dags/f1_pipeline_dag.py for tasks to queue
[2026-10-05T19:35:07.176+0000] {logging_mixin.py:188} INFO - [2026-10-05T19:35:07.175+0000] {dagbag.py:545} INFO - Filling up the DagBag from /opt/airflow/dags/f1_pipeline_dag.py
[2026-10-05T19:35:07.195+0000] {processor.py:840} INFO - DAG(s) 'f1_data_analytics' retrieved from /opt/airflow/dags/f1_pipeline_dag.py
[2026-10-05T19:35:07.239+0000] {logging_mixin.py:188} INFO - [2026-10-05T19:35:07.239+0000] {dag.py:3096} INFO - Sync 1 DAGs
[2026-10-05T19:35:07.251+0000] {logging_mixin.py:188} INFO - [2026-10-05T19:35:07.250+0000] {dag.py:3954} INFO - Setting next_dagrun for f1_data_analytics to None, run_after=None
[2026-10-05T19:35:07.266+0000] {processor.py:183} INFO - Processing /opt/airflow/dags/f1_pipeline_dag.py took 0.102 seconds
[2026-10-05T19:35:37.524+0000] {processor.py:161} INFO - Started process (PID=1928) to work on /opt/airflow/dags/f1_pipeline_dag.py
[2026-10-05T19:35:37.533+0000] {processor.py:830} INFO - Processing file /opt/airflow/dags/f1_pipeline_dag.py for tasks to queue
[2026-10-05T19:35:37.535+0000] {logging_mixin.py:188} INFO - [2026-10-05T19:35:37.534+0000] {dagbag.py:545} INFO - Filling up the DagBag from /opt/airflow/dags/f1_pipeline_dag.py
[2026-10-05T19:35:37.555+0000] {processor.py:840} INFO - DAG(s) 'f1_data_analytics' retrieved from /opt/airflow/dags/f1_pipeline_dag.py
[2026-10-05T19:35:37.603+0000] {logging_mixin.py:188} INFO - [2026-10-05T19:35:37.602+0000] {dag.py:3096} INFO - Sync 1 DAGs
[2026-10-05T19:35:37.612+0000] {logging_mixin.py:188} INFO - [2026-10-05T19:35:37.612+0000] {dag.py:3954} INFO - Setting next_dagrun for f1_data_analytics to None, run_after=None
[2026-10-05T19:35:37.629+0000] {processor.py:183} INFO - Processing /opt/airflow/dags/f1_pipeline_dag.py took 0.115 seconds
[2026-10-05T19:36:07.816+0000] {processor.py:161} INFO - Started process (PID=1929) to work on /opt/airflow/dags/f1_pipeline_dag.py
[2026-10-05T19:36:07.817+0000] {processor.py:830} INFO - Processing file /opt/airflow/dags/f1_pipeline_dag.py for tasks to queue
[2026-10-05T19:36:07.818+0000] {logging_mixin.py:188} INFO - [2026-10-05T19:36:07.818+0000] {dagbag.py:545} INFO - Filling up the DagBag from /opt/airflow/dags/f1_pipeline_dag.py
[2026-10-05T19:36:07.838+0000] {processor.py:840} INFO - DAG(s) 'f1_data_analytics' retrieved from /opt/airflow/dags/f1_pipeline_dag.py
[2026-10-05T19:36:07.883+0000] {logging_mixin.py:188} INFO - [2026-10-05T19:36:07.883+0000] {dag.py:3096} INFO - Sync 1 DAGs
[2026-10-05T19:36:07.893+0000] {logging_mixin.py:188} INFO - [2026-10-05T19:36:07.892+0000] {dag.py:3954} INFO - Setting next_dagrun for f1_data_analytics to None, run_after=None
[2026-10-05T19:36:07.908+0000] {processor.py:183} INFO - Processing /opt/airflow/dags/f1_pipeline_dag.py took 0.103 seconds
[2026-10-05T19:36:49.799+0000] {processor.py:161} INFO - Started process (PID=1978) to work on /opt/airflow/dags/f1_pipeline_dag.py
[2026-10-05T19:36:49.801+0000] {processor.py:830} INFO - Processing file /opt/airflow/dags/f1_pipeline_dag.py for tasks to queue
[2026-10-05T19:36:49.802+0000] {logging_mixin.py:188} INFO - [2026-10-05T19:36:49.802+0000] {dagbag.py:545} INFO - Filling up the DagBag from /opt/airflow/dags/f1_pipeline_dag.py
[2026-10-05T19:36:49.822+0000] {processor.py:840} INFO - DAG(s) 'f1_data_analytics' retrieved from /opt/airflow/dags/f1_pipeline_dag.py
[2026-10-05T19:36:49.870+0000] {logging_mixin.py:188} INFO - [2026-10-05T19:36:49.869+0000] {dag.py:3096} INFO - Sync 1 DAGs
[2026-10-05T19:36:49.879+0000] {logging_mixin.py:188} INFO - [2026-10-05T19:36:49.879+0000] {dag.py:3954} INFO - Setting next_dagrun for f1_data_analytics to None, run_after=None
[2026-10-05T19:36:49.896+0000] {processor.py:183} INFO - Processing /opt/airflow/dags/f1_pipeline_dag.py took 0.105 seconds
[2026-10-05T19:37:26.006+0000] {processor.py:161} INFO - Started process (PID=2520) to work on /opt/airflow/dags/f1_pipeline_dag.py
[2026-10-05T19:37:26.009+0000] {processor.py:830} INFO - Processing file /opt/airflow/dags/f1_pipeline_dag.py for tasks to queue
[2026-10-05T19:37:26.010+0000] {logging_mixin.py:188} INFO - [2026-10-05T19:37:26.009+0000] {dagbag.py:545} INFO - Filling up the DagBag from /opt/airflow/dags/f1_pipeline_dag.py
[2026-10-05T19:37:26.027+0000] {processor.py:840} INFO - DAG(s) 'f1_data_analytics' retrieved from /opt/airflow/dags/f1_pipeline_dag.py
[2026-10-05T19:37:26.060+0000] {logging_mixin.py:188} INFO - [2026-10-05T19:37:26.060+0000] {dag.py:3096} INFO - Sync 1 DAGs
[2026-10-05T19:37:26.069+0000] {logging_mixin.py:188} INFO - [2026-10-05T19:37:26.068+0000] {dag.py:3954} INFO - Setting next_dagrun for f1_data_analytics to None, run_after=None
[2026-10-05T19:37:26.084+0000] {processor.py:183} INFO - Processing /opt/airflow/dags/f1_pipeline_dag.py took 0.088 seconds
[2026-10-05T19:37:56.281+0000] {processor.py:161} INFO - Started process (PID=2521) to work on /opt/airflow/dags/f1_pipeline_dag.py
[2026-10-05T19:37:56.282+0000] {processor.py:830} INFO - Processing file /opt/airflow/dags/f1_pipeline_dag.py for tasks to queue
[2026-10-05T19:37:56.284+0000] {logging_mixin.py:188} INFO - [2026-10-05T19:37:56.283+0000] {dagbag.py:545} INFO - Filling up the DagBag from /opt/airflow/dags/f1_pipeline_dag.py
[2026-10-05T19:37:56.304+0000] {processor.py:840} INFO - DAG(s) 'f1_data_analytics' retrieved from /opt/airflow/dags/f1_pipeline_dag.py
[2026-10-05T19:37:56.349+0000] {logging_mixin.py:188} INFO - [2026-10-05T19:37:56.349+0000] {dag.py:3096} INFO - Sync 1 DAGs
[2026-10-05T19:37:56.360+0000] {logging_mixin.py:188} INFO - [2026-10-05T19:37:56.360+0000] {dag.py:3954} INFO - Setting next_dagrun for f1_data_analytics to None, run_after=None
[2026-10-05T19:37:56.376+0000] {processor.py:183} INFO - Processing /opt/airflow/dags/f1_pipeline_dag.py took 0.107 seconds
[2026-10-05T19:38:26.822+0000] {processor.py:161} INFO - Started process (PID=2522) to work on /opt/airflow/dags/f1_pipeline_dag.py
[2026-10-05T19:38:26.826+0000] {processor.py:830} INFO - Processing file /opt/airflow/dags/f1_pipeline_dag.py for tasks to queue
[2026-10-05T19:38:26.827+0000] {logging_mixin.py:188} INFO - [2026-10-05T19:38:26.827+0000] {dagbag.py:545} INFO - Filling up the DagBag from /opt/airflow/dags/f1_pipeline_dag.py
[2026-10-05T19:38:26.850+0000] {processor.py:840} INFO - DAG(s) 'f1_data_analytics' retrieved from /opt/airflow/dags/f1_pipeline_dag.py
[2026-10-05T19:38:26.898+0000] {logging_mixin.py:188} INFO - [2026-10-05T19:38:26.898+0000] {dag.py:3096} INFO - Sync 1 DAGs
[2026-10-05T19:38:26.908+0000] {logging_mixin.py:188} INFO - [2026-10-05T19:38:26.908+0000] {dag.py:3954} INFO - Setting next_dagrun for f1_data_analytics to None, run_after=None
[2026-10-05T19:38:26.924+0000] {processor.py:183} INFO - Processing /opt/airflow/dags/f1_pipeline_dag.py took 0.112 seconds
[2026-10-05T19:39:09.952+0000] {processor.py:161} INFO - Started process (PID=2864) to work on /opt/airflow/dags/f1_pipeline_dag.py
[2026-10-05T19:39:09.955+0000] {processor.py:830} INFO - Processing file /opt/airflow/dags/f1_pipeline_dag.py for tasks to queue
[2026-10-05T19:39:09.956+0000] {logging_mixin.py:188} INFO - [2026-10-05T19:39:09.955+0000] {dagbag.py:545} INFO - Filling up the DagBag from /opt/airflow/dags/f1_pipeline_dag.py
[2026-10-05T19:39:09.975+0000] {processor.py:840} INFO - DAG(s) 'f1_data_analytics' retrieved from /opt/airflow/dags/f1_pipeline_dag.py
[2026-10-05T19:39:10.020+0000] {logging_mixin.py:188} INFO - [2026-10-05T19:39:10.020+0000] {dag.py:3096} INFO - Sync 1 DAGs
[2026-10-05T19:39:10.030+0000] {logging_mixin.py:188} INFO - [2026-10-05T19:39:10.029+0000] {dag.py:3954} INFO - Setting next_dagrun for f1_data_analytics to None, run_after=None
[2026-10-05T19:39:10.045+0000] {processor.py:183} INFO - Processing /opt/airflow/dags/f1_pipeline_dag.py took 0.102 seconds
[2026-10-05T19:39:40.540+0000] {processor.py:161} INFO - Started process (PID=3112) to work on /opt/airflow/dags/f1_pipeline_dag.py
[2026-10-05T19:39:40.543+0000] {processor.py:830} INFO - Processing file /opt/airflow/dags/f1_pipeline_dag.py for tasks to queue
[2026-10-05T19:39:40.545+0000] {logging_mixin.py:188} INFO - [2026-10-05T19:39:40.544+0000] {dagbag.py:545} INFO - Filling up the DagBag from /opt/airflow/dags/f1_pipeline_dag.py
[2026-10-05T19:39:40.565+0000] {processor.py:840} INFO - DAG(s) 'f1_data_analytics' retrieved from /opt/airflow/dags/f1_pipeline_dag.py
[2026-10-05T19:39:40.612+0000] {logging_mixin.py:188} INFO - [2026-10-05T19:39:40.611+0000] {dag.py:3096} INFO - Sync 1 DAGs
[2026-10-05T19:39:40.621+0000] {logging_mixin.py:188} INFO - [2026-10-05T19:39:40.621+0000] {dag.py:3954} INFO - Setting next_dagrun for f1_data_analytics to None, run_after=None
[2026-10-05T19:39:40.638+0000] {processor.py:183} INFO - Processing /opt/airflow/dags/f1_pipeline_dag.py took 0.108 seconds
[2026-10-05T19:40:10.829+0000] {processor.py:161} INFO - Started process (PID=3113) to work on /opt/airflow/dags/f1_pipeline_dag.py
[2026-10-05T19:40:10.830+0000] {processor.py:830} INFO - Processing file /opt/airflow/dags/f1_pipeline_dag.py for tasks to queue
[2026-10-05T19:40:10.830+0000] {logging_mixin.py:188} INFO - [2026-10-05T19:40:10.830+0000] {dagbag.py:545} INFO - Filling up the DagBag from /opt/airflow/dags/f1_pipeline_dag.py
[2026-10-05T19:40:10.840+0000] {processor.py:840} INFO - DAG(s) 'f1_data_analytics' retrieved from /opt/airflow/dags/f1_pipeline_dag.py
[2026-10-05T19:40:10.871+0000] {logging_mixin.py:188} INFO - [2026-10-05T19:40:10.870+0000] {dag.py:3096} INFO - Sync 1 DAGs
[2026-10-05T19:40:10.881+0000] {logging_mixin.py:188} INFO - [2026-10-05T19:40:10.880+0000] {dag.py:3954} INFO - Setting next_dagrun for f1_data_analytics to None, run_after=None
[2026-10-05T19:40:10.897+0000] {processor.py:183} INFO - Processing /opt/airflow/dags/f1_pipeline_dag.py took 0.073 seconds
[2026-10-05T19:40:41.158+0000] {processor.py:161} INFO - Started process (PID=3114) to work on /opt/airflow/dags/f1_pipeline_dag.py
[2026-10-05T19:40:41.161+0000] {processor.py:830} INFO - Processing file /opt/airflow/dags/f1_pipeline_dag.py for tasks to queue
[2026-10-05T19:40:41.163+0000] {logging_mixin.py:188} INFO - [2026-10-05T19:40:41.162+0000] {dagbag.py:545} INFO - Filling up the DagBag from /opt/airflow/dags/f1_pipeline_dag.py
[2026-10-05T19:40:41.182+0000] {processor.py:840} INFO - DAG(s) 'f1_data_analytics' retrieved from /opt/airflow/dags/f1_pipeline_dag.py
[2026-10-05T19:40:41.230+0000] {logging_mixin.py:188} INFO - [2026-10-05T19:40:41.230+0000] {dag.py:3096} INFO - Sync 1 DAGs
[2026-10-05T19:40:41.239+0000] {logging_mixin.py:188} INFO - [2026-10-05T19:40:41.239+0000] {dag.py:3954} INFO - Setting next_dagrun for f1_data_analytics to None, run_after=None
[2026-10-05T19:40:41.254+0000] {processor.py:183} INFO - Processing /opt/airflow/dags/f1_pipeline_dag.py took 0.106 seconds
[2026-10-05T19:41:11.507+0000] {processor.py:161} INFO - Started process (PID=3115) to work on /opt/airflow/dags/f1_pipeline_dag.py
[2026-10-05T19:41:11.509+0000] {processor.py:830} INFO - Processing file /opt/airflow/dags/f1_pipeline_dag.py for tasks to queue
[2026-10-05T19:41:11.510+0000] {logging_mixin.py:188} INFO - [2026-10-05T19:41:11.510+0000] {dagbag.py:545} INFO - Filling up the DagBag from /opt/airflow/dags/f1_pipeline_dag.py
[2026-10-05T19:41:11.528+0000] {processor.py:840} INFO - DAG(s) 'f1_data_analytics' retrieved from /opt/airflow/dags/f1_pipeline_dag.py
[2026-10-05T19:41:11.576+0000] {logging_mixin.py:188} INFO - [2026-10-05T19:41:11.576+0000] {dag.py:3096} INFO - Sync 1 DAGs
[2026-10-05T19:41:11.584+0000] {logging_mixin.py:188} INFO - [2026-10-05T19:41:11.584+0000] {dag.py:3954} INFO - Setting next_dagrun for f1_data_analytics to None, run_after=None
[2026-10-05T19:41:11.600+0000] {processor.py:183} INFO - Processing /opt/airflow/dags/f1_pipeline_dag.py took 0.103 seconds
[2026-10-05T19:41:41.840+0000] {processor.py:161} INFO - Started process (PID=3116) to work on /opt/airflow/dags/f1_pipeline_dag.py
[2026-10-05T19:41:41.848+0000] {processor.py:830} INFO - Processing file /opt/airflow/dags/f1_pipeline_dag.py for tasks to queue
[2026-10-05T19:41:41.849+0000] {logging_mixin.py:188} INFO - [2026-10-05T19:41:41.849+0000] {dagbag.py:545} INFO - Filling up the DagBag from /opt/airflow/dags/f1_pipeline_dag.py
[2026-10-05T19:41:41.869+0000] {processor.py:840} INFO - DAG(s) 'f1_data_analytics' retrieved from /opt/airflow/dags/f1_pipeline_dag.py
[2026-10-05T19:41:41.920+0000] {logging_mixin.py:188} INFO - [2026-10-05T19:41:41.919+0000] {dag.py:3096} INFO - Sync 1 DAGs
[2026-10-05T19:41:41.928+0000] {logging_mixin.py:188} INFO - [2026-10-05T19:41:41.928+0000] {dag.py:3954} INFO - Setting next_dagrun for f1_data_analytics to None, run_after=None
[2026-10-05T19:41:41.944+0000] {processor.py:183} INFO - Processing /opt/airflow/dags/f1_pipeline_dag.py took 0.108 seconds
[2026-10-05T19:42:12.141+0000] {processor.py:161} INFO - Started process (PID=3117) to work on /opt/airflow/dags/f1_pipeline_dag.py
[2026-10-05T19:42:12.142+0000] {processor.py:830} INFO - Processing file /opt/airflow/dags/f1_pipeline_dag.py for tasks to queue
[2026-10-05T19:42:12.143+0000] {logging_mixin.py:188} INFO - [2026-10-05T19:42:12.142+0000] {dagbag.py:545} INFO - Filling up the DagBag from /opt/airflow/dags/f1_pipeline_dag.py
[2026-10-05T19:42:12.161+0000] {processor.py:840} INFO - DAG(s) 'f1_data_analytics' retrieved from /opt/airflow/dags/f1_pipeline_dag.py
[2026-10-05T19:42:12.210+0000] {logging_mixin.py:188} INFO - [2026-10-05T19:42:12.209+0000] {dag.py:3096} INFO - Sync 1 DAGs
[2026-10-05T19:42:12.220+0000] {logging_mixin.py:188} INFO - [2026-10-05T19:42:12.219+0000] {dag.py:3954} INFO - Setting next_dagrun for f1_data_analytics to None, run_after=None
[2026-10-05T19:42:12.236+0000] {processor.py:183} INFO - Processing /opt/airflow/dags/f1_pipeline_dag.py took 0.102 seconds
[2026-10-05T19:42:42.419+0000] {processor.py:161} INFO - Started process (PID=3118) to work on /opt/airflow/dags/f1_pipeline_dag.py
[2026-10-05T19:42:42.422+0000] {processor.py:830} INFO - Processing file /opt/airflow/dags/f1_pipeline_dag.py for tasks to queue
[2026-10-05T19:42:42.423+0000] {logging_mixin.py:188} INFO - [2026-10-05T19:42:42.423+0000] {dagbag.py:545} INFO - Filling up the DagBag from /opt/airflow/dags/f1_pipeline_dag.py
[2026-10-05T19:42:42.441+0000] {processor.py:840} INFO - DAG(s) 'f1_data_analytics' retrieved from /opt/airflow/dags/f1_pipeline_dag.py
[2026-10-05T19:42:42.490+0000] {logging_mixin.py:188} INFO - [2026-10-05T19:42:42.490+0000] {dag.py:3096} INFO - Sync 1 DAGs
[2026-10-05T19:42:42.499+0000] {logging_mixin.py:188} INFO - [2026-10-05T19:42:42.499+0000] {dag.py:3954} INFO - Setting next_dagrun for f1_data_analytics to None, run_after=None
[2026-10-05T19:42:42.514+0000] {processor.py:183} INFO - Processing /opt/airflow/dags/f1_pipeline_dag.py took 0.105 seconds
[2026-10-05T19:43:12.755+0000] {processor.py:161} INFO - Started process (PID=3119) to work on /opt/airflow/dags/f1_pipeline_dag.py
[2026-10-05T19:43:12.757+0000] {processor.py:830} INFO - Processing file /opt/airflow/dags/f1_pipeline_dag.py for tasks to queue
[2026-10-05T19:43:12.758+0000] {logging_mixin.py:188} INFO - [2026-10-05T19:43:12.758+0000] {dagbag.py:545} INFO - Filling up the DagBag from /opt/airflow/dags/f1_pipeline_dag.py
[2026-10-05T19:43:12.777+0000] {processor.py:840} INFO - DAG(s) 'f1_data_analytics' retrieved from /opt/airflow/dags/f1_pipeline_dag.py
[2026-10-05T19:43:12.824+0000] {logging_mixin.py:188} INFO - [2026-10-05T19:43:12.824+0000] {dag.py:3096} INFO - Sync 1 DAGs
[2026-10-05T19:43:12.833+0000] {logging_mixin.py:188} INFO - [2026-10-05T19:43:12.833+0000] {dag.py:3954} INFO - Setting next_dagrun for f1_data_analytics to None, run_after=None
[2026-10-05T19:43:12.856+0000] {processor.py:183} INFO - Processing /opt/airflow/dags/f1_pipeline_dag.py took 0.110 seconds
[2026-10-05T19:43:43.055+0000] {processor.py:161} INFO - Started process (PID=3120) to work on /opt/airflow/dags/f1_pipeline_dag.py
[2026-10-05T19:43:43.058+0000] {processor.py:830} INFO - Processing file /opt/airflow/dags/f1_pipeline_dag.py for tasks to queue
[2026-10-05T19:43:43.060+0000] {logging_mixin.py:188} INFO - [2026-10-05T19:43:43.059+0000] {dagbag.py:545} INFO - Filling up the DagBag from /opt/airflow/dags/f1_pipeline_dag.py
[2026-10-05T19:43:43.080+0000] {processor.py:840} INFO - DAG(s) 'f1_data_analytics' retrieved from /opt/airflow/dags/f1_pipeline_dag.py
[2026-10-05T19:43:43.129+0000] {logging_mixin.py:188} INFO - [2026-10-05T19:43:43.129+0000] {dag.py:3096} INFO - Sync 1 DAGs
[2026-10-05T19:43:43.138+0000] {logging_mixin.py:188} INFO - [2026-10-05T19:43:43.138+0000] {dag.py:3954} INFO - Setting next_dagrun for f1_data_analytics to None, run_after=None
[2026-10-05T19:43:43.152+0000] {processor.py:183} INFO - Processing /opt/airflow/dags/f1_pipeline_dag.py took 0.107 seconds
[2026-10-05T19:44:13.357+0000] {processor.py:161} INFO - Started process (PID=3121) to work on /opt/airflow/dags/f1_pipeline_dag.py
[2026-10-05T19:44:13.359+0000] {processor.py:830} INFO - Processing file /opt/airflow/dags/f1_pipeline_dag.py for tasks to queue
[2026-10-05T19:44:13.361+0000] {logging_mixin.py:188} INFO - [2026-10-05T19:44:13.360+0000] {dagbag.py:545} INFO - Filling up the DagBag from /opt/airflow/dags/f1_pipeline_dag.py
[2026-10-05T19:44:13.379+0000] {processor.py:840} INFO - DAG(s) 'f1_data_analytics' retrieved from /opt/airflow/dags/f1_pipeline_dag.py
[2026-10-05T19:44:13.428+0000] {logging_mixin.py:188} INFO - [2026-10-05T19:44:13.427+0000] {dag.py:3096} INFO - Sync 1 DAGs
[2026-10-05T19:44:13.437+0000] {logging_mixin.py:188} INFO - [2026-10-05T19:44:13.436+0000] {dag.py:3954} INFO - Setting next_dagrun for f1_data_analytics to None, run_after=None
[2026-10-05T19:44:13.451+0000] {processor.py:183} INFO - Processing /opt/airflow/dags/f1_pipeline_dag.py took 0.104 seconds
[2026-10-05T19:44:43.662+0000] {processor.py:161} INFO - Started process (PID=3122) to work on /opt/airflow/dags/f1_pipeline_dag.py
[2026-10-05T19:44:43.665+0000] {processor.py:830} INFO - Processing file /opt/airflow/dags/f1_pipeline_dag.py for tasks to queue
[2026-10-05T19:44:43.666+0000] {logging_mixin.py:188} INFO - [2026-10-05T19:44:43.666+0000] {dagbag.py:545} INFO - Filling up the DagBag from /opt/airflow/dags/f1_pipeline_dag.py
[2026-10-05T19:44:43.686+0000] {processor.py:840} INFO - DAG(s) 'f1_data_analytics' retrieved from /opt/airflow/dags/f1_pipeline_dag.py
[2026-10-05T19:44:43.732+0000] {logging_mixin.py:188} INFO - [2026-10-05T19:44:43.731+0000] {dag.py:3096} INFO - Sync 1 DAGs
[2026-10-05T19:44:43.740+0000] {logging_mixin.py:188} INFO - [2026-10-05T19:44:43.740+0000] {dag.py:3954} INFO - Setting next_dagrun for f1_data_analytics to None, run_after=None
[2026-10-05T19:44:43.755+0000] {processor.py:183} INFO - Processing /opt/airflow/dags/f1_pipeline_dag.py took 0.104 seconds
[2026-10-05T19:45:13.965+0000] {processor.py:161} INFO - Started process (PID=3123) to work on /opt/airflow/dags/f1_pipeline_dag.py
[2026-10-05T19:45:13.966+0000] {processor.py:830} INFO - Processing file /opt/airflow/dags/f1_pipeline_dag.py for tasks to queue
[2026-10-05T19:45:13.968+0000] {logging_mixin.py:188} INFO - [2026-10-05T19:45:13.967+0000] {dagbag.py:545} INFO - Filling up the DagBag from /opt/airflow/dags/f1_pipeline_dag.py
[2026-10-05T19:45:13.987+0000] {processor.py:840} INFO - DAG(s) 'f1_data_analytics' retrieved from /opt/airflow/dags/f1_pipeline_dag.py
[2026-10-05T19:45:14.029+0000] {logging_mixin.py:188} INFO - [2026-10-05T19:45:14.029+0000] {dag.py:3096} INFO - Sync 1 DAGs
[2026-10-05T19:45:14.039+0000] {logging_mixin.py:188} INFO - [2026-10-05T19:45:14.039+0000] {dag.py:3954} INFO - Setting next_dagrun for f1_data_analytics to None, run_after=None
[2026-10-05T19:45:14.055+0000] {processor.py:183} INFO - Processing /opt/airflow/dags/f1_pipeline_dag.py took 0.099 seconds
[2026-10-05T19:45:44.274+0000] {processor.py:161} INFO - Started process (PID=3124) to work on /opt/airflow/dags/f1_pipeline_dag.py
[2026-10-05T19:45:44.277+0000] {processor.py:830} INFO - Processing file /opt/airflow/dags/f1_pipeline_dag.py for tasks to queue
[2026-10-05T19:45:44.279+0000] {logging_mixin.py:188} INFO - [2026-10-05T19:45:44.278+0000] {dagbag.py:545} INFO - Filling up the DagBag from /opt/airflow/dags/f1_pipeline_dag.py
[2026-10-05T19:45:44.298+0000] {processor.py:840} INFO - DAG(s) 'f1_data_analytics' retrieved from /opt/airflow/dags/f1_pipeline_dag.py
[2026-10-05T19:45:44.343+0000] {logging_mixin.py:188} INFO - [2026-10-05T19:45:44.343+0000] {dag.py:3096} INFO - Sync 1 DAGs
[2026-10-05T19:45:44.353+0000] {logging_mixin.py:188} INFO - [2026-10-05T19:45:44.352+0000] {dag.py:3954} INFO - Setting next_dagrun for f1_data_analytics to None, run_after=None
[2026-10-05T19:45:44.368+0000] {processor.py:183} INFO - Processing /opt/airflow/dags/f1_pipeline_dag.py took 0.104 seconds
[2026-10-05T19:46:14.582+0000] {processor.py:161} INFO - Started process (PID=3125) to work on /opt/airflow/dags/f1_pipeline_dag.py
[2026-10-05T19:46:14.585+0000] {processor.py:830} INFO - Processing file /opt/airflow/dags/f1_pipeline_dag.py for tasks to queue
[2026-10-05T19:46:14.586+0000] {logging_mixin.py:188} INFO - [2026-10-05T19:46:14.586+0000] {dagbag.py:545} INFO - Filling up the DagBag from /opt/airflow/dags/f1_pipeline_dag.py
[2026-10-05T19:46:14.610+0000] {processor.py:840} INFO - DAG(s) 'f1_data_analytics' retrieved from /opt/airflow/dags/f1_pipeline_dag.py
[2026-10-05T19:46:14.688+0000] {logging_mixin.py:188} INFO - [2026-10-05T19:46:14.688+0000] {dag.py:3096} INFO - Sync 1 DAGs
[2026-10-05T19:46:14.715+0000] {logging_mixin.py:188} INFO - [2026-10-05T19:46:14.715+0000] {dag.py:3954} INFO - Setting next_dagrun for f1_data_analytics to None, run_after=None
[2026-10-05T19:46:14.743+0000] {processor.py:183} INFO - Processing /opt/airflow/dags/f1_pipeline_dag.py took 0.170 seconds
[2026-10-05T19:46:44.881+0000] {processor.py:161} INFO - Started process (PID=3126) to work on /opt/airflow/dags/f1_pipeline_dag.py
[2026-10-05T19:46:44.883+0000] {processor.py:830} INFO - Processing file /opt/airflow/dags/f1_pipeline_dag.py for tasks to queue
[2026-10-05T19:46:44.884+0000] {logging_mixin.py:188} INFO - [2026-10-05T19:46:44.883+0000] {dagbag.py:545} INFO - Filling up the DagBag from /opt/airflow/dags/f1_pipeline_dag.py
[2026-10-05T19:46:44.903+0000] {processor.py:840} INFO - DAG(s) 'f1_data_analytics' retrieved from /opt/airflow/dags/f1_pipeline_dag.py
[2026-10-05T19:46:44.939+0000] {logging_mixin.py:188} INFO - [2026-10-05T19:46:44.939+0000] {dag.py:3096} INFO - Sync 1 DAGs
[2026-10-05T19:46:44.948+0000] {logging_mixin.py:188} INFO - [2026-10-05T19:46:44.948+0000] {dag.py:3954} INFO - Setting next_dagrun for f1_data_analytics to None, run_after=None
[2026-10-05T19:46:44.964+0000] {processor.py:183} INFO - Processing /opt/airflow/dags/f1_pipeline_dag.py took 0.094 seconds
[2026-10-05T19:47:15.084+0000] {processor.py:161} INFO - Started process (PID=3127) to work on /opt/airflow/dags/f1_pipeline_dag.py
[2026-10-05T19:47:15.086+0000] {processor.py:830} INFO - Processing file /opt/airflow/dags/f1_pipeline_dag.py for tasks to queue
[2026-10-05T19:47:15.087+0000] {logging_mixin.py:188} INFO - [2026-10-05T19:47:15.087+0000] {dagbag.py:545} INFO - Filling up the DagBag from /opt/airflow/dags/f1_pipeline_dag.py
[2026-10-05T19:47:15.098+0000] {processor.py:840} INFO - DAG(s) 'f1_data_analytics' retrieved from /opt/airflow/dags/f1_pipeline_dag.py
[2026-10-05T19:47:15.139+0000] {logging_mixin.py:188} INFO - [2026-10-05T19:47:15.139+0000] {dag.py:3096} INFO - Sync 1 DAGs
[2026-10-05T19:47:15.152+0000] {logging_mixin.py:188} INFO - [2026-10-05T19:47:15.152+0000] {dag.py:3954} INFO - Setting next_dagrun for f1_data_analytics to None, run_after=None
[2026-10-05T19:47:15.170+0000] {processor.py:183} INFO - Processing /opt/airflow/dags/f1_pipeline_dag.py took 0.093 seconds
[2026-10-05T19:47:45.279+0000] {processor.py:161} INFO - Started process (PID=3128) to work on /opt/airflow/dags/f1_pipeline_dag.py
[2026-10-05T19:47:45.280+0000] {processor.py:830} INFO - Processing file /opt/airflow/dags/f1_pipeline_dag.py for tasks to queue
[2026-10-05T19:47:45.281+0000] {logging_mixin.py:188} INFO - [2026-10-05T19:47:45.281+0000] {dagbag.py:545} INFO - Filling up the DagBag from /opt/airflow/dags/f1_pipeline_dag.py
[2026-10-05T19:47:45.304+0000] {processor.py:840} INFO - DAG(s) 'f1_data_analytics' retrieved from /opt/airflow/dags/f1_pipeline_dag.py
[2026-10-05T19:47:45.348+0000] {logging_mixin.py:188} INFO - [2026-10-05T19:47:45.348+0000] {dag.py:3096} INFO - Sync 1 DAGs
[2026-10-05T19:47:45.358+0000] {logging_mixin.py:188} INFO - [2026-10-05T19:47:45.358+0000] {dag.py:3954} INFO - Setting next_dagrun for f1_data_analytics to None, run_after=None
[2026-10-05T19:47:45.375+0000] {processor.py:183} INFO - Processing /opt/airflow/dags/f1_pipeline_dag.py took 0.106 seconds
[2026-10-05T19:48:15.578+0000] {processor.py:161} INFO - Started process (PID=3129) to work on /opt/airflow/dags/f1_pipeline_dag.py
[2026-10-05T19:48:15.581+0000] {processor.py:830} INFO - Processing file /opt/airflow/dags/f1_pipeline_dag.py for tasks to queue
[2026-10-05T19:48:15.583+0000] {logging_mixin.py:188} INFO - [2026-10-05T19:48:15.582+0000] {dagbag.py:545} INFO - Filling up the DagBag from /opt/airflow/dags/f1_pipeline_dag.py
[2026-10-05T19:48:15.602+0000] {processor.py:840} INFO - DAG(s) 'f1_data_analytics' retrieved from /opt/airflow/dags/f1_pipeline_dag.py
[2026-10-05T19:48:15.648+0000] {logging_mixin.py:188} INFO - [2026-10-05T19:48:15.647+0000] {dag.py:3096} INFO - Sync 1 DAGs
[2026-10-05T19:48:15.656+0000] {logging_mixin.py:188} INFO - [2026-10-05T19:48:15.656+0000] {dag.py:3954} INFO - Setting next_dagrun for f1_data_analytics to None, run_after=None
[2026-10-05T19:48:15.672+0000] {processor.py:183} INFO - Processing /opt/airflow/dags/f1_pipeline_dag.py took 0.104 seconds
[2026-10-05T19:48:45.883+0000] {processor.py:161} INFO - Started process (PID=3130) to work on /opt/airflow/dags/f1_pipeline_dag.py
[2026-10-05T19:48:45.884+0000] {processor.py:830} INFO - Processing file /opt/airflow/dags/f1_pipeline_dag.py for tasks to queue
[2026-10-05T19:48:45.886+0000] {logging_mixin.py:188} INFO - [2026-10-05T19:48:45.885+0000] {dagbag.py:545} INFO - Filling up the DagBag from /opt/airflow/dags/f1_pipeline_dag.py
[2026-10-05T19:48:45.908+0000] {processor.py:840} INFO - DAG(s) 'f1_data_analytics' retrieved from /opt/airflow/dags/f1_pipeline_dag.py
[2026-10-05T19:48:45.951+0000] {logging_mixin.py:188} INFO - [2026-10-05T19:48:45.951+0000] {dag.py:3096} INFO - Sync 1 DAGs
[2026-10-05T19:48:45.960+0000] {logging_mixin.py:188} INFO - [2026-10-05T19:48:45.960+0000] {dag.py:3954} INFO - Setting next_dagrun for f1_data_analytics to None, run_after=None
[2026-10-05T19:48:45.981+0000] {processor.py:183} INFO - Processing /opt/airflow/dags/f1_pipeline_dag.py took 0.108 seconds
[2026-10-05T19:49:16.178+0000] {processor.py:161} INFO - Started process (PID=3131) to work on /opt/airflow/dags/f1_pipeline_dag.py
[2026-10-05T19:49:16.186+0000] {processor.py:830} INFO - Processing file /opt/airflow/dags/f1_pipeline_dag.py for tasks to queue
[2026-10-05T19:49:16.187+0000] {logging_mixin.py:188} INFO - [2026-10-05T19:49:16.187+0000] {dagbag.py:545} INFO - Filling up the DagBag from /opt/airflow/dags/f1_pipeline_dag.py
[2026-10-05T19:49:16.198+0000] {processor.py:840} INFO - DAG(s) 'f1_data_analytics' retrieved from /opt/airflow/dags/f1_pipeline_dag.py
[2026-10-05T19:49:16.259+0000] {logging_mixin.py:188} INFO - [2026-10-05T19:49:16.259+0000] {dag.py:3096} INFO - Sync 1 DAGs
[2026-10-05T19:49:16.274+0000] {logging_mixin.py:188} INFO - [2026-10-05T19:49:16.274+0000] {dag.py:3954} INFO - Setting next_dagrun for f1_data_analytics to None, run_after=None
[2026-10-05T19:49:16.297+0000] {processor.py:183} INFO - Processing /opt/airflow/dags/f1_pipeline_dag.py took 0.126 seconds
[2026-10-05T19:49:46.479+0000] {processor.py:161} INFO - Started process (PID=3132) to work on /opt/airflow/dags/f1_pipeline_dag.py
[2026-10-05T19:49:46.480+0000] {processor.py:830} INFO - Processing file /opt/airflow/dags/f1_pipeline_dag.py for tasks to queue
[2026-10-05T19:49:46.482+0000] {logging_mixin.py:188} INFO - [2026-10-05T19:49:46.481+0000] {dagbag.py:545} INFO - Filling up the DagBag from /opt/airflow/dags/f1_pipeline_dag.py
[2026-10-05T19:49:46.495+0000] {processor.py:840} INFO - DAG(s) 'f1_data_analytics' retrieved from /opt/airflow/dags/f1_pipeline_dag.py
[2026-10-05T19:49:46.525+0000] {logging_mixin.py:188} INFO - [2026-10-05T19:49:46.525+0000] {dag.py:3096} INFO - Sync 1 DAGs
[2026-10-05T19:49:46.535+0000] {logging_mixin.py:188} INFO - [2026-10-05T19:49:46.535+0000] {dag.py:3954} INFO - Setting next_dagrun for f1_data_analytics to None, run_after=None
[2026-10-05T19:49:46.551+0000] {processor.py:183} INFO - Processing /opt/airflow/dags/f1_pipeline_dag.py took 0.081 seconds
[2026-10-05T19:50:16.671+0000] {processor.py:161} INFO - Started process (PID=3133) to work on /opt/airflow/dags/f1_pipeline_dag.py
[2026-10-05T19:50:16.680+0000] {processor.py:830} INFO - Processing file /opt/airflow/dags/f1_pipeline_dag.py for tasks to queue
[2026-10-05T19:50:16.682+0000] {logging_mixin.py:188} INFO - [2026-10-05T19:50:16.681+0000] {dagbag.py:545} INFO - Filling up the DagBag from /opt/airflow/dags/f1_pipeline_dag.py
[2026-10-05T19:50:16.705+0000] {processor.py:840} INFO - DAG(s) 'f1_data_analytics' retrieved from /opt/airflow/dags/f1_pipeline_dag.py
[2026-10-05T19:50:16.767+0000] {logging_mixin.py:188} INFO - [2026-10-05T19:50:16.767+0000] {dag.py:3096} INFO - Sync 1 DAGs
[2026-10-05T19:50:16.778+0000] {logging_mixin.py:188} INFO - [2026-10-05T19:50:16.778+0000] {dag.py:3954} INFO - Setting next_dagrun for f1_data_analytics to None, run_after=None
[2026-10-05T19:50:16.794+0000] {processor.py:183} INFO - Processing /opt/airflow/dags/f1_pipeline_dag.py took 0.133 seconds
[2026-10-05T19:50:46.980+0000] {processor.py:161} INFO - Started process (PID=3134) to work on /opt/airflow/dags/f1_pipeline_dag.py
[2026-10-05T19:50:46.981+0000] {processor.py:830} INFO - Processing file /opt/airflow/dags/f1_pipeline_dag.py for tasks to queue
[2026-10-05T19:50:46.983+0000] {logging_mixin.py:188} INFO - [2026-10-05T19:50:46.982+0000] {dagbag.py:545} INFO - Filling up the DagBag from /opt/airflow/dags/f1_pipeline_dag.py
[2026-10-05T19:50:47.001+0000] {processor.py:840} INFO - DAG(s) 'f1_data_analytics' retrieved from /opt/airflow/dags/f1_pipeline_dag.py
[2026-10-05T19:50:47.042+0000] {logging_mixin.py:188} INFO - [2026-10-05T19:50:47.042+0000] {dag.py:3096} INFO - Sync 1 DAGs
[2026-10-05T19:50:47.052+0000] {logging_mixin.py:188} INFO - [2026-10-05T19:50:47.052+0000] {dag.py:3954} INFO - Setting next_dagrun for f1_data_analytics to None, run_after=None
[2026-10-05T19:50:47.068+0000] {processor.py:183} INFO - Processing /opt/airflow/dags/f1_pipeline_dag.py took 0.098 seconds
[2026-10-05T19:51:17.283+0000] {processor.py:161} INFO - Started process (PID=3135) to work on /opt/airflow/dags/f1_pipeline_dag.py
[2026-10-05T19:51:17.292+0000] {processor.py:830} INFO - Processing file /opt/airflow/dags/f1_pipeline_dag.py for tasks to queue
[2026-10-05T19:51:17.293+0000] {logging_mixin.py:188} INFO - [2026-10-05T19:51:17.293+0000] {dagbag.py:545} INFO - Filling up the DagBag from /opt/airflow/dags/f1_pipeline_dag.py
[2026-10-05T19:51:17.313+0000] {processor.py:840} INFO - DAG(s) 'f1_data_analytics' retrieved from /opt/airflow/dags/f1_pipeline_dag.py
[2026-10-05T19:51:17.361+0000] {logging_mixin.py:188} INFO - [2026-10-05T19:51:17.361+0000] {dag.py:3096} INFO - Sync 1 DAGs
[2026-10-05T19:51:17.370+0000] {logging_mixin.py:188} INFO - [2026-10-05T19:51:17.370+0000] {dag.py:3954} INFO - Setting next_dagrun for f1_data_analytics to None, run_after=None
[2026-10-05T19:51:17.385+0000] {processor.py:183} INFO - Processing /opt/airflow/dags/f1_pipeline_dag.py took 0.113 seconds
[2026-10-05T19:51:47.591+0000] {processor.py:161} INFO - Started process (PID=3136) to work on /opt/airflow/dags/f1_pipeline_dag.py
[2026-10-05T19:51:47.592+0000] {processor.py:830} INFO - Processing file /opt/airflow/dags/f1_pipeline_dag.py for tasks to queue
[2026-10-05T19:51:47.594+0000] {logging_mixin.py:188} INFO - [2026-10-05T19:51:47.593+0000] {dagbag.py:545} INFO - Filling up the DagBag from /opt/airflow/dags/f1_pipeline_dag.py
[2026-10-05T19:51:47.615+0000] {processor.py:840} INFO - DAG(s) 'f1_data_analytics' retrieved from /opt/airflow/dags/f1_pipeline_dag.py
[2026-10-05T19:51:47.659+0000] {logging_mixin.py:188} INFO - [2026-10-05T19:51:47.659+0000] {dag.py:3096} INFO - Sync 1 DAGs
[2026-10-05T19:51:47.669+0000] {logging_mixin.py:188} INFO - [2026-10-05T19:51:47.669+0000] {dag.py:3954} INFO - Setting next_dagrun for f1_data_analytics to None, run_after=None
[2026-10-05T19:51:47.685+0000] {processor.py:183} INFO - Processing /opt/airflow/dags/f1_pipeline_dag.py took 0.104 seconds
[2026-10-05T19:52:17.898+0000] {processor.py:161} INFO - Started process (PID=3137) to work on /opt/airflow/dags/f1_pipeline_dag.py
[2026-10-05T19:52:17.901+0000] {processor.py:830} INFO - Processing file /opt/airflow/dags/f1_pipeline_dag.py for tasks to queue
[2026-10-05T19:52:17.903+0000] {logging_mixin.py:188} INFO - [2026-10-05T19:52:17.902+0000] {dagbag.py:545} INFO - Filling up the DagBag from /opt/airflow/dags/f1_pipeline_dag.py
[2026-10-05T19:52:17.923+0000] {processor.py:840} INFO - DAG(s) 'f1_data_analytics' retrieved from /opt/airflow/dags/f1_pipeline_dag.py
[2026-10-05T19:52:17.972+0000] {logging_mixin.py:188} INFO - [2026-10-05T19:52:17.972+0000] {dag.py:3096} INFO - Sync 1 DAGs
[2026-10-05T19:52:17.982+0000] {logging_mixin.py:188} INFO - [2026-10-05T19:52:17.982+0000] {dag.py:3954} INFO - Setting next_dagrun for f1_data_analytics to None, run_after=None
[2026-10-05T19:52:18.003+0000] {processor.py:183} INFO - Processing /opt/airflow/dags/f1_pipeline_dag.py took 0.115 seconds
[2026-10-05T19:52:48.203+0000] {processor.py:161} INFO - Started process (PID=3138) to work on /opt/airflow/dags/f1_pipeline_dag.py
[2026-10-05T19:52:48.205+0000] {processor.py:830} INFO - Processing file /opt/airflow/dags/f1_pipeline_dag.py for tasks to queue
[2026-10-05T19:52:48.206+0000] {logging_mixin.py:188} INFO - [2026-10-05T19:52:48.205+0000] {dagbag.py:545} INFO - Filling up the DagBag from /opt/airflow/dags/f1_pipeline_dag.py
[2026-10-05T19:52:48.227+0000] {processor.py:840} INFO - DAG(s) 'f1_data_analytics' retrieved from /opt/airflow/dags/f1_pipeline_dag.py
[2026-10-05T19:52:48.273+0000] {logging_mixin.py:188} INFO - [2026-10-05T19:52:48.273+0000] {dag.py:3096} INFO - Sync 1 DAGs
[2026-10-05T19:52:48.282+0000] {logging_mixin.py:188} INFO - [2026-10-05T19:52:48.282+0000] {dag.py:3954} INFO - Setting next_dagrun for f1_data_analytics to None, run_after=None
[2026-10-05T19:52:48.297+0000] {processor.py:183} INFO - Processing /opt/airflow/dags/f1_pipeline_dag.py took 0.104 seconds
[2026-10-05T19:53:18.508+0000] {processor.py:161} INFO - Started process (PID=3139) to work on /opt/airflow/dags/f1_pipeline_dag.py
[2026-10-05T19:53:18.511+0000] {processor.py:830} INFO - Processing file /opt/airflow/dags/f1_pipeline_dag.py for tasks to queue
[2026-10-05T19:53:18.512+0000] {logging_mixin.py:188} INFO - [2026-10-05T19:53:18.512+0000] {dagbag.py:545} INFO - Filling up the DagBag from /opt/airflow/dags/f1_pipeline_dag.py
[2026-10-05T19:53:18.531+0000] {processor.py:840} INFO - DAG(s) 'f1_data_analytics' retrieved from /opt/airflow/dags/f1_pipeline_dag.py
[2026-10-05T19:53:18.575+0000] {logging_mixin.py:188} INFO - [2026-10-05T19:53:18.575+0000] {dag.py:3096} INFO - Sync 1 DAGs
[2026-10-05T19:53:18.584+0000] {logging_mixin.py:188} INFO - [2026-10-05T19:53:18.584+0000] {dag.py:3954} INFO - Setting next_dagrun for f1_data_analytics to None, run_after=None
[2026-10-05T19:53:18.599+0000] {processor.py:183} INFO - Processing /opt/airflow/dags/f1_pipeline_dag.py took 0.101 seconds
[2026-10-05T19:53:48.801+0000] {processor.py:161} INFO - Started process (PID=3140) to work on /opt/airflow/dags/f1_pipeline_dag.py
[2026-10-05T19:53:48.803+0000] {processor.py:830} INFO - Processing file /opt/airflow/dags/f1_pipeline_dag.py for tasks to queue
[2026-10-05T19:53:48.804+0000] {logging_mixin.py:188} INFO - [2026-10-05T19:53:48.803+0000] {dagbag.py:545} INFO - Filling up the DagBag from /opt/airflow/dags/f1_pipeline_dag.py
[2026-10-05T19:53:48.824+0000] {processor.py:840} INFO - DAG(s) 'f1_data_analytics' retrieved from /opt/airflow/dags/f1_pipeline_dag.py
[2026-10-05T19:53:48.866+0000] {logging_mixin.py:188} INFO - [2026-10-05T19:53:48.866+0000] {dag.py:3096} INFO - Sync 1 DAGs
[2026-10-05T19:53:48.876+0000] {logging_mixin.py:188} INFO - [2026-10-05T19:53:48.875+0000] {dag.py:3954} INFO - Setting next_dagrun for f1_data_analytics to None, run_after=None
[2026-10-05T19:53:48.892+0000] {processor.py:183} INFO - Processing /opt/airflow/dags/f1_pipeline_dag.py took 0.101 seconds
[2026-10-05T19:54:19.096+0000] {processor.py:161} INFO - Started process (PID=3141) to work on /opt/airflow/dags/f1_pipeline_dag.py
[2026-10-05T19:54:19.099+0000] {processor.py:830} INFO - Processing file /opt/airflow/dags/f1_pipeline_dag.py for tasks to queue
[2026-10-05T19:54:19.100+0000] {logging_mixin.py:188} INFO - [2026-10-05T19:54:19.100+0000] {dagbag.py:545} INFO - Filling up the DagBag from /opt/airflow/dags/f1_pipeline_dag.py
[2026-10-05T19:54:19.118+0000] {processor.py:840} INFO - DAG(s) 'f1_data_analytics' retrieved from /opt/airflow/dags/f1_pipeline_dag.py
[2026-10-05T19:54:19.166+0000] {logging_mixin.py:188} INFO - [2026-10-05T19:54:19.166+0000] {dag.py:3096} INFO - Sync 1 DAGs
[2026-10-05T19:54:19.174+0000] {logging_mixin.py:188} INFO - [2026-10-05T19:54:19.174+0000] {dag.py:3954} INFO - Setting next_dagrun for f1_data_analytics to None, run_after=None
[2026-10-05T19:54:19.190+0000] {processor.py:183} INFO - Processing /opt/airflow/dags/f1_pipeline_dag.py took 0.104 seconds
[2026-10-05T19:54:49.366+0000] {processor.py:161} INFO - Started process (PID=3142) to work on /opt/airflow/dags/f1_pipeline_dag.py
[2026-10-05T19:54:49.367+0000] {processor.py:830} INFO - Processing file /opt/airflow/dags/f1_pipeline_dag.py for tasks to queue
[2026-10-05T19:54:49.367+0000] {logging_mixin.py:188} INFO - [2026-10-05T19:54:49.367+0000] {dagbag.py:545} INFO - Filling up the DagBag from /opt/airflow/dags/f1_pipeline_dag.py
[2026-10-05T19:54:49.377+0000] {processor.py:840} INFO - DAG(s) 'f1_data_analytics' retrieved from /opt/airflow/dags/f1_pipeline_dag.py
[2026-10-05T19:54:49.408+0000] {logging_mixin.py:188} INFO - [2026-10-05T19:54:49.408+0000] {dag.py:3096} INFO - Sync 1 DAGs
[2026-10-05T19:54:49.417+0000] {logging_mixin.py:188} INFO - [2026-10-05T19:54:49.417+0000] {dag.py:3954} INFO - Setting next_dagrun for f1_data_analytics to None, run_after=None
[2026-10-05T19:54:49.434+0000] {processor.py:183} INFO - Processing /opt/airflow/dags/f1_pipeline_dag.py took 0.073 seconds
[2026-10-05T19:55:58.249+0000] {processor.py:161} INFO - Started process (PID=3191) to work on /opt/airflow/dags/f1_pipeline_dag.py
[2026-10-05T19:55:58.251+0000] {processor.py:830} INFO - Processing file /opt/airflow/dags/f1_pipeline_dag.py for tasks to queue
[2026-10-05T19:55:58.253+0000] {logging_mixin.py:188} INFO - [2026-10-05T19:55:58.252+0000] {dagbag.py:545} INFO - Filling up the DagBag from /opt/airflow/dags/f1_pipeline_dag.py
[2026-10-05T19:55:58.270+0000] {processor.py:840} INFO - DAG(s) 'f1_data_analytics' retrieved from /opt/airflow/dags/f1_pipeline_dag.py
[2026-10-05T19:55:58.323+0000] {logging_mixin.py:188} INFO - [2026-10-05T19:55:58.323+0000] {dag.py:3096} INFO - Sync 1 DAGs
[2026-10-05T19:55:58.333+0000] {logging_mixin.py:188} INFO - [2026-10-05T19:55:58.333+0000] {dag.py:3954} INFO - Setting next_dagrun for f1_data_analytics to None, run_after=None
[2026-10-05T19:55:58.349+0000] {processor.py:183} INFO - Processing /opt/airflow/dags/f1_pipeline_dag.py took 0.109 seconds
[2026-10-05T19:56:51.632+0000] {processor.py:161} INFO - Started process (PID=3789) to work on /opt/airflow/dags/f1_pipeline_dag.py
[2026-10-05T19:56:51.634+0000] {processor.py:830} INFO - Processing file /opt/airflow/dags/f1_pipeline_dag.py for tasks to queue
[2026-10-05T19:56:51.636+0000] {logging_mixin.py:188} INFO - [2026-10-05T19:56:51.635+0000] {dagbag.py:545} INFO - Filling up the DagBag from /opt/airflow/dags/f1_pipeline_dag.py
[2026-10-05T19:56:51.653+0000] {processor.py:840} INFO - DAG(s) 'f1_data_analytics' retrieved from /opt/airflow/dags/f1_pipeline_dag.py
[2026-10-05T19:56:51.687+0000] {logging_mixin.py:188} INFO - [2026-10-05T19:56:51.687+0000] {dag.py:3096} INFO - Sync 1 DAGs
[2026-10-05T19:56:51.697+0000] {logging_mixin.py:188} INFO - [2026-10-05T19:56:51.697+0000] {dag.py:3954} INFO - Setting next_dagrun for f1_data_analytics to None, run_after=None
[2026-10-05T19:56:51.713+0000] {processor.py:183} INFO - Processing /opt/airflow/dags/f1_pipeline_dag.py took 0.090 seconds
[2026-10-05T19:57:22.198+0000] {processor.py:161} INFO - Started process (PID=4085) to work on /opt/airflow/dags/f1_pipeline_dag.py
[2026-10-05T19:57:22.199+0000] {processor.py:830} INFO - Processing file /opt/airflow/dags/f1_pipeline_dag.py for tasks to queue
[2026-10-05T19:57:22.200+0000] {logging_mixin.py:188} INFO - [2026-10-05T19:57:22.200+0000] {dagbag.py:545} INFO - Filling up the DagBag from /opt/airflow/dags/f1_pipeline_dag.py
[2026-10-05T19:57:22.218+0000] {processor.py:840} INFO - DAG(s) 'f1_data_analytics' retrieved from /opt/airflow/dags/f1_pipeline_dag.py
[2026-10-05T19:57:22.264+0000] {logging_mixin.py:188} INFO - [2026-10-05T19:57:22.263+0000] {dag.py:3096} INFO - Sync 1 DAGs
[2026-10-05T19:57:22.273+0000] {logging_mixin.py:188} INFO - [2026-10-05T19:57:22.273+0000] {dag.py:3954} INFO - Setting next_dagrun for f1_data_analytics to None, run_after=None
[2026-10-05T19:57:22.289+0000] {processor.py:183} INFO - Processing /opt/airflow/dags/f1_pipeline_dag.py took 0.101 seconds
[2026-10-05T19:57:53.298+0000] {processor.py:161} INFO - Started process (PID=4382) to work on /opt/airflow/dags/f1_pipeline_dag.py
[2026-10-05T19:57:53.301+0000] {processor.py:830} INFO - Processing file /opt/airflow/dags/f1_pipeline_dag.py for tasks to queue
[2026-10-05T19:57:53.303+0000] {logging_mixin.py:188} INFO - [2026-10-05T19:57:53.302+0000] {dagbag.py:545} INFO - Filling up the DagBag from /opt/airflow/dags/f1_pipeline_dag.py
[2026-10-05T19:57:53.321+0000] {processor.py:840} INFO - DAG(s) 'f1_data_analytics' retrieved from /opt/airflow/dags/f1_pipeline_dag.py
[2026-10-05T19:57:53.369+0000] {logging_mixin.py:188} INFO - [2026-10-05T19:57:53.369+0000] {dag.py:3096} INFO - Sync 1 DAGs
[2026-10-05T19:57:53.378+0000] {logging_mixin.py:188} INFO - [2026-10-05T19:57:53.378+0000] {dag.py:3954} INFO - Setting next_dagrun for f1_data_analytics to None, run_after=None
[2026-10-05T19:57:53.394+0000] {processor.py:183} INFO - Processing /opt/airflow/dags/f1_pipeline_dag.py took 0.105 seconds
[2026-10-05T19:58:23.593+0000] {processor.py:161} INFO - Started process (PID=4383) to work on /opt/airflow/dags/f1_pipeline_dag.py
[2026-10-05T19:58:23.594+0000] {processor.py:830} INFO - Processing file /opt/airflow/dags/f1_pipeline_dag.py for tasks to queue
[2026-10-05T19:58:23.596+0000] {logging_mixin.py:188} INFO - [2026-10-05T19:58:23.595+0000] {dagbag.py:545} INFO - Filling up the DagBag from /opt/airflow/dags/f1_pipeline_dag.py
[2026-10-05T19:58:23.615+0000] {processor.py:840} INFO - DAG(s) 'f1_data_analytics' retrieved from /opt/airflow/dags/f1_pipeline_dag.py
[2026-10-05T19:58:23.661+0000] {logging_mixin.py:188} INFO - [2026-10-05T19:58:23.661+0000] {dag.py:3096} INFO - Sync 1 DAGs
[2026-10-05T19:58:23.670+0000] {logging_mixin.py:188} INFO - [2026-10-05T19:58:23.670+0000] {dag.py:3954} INFO - Setting next_dagrun for f1_data_analytics to None, run_after=None
[2026-10-05T19:58:23.686+0000] {processor.py:183} INFO - Processing /opt/airflow/dags/f1_pipeline_dag.py took 0.103 seconds
[2026-10-05T19:58:53.952+0000] {processor.py:161} INFO - Started process (PID=4384) to work on /opt/airflow/dags/f1_pipeline_dag.py
[2026-10-05T19:58:53.955+0000] {processor.py:830} INFO - Processing file /opt/airflow/dags/f1_pipeline_dag.py for tasks to queue
[2026-10-05T19:58:53.957+0000] {logging_mixin.py:188} INFO - [2026-10-05T19:58:53.956+0000] {dagbag.py:545} INFO - Filling up the DagBag from /opt/airflow/dags/f1_pipeline_dag.py
[2026-10-05T19:58:53.977+0000] {processor.py:840} INFO - DAG(s) 'f1_data_analytics' retrieved from /opt/airflow/dags/f1_pipeline_dag.py
[2026-10-05T19:58:54.022+0000] {logging_mixin.py:188} INFO - [2026-10-05T19:58:54.022+0000] {dag.py:3096} INFO - Sync 1 DAGs
[2026-10-05T19:58:54.032+0000] {logging_mixin.py:188} INFO - [2026-10-05T19:58:54.031+0000] {dag.py:3954} INFO - Setting next_dagrun for f1_data_analytics to None, run_after=None
[2026-10-05T19:58:54.048+0000] {processor.py:183} INFO - Processing /opt/airflow/dags/f1_pipeline_dag.py took 0.106 seconds
[2026-10-05T19:59:24.323+0000] {processor.py:161} INFO - Started process (PID=4385) to work on /opt/airflow/dags/f1_pipeline_dag.py
[2026-10-05T19:59:24.324+0000] {processor.py:830} INFO - Processing file /opt/airflow/dags/f1_pipeline_dag.py for tasks to queue
[2026-10-05T19:59:24.326+0000] {logging_mixin.py:188} INFO - [2026-10-05T19:59:24.325+0000] {dagbag.py:545} INFO - Filling up the DagBag from /opt/airflow/dags/f1_pipeline_dag.py
[2026-10-05T19:59:24.345+0000] {processor.py:840} INFO - DAG(s) 'f1_data_analytics' retrieved from /opt/airflow/dags/f1_pipeline_dag.py
[2026-10-05T19:59:24.389+0000] {logging_mixin.py:188} INFO - [2026-10-05T19:59:24.389+0000] {dag.py:3096} INFO - Sync 1 DAGs
[2026-10-05T19:59:24.399+0000] {logging_mixin.py:188} INFO - [2026-10-05T19:59:24.399+0000] {dag.py:3954} INFO - Setting next_dagrun for f1_data_analytics to None, run_after=None
[2026-10-05T19:59:24.415+0000] {processor.py:183} INFO - Processing /opt/airflow/dags/f1_pipeline_dag.py took 0.103 seconds
[2026-10-05T19:59:54.683+0000] {processor.py:161} INFO - Started process (PID=4386) to work on /opt/airflow/dags/f1_pipeline_dag.py
[2026-10-05T19:59:54.686+0000] {processor.py:830} INFO - Processing file /opt/airflow/dags/f1_pipeline_dag.py for tasks to queue
[2026-10-05T19:59:54.687+0000] {logging_mixin.py:188} INFO - [2026-10-05T19:59:54.687+0000] {dagbag.py:545} INFO - Filling up the DagBag from /opt/airflow/dags/f1_pipeline_dag.py
[2026-10-05T19:59:54.706+0000] {processor.py:840} INFO - DAG(s) 'f1_data_analytics' retrieved from /opt/airflow/dags/f1_pipeline_dag.py
[2026-10-05T19:59:54.752+0000] {logging_mixin.py:188} INFO - [2026-10-05T19:59:54.752+0000] {dag.py:3096} INFO - Sync 1 DAGs
[2026-10-05T19:59:54.762+0000] {logging_mixin.py:188} INFO - [2026-10-05T19:59:54.761+0000] {dag.py:3954} INFO - Setting next_dagrun for f1_data_analytics to None, run_after=None
[2026-10-05T19:59:54.778+0000] {processor.py:183} INFO - Processing /opt/airflow/dags/f1_pipeline_dag.py took 0.106 seconds
[2026-10-05T20:00:25.010+0000] {processor.py:161} INFO - Started process (PID=4387) to work on /opt/airflow/dags/f1_pipeline_dag.py
[2026-10-05T20:00:25.013+0000] {processor.py:830} INFO - Processing file /opt/airflow/dags/f1_pipeline_dag.py for tasks to queue
[2026-10-05T20:00:25.014+0000] {logging_mixin.py:188} INFO - [2026-10-05T20:00:25.014+0000] {dagbag.py:545} INFO - Filling up the DagBag from /opt/airflow/dags/f1_pipeline_dag.py
[2026-10-05T20:00:25.033+0000] {processor.py:840} INFO - DAG(s) 'f1_data_analytics' retrieved from /opt/airflow/dags/f1_pipeline_dag.py
[2026-10-05T20:00:25.080+0000] {logging_mixin.py:188} INFO - [2026-10-05T20:00:25.080+0000] {dag.py:3096} INFO - Sync 1 DAGs
[2026-10-05T20:00:25.090+0000] {logging_mixin.py:188} INFO - [2026-10-05T20:00:25.090+0000] {dag.py:3954} INFO - Setting next_dagrun for f1_data_analytics to None, run_after=None
[2026-10-05T20:00:25.105+0000] {processor.py:183} INFO - Processing /opt/airflow/dags/f1_pipeline_dag.py took 0.105 seconds
[2026-10-05T20:00:55.374+0000] {processor.py:161} INFO - Started process (PID=4388) to work on /opt/airflow/dags/f1_pipeline_dag.py
[2026-10-05T20:00:55.376+0000] {processor.py:830} INFO - Processing file /opt/airflow/dags/f1_pipeline_dag.py for tasks to queue
[2026-10-05T20:00:55.377+0000] {logging_mixin.py:188} INFO - [2026-10-05T20:00:55.376+0000] {dagbag.py:545} INFO - Filling up the DagBag from /opt/airflow/dags/f1_pipeline_dag.py
[2026-10-05T20:00:55.396+0000] {processor.py:840} INFO - DAG(s) 'f1_data_analytics' retrieved from /opt/airflow/dags/f1_pipeline_dag.py
[2026-10-05T20:00:55.448+0000] {logging_mixin.py:188} INFO - [2026-10-05T20:00:55.448+0000] {dag.py:3096} INFO - Sync 1 DAGs
[2026-10-05T20:00:55.457+0000] {logging_mixin.py:188} INFO - [2026-10-05T20:00:55.457+0000] {dag.py:3954} INFO - Setting next_dagrun for f1_data_analytics to None, run_after=None
[2026-10-05T20:00:55.473+0000] {processor.py:183} INFO - Processing /opt/airflow/dags/f1_pipeline_dag.py took 0.108 seconds
[2026-10-05T20:01:25.750+0000] {processor.py:161} INFO - Started process (PID=4389) to work on /opt/airflow/dags/f1_pipeline_dag.py
[2026-10-05T20:01:25.753+0000] {processor.py:830} INFO - Processing file /opt/airflow/dags/f1_pipeline_dag.py for tasks to queue
[2026-10-05T20:01:25.754+0000] {logging_mixin.py:188} INFO - [2026-10-05T20:01:25.754+0000] {dagbag.py:545} INFO - Filling up the DagBag from /opt/airflow/dags/f1_pipeline_dag.py
[2026-10-05T20:01:25.774+0000] {processor.py:840} INFO - DAG(s) 'f1_data_analytics' retrieved from /opt/airflow/dags/f1_pipeline_dag.py
[2026-10-05T20:01:25.820+0000] {logging_mixin.py:188} INFO - [2026-10-05T20:01:25.820+0000] {dag.py:3096} INFO - Sync 1 DAGs
[2026-10-05T20:01:25.830+0000] {logging_mixin.py:188} INFO - [2026-10-05T20:01:25.830+0000] {dag.py:3954} INFO - Setting next_dagrun for f1_data_analytics to None, run_after=None
[2026-10-05T20:01:25.846+0000] {processor.py:183} INFO - Processing /opt/airflow/dags/f1_pipeline_dag.py took 0.106 seconds
[2026-10-05T20:01:56.113+0000] {processor.py:161} INFO - Started process (PID=4390) to work on /opt/airflow/dags/f1_pipeline_dag.py
[2026-10-05T20:01:56.115+0000] {processor.py:830} INFO - Processing file /opt/airflow/dags/f1_pipeline_dag.py for tasks to queue
[2026-10-05T20:01:56.116+0000] {logging_mixin.py:188} INFO - [2026-10-05T20:01:56.115+0000] {dagbag.py:545} INFO - Filling up the DagBag from /opt/airflow/dags/f1_pipeline_dag.py
[2026-10-05T20:01:56.135+0000] {processor.py:840} INFO - DAG(s) 'f1_data_analytics' retrieved from /opt/airflow/dags/f1_pipeline_dag.py
[2026-10-05T20:01:56.181+0000] {logging_mixin.py:188} INFO - [2026-10-05T20:01:56.181+0000] {dag.py:3096} INFO - Sync 1 DAGs
[2026-10-05T20:01:56.190+0000] {logging_mixin.py:188} INFO - [2026-10-05T20:01:56.190+0000] {dag.py:3954} INFO - Setting next_dagrun for f1_data_analytics to None, run_after=None
[2026-10-05T20:01:56.205+0000] {processor.py:183} INFO - Processing /opt/airflow/dags/f1_pipeline_dag.py took 0.102 seconds
[2026-10-05T20:02:26.454+0000] {processor.py:161} INFO - Started process (PID=4391) to work on /opt/airflow/dags/f1_pipeline_dag.py
[2026-10-05T20:02:26.457+0000] {processor.py:830} INFO - Processing file /opt/airflow/dags/f1_pipeline_dag.py for tasks to queue
[2026-10-05T20:02:26.459+0000] {logging_mixin.py:188} INFO - [2026-10-05T20:02:26.458+0000] {dagbag.py:545} INFO - Filling up the DagBag from /opt/airflow/dags/f1_pipeline_dag.py
[2026-10-05T20:02:26.478+0000] {processor.py:840} INFO - DAG(s) 'f1_data_analytics' retrieved from /opt/airflow/dags/f1_pipeline_dag.py
[2026-10-05T20:02:26.524+0000] {logging_mixin.py:188} INFO - [2026-10-05T20:02:26.524+0000] {dag.py:3096} INFO - Sync 1 DAGs
[2026-10-05T20:02:26.534+0000] {logging_mixin.py:188} INFO - [2026-10-05T20:02:26.533+0000] {dag.py:3954} INFO - Setting next_dagrun for f1_data_analytics to None, run_after=None
[2026-10-05T20:02:26.550+0000] {processor.py:183} INFO - Processing /opt/airflow/dags/f1_pipeline_dag.py took 0.105 seconds
[2026-10-05T20:02:56.741+0000] {processor.py:161} INFO - Started process (PID=4392) to work on /opt/airflow/dags/f1_pipeline_dag.py
[2026-10-05T20:02:56.743+0000] {processor.py:830} INFO - Processing file /opt/airflow/dags/f1_pipeline_dag.py for tasks to queue
[2026-10-05T20:02:56.744+0000] {logging_mixin.py:188} INFO - [2026-10-05T20:02:56.744+0000] {dagbag.py:545} INFO - Filling up the DagBag from /opt/airflow/dags/f1_pipeline_dag.py
[2026-10-05T20:02:56.765+0000] {processor.py:840} INFO - DAG(s) 'f1_data_analytics' retrieved from /opt/airflow/dags/f1_pipeline_dag.py
[2026-10-05T20:02:56.812+0000] {logging_mixin.py:188} INFO - [2026-10-05T20:02:56.812+0000] {dag.py:3096} INFO - Sync 1 DAGs
[2026-10-05T20:02:56.822+0000] {logging_mixin.py:188} INFO - [2026-10-05T20:02:56.822+0000] {dag.py:3954} INFO - Setting next_dagrun for f1_data_analytics to None, run_after=None
[2026-10-05T20:02:56.843+0000] {processor.py:183} INFO - Processing /opt/airflow/dags/f1_pipeline_dag.py took 0.111 seconds
[2026-10-05T20:03:27.060+0000] {processor.py:161} INFO - Started process (PID=4393) to work on /opt/airflow/dags/f1_pipeline_dag.py
[2026-10-05T20:03:27.063+0000] {processor.py:830} INFO - Processing file /opt/airflow/dags/f1_pipeline_dag.py for tasks to queue
[2026-10-05T20:03:27.064+0000] {logging_mixin.py:188} INFO - [2026-10-05T20:03:27.064+0000] {dagbag.py:545} INFO - Filling up the DagBag from /opt/airflow/dags/f1_pipeline_dag.py
[2026-10-05T20:03:27.084+0000] {processor.py:840} INFO - DAG(s) 'f1_data_analytics' retrieved from /opt/airflow/dags/f1_pipeline_dag.py
[2026-10-05T20:03:27.131+0000] {logging_mixin.py:188} INFO - [2026-10-05T20:03:27.131+0000] {dag.py:3096} INFO - Sync 1 DAGs
[2026-10-05T20:03:27.141+0000] {logging_mixin.py:188} INFO - [2026-10-05T20:03:27.141+0000] {dag.py:3954} INFO - Setting next_dagrun for f1_data_analytics to None, run_after=None
[2026-10-05T20:03:27.158+0000] {processor.py:183} INFO - Processing /opt/airflow/dags/f1_pipeline_dag.py took 0.108 seconds
[2026-10-05T20:03:57.381+0000] {processor.py:161} INFO - Started process (PID=4394) to work on /opt/airflow/dags/f1_pipeline_dag.py
[2026-10-05T20:03:57.382+0000] {processor.py:830} INFO - Processing file /opt/airflow/dags/f1_pipeline_dag.py for tasks to queue
[2026-10-05T20:03:57.383+0000] {logging_mixin.py:188} INFO - [2026-10-05T20:03:57.383+0000] {dagbag.py:545} INFO - Filling up the DagBag from /opt/airflow/dags/f1_pipeline_dag.py
[2026-10-05T20:03:57.403+0000] {processor.py:840} INFO - DAG(s) 'f1_data_analytics' retrieved from /opt/airflow/dags/f1_pipeline_dag.py
[2026-10-05T20:03:57.446+0000] {logging_mixin.py:188} INFO - [2026-10-05T20:03:57.446+0000] {dag.py:3096} INFO - Sync 1 DAGs
[2026-10-05T20:03:57.455+0000] {logging_mixin.py:188} INFO - [2026-10-05T20:03:57.455+0000] {dag.py:3954} INFO - Setting next_dagrun for f1_data_analytics to None, run_after=None
[2026-10-05T20:03:57.471+0000] {processor.py:183} INFO - Processing /opt/airflow/dags/f1_pipeline_dag.py took 0.100 seconds
[2026-10-05T20:04:27.703+0000] {processor.py:161} INFO - Started process (PID=4395) to work on /opt/airflow/dags/f1_pipeline_dag.py
[2026-10-05T20:04:27.706+0000] {processor.py:830} INFO - Processing file /opt/airflow/dags/f1_pipeline_dag.py for tasks to queue
[2026-10-05T20:04:27.708+0000] {logging_mixin.py:188} INFO - [2026-10-05T20:04:27.707+0000] {dagbag.py:545} INFO - Filling up the DagBag from /opt/airflow/dags/f1_pipeline_dag.py
[2026-10-05T20:04:27.726+0000] {processor.py:840} INFO - DAG(s) 'f1_data_analytics' retrieved from /opt/airflow/dags/f1_pipeline_dag.py
[2026-10-05T20:04:27.772+0000] {logging_mixin.py:188} INFO - [2026-10-05T20:04:27.771+0000] {dag.py:3096} INFO - Sync 1 DAGs
[2026-10-05T20:04:27.780+0000] {logging_mixin.py:188} INFO - [2026-10-05T20:04:27.780+0000] {dag.py:3954} INFO - Setting next_dagrun for f1_data_analytics to None, run_after=None
[2026-10-05T20:04:27.796+0000] {processor.py:183} INFO - Processing /opt/airflow/dags/f1_pipeline_dag.py took 0.102 seconds
[2026-10-05T20:04:58.019+0000] {processor.py:161} INFO - Started process (PID=4396) to work on /opt/airflow/dags/f1_pipeline_dag.py
[2026-10-05T20:04:58.020+0000] {processor.py:830} INFO - Processing file /opt/airflow/dags/f1_pipeline_dag.py for tasks to queue
[2026-10-05T20:04:58.021+0000] {logging_mixin.py:188} INFO - [2026-10-05T20:04:58.021+0000] {dagbag.py:545} INFO - Filling up the DagBag from /opt/airflow/dags/f1_pipeline_dag.py
[2026-10-05T20:04:58.041+0000] {processor.py:840} INFO - DAG(s) 'f1_data_analytics' retrieved from /opt/airflow/dags/f1_pipeline_dag.py
[2026-10-05T20:04:58.088+0000] {logging_mixin.py:188} INFO - [2026-10-05T20:04:58.087+0000] {dag.py:3096} INFO - Sync 1 DAGs
[2026-10-05T20:04:58.097+0000] {logging_mixin.py:188} INFO - [2026-10-05T20:04:58.097+0000] {dag.py:3954} INFO - Setting next_dagrun for f1_data_analytics to None, run_after=None
[2026-10-05T20:04:58.113+0000] {processor.py:183} INFO - Processing /opt/airflow/dags/f1_pipeline_dag.py took 0.104 seconds
[2026-10-05T20:05:28.335+0000] {processor.py:161} INFO - Started process (PID=4397) to work on /opt/airflow/dags/f1_pipeline_dag.py
[2026-10-05T20:05:28.338+0000] {processor.py:830} INFO - Processing file /opt/airflow/dags/f1_pipeline_dag.py for tasks to queue
[2026-10-05T20:05:28.340+0000] {logging_mixin.py:188} INFO - [2026-10-05T20:05:28.339+0000] {dagbag.py:545} INFO - Filling up the DagBag from /opt/airflow/dags/f1_pipeline_dag.py
[2026-10-05T20:05:28.359+0000] {processor.py:840} INFO - DAG(s) 'f1_data_analytics' retrieved from /opt/airflow/dags/f1_pipeline_dag.py
[2026-10-05T20:05:28.407+0000] {logging_mixin.py:188} INFO - [2026-10-05T20:05:28.407+0000] {dag.py:3096} INFO - Sync 1 DAGs
[2026-10-05T20:05:28.417+0000] {logging_mixin.py:188} INFO - [2026-10-05T20:05:28.416+0000] {dag.py:3954} INFO - Setting next_dagrun for f1_data_analytics to None, run_after=None
[2026-10-05T20:05:28.432+0000] {processor.py:183} INFO - Processing /opt/airflow/dags/f1_pipeline_dag.py took 0.107 seconds
[2026-10-05T20:05:59.466+0000] {processor.py:161} INFO - Started process (PID=4398) to work on /opt/airflow/dags/f1_pipeline_dag.py
[2026-10-05T20:05:59.466+0000] {processor.py:830} INFO - Processing file /opt/airflow/dags/f1_pipeline_dag.py for tasks to queue
[2026-10-05T20:05:59.467+0000] {logging_mixin.py:188} INFO - [2026-10-05T20:05:59.467+0000] {dagbag.py:545} INFO - Filling up the DagBag from /opt/airflow/dags/f1_pipeline_dag.py
[2026-10-05T20:05:59.477+0000] {processor.py:840} INFO - DAG(s) 'f1_data_analytics' retrieved from /opt/airflow/dags/f1_pipeline_dag.py
[2026-10-05T20:05:59.507+0000] {logging_mixin.py:188} INFO - [2026-10-05T20:05:59.507+0000] {dag.py:3096} INFO - Sync 1 DAGs
[2026-10-05T20:05:59.516+0000] {logging_mixin.py:188} INFO - [2026-10-05T20:05:59.516+0000] {dag.py:3954} INFO - Setting next_dagrun for f1_data_analytics to None, run_after=None
[2026-10-05T20:05:59.532+0000] {processor.py:183} INFO - Processing /opt/airflow/dags/f1_pipeline_dag.py took 0.072 seconds
[2026-10-05T20:06:29.897+0000] {processor.py:161} INFO - Started process (PID=4399) to work on /opt/airflow/dags/f1_pipeline_dag.py
[2026-10-05T20:06:29.900+0000] {processor.py:830} INFO - Processing file /opt/airflow/dags/f1_pipeline_dag.py for tasks to queue
[2026-10-05T20:06:29.902+0000] {logging_mixin.py:188} INFO - [2026-10-05T20:06:29.901+0000] {dagbag.py:545} INFO - Filling up the DagBag from /opt/airflow/dags/f1_pipeline_dag.py
[2026-10-05T20:06:29.920+0000] {processor.py:840} INFO - DAG(s) 'f1_data_analytics' retrieved from /opt/airflow/dags/f1_pipeline_dag.py
[2026-10-05T20:06:29.967+0000] {logging_mixin.py:188} INFO - [2026-10-05T20:06:29.967+0000] {dag.py:3096} INFO - Sync 1 DAGs
[2026-10-05T20:06:29.977+0000] {logging_mixin.py:188} INFO - [2026-10-05T20:06:29.976+0000] {dag.py:3954} INFO - Setting next_dagrun for f1_data_analytics to None, run_after=None
[2026-10-05T20:06:29.993+0000] {processor.py:183} INFO - Processing /opt/airflow/dags/f1_pipeline_dag.py took 0.105 seconds
[2026-10-05T20:07:00.205+0000] {processor.py:161} INFO - Started process (PID=4400) to work on /opt/airflow/dags/f1_pipeline_dag.py
[2026-10-05T20:07:00.206+0000] {processor.py:830} INFO - Processing file /opt/airflow/dags/f1_pipeline_dag.py for tasks to queue
[2026-10-05T20:07:00.206+0000] {logging_mixin.py:188} INFO - [2026-10-05T20:07:00.206+0000] {dagbag.py:545} INFO - Filling up the DagBag from /opt/airflow/dags/f1_pipeline_dag.py
[2026-10-05T20:07:00.218+0000] {processor.py:840} INFO - DAG(s) 'f1_data_analytics' retrieved from /opt/airflow/dags/f1_pipeline_dag.py
[2026-10-05T20:07:00.267+0000] {logging_mixin.py:188} INFO - [2026-10-05T20:07:00.267+0000] {dag.py:3096} INFO - Sync 1 DAGs
[2026-10-05T20:07:00.277+0000] {logging_mixin.py:188} INFO - [2026-10-05T20:07:00.276+0000] {dag.py:3954} INFO - Setting next_dagrun for f1_data_analytics to None, run_after=None
[2026-10-05T20:07:00.293+0000] {processor.py:183} INFO - Processing /opt/airflow/dags/f1_pipeline_dag.py took 0.093 seconds
[2026-10-05T20:07:30.505+0000] {processor.py:161} INFO - Started process (PID=4401) to work on /opt/airflow/dags/f1_pipeline_dag.py
[2026-10-05T20:07:30.508+0000] {processor.py:830} INFO - Processing file /opt/airflow/dags/f1_pipeline_dag.py for tasks to queue
[2026-10-05T20:07:30.509+0000] {logging_mixin.py:188} INFO - [2026-10-05T20:07:30.509+0000] {dagbag.py:545} INFO - Filling up the DagBag from /opt/airflow/dags/f1_pipeline_dag.py
[2026-10-05T20:07:30.527+0000] {processor.py:840} INFO - DAG(s) 'f1_data_analytics' retrieved from /opt/airflow/dags/f1_pipeline_dag.py
[2026-10-05T20:07:30.575+0000] {logging_mixin.py:188} INFO - [2026-10-05T20:07:30.575+0000] {dag.py:3096} INFO - Sync 1 DAGs
[2026-10-05T20:07:30.584+0000] {logging_mixin.py:188} INFO - [2026-10-05T20:07:30.584+0000] {dag.py:3954} INFO - Setting next_dagrun for f1_data_analytics to None, run_after=None
[2026-10-05T20:07:30.599+0000] {processor.py:183} INFO - Processing /opt/airflow/dags/f1_pipeline_dag.py took 0.105 seconds
[2026-10-05T20:07:59.520+0000] {processor.py:161} INFO - Started process (PID=4402) to work on /opt/airflow/dags/f1_pipeline_dag.py
[2026-10-05T20:07:59.521+0000] {processor.py:830} INFO - Processing file /opt/airflow/dags/f1_pipeline_dag.py for tasks to queue
[2026-10-05T20:07:59.522+0000] {logging_mixin.py:188} INFO - [2026-10-05T20:07:59.522+0000] {dagbag.py:545} INFO - Filling up the DagBag from /opt/airflow/dags/f1_pipeline_dag.py
[2026-10-05T20:07:59.544+0000] {processor.py:840} INFO - DAG(s) 'f1_data_analytics' retrieved from /opt/airflow/dags/f1_pipeline_dag.py
[2026-10-05T20:07:59.589+0000] {logging_mixin.py:188} INFO - [2026-10-05T20:07:59.588+0000] {dag.py:3096} INFO - Sync 1 DAGs
[2026-10-05T20:07:59.597+0000] {logging_mixin.py:188} INFO - [2026-10-05T20:07:59.597+0000] {dag.py:3954} INFO - Setting next_dagrun for f1_data_analytics to None, run_after=None
[2026-10-05T20:07:59.613+0000] {processor.py:183} INFO - Processing /opt/airflow/dags/f1_pipeline_dag.py took 0.103 seconds
[2026-10-05T20:08:30.124+0000] {processor.py:161} INFO - Started process (PID=4403) to work on /opt/airflow/dags/f1_pipeline_dag.py
[2026-10-05T20:08:30.127+0000] {processor.py:830} INFO - Processing file /opt/airflow/dags/f1_pipeline_dag.py for tasks to queue
[2026-10-05T20:08:30.129+0000] {logging_mixin.py:188} INFO - [2026-10-05T20:08:30.129+0000] {dagbag.py:545} INFO - Filling up the DagBag from /opt/airflow/dags/f1_pipeline_dag.py
[2026-10-05T20:08:30.148+0000] {processor.py:840} INFO - DAG(s) 'f1_data_analytics' retrieved from /opt/airflow/dags/f1_pipeline_dag.py
[2026-10-05T20:08:30.196+0000] {logging_mixin.py:188} INFO - [2026-10-05T20:08:30.195+0000] {dag.py:3096} INFO - Sync 1 DAGs
[2026-10-05T20:08:30.205+0000] {logging_mixin.py:188} INFO - [2026-10-05T20:08:30.204+0000] {dag.py:3954} INFO - Setting next_dagrun for f1_data_analytics to None, run_after=None
[2026-10-05T20:08:30.219+0000] {processor.py:183} INFO - Processing /opt/airflow/dags/f1_pipeline_dag.py took 0.105 seconds
[2026-10-05T20:09:02.396+0000] {processor.py:161} INFO - Started process (PID=4451) to work on /opt/airflow/dags/f1_pipeline_dag.py
[2026-10-05T20:09:02.398+0000] {processor.py:830} INFO - Processing file /opt/airflow/dags/f1_pipeline_dag.py for tasks to queue
[2026-10-05T20:09:02.399+0000] {logging_mixin.py:188} INFO - [2026-10-05T20:09:02.399+0000] {dagbag.py:545} INFO - Filling up the DagBag from /opt/airflow/dags/f1_pipeline_dag.py
[2026-10-05T20:09:02.418+0000] {processor.py:840} INFO - DAG(s) 'f1_data_analytics' retrieved from /opt/airflow/dags/f1_pipeline_dag.py
[2026-10-05T20:09:02.465+0000] {logging_mixin.py:188} INFO - [2026-10-05T20:09:02.465+0000] {dag.py:3096} INFO - Sync 1 DAGs
[2026-10-05T20:09:02.475+0000] {logging_mixin.py:188} INFO - [2026-10-05T20:09:02.475+0000] {dag.py:3954} INFO - Setting next_dagrun for f1_data_analytics to None, run_after=None
[2026-10-05T20:09:02.490+0000] {processor.py:183} INFO - Processing /opt/airflow/dags/f1_pipeline_dag.py took 0.104 seconds
[2026-10-05T20:09:32.664+0000] {processor.py:161} INFO - Started process (PID=4763) to work on /opt/airflow/dags/f1_pipeline_dag.py
[2026-10-05T20:09:32.667+0000] {processor.py:830} INFO - Processing file /opt/airflow/dags/f1_pipeline_dag.py for tasks to queue
[2026-10-05T20:09:32.668+0000] {logging_mixin.py:188} INFO - [2026-10-05T20:09:32.668+0000] {dagbag.py:545} INFO - Filling up the DagBag from /opt/airflow/dags/f1_pipeline_dag.py
[2026-10-05T20:09:32.688+0000] {processor.py:840} INFO - DAG(s) 'f1_data_analytics' retrieved from /opt/airflow/dags/f1_pipeline_dag.py
[2026-10-05T20:09:32.732+0000] {logging_mixin.py:188} INFO - [2026-10-05T20:09:32.732+0000] {dag.py:3096} INFO - Sync 1 DAGs
[2026-10-05T20:09:32.742+0000] {logging_mixin.py:188} INFO - [2026-10-05T20:09:32.741+0000] {dag.py:3954} INFO - Setting next_dagrun for f1_data_analytics to None, run_after=None
[2026-10-05T20:09:32.759+0000] {processor.py:183} INFO - Processing /opt/airflow/dags/f1_pipeline_dag.py took 0.103 seconds
[2026-10-05T20:10:03.372+0000] {processor.py:161} INFO - Started process (PID=5039) to work on /opt/airflow/dags/f1_pipeline_dag.py
[2026-10-05T20:10:03.373+0000] {processor.py:830} INFO - Processing file /opt/airflow/dags/f1_pipeline_dag.py for tasks to queue
[2026-10-05T20:10:03.375+0000] {logging_mixin.py:188} INFO - [2026-10-05T20:10:03.374+0000] {dagbag.py:545} INFO - Filling up the DagBag from /opt/airflow/dags/f1_pipeline_dag.py
[2026-10-05T20:10:03.394+0000] {processor.py:840} INFO - DAG(s) 'f1_data_analytics' retrieved from /opt/airflow/dags/f1_pipeline_dag.py
[2026-10-05T20:10:03.432+0000] {logging_mixin.py:188} INFO - [2026-10-05T20:10:03.431+0000] {dag.py:3096} INFO - Sync 1 DAGs
[2026-10-05T20:10:03.446+0000] {logging_mixin.py:188} INFO - [2026-10-05T20:10:03.445+0000] {dag.py:3954} INFO - Setting next_dagrun for f1_data_analytics to None, run_after=None
[2026-10-05T20:10:03.462+0000] {processor.py:183} INFO - Processing /opt/airflow/dags/f1_pipeline_dag.py took 0.100 seconds
[2026-10-05T20:10:33.684+0000] {processor.py:161} INFO - Started process (PID=5040) to work on /opt/airflow/dags/f1_pipeline_dag.py
[2026-10-05T20:10:33.693+0000] {processor.py:830} INFO - Processing file /opt/airflow/dags/f1_pipeline_dag.py for tasks to queue
[2026-10-05T20:10:33.695+0000] {logging_mixin.py:188} INFO - [2026-10-05T20:10:33.694+0000] {dagbag.py:545} INFO - Filling up the DagBag from /opt/airflow/dags/f1_pipeline_dag.py
[2026-10-05T20:10:33.714+0000] {processor.py:840} INFO - DAG(s) 'f1_data_analytics' retrieved from /opt/airflow/dags/f1_pipeline_dag.py
[2026-10-05T20:10:33.761+0000] {logging_mixin.py:188} INFO - [2026-10-05T20:10:33.761+0000] {dag.py:3096} INFO - Sync 1 DAGs
[2026-10-05T20:10:33.771+0000] {logging_mixin.py:188} INFO - [2026-10-05T20:10:33.770+0000] {dag.py:3954} INFO - Setting next_dagrun for f1_data_analytics to None, run_after=None
[2026-10-05T20:10:33.787+0000] {processor.py:183} INFO - Processing /opt/airflow/dags/f1_pipeline_dag.py took 0.113 seconds
[2026-10-05T20:11:03.995+0000] {processor.py:161} INFO - Started process (PID=5041) to work on /opt/airflow/dags/f1_pipeline_dag.py
[2026-10-05T20:11:03.996+0000] {processor.py:830} INFO - Processing file /opt/airflow/dags/f1_pipeline_dag.py for tasks to queue
[2026-10-05T20:11:03.997+0000] {logging_mixin.py:188} INFO - [2026-10-05T20:11:03.996+0000] {dagbag.py:545} INFO - Filling up the DagBag from /opt/airflow/dags/f1_pipeline_dag.py
[2026-10-05T20:11:04.016+0000] {processor.py:840} INFO - DAG(s) 'f1_data_analytics' retrieved from /opt/airflow/dags/f1_pipeline_dag.py
[2026-10-05T20:11:04.060+0000] {logging_mixin.py:188} INFO - [2026-10-05T20:11:04.060+0000] {dag.py:3096} INFO - Sync 1 DAGs
[2026-10-05T20:11:04.069+0000] {logging_mixin.py:188} INFO - [2026-10-05T20:11:04.069+0000] {dag.py:3954} INFO - Setting next_dagrun for f1_data_analytics to None, run_after=None
[2026-10-05T20:11:04.085+0000] {processor.py:183} INFO - Processing /opt/airflow/dags/f1_pipeline_dag.py took 0.099 seconds
[2026-10-05T20:11:34.309+0000] {processor.py:161} INFO - Started process (PID=5042) to work on /opt/airflow/dags/f1_pipeline_dag.py
[2026-10-05T20:11:34.312+0000] {processor.py:830} INFO - Processing file /opt/airflow/dags/f1_pipeline_dag.py for tasks to queue
[2026-10-05T20:11:34.314+0000] {logging_mixin.py:188} INFO - [2026-10-05T20:11:34.313+0000] {dagbag.py:545} INFO - Filling up the DagBag from /opt/airflow/dags/f1_pipeline_dag.py
[2026-10-05T20:11:34.334+0000] {processor.py:840} INFO - DAG(s) 'f1_data_analytics' retrieved from /opt/airflow/dags/f1_pipeline_dag.py
[2026-10-05T20:11:34.379+0000] {logging_mixin.py:188} INFO - [2026-10-05T20:11:34.379+0000] {dag.py:3096} INFO - Sync 1 DAGs
[2026-10-05T20:11:34.389+0000] {logging_mixin.py:188} INFO - [2026-10-05T20:11:34.389+0000] {dag.py:3954} INFO - Setting next_dagrun for f1_data_analytics to None, run_after=None
[2026-10-05T20:11:34.405+0000] {processor.py:183} INFO - Processing /opt/airflow/dags/f1_pipeline_dag.py took 0.106 seconds
[2026-10-05T20:12:04.622+0000] {processor.py:161} INFO - Started process (PID=5043) to work on /opt/airflow/dags/f1_pipeline_dag.py
[2026-10-05T20:12:04.623+0000] {processor.py:830} INFO - Processing file /opt/airflow/dags/f1_pipeline_dag.py for tasks to queue
[2026-10-05T20:12:04.625+0000] {logging_mixin.py:188} INFO - [2026-10-05T20:12:04.624+0000] {dagbag.py:545} INFO - Filling up the DagBag from /opt/airflow/dags/f1_pipeline_dag.py
[2026-10-05T20:12:04.643+0000] {processor.py:840} INFO - DAG(s) 'f1_data_analytics' retrieved from /opt/airflow/dags/f1_pipeline_dag.py
[2026-10-05T20:12:04.691+0000] {logging_mixin.py:188} INFO - [2026-10-05T20:12:04.691+0000] {dag.py:3096} INFO - Sync 1 DAGs
[2026-10-05T20:12:04.700+0000] {logging_mixin.py:188} INFO - [2026-10-05T20:12:04.699+0000] {dag.py:3954} INFO - Setting next_dagrun for f1_data_analytics to None, run_after=None
[2026-10-05T20:12:04.715+0000] {processor.py:183} INFO - Processing /opt/airflow/dags/f1_pipeline_dag.py took 0.103 seconds
[2026-10-05T20:12:34.935+0000] {processor.py:161} INFO - Started process (PID=5044) to work on /opt/airflow/dags/f1_pipeline_dag.py
[2026-10-05T20:12:34.939+0000] {processor.py:830} INFO - Processing file /opt/airflow/dags/f1_pipeline_dag.py for tasks to queue
[2026-10-05T20:12:34.940+0000] {logging_mixin.py:188} INFO - [2026-10-05T20:12:34.939+0000] {dagbag.py:545} INFO - Filling up the DagBag from /opt/airflow/dags/f1_pipeline_dag.py
[2026-10-05T20:12:34.960+0000] {processor.py:840} INFO - DAG(s) 'f1_data_analytics' retrieved from /opt/airflow/dags/f1_pipeline_dag.py
[2026-10-05T20:12:35.007+0000] {logging_mixin.py:188} INFO - [2026-10-05T20:12:35.007+0000] {dag.py:3096} INFO - Sync 1 DAGs
[2026-10-05T20:12:35.016+0000] {logging_mixin.py:188} INFO - [2026-10-05T20:12:35.016+0000] {dag.py:3954} INFO - Setting next_dagrun for f1_data_analytics to None, run_after=None
[2026-10-05T20:12:35.031+0000] {processor.py:183} INFO - Processing /opt/airflow/dags/f1_pipeline_dag.py took 0.106 seconds
[2026-10-05T20:13:05.240+0000] {processor.py:161} INFO - Started process (PID=5045) to work on /opt/airflow/dags/f1_pipeline_dag.py
[2026-10-05T20:13:05.242+0000] {processor.py:830} INFO - Processing file /opt/airflow/dags/f1_pipeline_dag.py for tasks to queue
[2026-10-05T20:13:05.243+0000] {logging_mixin.py:188} INFO - [2026-10-05T20:13:05.243+0000] {dagbag.py:545} INFO - Filling up the DagBag from /opt/airflow/dags/f1_pipeline_dag.py
[2026-10-05T20:13:05.263+0000] {processor.py:840} INFO - DAG(s) 'f1_data_analytics' retrieved from /opt/airflow/dags/f1_pipeline_dag.py
[2026-10-05T20:13:05.310+0000] {logging_mixin.py:188} INFO - [2026-10-05T20:13:05.310+0000] {dag.py:3096} INFO - Sync 1 DAGs
[2026-10-05T20:13:05.320+0000] {logging_mixin.py:188} INFO - [2026-10-05T20:13:05.320+0000] {dag.py:3954} INFO - Setting next_dagrun for f1_data_analytics to None, run_after=None
[2026-10-05T20:13:05.335+0000] {processor.py:183} INFO - Processing /opt/airflow/dags/f1_pipeline_dag.py took 0.104 seconds
[2026-10-05T20:13:35.565+0000] {processor.py:161} INFO - Started process (PID=5046) to work on /opt/airflow/dags/f1_pipeline_dag.py
[2026-10-05T20:13:35.568+0000] {processor.py:830} INFO - Processing file /opt/airflow/dags/f1_pipeline_dag.py for tasks to queue
[2026-10-05T20:13:35.570+0000] {logging_mixin.py:188} INFO - [2026-10-05T20:13:35.569+0000] {dagbag.py:545} INFO - Filling up the DagBag from /opt/airflow/dags/f1_pipeline_dag.py
[2026-10-05T20:13:35.590+0000] {processor.py:840} INFO - DAG(s) 'f1_data_analytics' retrieved from /opt/airflow/dags/f1_pipeline_dag.py
[2026-10-05T20:13:35.636+0000] {logging_mixin.py:188} INFO - [2026-10-05T20:13:35.636+0000] {dag.py:3096} INFO - Sync 1 DAGs
[2026-10-05T20:13:35.646+0000] {logging_mixin.py:188} INFO - [2026-10-05T20:13:35.646+0000] {dag.py:3954} INFO - Setting next_dagrun for f1_data_analytics to None, run_after=None
[2026-10-05T20:13:35.661+0000] {processor.py:183} INFO - Processing /opt/airflow/dags/f1_pipeline_dag.py took 0.107 seconds
[2026-10-05T20:14:05.885+0000] {processor.py:161} INFO - Started process (PID=5047) to work on /opt/airflow/dags/f1_pipeline_dag.py
[2026-10-05T20:14:05.886+0000] {processor.py:830} INFO - Processing file /opt/airflow/dags/f1_pipeline_dag.py for tasks to queue
[2026-10-05T20:14:05.888+0000] {logging_mixin.py:188} INFO - [2026-10-05T20:14:05.887+0000] {dagbag.py:545} INFO - Filling up the DagBag from /opt/airflow/dags/f1_pipeline_dag.py
[2026-10-05T20:14:05.907+0000] {processor.py:840} INFO - DAG(s) 'f1_data_analytics' retrieved from /opt/airflow/dags/f1_pipeline_dag.py
[2026-10-05T20:14:05.954+0000] {logging_mixin.py:188} INFO - [2026-10-05T20:14:05.954+0000] {dag.py:3096} INFO - Sync 1 DAGs
[2026-10-05T20:14:05.963+0000] {logging_mixin.py:188} INFO - [2026-10-05T20:14:05.963+0000] {dag.py:3954} INFO - Setting next_dagrun for f1_data_analytics to None, run_after=None
[2026-10-05T20:14:05.981+0000] {processor.py:183} INFO - Processing /opt/airflow/dags/f1_pipeline_dag.py took 0.107 seconds
[2026-10-05T20:14:36.203+0000] {processor.py:161} INFO - Started process (PID=5048) to work on /opt/airflow/dags/f1_pipeline_dag.py
[2026-10-05T20:14:36.206+0000] {processor.py:830} INFO - Processing file /opt/airflow/dags/f1_pipeline_dag.py for tasks to queue
[2026-10-05T20:14:36.208+0000] {logging_mixin.py:188} INFO - [2026-10-05T20:14:36.207+0000] {dagbag.py:545} INFO - Filling up the DagBag from /opt/airflow/dags/f1_pipeline_dag.py
[2026-10-05T20:14:36.227+0000] {processor.py:840} INFO - DAG(s) 'f1_data_analytics' retrieved from /opt/airflow/dags/f1_pipeline_dag.py
[2026-10-05T20:14:36.275+0000] {logging_mixin.py:188} INFO - [2026-10-05T20:14:36.275+0000] {dag.py:3096} INFO - Sync 1 DAGs
[2026-10-05T20:14:36.284+0000] {logging_mixin.py:188} INFO - [2026-10-05T20:14:36.284+0000] {dag.py:3954} INFO - Setting next_dagrun for f1_data_analytics to None, run_after=None
[2026-10-05T20:14:36.299+0000] {processor.py:183} INFO - Processing /opt/airflow/dags/f1_pipeline_dag.py took 0.106 seconds
[2026-10-05T20:15:06.517+0000] {processor.py:161} INFO - Started process (PID=5049) to work on /opt/airflow/dags/f1_pipeline_dag.py
[2026-10-05T20:15:06.518+0000] {processor.py:830} INFO - Processing file /opt/airflow/dags/f1_pipeline_dag.py for tasks to queue
[2026-10-05T20:15:06.520+0000] {logging_mixin.py:188} INFO - [2026-10-05T20:15:06.519+0000] {dagbag.py:545} INFO - Filling up the DagBag from /opt/airflow/dags/f1_pipeline_dag.py
[2026-10-05T20:15:06.538+0000] {processor.py:840} INFO - DAG(s) 'f1_data_analytics' retrieved from /opt/airflow/dags/f1_pipeline_dag.py
[2026-10-05T20:15:06.582+0000] {logging_mixin.py:188} INFO - [2026-10-05T20:15:06.581+0000] {dag.py:3096} INFO - Sync 1 DAGs
[2026-10-05T20:15:06.591+0000] {logging_mixin.py:188} INFO - [2026-10-05T20:15:06.590+0000] {dag.py:3954} INFO - Setting next_dagrun for f1_data_analytics to None, run_after=None
[2026-10-05T20:15:06.607+0000] {processor.py:183} INFO - Processing /opt/airflow/dags/f1_pipeline_dag.py took 0.100 seconds
[2026-10-05T20:15:36.832+0000] {processor.py:161} INFO - Started process (PID=5050) to work on /opt/airflow/dags/f1_pipeline_dag.py
[2026-10-05T20:15:36.841+0000] {processor.py:830} INFO - Processing file /opt/airflow/dags/f1_pipeline_dag.py for tasks to queue
[2026-10-05T20:15:36.843+0000] {logging_mixin.py:188} INFO - [2026-10-05T20:15:36.842+0000] {dagbag.py:545} INFO - Filling up the DagBag from /opt/airflow/dags/f1_pipeline_dag.py
[2026-10-05T20:15:36.862+0000] {processor.py:840} INFO - DAG(s) 'f1_data_analytics' retrieved from /opt/airflow/dags/f1_pipeline_dag.py
[2026-10-05T20:15:36.907+0000] {logging_mixin.py:188} INFO - [2026-10-05T20:15:36.907+0000] {dag.py:3096} INFO - Sync 1 DAGs
[2026-10-05T20:15:36.916+0000] {logging_mixin.py:188} INFO - [2026-10-05T20:15:36.916+0000] {dag.py:3954} INFO - Setting next_dagrun for f1_data_analytics to None, run_after=None
[2026-10-05T20:15:36.931+0000] {processor.py:183} INFO - Processing /opt/airflow/dags/f1_pipeline_dag.py took 0.109 seconds
[2026-10-05T20:16:07.149+0000] {processor.py:161} INFO - Started process (PID=5051) to work on /opt/airflow/dags/f1_pipeline_dag.py
[2026-10-05T20:16:07.152+0000] {processor.py:830} INFO - Processing file /opt/airflow/dags/f1_pipeline_dag.py for tasks to queue
[2026-10-05T20:16:07.153+0000] {logging_mixin.py:188} INFO - [2026-10-05T20:16:07.153+0000] {dagbag.py:545} INFO - Filling up the DagBag from /opt/airflow/dags/f1_pipeline_dag.py
[2026-10-05T20:16:07.174+0000] {processor.py:840} INFO - DAG(s) 'f1_data_analytics' retrieved from /opt/airflow/dags/f1_pipeline_dag.py
[2026-10-05T20:16:07.227+0000] {logging_mixin.py:188} INFO - [2026-10-05T20:16:07.227+0000] {dag.py:3096} INFO - Sync 1 DAGs
[2026-10-05T20:16:07.238+0000] {logging_mixin.py:188} INFO - [2026-10-05T20:16:07.238+0000] {dag.py:3954} INFO - Setting next_dagrun for f1_data_analytics to None, run_after=None
[2026-10-05T20:16:07.253+0000] {processor.py:183} INFO - Processing /opt/airflow/dags/f1_pipeline_dag.py took 0.115 seconds
[2026-10-05T20:16:37.464+0000] {processor.py:161} INFO - Started process (PID=5052) to work on /opt/airflow/dags/f1_pipeline_dag.py
[2026-10-05T20:16:37.465+0000] {processor.py:830} INFO - Processing file /opt/airflow/dags/f1_pipeline_dag.py for tasks to queue
[2026-10-05T20:16:37.467+0000] {logging_mixin.py:188} INFO - [2026-10-05T20:16:37.466+0000] {dagbag.py:545} INFO - Filling up the DagBag from /opt/airflow/dags/f1_pipeline_dag.py
[2026-10-05T20:16:37.488+0000] {processor.py:840} INFO - DAG(s) 'f1_data_analytics' retrieved from /opt/airflow/dags/f1_pipeline_dag.py
[2026-10-05T20:16:37.534+0000] {logging_mixin.py:188} INFO - [2026-10-05T20:16:37.534+0000] {dag.py:3096} INFO - Sync 1 DAGs
[2026-10-05T20:16:37.543+0000] {logging_mixin.py:188} INFO - [2026-10-05T20:16:37.543+0000] {dag.py:3954} INFO - Setting next_dagrun for f1_data_analytics to None, run_after=None
[2026-10-05T20:16:37.559+0000] {processor.py:183} INFO - Processing /opt/airflow/dags/f1_pipeline_dag.py took 0.105 seconds
[2026-10-05T20:17:07.784+0000] {processor.py:161} INFO - Started process (PID=5053) to work on /opt/airflow/dags/f1_pipeline_dag.py
[2026-10-05T20:17:07.793+0000] {processor.py:830} INFO - Processing file /opt/airflow/dags/f1_pipeline_dag.py for tasks to queue
[2026-10-05T20:17:07.795+0000] {logging_mixin.py:188} INFO - [2026-10-05T20:17:07.794+0000] {dagbag.py:545} INFO - Filling up the DagBag from /opt/airflow/dags/f1_pipeline_dag.py
[2026-10-05T20:17:07.814+0000] {processor.py:840} INFO - DAG(s) 'f1_data_analytics' retrieved from /opt/airflow/dags/f1_pipeline_dag.py
[2026-10-05T20:17:07.857+0000] {logging_mixin.py:188} INFO - [2026-10-05T20:17:07.857+0000] {dag.py:3096} INFO - Sync 1 DAGs
[2026-10-05T20:17:07.866+0000] {logging_mixin.py:188} INFO - [2026-10-05T20:17:07.866+0000] {dag.py:3954} INFO - Setting next_dagrun for f1_data_analytics to None, run_after=None
[2026-10-05T20:17:07.882+0000] {processor.py:183} INFO - Processing /opt/airflow/dags/f1_pipeline_dag.py took 0.108 seconds
[2026-10-05T20:17:38.101+0000] {processor.py:161} INFO - Started process (PID=5054) to work on /opt/airflow/dags/f1_pipeline_dag.py
[2026-10-05T20:17:38.102+0000] {processor.py:830} INFO - Processing file /opt/airflow/dags/f1_pipeline_dag.py for tasks to queue
[2026-10-05T20:17:38.103+0000] {logging_mixin.py:188} INFO - [2026-10-05T20:17:38.103+0000] {dagbag.py:545} INFO - Filling up the DagBag from /opt/airflow/dags/f1_pipeline_dag.py
[2026-10-05T20:17:38.124+0000] {processor.py:840} INFO - DAG(s) 'f1_data_analytics' retrieved from /opt/airflow/dags/f1_pipeline_dag.py
[2026-10-05T20:17:38.169+0000] {logging_mixin.py:188} INFO - [2026-10-05T20:17:38.169+0000] {dag.py:3096} INFO - Sync 1 DAGs
[2026-10-05T20:17:38.179+0000] {logging_mixin.py:188} INFO - [2026-10-05T20:17:38.179+0000] {dag.py:3954} INFO - Setting next_dagrun for f1_data_analytics to None, run_after=None
[2026-10-05T20:17:38.194+0000] {processor.py:183} INFO - Processing /opt/airflow/dags/f1_pipeline_dag.py took 0.104 seconds
[2026-10-05T20:18:08.417+0000] {processor.py:161} INFO - Started process (PID=5055) to work on /opt/airflow/dags/f1_pipeline_dag.py
[2026-10-05T20:18:08.420+0000] {processor.py:830} INFO - Processing file /opt/airflow/dags/f1_pipeline_dag.py for tasks to queue
[2026-10-05T20:18:08.422+0000] {logging_mixin.py:188} INFO - [2026-10-05T20:18:08.421+0000] {dagbag.py:545} INFO - Filling up the DagBag from /opt/airflow/dags/f1_pipeline_dag.py
[2026-10-05T20:18:08.440+0000] {processor.py:840} INFO - DAG(s) 'f1_data_analytics' retrieved from /opt/airflow/dags/f1_pipeline_dag.py
[2026-10-05T20:18:08.489+0000] {logging_mixin.py:188} INFO - [2026-10-05T20:18:08.489+0000] {dag.py:3096} INFO - Sync 1 DAGs
[2026-10-05T20:18:08.498+0000] {logging_mixin.py:188} INFO - [2026-10-05T20:18:08.498+0000] {dag.py:3954} INFO - Setting next_dagrun for f1_data_analytics to None, run_after=None
[2026-10-05T20:18:08.514+0000] {processor.py:183} INFO - Processing /opt/airflow/dags/f1_pipeline_dag.py took 0.106 seconds
[2026-10-05T20:18:38.730+0000] {processor.py:161} INFO - Started process (PID=5056) to work on /opt/airflow/dags/f1_pipeline_dag.py
[2026-10-05T20:18:38.731+0000] {processor.py:830} INFO - Processing file /opt/airflow/dags/f1_pipeline_dag.py for tasks to queue
[2026-10-05T20:18:38.733+0000] {logging_mixin.py:188} INFO - [2026-10-05T20:18:38.732+0000] {dagbag.py:545} INFO - Filling up the DagBag from /opt/airflow/dags/f1_pipeline_dag.py
[2026-10-05T20:18:38.754+0000] {processor.py:840} INFO - DAG(s) 'f1_data_analytics' retrieved from /opt/airflow/dags/f1_pipeline_dag.py
[2026-10-05T20:18:38.799+0000] {logging_mixin.py:188} INFO - [2026-10-05T20:18:38.799+0000] {dag.py:3096} INFO - Sync 1 DAGs
[2026-10-05T20:18:38.808+0000] {logging_mixin.py:188} INFO - [2026-10-05T20:18:38.808+0000] {dag.py:3954} INFO - Setting next_dagrun for f1_data_analytics to None, run_after=None
[2026-10-05T20:18:38.824+0000] {processor.py:183} INFO - Processing /opt/airflow/dags/f1_pipeline_dag.py took 0.104 seconds
[2026-10-05T20:19:09.030+0000] {processor.py:161} INFO - Started process (PID=5057) to work on /opt/airflow/dags/f1_pipeline_dag.py
[2026-10-05T20:19:09.033+0000] {processor.py:830} INFO - Processing file /opt/airflow/dags/f1_pipeline_dag.py for tasks to queue
[2026-10-05T20:19:09.035+0000] {logging_mixin.py:188} INFO - [2026-10-05T20:19:09.034+0000] {dagbag.py:545} INFO - Filling up the DagBag from /opt/airflow/dags/f1_pipeline_dag.py
[2026-10-05T20:19:09.055+0000] {processor.py:840} INFO - DAG(s) 'f1_data_analytics' retrieved from /opt/airflow/dags/f1_pipeline_dag.py
[2026-10-05T20:19:09.102+0000] {logging_mixin.py:188} INFO - [2026-10-05T20:19:09.102+0000] {dag.py:3096} INFO - Sync 1 DAGs
[2026-10-05T20:19:09.113+0000] {logging_mixin.py:188} INFO - [2026-10-05T20:19:09.113+0000] {dag.py:3954} INFO - Setting next_dagrun for f1_data_analytics to None, run_after=None
[2026-10-05T20:19:09.129+0000] {processor.py:183} INFO - Processing /opt/airflow/dags/f1_pipeline_dag.py took 0.109 seconds
[2026-10-05T20:19:39.343+0000] {processor.py:161} INFO - Started process (PID=5058) to work on /opt/airflow/dags/f1_pipeline_dag.py
[2026-10-05T20:19:39.345+0000] {processor.py:830} INFO - Processing file /opt/airflow/dags/f1_pipeline_dag.py for tasks to queue
[2026-10-05T20:19:39.346+0000] {logging_mixin.py:188} INFO - [2026-10-05T20:19:39.346+0000] {dagbag.py:545} INFO - Filling up the DagBag from /opt/airflow/dags/f1_pipeline_dag.py
[2026-10-05T20:19:39.365+0000] {processor.py:840} INFO - DAG(s) 'f1_data_analytics' retrieved from /opt/airflow/dags/f1_pipeline_dag.py
[2026-10-05T20:19:39.411+0000] {logging_mixin.py:188} INFO - [2026-10-05T20:19:39.411+0000] {dag.py:3096} INFO - Sync 1 DAGs
[2026-10-05T20:19:39.421+0000] {logging_mixin.py:188} INFO - [2026-10-05T20:19:39.421+0000] {dag.py:3954} INFO - Setting next_dagrun for f1_data_analytics to None, run_after=None
[2026-10-05T20:19:39.437+0000] {processor.py:183} INFO - Processing /opt/airflow/dags/f1_pipeline_dag.py took 0.104 seconds
[2026-10-05T20:20:09.659+0000] {processor.py:161} INFO - Started process (PID=5059) to work on /opt/airflow/dags/f1_pipeline_dag.py
[2026-10-05T20:20:09.668+0000] {processor.py:830} INFO - Processing file /opt/airflow/dags/f1_pipeline_dag.py for tasks to queue
[2026-10-05T20:20:09.669+0000] {logging_mixin.py:188} INFO - [2026-10-05T20:20:09.669+0000] {dagbag.py:545} INFO - Filling up the DagBag from /opt/airflow/dags/f1_pipeline_dag.py
[2026-10-05T20:20:09.689+0000] {processor.py:840} INFO - DAG(s) 'f1_data_analytics' retrieved from /opt/airflow/dags/f1_pipeline_dag.py
[2026-10-05T20:20:09.736+0000] {logging_mixin.py:188} INFO - [2026-10-05T20:20:09.735+0000] {dag.py:3096} INFO - Sync 1 DAGs
[2026-10-05T20:20:09.744+0000] {logging_mixin.py:188} INFO - [2026-10-05T20:20:09.744+0000] {dag.py:3954} INFO - Setting next_dagrun for f1_data_analytics to None, run_after=None
[2026-10-05T20:20:09.759+0000] {processor.py:183} INFO - Processing /opt/airflow/dags/f1_pipeline_dag.py took 0.110 seconds
[2026-10-05T20:20:39.976+0000] {processor.py:161} INFO - Started process (PID=5060) to work on /opt/airflow/dags/f1_pipeline_dag.py
[2026-10-05T20:20:39.977+0000] {processor.py:830} INFO - Processing file /opt/airflow/dags/f1_pipeline_dag.py for tasks to queue
[2026-10-05T20:20:39.979+0000] {logging_mixin.py:188} INFO - [2026-10-05T20:20:39.978+0000] {dagbag.py:545} INFO - Filling up the DagBag from /opt/airflow/dags/f1_pipeline_dag.py
[2026-10-05T20:20:39.998+0000] {processor.py:840} INFO - DAG(s) 'f1_data_analytics' retrieved from /opt/airflow/dags/f1_pipeline_dag.py
[2026-10-05T20:20:40.045+0000] {logging_mixin.py:188} INFO - [2026-10-05T20:20:40.045+0000] {dag.py:3096} INFO - Sync 1 DAGs
[2026-10-05T20:20:40.054+0000] {logging_mixin.py:188} INFO - [2026-10-05T20:20:40.054+0000] {dag.py:3954} INFO - Setting next_dagrun for f1_data_analytics to None, run_after=None
[2026-10-05T20:20:40.069+0000] {processor.py:183} INFO - Processing /opt/airflow/dags/f1_pipeline_dag.py took 0.104 seconds
[2026-10-05T20:21:10.289+0000] {processor.py:161} INFO - Started process (PID=5061) to work on /opt/airflow/dags/f1_pipeline_dag.py
[2026-10-05T20:21:10.292+0000] {processor.py:830} INFO - Processing file /opt/airflow/dags/f1_pipeline_dag.py for tasks to queue
[2026-10-05T20:21:10.294+0000] {logging_mixin.py:188} INFO - [2026-10-05T20:21:10.293+0000] {dagbag.py:545} INFO - Filling up the DagBag from /opt/airflow/dags/f1_pipeline_dag.py
[2026-10-05T20:21:10.313+0000] {processor.py:840} INFO - DAG(s) 'f1_data_analytics' retrieved from /opt/airflow/dags/f1_pipeline_dag.py
[2026-10-05T20:21:10.358+0000] {logging_mixin.py:188} INFO - [2026-10-05T20:21:10.358+0000] {dag.py:3096} INFO - Sync 1 DAGs
[2026-10-05T20:21:10.368+0000] {logging_mixin.py:188} INFO - [2026-10-05T20:21:10.368+0000] {dag.py:3954} INFO - Setting next_dagrun for f1_data_analytics to None, run_after=None
[2026-10-05T20:21:10.383+0000] {processor.py:183} INFO - Processing /opt/airflow/dags/f1_pipeline_dag.py took 0.105 seconds
[2026-10-05T20:21:40.603+0000] {processor.py:161} INFO - Started process (PID=5062) to work on /opt/airflow/dags/f1_pipeline_dag.py
[2026-10-05T20:21:40.604+0000] {processor.py:830} INFO - Processing file /opt/airflow/dags/f1_pipeline_dag.py for tasks to queue
[2026-10-05T20:21:40.605+0000] {logging_mixin.py:188} INFO - [2026-10-05T20:21:40.605+0000] {dagbag.py:545} INFO - Filling up the DagBag from /opt/airflow/dags/f1_pipeline_dag.py
[2026-10-05T20:21:40.623+0000] {processor.py:840} INFO - DAG(s) 'f1_data_analytics' retrieved from /opt/airflow/dags/f1_pipeline_dag.py
[2026-10-05T20:21:40.658+0000] {logging_mixin.py:188} INFO - [2026-10-05T20:21:40.658+0000] {dag.py:3096} INFO - Sync 1 DAGs
[2026-10-05T20:21:40.669+0000] {logging_mixin.py:188} INFO - [2026-10-05T20:21:40.668+0000] {dag.py:3954} INFO - Setting next_dagrun for f1_data_analytics to None, run_after=None
[2026-10-05T20:21:40.685+0000] {processor.py:183} INFO - Processing /opt/airflow/dags/f1_pipeline_dag.py took 0.092 seconds
[2026-10-05T20:22:10.794+0000] {processor.py:161} INFO - Started process (PID=5063) to work on /opt/airflow/dags/f1_pipeline_dag.py
[2026-10-05T20:22:10.797+0000] {processor.py:830} INFO - Processing file /opt/airflow/dags/f1_pipeline_dag.py for tasks to queue
[2026-10-05T20:22:10.798+0000] {logging_mixin.py:188} INFO - [2026-10-05T20:22:10.798+0000] {dagbag.py:545} INFO - Filling up the DagBag from /opt/airflow/dags/f1_pipeline_dag.py
[2026-10-05T20:22:10.818+0000] {processor.py:840} INFO - DAG(s) 'f1_data_analytics' retrieved from /opt/airflow/dags/f1_pipeline_dag.py
[2026-10-05T20:22:10.865+0000] {logging_mixin.py:188} INFO - [2026-10-05T20:22:10.865+0000] {dag.py:3096} INFO - Sync 1 DAGs
[2026-10-05T20:22:10.875+0000] {logging_mixin.py:188} INFO - [2026-10-05T20:22:10.875+0000] {dag.py:3954} INFO - Setting next_dagrun for f1_data_analytics to None, run_after=None
[2026-10-05T20:22:10.892+0000] {processor.py:183} INFO - Processing /opt/airflow/dags/f1_pipeline_dag.py took 0.108 seconds
[2026-10-05T20:22:41.100+0000] {processor.py:161} INFO - Started process (PID=5064) to work on /opt/airflow/dags/f1_pipeline_dag.py
[2026-10-05T20:22:41.101+0000] {processor.py:830} INFO - Processing file /opt/airflow/dags/f1_pipeline_dag.py for tasks to queue
[2026-10-05T20:22:41.103+0000] {logging_mixin.py:188} INFO - [2026-10-05T20:22:41.102+0000] {dagbag.py:545} INFO - Filling up the DagBag from /opt/airflow/dags/f1_pipeline_dag.py
[2026-10-05T20:22:41.123+0000] {processor.py:840} INFO - DAG(s) 'f1_data_analytics' retrieved from /opt/airflow/dags/f1_pipeline_dag.py
[2026-10-05T20:22:41.184+0000] {logging_mixin.py:188} INFO - [2026-10-05T20:22:41.184+0000] {dag.py:3096} INFO - Sync 1 DAGs
[2026-10-05T20:22:41.205+0000] {logging_mixin.py:188} INFO - [2026-10-05T20:22:41.204+0000] {dag.py:3954} INFO - Setting next_dagrun for f1_data_analytics to None, run_after=None
[2026-10-05T20:22:41.235+0000] {processor.py:183} INFO - Processing /opt/airflow/dags/f1_pipeline_dag.py took 0.146 seconds
[2026-10-05T20:23:11.408+0000] {processor.py:161} INFO - Started process (PID=5065) to work on /opt/airflow/dags/f1_pipeline_dag.py
[2026-10-05T20:23:11.411+0000] {processor.py:830} INFO - Processing file /opt/airflow/dags/f1_pipeline_dag.py for tasks to queue
[2026-10-05T20:23:11.413+0000] {logging_mixin.py:188} INFO - [2026-10-05T20:23:11.412+0000] {dagbag.py:545} INFO - Filling up the DagBag from /opt/airflow/dags/f1_pipeline_dag.py
[2026-10-05T20:23:11.432+0000] {processor.py:840} INFO - DAG(s) 'f1_data_analytics' retrieved from /opt/airflow/dags/f1_pipeline_dag.py
[2026-10-05T20:23:11.497+0000] {logging_mixin.py:188} INFO - [2026-10-05T20:23:11.496+0000] {dag.py:3096} INFO - Sync 1 DAGs
[2026-10-05T20:23:11.515+0000] {logging_mixin.py:188} INFO - [2026-10-05T20:23:11.514+0000] {dag.py:3954} INFO - Setting next_dagrun for f1_data_analytics to None, run_after=None
[2026-10-05T20:23:11.544+0000] {processor.py:183} INFO - Processing /opt/airflow/dags/f1_pipeline_dag.py took 0.146 seconds
[2026-10-05T20:23:41.710+0000] {processor.py:161} INFO - Started process (PID=5066) to work on /opt/airflow/dags/f1_pipeline_dag.py
[2026-10-05T20:23:41.712+0000] {processor.py:830} INFO - Processing file /opt/airflow/dags/f1_pipeline_dag.py for tasks to queue
[2026-10-05T20:23:41.713+0000] {logging_mixin.py:188} INFO - [2026-10-05T20:23:41.712+0000] {dagbag.py:545} INFO - Filling up the DagBag from /opt/airflow/dags/f1_pipeline_dag.py
[2026-10-05T20:23:41.733+0000] {processor.py:840} INFO - DAG(s) 'f1_data_analytics' retrieved from /opt/airflow/dags/f1_pipeline_dag.py
[2026-10-05T20:23:41.799+0000] {logging_mixin.py:188} INFO - [2026-10-05T20:23:41.798+0000] {dag.py:3096} INFO - Sync 1 DAGs
[2026-10-05T20:23:41.817+0000] {logging_mixin.py:188} INFO - [2026-10-05T20:23:41.817+0000] {dag.py:3954} INFO - Setting next_dagrun for f1_data_analytics to None, run_after=None
[2026-10-05T20:23:41.849+0000] {processor.py:183} INFO - Processing /opt/airflow/dags/f1_pipeline_dag.py took 0.148 seconds
[2026-10-05T20:24:12.014+0000] {processor.py:161} INFO - Started process (PID=5067) to work on /opt/airflow/dags/f1_pipeline_dag.py
[2026-10-05T20:24:12.016+0000] {processor.py:830} INFO - Processing file /opt/airflow/dags/f1_pipeline_dag.py for tasks to queue
[2026-10-05T20:24:12.017+0000] {logging_mixin.py:188} INFO - [2026-10-05T20:24:12.017+0000] {dagbag.py:545} INFO - Filling up the DagBag from /opt/airflow/dags/f1_pipeline_dag.py
[2026-10-05T20:24:12.036+0000] {processor.py:840} INFO - DAG(s) 'f1_data_analytics' retrieved from /opt/airflow/dags/f1_pipeline_dag.py
[2026-10-05T20:24:12.112+0000] {logging_mixin.py:188} INFO - [2026-10-05T20:24:12.112+0000] {dag.py:3096} INFO - Sync 1 DAGs
[2026-10-05T20:24:12.130+0000] {logging_mixin.py:188} INFO - [2026-10-05T20:24:12.130+0000] {dag.py:3954} INFO - Setting next_dagrun for f1_data_analytics to None, run_after=None
[2026-10-05T20:24:12.162+0000] {processor.py:183} INFO - Processing /opt/airflow/dags/f1_pipeline_dag.py took 0.157 seconds
[2026-10-05T20:24:42.325+0000] {processor.py:161} INFO - Started process (PID=5068) to work on /opt/airflow/dags/f1_pipeline_dag.py
[2026-10-05T20:24:42.327+0000] {processor.py:830} INFO - Processing file /opt/airflow/dags/f1_pipeline_dag.py for tasks to queue
[2026-10-05T20:24:42.328+0000] {logging_mixin.py:188} INFO - [2026-10-05T20:24:42.327+0000] {dagbag.py:545} INFO - Filling up the DagBag from /opt/airflow/dags/f1_pipeline_dag.py
[2026-10-05T20:24:42.347+0000] {processor.py:840} INFO - DAG(s) 'f1_data_analytics' retrieved from /opt/airflow/dags/f1_pipeline_dag.py
[2026-10-05T20:24:42.411+0000] {logging_mixin.py:188} INFO - [2026-10-05T20:24:42.411+0000] {dag.py:3096} INFO - Sync 1 DAGs
[2026-10-05T20:24:42.429+0000] {logging_mixin.py:188} INFO - [2026-10-05T20:24:42.428+0000] {dag.py:3954} INFO - Setting next_dagrun for f1_data_analytics to None, run_after=None
[2026-10-05T20:24:42.459+0000] {processor.py:183} INFO - Processing /opt/airflow/dags/f1_pipeline_dag.py took 0.144 seconds
[2026-10-05T20:25:12.626+0000] {processor.py:161} INFO - Started process (PID=5069) to work on /opt/airflow/dags/f1_pipeline_dag.py
[2026-10-05T20:25:12.635+0000] {processor.py:830} INFO - Processing file /opt/airflow/dags/f1_pipeline_dag.py for tasks to queue
[2026-10-05T20:25:12.636+0000] {logging_mixin.py:188} INFO - [2026-10-05T20:25:12.636+0000] {dagbag.py:545} INFO - Filling up the DagBag from /opt/airflow/dags/f1_pipeline_dag.py
[2026-10-05T20:25:12.655+0000] {processor.py:840} INFO - DAG(s) 'f1_data_analytics' retrieved from /opt/airflow/dags/f1_pipeline_dag.py
[2026-10-05T20:25:12.716+0000] {logging_mixin.py:188} INFO - [2026-10-05T20:25:12.715+0000] {dag.py:3096} INFO - Sync 1 DAGs
[2026-10-05T20:25:12.734+0000] {logging_mixin.py:188} INFO - [2026-10-05T20:25:12.733+0000] {dag.py:3954} INFO - Setting next_dagrun for f1_data_analytics to None, run_after=None
[2026-10-05T20:25:12.761+0000] {processor.py:183} INFO - Processing /opt/airflow/dags/f1_pipeline_dag.py took 0.144 seconds
[2026-10-05T20:25:42.927+0000] {processor.py:161} INFO - Started process (PID=5070) to work on /opt/airflow/dags/f1_pipeline_dag.py
[2026-10-05T20:25:42.928+0000] {processor.py:830} INFO - Processing file /opt/airflow/dags/f1_pipeline_dag.py for tasks to queue
[2026-10-05T20:25:42.929+0000] {logging_mixin.py:188} INFO - [2026-10-05T20:25:42.929+0000] {dagbag.py:545} INFO - Filling up the DagBag from /opt/airflow/dags/f1_pipeline_dag.py
[2026-10-05T20:25:42.948+0000] {processor.py:840} INFO - DAG(s) 'f1_data_analytics' retrieved from /opt/airflow/dags/f1_pipeline_dag.py
[2026-10-05T20:25:43.010+0000] {logging_mixin.py:188} INFO - [2026-10-05T20:25:43.009+0000] {dag.py:3096} INFO - Sync 1 DAGs
[2026-10-05T20:25:43.028+0000] {logging_mixin.py:188} INFO - [2026-10-05T20:25:43.028+0000] {dag.py:3954} INFO - Setting next_dagrun for f1_data_analytics to None, run_after=None
[2026-10-05T20:25:43.059+0000] {processor.py:183} INFO - Processing /opt/airflow/dags/f1_pipeline_dag.py took 0.142 seconds
[2026-10-05T20:26:13.230+0000] {processor.py:161} INFO - Started process (PID=5071) to work on /opt/airflow/dags/f1_pipeline_dag.py
[2026-10-05T20:26:13.238+0000] {processor.py:830} INFO - Processing file /opt/airflow/dags/f1_pipeline_dag.py for tasks to queue
[2026-10-05T20:26:13.239+0000] {logging_mixin.py:188} INFO - [2026-10-05T20:26:13.239+0000] {dagbag.py:545} INFO - Filling up the DagBag from /opt/airflow/dags/f1_pipeline_dag.py
[2026-10-05T20:26:13.257+0000] {processor.py:840} INFO - DAG(s) 'f1_data_analytics' retrieved from /opt/airflow/dags/f1_pipeline_dag.py
[2026-10-05T20:26:13.319+0000] {logging_mixin.py:188} INFO - [2026-10-05T20:26:13.318+0000] {dag.py:3096} INFO - Sync 1 DAGs
[2026-10-05T20:26:13.336+0000] {logging_mixin.py:188} INFO - [2026-10-05T20:26:13.335+0000] {dag.py:3954} INFO - Setting next_dagrun for f1_data_analytics to None, run_after=None
[2026-10-05T20:26:13.364+0000] {processor.py:183} INFO - Processing /opt/airflow/dags/f1_pipeline_dag.py took 0.145 seconds
[2026-10-05T20:26:43.533+0000] {processor.py:161} INFO - Started process (PID=5072) to work on /opt/airflow/dags/f1_pipeline_dag.py
[2026-10-05T20:26:43.535+0000] {processor.py:830} INFO - Processing file /opt/airflow/dags/f1_pipeline_dag.py for tasks to queue
[2026-10-05T20:26:43.536+0000] {logging_mixin.py:188} INFO - [2026-10-05T20:26:43.535+0000] {dagbag.py:545} INFO - Filling up the DagBag from /opt/airflow/dags/f1_pipeline_dag.py
[2026-10-05T20:26:43.555+0000] {processor.py:840} INFO - DAG(s) 'f1_data_analytics' retrieved from /opt/airflow/dags/f1_pipeline_dag.py
[2026-10-05T20:26:43.616+0000] {logging_mixin.py:188} INFO - [2026-10-05T20:26:43.616+0000] {dag.py:3096} INFO - Sync 1 DAGs
[2026-10-05T20:26:43.633+0000] {logging_mixin.py:188} INFO - [2026-10-05T20:26:43.633+0000] {dag.py:3954} INFO - Setting next_dagrun for f1_data_analytics to None, run_after=None
[2026-10-05T20:26:43.662+0000] {processor.py:183} INFO - Processing /opt/airflow/dags/f1_pipeline_dag.py took 0.140 seconds
[2026-10-05T20:27:13.833+0000] {processor.py:161} INFO - Started process (PID=5073) to work on /opt/airflow/dags/f1_pipeline_dag.py
[2026-10-05T20:27:13.842+0000] {processor.py:830} INFO - Processing file /opt/airflow/dags/f1_pipeline_dag.py for tasks to queue
[2026-10-05T20:27:13.844+0000] {logging_mixin.py:188} INFO - [2026-10-05T20:27:13.843+0000] {dagbag.py:545} INFO - Filling up the DagBag from /opt/airflow/dags/f1_pipeline_dag.py
[2026-10-05T20:27:13.863+0000] {processor.py:840} INFO - DAG(s) 'f1_data_analytics' retrieved from /opt/airflow/dags/f1_pipeline_dag.py
[2026-10-05T20:27:13.924+0000] {logging_mixin.py:188} INFO - [2026-10-05T20:27:13.924+0000] {dag.py:3096} INFO - Sync 1 DAGs
[2026-10-05T20:27:13.942+0000] {logging_mixin.py:188} INFO - [2026-10-05T20:27:13.941+0000] {dag.py:3954} INFO - Setting next_dagrun for f1_data_analytics to None, run_after=None
[2026-10-05T20:27:13.971+0000] {processor.py:183} INFO - Processing /opt/airflow/dags/f1_pipeline_dag.py took 0.148 seconds
[2026-10-05T20:27:44.138+0000] {processor.py:161} INFO - Started process (PID=5074) to work on /opt/airflow/dags/f1_pipeline_dag.py
[2026-10-05T20:27:44.140+0000] {processor.py:830} INFO - Processing file /opt/airflow/dags/f1_pipeline_dag.py for tasks to queue
[2026-10-05T20:27:44.141+0000] {logging_mixin.py:188} INFO - [2026-10-05T20:27:44.141+0000] {dagbag.py:545} INFO - Filling up the DagBag from /opt/airflow/dags/f1_pipeline_dag.py
[2026-10-05T20:27:44.160+0000] {processor.py:840} INFO - DAG(s) 'f1_data_analytics' retrieved from /opt/airflow/dags/f1_pipeline_dag.py
[2026-10-05T20:27:44.222+0000] {logging_mixin.py:188} INFO - [2026-10-05T20:27:44.221+0000] {dag.py:3096} INFO - Sync 1 DAGs
[2026-10-05T20:27:44.239+0000] {logging_mixin.py:188} INFO - [2026-10-05T20:27:44.239+0000] {dag.py:3954} INFO - Setting next_dagrun for f1_data_analytics to None, run_after=None
[2026-10-05T20:27:44.269+0000] {processor.py:183} INFO - Processing /opt/airflow/dags/f1_pipeline_dag.py took 0.141 seconds
[2026-10-05T20:28:14.446+0000] {processor.py:161} INFO - Started process (PID=5075) to work on /opt/airflow/dags/f1_pipeline_dag.py
[2026-10-05T20:28:14.456+0000] {processor.py:830} INFO - Processing file /opt/airflow/dags/f1_pipeline_dag.py for tasks to queue
[2026-10-05T20:28:14.457+0000] {logging_mixin.py:188} INFO - [2026-10-05T20:28:14.457+0000] {dagbag.py:545} INFO - Filling up the DagBag from /opt/airflow/dags/f1_pipeline_dag.py
[2026-10-05T20:28:14.478+0000] {processor.py:840} INFO - DAG(s) 'f1_data_analytics' retrieved from /opt/airflow/dags/f1_pipeline_dag.py
[2026-10-05T20:28:14.540+0000] {logging_mixin.py:188} INFO - [2026-10-05T20:28:14.540+0000] {dag.py:3096} INFO - Sync 1 DAGs
[2026-10-05T20:28:14.559+0000] {logging_mixin.py:188} INFO - [2026-10-05T20:28:14.558+0000] {dag.py:3954} INFO - Setting next_dagrun for f1_data_analytics to None, run_after=None
[2026-10-05T20:28:14.589+0000] {processor.py:183} INFO - Processing /opt/airflow/dags/f1_pipeline_dag.py took 0.156 seconds
[2026-10-05T20:28:44.746+0000] {processor.py:161} INFO - Started process (PID=5076) to work on /opt/airflow/dags/f1_pipeline_dag.py
[2026-10-05T20:28:44.748+0000] {processor.py:830} INFO - Processing file /opt/airflow/dags/f1_pipeline_dag.py for tasks to queue
[2026-10-05T20:28:44.749+0000] {logging_mixin.py:188} INFO - [2026-10-05T20:28:44.748+0000] {dagbag.py:545} INFO - Filling up the DagBag from /opt/airflow/dags/f1_pipeline_dag.py
[2026-10-05T20:28:44.767+0000] {processor.py:840} INFO - DAG(s) 'f1_data_analytics' retrieved from /opt/airflow/dags/f1_pipeline_dag.py
[2026-10-05T20:28:44.829+0000] {logging_mixin.py:188} INFO - [2026-10-05T20:28:44.828+0000] {dag.py:3096} INFO - Sync 1 DAGs
[2026-10-05T20:28:44.847+0000] {logging_mixin.py:188} INFO - [2026-10-05T20:28:44.846+0000] {dag.py:3954} INFO - Setting next_dagrun for f1_data_analytics to None, run_after=None
[2026-10-05T20:28:44.876+0000] {processor.py:183} INFO - Processing /opt/airflow/dags/f1_pipeline_dag.py took 0.139 seconds
[2026-10-05T20:29:15.049+0000] {processor.py:161} INFO - Started process (PID=5077) to work on /opt/airflow/dags/f1_pipeline_dag.py
[2026-10-05T20:29:15.058+0000] {processor.py:830} INFO - Processing file /opt/airflow/dags/f1_pipeline_dag.py for tasks to queue
[2026-10-05T20:29:15.060+0000] {logging_mixin.py:188} INFO - [2026-10-05T20:29:15.059+0000] {dagbag.py:545} INFO - Filling up the DagBag from /opt/airflow/dags/f1_pipeline_dag.py
[2026-10-05T20:29:15.080+0000] {processor.py:840} INFO - DAG(s) 'f1_data_analytics' retrieved from /opt/airflow/dags/f1_pipeline_dag.py
[2026-10-05T20:29:15.142+0000] {logging_mixin.py:188} INFO - [2026-10-05T20:29:15.142+0000] {dag.py:3096} INFO - Sync 1 DAGs
[2026-10-05T20:29:15.161+0000] {logging_mixin.py:188} INFO - [2026-10-05T20:29:15.160+0000] {dag.py:3954} INFO - Setting next_dagrun for f1_data_analytics to None, run_after=None
[2026-10-05T20:29:15.190+0000] {processor.py:183} INFO - Processing /opt/airflow/dags/f1_pipeline_dag.py took 0.151 seconds
[2026-10-05T20:29:45.315+0000] {processor.py:161} INFO - Started process (PID=5078) to work on /opt/airflow/dags/f1_pipeline_dag.py
[2026-10-05T20:29:45.317+0000] {processor.py:830} INFO - Processing file /opt/airflow/dags/f1_pipeline_dag.py for tasks to queue
[2026-10-05T20:29:45.318+0000] {logging_mixin.py:188} INFO - [2026-10-05T20:29:45.318+0000] {dagbag.py:545} INFO - Filling up the DagBag from /opt/airflow/dags/f1_pipeline_dag.py
[2026-10-05T20:29:45.338+0000] {processor.py:840} INFO - DAG(s) 'f1_data_analytics' retrieved from /opt/airflow/dags/f1_pipeline_dag.py
[2026-10-05T20:29:45.400+0000] {logging_mixin.py:188} INFO - [2026-10-05T20:29:45.399+0000] {dag.py:3096} INFO - Sync 1 DAGs
[2026-10-05T20:29:45.417+0000] {logging_mixin.py:188} INFO - [2026-10-05T20:29:45.416+0000] {dag.py:3954} INFO - Setting next_dagrun for f1_data_analytics to None, run_after=None
[2026-10-05T20:29:45.446+0000] {processor.py:183} INFO - Processing /opt/airflow/dags/f1_pipeline_dag.py took 0.141 seconds
[2026-10-05T20:30:15.616+0000] {processor.py:161} INFO - Started process (PID=5079) to work on /opt/airflow/dags/f1_pipeline_dag.py
[2026-10-05T20:30:15.619+0000] {processor.py:830} INFO - Processing file /opt/airflow/dags/f1_pipeline_dag.py for tasks to queue
[2026-10-05T20:30:15.620+0000] {logging_mixin.py:188} INFO - [2026-10-05T20:30:15.619+0000] {dagbag.py:545} INFO - Filling up the DagBag from /opt/airflow/dags/f1_pipeline_dag.py
[2026-10-05T20:30:15.639+0000] {processor.py:840} INFO - DAG(s) 'f1_data_analytics' retrieved from /opt/airflow/dags/f1_pipeline_dag.py
[2026-10-05T20:30:15.710+0000] {logging_mixin.py:188} INFO - [2026-10-05T20:30:15.709+0000] {dag.py:3096} INFO - Sync 1 DAGs
[2026-10-05T20:30:15.738+0000] {logging_mixin.py:188} INFO - [2026-10-05T20:30:15.737+0000] {dag.py:3954} INFO - Setting next_dagrun for f1_data_analytics to None, run_after=None
[2026-10-05T20:30:15.786+0000] {processor.py:183} INFO - Processing /opt/airflow/dags/f1_pipeline_dag.py took 0.180 seconds
[2026-10-05T20:30:45.943+0000] {processor.py:161} INFO - Started process (PID=5080) to work on /opt/airflow/dags/f1_pipeline_dag.py
[2026-10-05T20:30:45.944+0000] {processor.py:830} INFO - Processing file /opt/airflow/dags/f1_pipeline_dag.py for tasks to queue
[2026-10-05T20:30:45.945+0000] {logging_mixin.py:188} INFO - [2026-10-05T20:30:45.945+0000] {dagbag.py:545} INFO - Filling up the DagBag from /opt/airflow/dags/f1_pipeline_dag.py
[2026-10-05T20:30:45.964+0000] {processor.py:840} INFO - DAG(s) 'f1_data_analytics' retrieved from /opt/airflow/dags/f1_pipeline_dag.py
[2026-10-05T20:30:46.027+0000] {logging_mixin.py:188} INFO - [2026-10-05T20:30:46.026+0000] {dag.py:3096} INFO - Sync 1 DAGs
[2026-10-05T20:30:46.044+0000] {logging_mixin.py:188} INFO - [2026-10-05T20:30:46.043+0000] {dag.py:3954} INFO - Setting next_dagrun for f1_data_analytics to None, run_after=None
[2026-10-05T20:30:46.074+0000] {processor.py:183} INFO - Processing /opt/airflow/dags/f1_pipeline_dag.py took 0.141 seconds
[2026-10-05T20:31:16.243+0000] {processor.py:161} INFO - Started process (PID=5081) to work on /opt/airflow/dags/f1_pipeline_dag.py
[2026-10-05T20:31:16.247+0000] {processor.py:830} INFO - Processing file /opt/airflow/dags/f1_pipeline_dag.py for tasks to queue
[2026-10-05T20:31:16.248+0000] {logging_mixin.py:188} INFO - [2026-10-05T20:31:16.248+0000] {dagbag.py:545} INFO - Filling up the DagBag from /opt/airflow/dags/f1_pipeline_dag.py
[2026-10-05T20:31:16.267+0000] {processor.py:840} INFO - DAG(s) 'f1_data_analytics' retrieved from /opt/airflow/dags/f1_pipeline_dag.py
[2026-10-05T20:31:16.332+0000] {logging_mixin.py:188} INFO - [2026-10-05T20:31:16.332+0000] {dag.py:3096} INFO - Sync 1 DAGs
[2026-10-05T20:31:16.353+0000] {logging_mixin.py:188} INFO - [2026-10-05T20:31:16.352+0000] {dag.py:3954} INFO - Setting next_dagrun for f1_data_analytics to None, run_after=None
[2026-10-05T20:31:16.384+0000] {processor.py:183} INFO - Processing /opt/airflow/dags/f1_pipeline_dag.py took 0.150 seconds
[2026-10-05T20:31:46.546+0000] {processor.py:161} INFO - Started process (PID=5082) to work on /opt/airflow/dags/f1_pipeline_dag.py
[2026-10-05T20:31:46.547+0000] {processor.py:830} INFO - Processing file /opt/airflow/dags/f1_pipeline_dag.py for tasks to queue
[2026-10-05T20:31:46.549+0000] {logging_mixin.py:188} INFO - [2026-10-05T20:31:46.548+0000] {dagbag.py:545} INFO - Filling up the DagBag from /opt/airflow/dags/f1_pipeline_dag.py
[2026-10-05T20:31:46.567+0000] {processor.py:840} INFO - DAG(s) 'f1_data_analytics' retrieved from /opt/airflow/dags/f1_pipeline_dag.py
[2026-10-05T20:31:46.629+0000] {logging_mixin.py:188} INFO - [2026-10-05T20:31:46.628+0000] {dag.py:3096} INFO - Sync 1 DAGs
[2026-10-05T20:31:46.647+0000] {logging_mixin.py:188} INFO - [2026-10-05T20:31:46.647+0000] {dag.py:3954} INFO - Setting next_dagrun for f1_data_analytics to None, run_after=None
[2026-10-05T20:31:46.677+0000] {processor.py:183} INFO - Processing /opt/airflow/dags/f1_pipeline_dag.py took 0.140 seconds
[2026-10-05T20:32:16.853+0000] {processor.py:161} INFO - Started process (PID=5083) to work on /opt/airflow/dags/f1_pipeline_dag.py
[2026-10-05T20:32:16.856+0000] {processor.py:830} INFO - Processing file /opt/airflow/dags/f1_pipeline_dag.py for tasks to queue
[2026-10-05T20:32:16.858+0000] {logging_mixin.py:188} INFO - [2026-10-05T20:32:16.857+0000] {dagbag.py:545} INFO - Filling up the DagBag from /opt/airflow/dags/f1_pipeline_dag.py
[2026-10-05T20:32:16.878+0000] {processor.py:840} INFO - DAG(s) 'f1_data_analytics' retrieved from /opt/airflow/dags/f1_pipeline_dag.py
[2026-10-05T20:32:16.939+0000] {logging_mixin.py:188} INFO - [2026-10-05T20:32:16.939+0000] {dag.py:3096} INFO - Sync 1 DAGs
[2026-10-05T20:32:16.956+0000] {logging_mixin.py:188} INFO - [2026-10-05T20:32:16.956+0000] {dag.py:3954} INFO - Setting next_dagrun for f1_data_analytics to None, run_after=None
[2026-10-05T20:32:16.985+0000] {processor.py:183} INFO - Processing /opt/airflow/dags/f1_pipeline_dag.py took 0.142 seconds
[2026-10-05T20:32:47.155+0000] {processor.py:161} INFO - Started process (PID=5084) to work on /opt/airflow/dags/f1_pipeline_dag.py
[2026-10-05T20:32:47.156+0000] {processor.py:830} INFO - Processing file /opt/airflow/dags/f1_pipeline_dag.py for tasks to queue
[2026-10-05T20:32:47.158+0000] {logging_mixin.py:188} INFO - [2026-10-05T20:32:47.157+0000] {dagbag.py:545} INFO - Filling up the DagBag from /opt/airflow/dags/f1_pipeline_dag.py
[2026-10-05T20:32:47.176+0000] {processor.py:840} INFO - DAG(s) 'f1_data_analytics' retrieved from /opt/airflow/dags/f1_pipeline_dag.py
[2026-10-05T20:32:47.237+0000] {logging_mixin.py:188} INFO - [2026-10-05T20:32:47.237+0000] {dag.py:3096} INFO - Sync 1 DAGs
[2026-10-05T20:32:47.257+0000] {logging_mixin.py:188} INFO - [2026-10-05T20:32:47.256+0000] {dag.py:3954} INFO - Setting next_dagrun for f1_data_analytics to None, run_after=None
[2026-10-05T20:32:47.287+0000] {processor.py:183} INFO - Processing /opt/airflow/dags/f1_pipeline_dag.py took 0.141 seconds
[2026-10-05T20:33:17.468+0000] {processor.py:161} INFO - Started process (PID=5085) to work on /opt/airflow/dags/f1_pipeline_dag.py
[2026-10-05T20:33:17.471+0000] {processor.py:830} INFO - Processing file /opt/airflow/dags/f1_pipeline_dag.py for tasks to queue
[2026-10-05T20:33:17.473+0000] {logging_mixin.py:188} INFO - [2026-10-05T20:33:17.472+0000] {dagbag.py:545} INFO - Filling up the DagBag from /opt/airflow/dags/f1_pipeline_dag.py
[2026-10-05T20:33:17.491+0000] {processor.py:840} INFO - DAG(s) 'f1_data_analytics' retrieved from /opt/airflow/dags/f1_pipeline_dag.py
[2026-10-05T20:33:17.553+0000] {logging_mixin.py:188} INFO - [2026-10-05T20:33:17.553+0000] {dag.py:3096} INFO - Sync 1 DAGs
[2026-10-05T20:33:17.571+0000] {logging_mixin.py:188} INFO - [2026-10-05T20:33:17.571+0000] {dag.py:3954} INFO - Setting next_dagrun for f1_data_analytics to None, run_after=None
[2026-10-05T20:33:17.603+0000] {processor.py:183} INFO - Processing /opt/airflow/dags/f1_pipeline_dag.py took 0.144 seconds
[2026-10-05T20:33:47.784+0000] {processor.py:161} INFO - Started process (PID=5086) to work on /opt/airflow/dags/f1_pipeline_dag.py
[2026-10-05T20:33:47.786+0000] {processor.py:830} INFO - Processing file /opt/airflow/dags/f1_pipeline_dag.py for tasks to queue
[2026-10-05T20:33:47.787+0000] {logging_mixin.py:188} INFO - [2026-10-05T20:33:47.787+0000] {dagbag.py:545} INFO - Filling up the DagBag from /opt/airflow/dags/f1_pipeline_dag.py
[2026-10-05T20:33:47.807+0000] {processor.py:840} INFO - DAG(s) 'f1_data_analytics' retrieved from /opt/airflow/dags/f1_pipeline_dag.py
[2026-10-05T20:33:47.870+0000] {logging_mixin.py:188} INFO - [2026-10-05T20:33:47.869+0000] {dag.py:3096} INFO - Sync 1 DAGs
[2026-10-05T20:33:47.887+0000] {logging_mixin.py:188} INFO - [2026-10-05T20:33:47.887+0000] {dag.py:3954} INFO - Setting next_dagrun for f1_data_analytics to None, run_after=None
[2026-10-05T20:33:47.919+0000] {processor.py:183} INFO - Processing /opt/airflow/dags/f1_pipeline_dag.py took 0.145 seconds
[2026-10-05T20:34:18.095+0000] {processor.py:161} INFO - Started process (PID=5087) to work on /opt/airflow/dags/f1_pipeline_dag.py
[2026-10-05T20:34:18.099+0000] {processor.py:830} INFO - Processing file /opt/airflow/dags/f1_pipeline_dag.py for tasks to queue
[2026-10-05T20:34:18.100+0000] {logging_mixin.py:188} INFO - [2026-10-05T20:34:18.099+0000] {dagbag.py:545} INFO - Filling up the DagBag from /opt/airflow/dags/f1_pipeline_dag.py
[2026-10-05T20:34:18.120+0000] {processor.py:840} INFO - DAG(s) 'f1_data_analytics' retrieved from /opt/airflow/dags/f1_pipeline_dag.py
[2026-10-05T20:34:18.186+0000] {logging_mixin.py:188} INFO - [2026-10-05T20:34:18.186+0000] {dag.py:3096} INFO - Sync 1 DAGs
[2026-10-05T20:34:18.205+0000] {logging_mixin.py:188} INFO - [2026-10-05T20:34:18.205+0000] {dag.py:3954} INFO - Setting next_dagrun for f1_data_analytics to None, run_after=None
[2026-10-05T20:34:18.235+0000] {processor.py:183} INFO - Processing /opt/airflow/dags/f1_pipeline_dag.py took 0.151 seconds
[2026-10-05T20:34:48.394+0000] {processor.py:161} INFO - Started process (PID=5088) to work on /opt/airflow/dags/f1_pipeline_dag.py
[2026-10-05T20:34:48.395+0000] {processor.py:830} INFO - Processing file /opt/airflow/dags/f1_pipeline_dag.py for tasks to queue
[2026-10-05T20:34:48.397+0000] {logging_mixin.py:188} INFO - [2026-10-05T20:34:48.396+0000] {dagbag.py:545} INFO - Filling up the DagBag from /opt/airflow/dags/f1_pipeline_dag.py
[2026-10-05T20:34:48.415+0000] {processor.py:840} INFO - DAG(s) 'f1_data_analytics' retrieved from /opt/airflow/dags/f1_pipeline_dag.py
[2026-10-05T20:34:48.479+0000] {logging_mixin.py:188} INFO - [2026-10-05T20:34:48.478+0000] {dag.py:3096} INFO - Sync 1 DAGs
[2026-10-05T20:34:48.497+0000] {logging_mixin.py:188} INFO - [2026-10-05T20:34:48.497+0000] {dag.py:3954} INFO - Setting next_dagrun for f1_data_analytics to None, run_after=None
[2026-10-05T20:34:48.527+0000] {processor.py:183} INFO - Processing /opt/airflow/dags/f1_pipeline_dag.py took 0.142 seconds
[2026-10-05T20:35:18.702+0000] {processor.py:161} INFO - Started process (PID=5089) to work on /opt/airflow/dags/f1_pipeline_dag.py
[2026-10-05T20:35:18.710+0000] {processor.py:830} INFO - Processing file /opt/airflow/dags/f1_pipeline_dag.py for tasks to queue
[2026-10-05T20:35:18.712+0000] {logging_mixin.py:188} INFO - [2026-10-05T20:35:18.711+0000] {dagbag.py:545} INFO - Filling up the DagBag from /opt/airflow/dags/f1_pipeline_dag.py
[2026-10-05T20:35:18.733+0000] {processor.py:840} INFO - DAG(s) 'f1_data_analytics' retrieved from /opt/airflow/dags/f1_pipeline_dag.py
[2026-10-05T20:35:18.799+0000] {logging_mixin.py:188} INFO - [2026-10-05T20:35:18.799+0000] {dag.py:3096} INFO - Sync 1 DAGs
[2026-10-05T20:35:18.816+0000] {logging_mixin.py:188} INFO - [2026-10-05T20:35:18.816+0000] {dag.py:3954} INFO - Setting next_dagrun for f1_data_analytics to None, run_after=None
[2026-10-05T20:35:18.847+0000] {processor.py:183} INFO - Processing /opt/airflow/dags/f1_pipeline_dag.py took 0.155 seconds
[2026-10-05T20:35:49.008+0000] {processor.py:161} INFO - Started process (PID=5090) to work on /opt/airflow/dags/f1_pipeline_dag.py
[2026-10-05T20:35:49.011+0000] {processor.py:830} INFO - Processing file /opt/airflow/dags/f1_pipeline_dag.py for tasks to queue
[2026-10-05T20:35:49.012+0000] {logging_mixin.py:188} INFO - [2026-10-05T20:35:49.012+0000] {dagbag.py:545} INFO - Filling up the DagBag from /opt/airflow/dags/f1_pipeline_dag.py
[2026-10-05T20:35:49.032+0000] {processor.py:840} INFO - DAG(s) 'f1_data_analytics' retrieved from /opt/airflow/dags/f1_pipeline_dag.py
[2026-10-05T20:35:49.095+0000] {logging_mixin.py:188} INFO - [2026-10-05T20:35:49.095+0000] {dag.py:3096} INFO - Sync 1 DAGs
[2026-10-05T20:35:49.113+0000] {logging_mixin.py:188} INFO - [2026-10-05T20:35:49.112+0000] {dag.py:3954} INFO - Setting next_dagrun for f1_data_analytics to None, run_after=None
[2026-10-05T20:35:49.144+0000] {processor.py:183} INFO - Processing /opt/airflow/dags/f1_pipeline_dag.py took 0.146 seconds
[2026-10-05T20:36:19.313+0000] {processor.py:161} INFO - Started process (PID=5091) to work on /opt/airflow/dags/f1_pipeline_dag.py
[2026-10-05T20:36:19.314+0000] {processor.py:830} INFO - Processing file /opt/airflow/dags/f1_pipeline_dag.py for tasks to queue
[2026-10-05T20:36:19.315+0000] {logging_mixin.py:188} INFO - [2026-10-05T20:36:19.315+0000] {dagbag.py:545} INFO - Filling up the DagBag from /opt/airflow/dags/f1_pipeline_dag.py
[2026-10-05T20:36:19.334+0000] {processor.py:840} INFO - DAG(s) 'f1_data_analytics' retrieved from /opt/airflow/dags/f1_pipeline_dag.py
[2026-10-05T20:36:19.397+0000] {logging_mixin.py:188} INFO - [2026-10-05T20:36:19.397+0000] {dag.py:3096} INFO - Sync 1 DAGs
[2026-10-05T20:36:19.418+0000] {logging_mixin.py:188} INFO - [2026-10-05T20:36:19.417+0000] {dag.py:3954} INFO - Setting next_dagrun for f1_data_analytics to None, run_after=None
[2026-10-05T20:36:19.449+0000] {processor.py:183} INFO - Processing /opt/airflow/dags/f1_pipeline_dag.py took 0.146 seconds
[2026-10-05T20:36:49.617+0000] {processor.py:161} INFO - Started process (PID=5092) to work on /opt/airflow/dags/f1_pipeline_dag.py
[2026-10-05T20:36:49.619+0000] {processor.py:830} INFO - Processing file /opt/airflow/dags/f1_pipeline_dag.py for tasks to queue
[2026-10-05T20:36:49.620+0000] {logging_mixin.py:188} INFO - [2026-10-05T20:36:49.619+0000] {dagbag.py:545} INFO - Filling up the DagBag from /opt/airflow/dags/f1_pipeline_dag.py
[2026-10-05T20:36:49.641+0000] {processor.py:840} INFO - DAG(s) 'f1_data_analytics' retrieved from /opt/airflow/dags/f1_pipeline_dag.py
[2026-10-05T20:36:49.715+0000] {logging_mixin.py:188} INFO - [2026-10-05T20:36:49.714+0000] {dag.py:3096} INFO - Sync 1 DAGs
[2026-10-05T20:36:49.734+0000] {logging_mixin.py:188} INFO - [2026-10-05T20:36:49.733+0000] {dag.py:3954} INFO - Setting next_dagrun for f1_data_analytics to None, run_after=None
[2026-10-05T20:36:49.766+0000] {processor.py:183} INFO - Processing /opt/airflow/dags/f1_pipeline_dag.py took 0.158 seconds
[2026-10-05T20:37:19.925+0000] {processor.py:161} INFO - Started process (PID=5093) to work on /opt/airflow/dags/f1_pipeline_dag.py
[2026-10-05T20:37:19.934+0000] {processor.py:830} INFO - Processing file /opt/airflow/dags/f1_pipeline_dag.py for tasks to queue
[2026-10-05T20:37:19.935+0000] {logging_mixin.py:188} INFO - [2026-10-05T20:37:19.935+0000] {dagbag.py:545} INFO - Filling up the DagBag from /opt/airflow/dags/f1_pipeline_dag.py
[2026-10-05T20:37:19.954+0000] {processor.py:840} INFO - DAG(s) 'f1_data_analytics' retrieved from /opt/airflow/dags/f1_pipeline_dag.py
[2026-10-05T20:37:20.016+0000] {logging_mixin.py:188} INFO - [2026-10-05T20:37:20.015+0000] {dag.py:3096} INFO - Sync 1 DAGs
[2026-10-05T20:37:20.035+0000] {logging_mixin.py:188} INFO - [2026-10-05T20:37:20.034+0000] {dag.py:3954} INFO - Setting next_dagrun for f1_data_analytics to None, run_after=None
[2026-10-05T20:37:20.065+0000] {processor.py:183} INFO - Processing /opt/airflow/dags/f1_pipeline_dag.py took 0.150 seconds
[2026-10-05T20:37:50.238+0000] {processor.py:161} INFO - Started process (PID=5094) to work on /opt/airflow/dags/f1_pipeline_dag.py
[2026-10-05T20:37:50.240+0000] {processor.py:830} INFO - Processing file /opt/airflow/dags/f1_pipeline_dag.py for tasks to queue
[2026-10-05T20:37:50.242+0000] {logging_mixin.py:188} INFO - [2026-10-05T20:37:50.241+0000] {dagbag.py:545} INFO - Filling up the DagBag from /opt/airflow/dags/f1_pipeline_dag.py
[2026-10-05T20:37:50.265+0000] {processor.py:840} INFO - DAG(s) 'f1_data_analytics' retrieved from /opt/airflow/dags/f1_pipeline_dag.py
[2026-10-05T20:37:50.332+0000] {logging_mixin.py:188} INFO - [2026-10-05T20:37:50.331+0000] {dag.py:3096} INFO - Sync 1 DAGs
[2026-10-05T20:37:50.351+0000] {logging_mixin.py:188} INFO - [2026-10-05T20:37:50.350+0000] {dag.py:3954} INFO - Setting next_dagrun for f1_data_analytics to None, run_after=None
[2026-10-05T20:37:50.393+0000] {processor.py:183} INFO - Processing /opt/airflow/dags/f1_pipeline_dag.py took 0.167 seconds
[2026-10-05T20:38:20.539+0000] {processor.py:161} INFO - Started process (PID=5095) to work on /opt/airflow/dags/f1_pipeline_dag.py
[2026-10-05T20:38:20.542+0000] {processor.py:830} INFO - Processing file /opt/airflow/dags/f1_pipeline_dag.py for tasks to queue
[2026-10-05T20:38:20.544+0000] {logging_mixin.py:188} INFO - [2026-10-05T20:38:20.543+0000] {dagbag.py:545} INFO - Filling up the DagBag from /opt/airflow/dags/f1_pipeline_dag.py
[2026-10-05T20:38:20.562+0000] {processor.py:840} INFO - DAG(s) 'f1_data_analytics' retrieved from /opt/airflow/dags/f1_pipeline_dag.py
[2026-10-05T20:38:20.630+0000] {logging_mixin.py:188} INFO - [2026-10-05T20:38:20.629+0000] {dag.py:3096} INFO - Sync 1 DAGs
[2026-10-05T20:38:20.647+0000] {logging_mixin.py:188} INFO - [2026-10-05T20:38:20.647+0000] {dag.py:3954} INFO - Setting next_dagrun for f1_data_analytics to None, run_after=None
[2026-10-05T20:38:20.679+0000] {processor.py:183} INFO - Processing /opt/airflow/dags/f1_pipeline_dag.py took 0.150 seconds
[2026-10-05T20:38:50.846+0000] {processor.py:161} INFO - Started process (PID=5096) to work on /opt/airflow/dags/f1_pipeline_dag.py
[2026-10-05T20:38:50.847+0000] {processor.py:830} INFO - Processing file /opt/airflow/dags/f1_pipeline_dag.py for tasks to queue
[2026-10-05T20:38:50.849+0000] {logging_mixin.py:188} INFO - [2026-10-05T20:38:50.848+0000] {dagbag.py:545} INFO - Filling up the DagBag from /opt/airflow/dags/f1_pipeline_dag.py
[2026-10-05T20:38:50.869+0000] {processor.py:840} INFO - DAG(s) 'f1_data_analytics' retrieved from /opt/airflow/dags/f1_pipeline_dag.py
[2026-10-05T20:38:50.932+0000] {logging_mixin.py:188} INFO - [2026-10-05T20:38:50.931+0000] {dag.py:3096} INFO - Sync 1 DAGs
[2026-10-05T20:38:50.949+0000] {logging_mixin.py:188} INFO - [2026-10-05T20:38:50.949+0000] {dag.py:3954} INFO - Setting next_dagrun for f1_data_analytics to None, run_after=None
[2026-10-05T20:38:50.980+0000] {processor.py:183} INFO - Processing /opt/airflow/dags/f1_pipeline_dag.py took 0.145 seconds
[2026-10-05T20:39:21.149+0000] {processor.py:161} INFO - Started process (PID=5097) to work on /opt/airflow/dags/f1_pipeline_dag.py
[2026-10-05T20:39:21.153+0000] {processor.py:830} INFO - Processing file /opt/airflow/dags/f1_pipeline_dag.py for tasks to queue
[2026-10-05T20:39:21.154+0000] {logging_mixin.py:188} INFO - [2026-10-05T20:39:21.153+0000] {dagbag.py:545} INFO - Filling up the DagBag from /opt/airflow/dags/f1_pipeline_dag.py
[2026-10-05T20:39:21.175+0000] {processor.py:840} INFO - DAG(s) 'f1_data_analytics' retrieved from /opt/airflow/dags/f1_pipeline_dag.py
[2026-10-05T20:39:21.235+0000] {logging_mixin.py:188} INFO - [2026-10-05T20:39:21.235+0000] {dag.py:3096} INFO - Sync 1 DAGs
[2026-10-05T20:39:21.253+0000] {logging_mixin.py:188} INFO - [2026-10-05T20:39:21.252+0000] {dag.py:3954} INFO - Setting next_dagrun for f1_data_analytics to None, run_after=None
[2026-10-05T20:39:21.284+0000] {processor.py:183} INFO - Processing /opt/airflow/dags/f1_pipeline_dag.py took 0.144 seconds
[2026-10-05T20:39:51.456+0000] {processor.py:161} INFO - Started process (PID=5098) to work on /opt/airflow/dags/f1_pipeline_dag.py
[2026-10-05T20:39:51.457+0000] {processor.py:830} INFO - Processing file /opt/airflow/dags/f1_pipeline_dag.py for tasks to queue
[2026-10-05T20:39:51.459+0000] {logging_mixin.py:188} INFO - [2026-10-05T20:39:51.458+0000] {dagbag.py:545} INFO - Filling up the DagBag from /opt/airflow/dags/f1_pipeline_dag.py
[2026-10-05T20:39:51.479+0000] {processor.py:840} INFO - DAG(s) 'f1_data_analytics' retrieved from /opt/airflow/dags/f1_pipeline_dag.py
[2026-10-05T20:39:51.548+0000] {logging_mixin.py:188} INFO - [2026-10-05T20:39:51.547+0000] {dag.py:3096} INFO - Sync 1 DAGs
[2026-10-05T20:39:51.568+0000] {logging_mixin.py:188} INFO - [2026-10-05T20:39:51.567+0000] {dag.py:3954} INFO - Setting next_dagrun for f1_data_analytics to None, run_after=None
[2026-10-05T20:39:51.600+0000] {processor.py:183} INFO - Processing /opt/airflow/dags/f1_pipeline_dag.py took 0.155 seconds
[2026-10-05T20:40:21.771+0000] {processor.py:161} INFO - Started process (PID=5099) to work on /opt/airflow/dags/f1_pipeline_dag.py
[2026-10-05T20:40:21.775+0000] {processor.py:830} INFO - Processing file /opt/airflow/dags/f1_pipeline_dag.py for tasks to queue
[2026-10-05T20:40:21.776+0000] {logging_mixin.py:188} INFO - [2026-10-05T20:40:21.775+0000] {dagbag.py:545} INFO - Filling up the DagBag from /opt/airflow/dags/f1_pipeline_dag.py
[2026-10-05T20:40:21.794+0000] {processor.py:840} INFO - DAG(s) 'f1_data_analytics' retrieved from /opt/airflow/dags/f1_pipeline_dag.py
[2026-10-05T20:40:21.855+0000] {logging_mixin.py:188} INFO - [2026-10-05T20:40:21.855+0000] {dag.py:3096} INFO - Sync 1 DAGs
[2026-10-05T20:40:21.873+0000] {logging_mixin.py:188} INFO - [2026-10-05T20:40:21.873+0000] {dag.py:3954} INFO - Setting next_dagrun for f1_data_analytics to None, run_after=None
[2026-10-05T20:40:21.904+0000] {processor.py:183} INFO - Processing /opt/airflow/dags/f1_pipeline_dag.py took 0.142 seconds
[2026-10-05T20:40:52.074+0000] {processor.py:161} INFO - Started process (PID=5100) to work on /opt/airflow/dags/f1_pipeline_dag.py
[2026-10-05T20:40:52.075+0000] {processor.py:830} INFO - Processing file /opt/airflow/dags/f1_pipeline_dag.py for tasks to queue
[2026-10-05T20:40:52.076+0000] {logging_mixin.py:188} INFO - [2026-10-05T20:40:52.076+0000] {dagbag.py:545} INFO - Filling up the DagBag from /opt/airflow/dags/f1_pipeline_dag.py
[2026-10-05T20:40:52.096+0000] {processor.py:840} INFO - DAG(s) 'f1_data_analytics' retrieved from /opt/airflow/dags/f1_pipeline_dag.py
[2026-10-05T20:40:52.158+0000] {logging_mixin.py:188} INFO - [2026-10-05T20:40:52.157+0000] {dag.py:3096} INFO - Sync 1 DAGs
[2026-10-05T20:40:52.177+0000] {logging_mixin.py:188} INFO - [2026-10-05T20:40:52.177+0000] {dag.py:3954} INFO - Setting next_dagrun for f1_data_analytics to None, run_after=None
[2026-10-05T20:40:52.208+0000] {processor.py:183} INFO - Processing /opt/airflow/dags/f1_pipeline_dag.py took 0.144 seconds
[2026-10-05T20:41:22.392+0000] {processor.py:161} INFO - Started process (PID=5101) to work on /opt/airflow/dags/f1_pipeline_dag.py
[2026-10-05T20:41:22.395+0000] {processor.py:830} INFO - Processing file /opt/airflow/dags/f1_pipeline_dag.py for tasks to queue
[2026-10-05T20:41:22.396+0000] {logging_mixin.py:188} INFO - [2026-10-05T20:41:22.395+0000] {dagbag.py:545} INFO - Filling up the DagBag from /opt/airflow/dags/f1_pipeline_dag.py
[2026-10-05T20:41:22.418+0000] {processor.py:840} INFO - DAG(s) 'f1_data_analytics' retrieved from /opt/airflow/dags/f1_pipeline_dag.py
[2026-10-05T20:41:22.502+0000] {logging_mixin.py:188} INFO - [2026-10-05T20:41:22.501+0000] {dag.py:3096} INFO - Sync 1 DAGs
[2026-10-05T20:41:22.522+0000] {logging_mixin.py:188} INFO - [2026-10-05T20:41:22.521+0000] {dag.py:3954} INFO - Setting next_dagrun for f1_data_analytics to None, run_after=None
[2026-10-05T20:41:22.554+0000] {processor.py:183} INFO - Processing /opt/airflow/dags/f1_pipeline_dag.py took 0.173 seconds
[2026-10-05T20:41:52.703+0000] {processor.py:161} INFO - Started process (PID=5102) to work on /opt/airflow/dags/f1_pipeline_dag.py
[2026-10-05T20:41:52.705+0000] {processor.py:830} INFO - Processing file /opt/airflow/dags/f1_pipeline_dag.py for tasks to queue
[2026-10-05T20:41:52.706+0000] {logging_mixin.py:188} INFO - [2026-10-05T20:41:52.706+0000] {dagbag.py:545} INFO - Filling up the DagBag from /opt/airflow/dags/f1_pipeline_dag.py
[2026-10-05T20:41:52.730+0000] {processor.py:840} INFO - DAG(s) 'f1_data_analytics' retrieved from /opt/airflow/dags/f1_pipeline_dag.py
[2026-10-05T20:41:52.806+0000] {logging_mixin.py:188} INFO - [2026-10-05T20:41:52.806+0000] {dag.py:3096} INFO - Sync 1 DAGs
[2026-10-05T20:41:52.824+0000] {logging_mixin.py:188} INFO - [2026-10-05T20:41:52.823+0000] {dag.py:3954} INFO - Setting next_dagrun for f1_data_analytics to None, run_after=None
[2026-10-05T20:41:52.856+0000] {processor.py:183} INFO - Processing /opt/airflow/dags/f1_pipeline_dag.py took 0.164 seconds
[2026-10-05T20:42:23.008+0000] {processor.py:161} INFO - Started process (PID=5103) to work on /opt/airflow/dags/f1_pipeline_dag.py
[2026-10-05T20:42:23.011+0000] {processor.py:830} INFO - Processing file /opt/airflow/dags/f1_pipeline_dag.py for tasks to queue
[2026-10-05T20:42:23.012+0000] {logging_mixin.py:188} INFO - [2026-10-05T20:42:23.012+0000] {dagbag.py:545} INFO - Filling up the DagBag from /opt/airflow/dags/f1_pipeline_dag.py
[2026-10-05T20:42:23.032+0000] {processor.py:840} INFO - DAG(s) 'f1_data_analytics' retrieved from /opt/airflow/dags/f1_pipeline_dag.py
[2026-10-05T20:42:23.094+0000] {logging_mixin.py:188} INFO - [2026-10-05T20:42:23.094+0000] {dag.py:3096} INFO - Sync 1 DAGs
[2026-10-05T20:42:23.110+0000] {logging_mixin.py:188} INFO - [2026-10-05T20:42:23.110+0000] {dag.py:3954} INFO - Setting next_dagrun for f1_data_analytics to None, run_after=None
[2026-10-05T20:42:23.139+0000] {processor.py:183} INFO - Processing /opt/airflow/dags/f1_pipeline_dag.py took 0.141 seconds
[2026-10-05T20:42:53.315+0000] {processor.py:161} INFO - Started process (PID=5104) to work on /opt/airflow/dags/f1_pipeline_dag.py
[2026-10-05T20:42:53.317+0000] {processor.py:830} INFO - Processing file /opt/airflow/dags/f1_pipeline_dag.py for tasks to queue
[2026-10-05T20:42:53.319+0000] {logging_mixin.py:188} INFO - [2026-10-05T20:42:53.318+0000] {dagbag.py:545} INFO - Filling up the DagBag from /opt/airflow/dags/f1_pipeline_dag.py
[2026-10-05T20:42:53.340+0000] {processor.py:840} INFO - DAG(s) 'f1_data_analytics' retrieved from /opt/airflow/dags/f1_pipeline_dag.py
[2026-10-05T20:42:53.401+0000] {logging_mixin.py:188} INFO - [2026-10-05T20:42:53.401+0000] {dag.py:3096} INFO - Sync 1 DAGs
[2026-10-05T20:42:53.419+0000] {logging_mixin.py:188} INFO - [2026-10-05T20:42:53.418+0000] {dag.py:3954} INFO - Setting next_dagrun for f1_data_analytics to None, run_after=None
[2026-10-05T20:42:53.452+0000] {processor.py:183} INFO - Processing /opt/airflow/dags/f1_pipeline_dag.py took 0.146 seconds
[2026-10-05T20:43:23.623+0000] {processor.py:161} INFO - Started process (PID=5105) to work on /opt/airflow/dags/f1_pipeline_dag.py
[2026-10-05T20:43:23.626+0000] {processor.py:830} INFO - Processing file /opt/airflow/dags/f1_pipeline_dag.py for tasks to queue
[2026-10-05T20:43:23.628+0000] {logging_mixin.py:188} INFO - [2026-10-05T20:43:23.627+0000] {dagbag.py:545} INFO - Filling up the DagBag from /opt/airflow/dags/f1_pipeline_dag.py
[2026-10-05T20:43:23.647+0000] {processor.py:840} INFO - DAG(s) 'f1_data_analytics' retrieved from /opt/airflow/dags/f1_pipeline_dag.py
[2026-10-05T20:43:23.710+0000] {logging_mixin.py:188} INFO - [2026-10-05T20:43:23.709+0000] {dag.py:3096} INFO - Sync 1 DAGs
[2026-10-05T20:43:23.729+0000] {logging_mixin.py:188} INFO - [2026-10-05T20:43:23.729+0000] {dag.py:3954} INFO - Setting next_dagrun for f1_data_analytics to None, run_after=None
[2026-10-05T20:43:23.760+0000] {processor.py:183} INFO - Processing /opt/airflow/dags/f1_pipeline_dag.py took 0.146 seconds
[2026-10-05T20:43:53.927+0000] {processor.py:161} INFO - Started process (PID=5106) to work on /opt/airflow/dags/f1_pipeline_dag.py
[2026-10-05T20:43:53.928+0000] {processor.py:830} INFO - Processing file /opt/airflow/dags/f1_pipeline_dag.py for tasks to queue
[2026-10-05T20:43:53.930+0000] {logging_mixin.py:188} INFO - [2026-10-05T20:43:53.929+0000] {dagbag.py:545} INFO - Filling up the DagBag from /opt/airflow/dags/f1_pipeline_dag.py
[2026-10-05T20:43:53.948+0000] {processor.py:840} INFO - DAG(s) 'f1_data_analytics' retrieved from /opt/airflow/dags/f1_pipeline_dag.py
[2026-10-05T20:43:54.010+0000] {logging_mixin.py:188} INFO - [2026-10-05T20:43:54.010+0000] {dag.py:3096} INFO - Sync 1 DAGs
[2026-10-05T20:43:54.029+0000] {logging_mixin.py:188} INFO - [2026-10-05T20:43:54.029+0000] {dag.py:3954} INFO - Setting next_dagrun for f1_data_analytics to None, run_after=None
[2026-10-05T20:43:54.057+0000] {processor.py:183} INFO - Processing /opt/airflow/dags/f1_pipeline_dag.py took 0.140 seconds
[2026-10-05T20:44:24.230+0000] {processor.py:161} INFO - Started process (PID=5107) to work on /opt/airflow/dags/f1_pipeline_dag.py
[2026-10-05T20:44:24.238+0000] {processor.py:830} INFO - Processing file /opt/airflow/dags/f1_pipeline_dag.py for tasks to queue
[2026-10-05T20:44:24.239+0000] {logging_mixin.py:188} INFO - [2026-10-05T20:44:24.239+0000] {dagbag.py:545} INFO - Filling up the DagBag from /opt/airflow/dags/f1_pipeline_dag.py
[2026-10-05T20:44:24.258+0000] {processor.py:840} INFO - DAG(s) 'f1_data_analytics' retrieved from /opt/airflow/dags/f1_pipeline_dag.py
[2026-10-05T20:44:24.320+0000] {logging_mixin.py:188} INFO - [2026-10-05T20:44:24.320+0000] {dag.py:3096} INFO - Sync 1 DAGs
[2026-10-05T20:44:24.338+0000] {logging_mixin.py:188} INFO - [2026-10-05T20:44:24.338+0000] {dag.py:3954} INFO - Setting next_dagrun for f1_data_analytics to None, run_after=None
[2026-10-05T20:44:24.367+0000] {processor.py:183} INFO - Processing /opt/airflow/dags/f1_pipeline_dag.py took 0.147 seconds
[2026-10-05T20:44:54.534+0000] {processor.py:161} INFO - Started process (PID=5108) to work on /opt/airflow/dags/f1_pipeline_dag.py
[2026-10-05T20:44:54.536+0000] {processor.py:830} INFO - Processing file /opt/airflow/dags/f1_pipeline_dag.py for tasks to queue
[2026-10-05T20:44:54.537+0000] {logging_mixin.py:188} INFO - [2026-10-05T20:44:54.537+0000] {dagbag.py:545} INFO - Filling up the DagBag from /opt/airflow/dags/f1_pipeline_dag.py
[2026-10-05T20:44:54.556+0000] {processor.py:840} INFO - DAG(s) 'f1_data_analytics' retrieved from /opt/airflow/dags/f1_pipeline_dag.py
[2026-10-05T20:44:54.616+0000] {logging_mixin.py:188} INFO - [2026-10-05T20:44:54.616+0000] {dag.py:3096} INFO - Sync 1 DAGs
[2026-10-05T20:44:54.634+0000] {logging_mixin.py:188} INFO - [2026-10-05T20:44:54.634+0000] {dag.py:3954} INFO - Setting next_dagrun for f1_data_analytics to None, run_after=None
[2026-10-05T20:44:54.664+0000] {processor.py:183} INFO - Processing /opt/airflow/dags/f1_pipeline_dag.py took 0.140 seconds
[2026-10-05T20:45:24.836+0000] {processor.py:161} INFO - Started process (PID=5109) to work on /opt/airflow/dags/f1_pipeline_dag.py
[2026-10-05T20:45:24.839+0000] {processor.py:830} INFO - Processing file /opt/airflow/dags/f1_pipeline_dag.py for tasks to queue
[2026-10-05T20:45:24.840+0000] {logging_mixin.py:188} INFO - [2026-10-05T20:45:24.840+0000] {dagbag.py:545} INFO - Filling up the DagBag from /opt/airflow/dags/f1_pipeline_dag.py
[2026-10-05T20:45:24.859+0000] {processor.py:840} INFO - DAG(s) 'f1_data_analytics' retrieved from /opt/airflow/dags/f1_pipeline_dag.py
[2026-10-05T20:45:24.921+0000] {logging_mixin.py:188} INFO - [2026-10-05T20:45:24.921+0000] {dag.py:3096} INFO - Sync 1 DAGs
[2026-10-05T20:45:24.938+0000] {logging_mixin.py:188} INFO - [2026-10-05T20:45:24.937+0000] {dag.py:3954} INFO - Setting next_dagrun for f1_data_analytics to None, run_after=None
[2026-10-05T20:45:24.967+0000] {processor.py:183} INFO - Processing /opt/airflow/dags/f1_pipeline_dag.py took 0.142 seconds
[2026-10-05T20:45:55.140+0000] {processor.py:161} INFO - Started process (PID=5110) to work on /opt/airflow/dags/f1_pipeline_dag.py
[2026-10-05T20:45:55.142+0000] {processor.py:830} INFO - Processing file /opt/airflow/dags/f1_pipeline_dag.py for tasks to queue
[2026-10-05T20:45:55.143+0000] {logging_mixin.py:188} INFO - [2026-10-05T20:45:55.143+0000] {dagbag.py:545} INFO - Filling up the DagBag from /opt/airflow/dags/f1_pipeline_dag.py
[2026-10-05T20:45:55.163+0000] {processor.py:840} INFO - DAG(s) 'f1_data_analytics' retrieved from /opt/airflow/dags/f1_pipeline_dag.py
[2026-10-05T20:45:55.226+0000] {logging_mixin.py:188} INFO - [2026-10-05T20:45:55.225+0000] {dag.py:3096} INFO - Sync 1 DAGs
[2026-10-05T20:45:55.244+0000] {logging_mixin.py:188} INFO - [2026-10-05T20:45:55.243+0000] {dag.py:3954} INFO - Setting next_dagrun for f1_data_analytics to None, run_after=None
[2026-10-05T20:45:55.274+0000] {processor.py:183} INFO - Processing /opt/airflow/dags/f1_pipeline_dag.py took 0.144 seconds
[2026-10-05T20:46:25.450+0000] {processor.py:161} INFO - Started process (PID=5111) to work on /opt/airflow/dags/f1_pipeline_dag.py
[2026-10-05T20:46:25.453+0000] {processor.py:830} INFO - Processing file /opt/airflow/dags/f1_pipeline_dag.py for tasks to queue
[2026-10-05T20:46:25.455+0000] {logging_mixin.py:188} INFO - [2026-10-05T20:46:25.454+0000] {dagbag.py:545} INFO - Filling up the DagBag from /opt/airflow/dags/f1_pipeline_dag.py
[2026-10-05T20:46:25.480+0000] {processor.py:840} INFO - DAG(s) 'f1_data_analytics' retrieved from /opt/airflow/dags/f1_pipeline_dag.py
[2026-10-05T20:46:25.550+0000] {logging_mixin.py:188} INFO - [2026-10-05T20:46:25.549+0000] {dag.py:3096} INFO - Sync 1 DAGs
[2026-10-05T20:46:25.568+0000] {logging_mixin.py:188} INFO - [2026-10-05T20:46:25.567+0000] {dag.py:3954} INFO - Setting next_dagrun for f1_data_analytics to None, run_after=None
[2026-10-05T20:46:25.598+0000] {processor.py:183} INFO - Processing /opt/airflow/dags/f1_pipeline_dag.py took 0.160 seconds
[2026-10-05T20:46:55.756+0000] {processor.py:161} INFO - Started process (PID=5112) to work on /opt/airflow/dags/f1_pipeline_dag.py
[2026-10-05T20:46:55.757+0000] {processor.py:830} INFO - Processing file /opt/airflow/dags/f1_pipeline_dag.py for tasks to queue
[2026-10-05T20:46:55.759+0000] {logging_mixin.py:188} INFO - [2026-10-05T20:46:55.758+0000] {dagbag.py:545} INFO - Filling up the DagBag from /opt/airflow/dags/f1_pipeline_dag.py
[2026-10-05T20:46:55.777+0000] {processor.py:840} INFO - DAG(s) 'f1_data_analytics' retrieved from /opt/airflow/dags/f1_pipeline_dag.py
[2026-10-05T20:46:55.839+0000] {logging_mixin.py:188} INFO - [2026-10-05T20:46:55.839+0000] {dag.py:3096} INFO - Sync 1 DAGs
[2026-10-05T20:46:55.858+0000] {logging_mixin.py:188} INFO - [2026-10-05T20:46:55.858+0000] {dag.py:3954} INFO - Setting next_dagrun for f1_data_analytics to None, run_after=None
[2026-10-05T20:46:55.888+0000] {processor.py:183} INFO - Processing /opt/airflow/dags/f1_pipeline_dag.py took 0.143 seconds
[2026-10-05T20:47:26.058+0000] {processor.py:161} INFO - Started process (PID=5113) to work on /opt/airflow/dags/f1_pipeline_dag.py
[2026-10-05T20:47:26.061+0000] {processor.py:830} INFO - Processing file /opt/airflow/dags/f1_pipeline_dag.py for tasks to queue
[2026-10-05T20:47:26.063+0000] {logging_mixin.py:188} INFO - [2026-10-05T20:47:26.062+0000] {dagbag.py:545} INFO - Filling up the DagBag from /opt/airflow/dags/f1_pipeline_dag.py
[2026-10-05T20:47:26.082+0000] {processor.py:840} INFO - DAG(s) 'f1_data_analytics' retrieved from /opt/airflow/dags/f1_pipeline_dag.py
[2026-10-05T20:47:26.146+0000] {logging_mixin.py:188} INFO - [2026-10-05T20:47:26.146+0000] {dag.py:3096} INFO - Sync 1 DAGs
[2026-10-05T20:47:26.164+0000] {logging_mixin.py:188} INFO - [2026-10-05T20:47:26.163+0000] {dag.py:3954} INFO - Setting next_dagrun for f1_data_analytics to None, run_after=None
[2026-10-05T20:47:26.192+0000] {processor.py:183} INFO - Processing /opt/airflow/dags/f1_pipeline_dag.py took 0.144 seconds
[2026-10-05T20:47:56.365+0000] {processor.py:161} INFO - Started process (PID=5114) to work on /opt/airflow/dags/f1_pipeline_dag.py
[2026-10-05T20:47:56.366+0000] {processor.py:830} INFO - Processing file /opt/airflow/dags/f1_pipeline_dag.py for tasks to queue
[2026-10-05T20:47:56.367+0000] {logging_mixin.py:188} INFO - [2026-10-05T20:47:56.367+0000] {dagbag.py:545} INFO - Filling up the DagBag from /opt/airflow/dags/f1_pipeline_dag.py
[2026-10-05T20:47:56.387+0000] {processor.py:840} INFO - DAG(s) 'f1_data_analytics' retrieved from /opt/airflow/dags/f1_pipeline_dag.py
[2026-10-05T20:47:56.447+0000] {logging_mixin.py:188} INFO - [2026-10-05T20:47:56.447+0000] {dag.py:3096} INFO - Sync 1 DAGs
[2026-10-05T20:47:56.464+0000] {logging_mixin.py:188} INFO - [2026-10-05T20:47:56.464+0000] {dag.py:3954} INFO - Setting next_dagrun for f1_data_analytics to None, run_after=None
[2026-10-05T20:47:56.492+0000] {processor.py:183} INFO - Processing /opt/airflow/dags/f1_pipeline_dag.py took 0.137 seconds
[2026-10-05T20:48:26.672+0000] {processor.py:161} INFO - Started process (PID=5115) to work on /opt/airflow/dags/f1_pipeline_dag.py
[2026-10-05T20:48:26.675+0000] {processor.py:830} INFO - Processing file /opt/airflow/dags/f1_pipeline_dag.py for tasks to queue
[2026-10-05T20:48:26.677+0000] {logging_mixin.py:188} INFO - [2026-10-05T20:48:26.676+0000] {dagbag.py:545} INFO - Filling up the DagBag from /opt/airflow/dags/f1_pipeline_dag.py
[2026-10-05T20:48:26.695+0000] {processor.py:840} INFO - DAG(s) 'f1_data_analytics' retrieved from /opt/airflow/dags/f1_pipeline_dag.py
[2026-10-05T20:48:26.752+0000] {logging_mixin.py:188} INFO - [2026-10-05T20:48:26.752+0000] {dag.py:3096} INFO - Sync 1 DAGs
[2026-10-05T20:48:26.770+0000] {logging_mixin.py:188} INFO - [2026-10-05T20:48:26.770+0000] {dag.py:3954} INFO - Setting next_dagrun for f1_data_analytics to None, run_after=None
[2026-10-05T20:48:26.801+0000] {processor.py:183} INFO - Processing /opt/airflow/dags/f1_pipeline_dag.py took 0.137 seconds
[2026-10-05T20:48:56.978+0000] {processor.py:161} INFO - Started process (PID=5116) to work on /opt/airflow/dags/f1_pipeline_dag.py
[2026-10-05T20:48:56.979+0000] {processor.py:830} INFO - Processing file /opt/airflow/dags/f1_pipeline_dag.py for tasks to queue
[2026-10-05T20:48:56.981+0000] {logging_mixin.py:188} INFO - [2026-10-05T20:48:56.980+0000] {dagbag.py:545} INFO - Filling up the DagBag from /opt/airflow/dags/f1_pipeline_dag.py
[2026-10-05T20:48:57.009+0000] {processor.py:840} INFO - DAG(s) 'f1_data_analytics' retrieved from /opt/airflow/dags/f1_pipeline_dag.py
[2026-10-05T20:48:57.076+0000] {logging_mixin.py:188} INFO - [2026-10-05T20:48:57.075+0000] {dag.py:3096} INFO - Sync 1 DAGs
[2026-10-05T20:48:57.096+0000] {logging_mixin.py:188} INFO - [2026-10-05T20:48:57.096+0000] {dag.py:3954} INFO - Setting next_dagrun for f1_data_analytics to None, run_after=None
[2026-10-05T20:48:57.130+0000] {processor.py:183} INFO - Processing /opt/airflow/dags/f1_pipeline_dag.py took 0.162 seconds
[2026-10-05T20:49:27.281+0000] {processor.py:161} INFO - Started process (PID=5117) to work on /opt/airflow/dags/f1_pipeline_dag.py
[2026-10-05T20:49:27.284+0000] {processor.py:830} INFO - Processing file /opt/airflow/dags/f1_pipeline_dag.py for tasks to queue
[2026-10-05T20:49:27.286+0000] {logging_mixin.py:188} INFO - [2026-10-05T20:49:27.285+0000] {dagbag.py:545} INFO - Filling up the DagBag from /opt/airflow/dags/f1_pipeline_dag.py
[2026-10-05T20:49:27.307+0000] {processor.py:840} INFO - DAG(s) 'f1_data_analytics' retrieved from /opt/airflow/dags/f1_pipeline_dag.py
[2026-10-05T20:49:27.376+0000] {logging_mixin.py:188} INFO - [2026-10-05T20:49:27.375+0000] {dag.py:3096} INFO - Sync 1 DAGs
[2026-10-05T20:49:27.397+0000] {logging_mixin.py:188} INFO - [2026-10-05T20:49:27.397+0000] {dag.py:3954} INFO - Setting next_dagrun for f1_data_analytics to None, run_after=None
[2026-10-05T20:49:27.431+0000] {processor.py:183} INFO - Processing /opt/airflow/dags/f1_pipeline_dag.py took 0.159 seconds
