[2026-10-05T19:57:29.496+0000] {local_task_job_runner.py:120} INFO - ::group::Pre task execution logs
[2026-10-05T19:57:29.515+0000] {taskinstance.py:2076} INFO - Dependencies all met for dep_context=non-requeueable deps ti=<TaskInstance: f1_data_analytics.silver_script manual__2026-10-05T19:54:57+00:00 [queued]>
[2026-10-05T19:57:29.519+0000] {taskinstance.py:2076} INFO - Dependencies all met for dep_context=requeueable deps ti=<TaskInstance: f1_data_analytics.silver_script manual__2026-10-05T19:54:57+00:00 [queued]>
[2026-10-05T19:57:29.519+0000] {taskinstance.py:2306} INFO - Starting attempt 4 of 4
[2026-10-05T19:57:29.528+0000] {taskinstance.py:2330} INFO - Executing <Task(_PythonDecoratedOperator): silver_script> on 2026-10-05 19:54:57+00:00
[2026-10-05T19:57:29.534+0000] {standard_task_runner.py:63} INFO - Started process 4094 to run task
[2026-10-05T19:57:29.536+0000] {standard_task_runner.py:90} INFO - Running: ['airflow', 'tasks', 'run', 'f1_data_analytics', 'silver_script', 'manual__2026-10-05T19:54:57+00:00', '--job-id', '48', '--raw', '--subdir', 'DAGS_FOLDER/f1_pipeline_dag.py', '--cfg-path', '/tmp/tmp4xeuh4wh']
[2026-10-05T19:57:29.538+0000] {standard_task_runner.py:91} INFO - Job 48: Subtask silver_script
[2026-10-05T19:57:29.568+0000] {task_command.py:426} INFO - Running <TaskInstance: f1_data_analytics.silver_script manual__2026-10-05T19:54:57+00:00 [running]> on host 5314212cbeb0
[2026-10-05T19:57:29.627+0000] {taskinstance.py:2648} INFO - Exporting env vars: AIRFLOW_CTX_DAG_OWNER='airflow' AIRFLOW_CTX_DAG_ID='f1_data_analytics' AIRFLOW_CTX_TASK_ID='silver_script' AIRFLOW_CTX_EXECUTION_DATE='2026-10-05T19:54:57+00:00' AIRFLOW_CTX_TRY_NUMBER='4' AIRFLOW_CTX_DAG_RUN_ID='manual__2026-10-05T19:54:57+00:00'
[2026-10-05T19:57:29.628+0000] {taskinstance.py:430} INFO - ::endgroup::
[2026-10-05T19:57:29.628+0000] {f1_pipeline_dag.py:95} INFO - Running silver pyspark script
[2026-10-05T19:57:50.712+0000] {f1_pipeline_dag.py:104} ERROR - === STDOUT ===

[2026-10-05T19:57:50.712+0000] {f1_pipeline_dag.py:105} ERROR - === STDERR ===
/home/airflow/.local/lib/python3.11/site-packages/pyspark/bin/load-spark-env.sh: line 68: ps: command not found
26/10/05 19:57:31 INFO SparkContext: Running Spark version 3.5.1
26/10/05 19:57:31 INFO SparkContext: OS info Linux, 7.0.0-31-generic, amd64
26/10/05 19:57:31 INFO SparkContext: Java version 17.0.20.1
26/10/05 19:57:32 WARN NativeCodeLoader: Unable to load native-hadoop library for your platform... using builtin-java classes where applicable
26/10/05 19:57:32 INFO ResourceUtils: ==============================================================
26/10/05 19:57:32 INFO ResourceUtils: No custom resources configured for spark.driver.
26/10/05 19:57:32 INFO ResourceUtils: ==============================================================
26/10/05 19:57:32 INFO SparkContext: Submitted application: f1_analytics
26/10/05 19:57:32 INFO ResourceProfile: Default ResourceProfile created, executor resources: Map(cores -> name: cores, amount: 1, script: , vendor: , memory -> name: memory, amount: 1024, script: , vendor: , offHeap -> name: offHeap, amount: 0, script: , vendor: ), task resources: Map(cpus -> name: cpus, amount: 1.0)
26/10/05 19:57:32 INFO ResourceProfile: Limiting resource is cpu
26/10/05 19:57:32 INFO ResourceProfileManager: Added ResourceProfile id: 0
26/10/05 19:57:32 INFO SecurityManager: Changing view acls to: airflow
26/10/05 19:57:32 INFO SecurityManager: Changing modify acls to: airflow
26/10/05 19:57:32 INFO SecurityManager: Changing view acls groups to: 
26/10/05 19:57:32 INFO SecurityManager: Changing modify acls groups to: 
26/10/05 19:57:32 INFO SecurityManager: SecurityManager: authentication disabled; ui acls disabled; users with view permissions: airflow; groups with view permissions: EMPTY; users with modify permissions: airflow; groups with modify permissions: EMPTY
26/10/05 19:57:32 INFO Utils: Successfully started service 'sparkDriver' on port 40979.
26/10/05 19:57:32 INFO SparkEnv: Registering MapOutputTracker
26/10/05 19:57:32 INFO SparkEnv: Registering BlockManagerMaster
26/10/05 19:57:32 INFO BlockManagerMasterEndpoint: Using org.apache.spark.storage.DefaultTopologyMapper for getting topology information
26/10/05 19:57:32 INFO BlockManagerMasterEndpoint: BlockManagerMasterEndpoint up
26/10/05 19:57:32 INFO SparkEnv: Registering BlockManagerMasterHeartbeat
26/10/05 19:57:32 INFO DiskBlockManager: Created local directory at /tmp/blockmgr-6b7dafcc-0ce9-4b0b-9867-96abbc4183ac
26/10/05 19:57:32 INFO MemoryStore: MemoryStore started with capacity 434.4 MiB
26/10/05 19:57:32 INFO SparkEnv: Registering OutputCommitCoordinator
26/10/05 19:57:32 INFO JettyUtils: Start Jetty 0.0.0.0:4040 for SparkUI
26/10/05 19:57:32 INFO Utils: Successfully started service 'SparkUI' on port 4040.
26/10/05 19:57:32 INFO Executor: Starting executor ID driver on host 5314212cbeb0
26/10/05 19:57:32 INFO Executor: OS info Linux, 7.0.0-31-generic, amd64
26/10/05 19:57:32 INFO Executor: Java version 17.0.20.1
26/10/05 19:57:32 INFO Executor: Starting executor with user classpath (userClassPathFirst = false): ''
26/10/05 19:57:32 INFO Executor: Created or updated repl class loader org.apache.spark.util.MutableURLClassLoader@6c1d122a for default.
26/10/05 19:57:32 INFO Utils: Successfully started service 'org.apache.spark.network.netty.NettyBlockTransferService' on port 41747.
26/10/05 19:57:32 INFO NettyBlockTransferService: Server created on 5314212cbeb0:41747
26/10/05 19:57:32 INFO BlockManager: Using org.apache.spark.storage.RandomBlockReplicationPolicy for block replication policy
26/10/05 19:57:32 INFO BlockManagerMaster: Registering BlockManager BlockManagerId(driver, 5314212cbeb0, 41747, None)
26/10/05 19:57:32 INFO BlockManagerMasterEndpoint: Registering block manager 5314212cbeb0:41747 with 434.4 MiB RAM, BlockManagerId(driver, 5314212cbeb0, 41747, None)
26/10/05 19:57:32 INFO BlockManagerMaster: Registered BlockManager BlockManagerId(driver, 5314212cbeb0, 41747, None)
26/10/05 19:57:32 INFO BlockManager: Initialized BlockManager: BlockManagerId(driver, 5314212cbeb0, 41747, None)
26/10/05 19:57:33 INFO SharedState: Setting hive.metastore.warehouse.dir ('null') to the value of spark.sql.warehouse.dir.
26/10/05 19:57:33 INFO SharedState: Warehouse path is 'file:/opt/airflow/spark-warehouse'.
26/10/05 19:57:33 INFO InMemoryFileIndex: It took 36 ms to list leaf files for 1 paths.
26/10/05 19:57:34 INFO SparkContext: Starting job: parquet at NativeMethodAccessorImpl.java:0
26/10/05 19:57:34 INFO DAGScheduler: Got job 0 (parquet at NativeMethodAccessorImpl.java:0) with 1 output partitions
26/10/05 19:57:34 INFO DAGScheduler: Final stage: ResultStage 0 (parquet at NativeMethodAccessorImpl.java:0)
26/10/05 19:57:34 INFO DAGScheduler: Parents of final stage: List()
26/10/05 19:57:34 INFO DAGScheduler: Missing parents: List()
26/10/05 19:57:34 INFO DAGScheduler: Submitting ResultStage 0 (MapPartitionsRDD[1] at parquet at NativeMethodAccessorImpl.java:0), which has no missing parents
26/10/05 19:57:34 INFO MemoryStore: Block broadcast_0 stored as values in memory (estimated size 103.3 KiB, free 434.3 MiB)
26/10/05 19:57:34 INFO MemoryStore: Block broadcast_0_piece0 stored as bytes in memory (estimated size 37.1 KiB, free 434.3 MiB)
26/10/05 19:57:34 INFO BlockManagerInfo: Added broadcast_0_piece0 in memory on 5314212cbeb0:41747 (size: 37.1 KiB, free: 434.4 MiB)
26/10/05 19:57:34 INFO SparkContext: Created broadcast 0 from broadcast at DAGScheduler.scala:1585
26/10/05 19:57:34 INFO DAGScheduler: Submitting 1 missing tasks from ResultStage 0 (MapPartitionsRDD[1] at parquet at NativeMethodAccessorImpl.java:0) (first 15 tasks are for partitions Vector(0))
26/10/05 19:57:34 INFO TaskSchedulerImpl: Adding task set 0.0 with 1 tasks resource profile 0
26/10/05 19:57:34 INFO TaskSetManager: Starting task 0.0 in stage 0.0 (TID 0) (5314212cbeb0, executor driver, partition 0, PROCESS_LOCAL, 7811 bytes) 
26/10/05 19:57:34 INFO Executor: Running task 0.0 in stage 0.0 (TID 0)
26/10/05 19:57:34 INFO Executor: Finished task 0.0 in stage 0.0 (TID 0). 2840 bytes result sent to driver
26/10/05 19:57:34 INFO TaskSetManager: Finished task 0.0 in stage 0.0 (TID 0) in 330 ms on 5314212cbeb0 (executor driver) (1/1)
26/10/05 19:57:34 INFO TaskSchedulerImpl: Removed TaskSet 0.0, whose tasks have all completed, from pool 
26/10/05 19:57:34 INFO DAGScheduler: ResultStage 0 (parquet at NativeMethodAccessorImpl.java:0) finished in 0.472 s
26/10/05 19:57:34 INFO DAGScheduler: Job 0 is finished. Cancelling potential speculative or zombie tasks for this job
26/10/05 19:57:34 INFO TaskSchedulerImpl: Killing all running tasks in stage 0: Stage finished
26/10/05 19:57:34 INFO DAGScheduler: Job 0 finished: parquet at NativeMethodAccessorImpl.java:0, took 0.509743 s
26/10/05 19:57:34 INFO BlockManagerInfo: Removed broadcast_0_piece0 on 5314212cbeb0:41747 in memory (size: 37.1 KiB, free: 434.4 MiB)
26/10/05 19:57:35 INFO InMemoryFileIndex: It took 5 ms to list leaf files for 1 paths.
26/10/05 19:57:35 INFO SparkContext: Starting job: parquet at NativeMethodAccessorImpl.java:0
26/10/05 19:57:35 INFO DAGScheduler: Got job 1 (parquet at NativeMethodAccessorImpl.java:0) with 1 output partitions
26/10/05 19:57:35 INFO DAGScheduler: Final stage: ResultStage 1 (parquet at NativeMethodAccessorImpl.java:0)
26/10/05 19:57:35 INFO DAGScheduler: Parents of final stage: List()
26/10/05 19:57:35 INFO DAGScheduler: Missing parents: List()
26/10/05 19:57:35 INFO DAGScheduler: Submitting ResultStage 1 (MapPartitionsRDD[3] at parquet at NativeMethodAccessorImpl.java:0), which has no missing parents
26/10/05 19:57:35 INFO MemoryStore: Block broadcast_1 stored as values in memory (estimated size 103.3 KiB, free 434.3 MiB)
26/10/05 19:57:35 INFO MemoryStore: Block broadcast_1_piece0 stored as bytes in memory (estimated size 37.1 KiB, free 434.3 MiB)
26/10/05 19:57:35 INFO BlockManagerInfo: Added broadcast_1_piece0 in memory on 5314212cbeb0:41747 (size: 37.1 KiB, free: 434.4 MiB)
26/10/05 19:57:35 INFO SparkContext: Created broadcast 1 from broadcast at DAGScheduler.scala:1585
26/10/05 19:57:35 INFO DAGScheduler: Submitting 1 missing tasks from ResultStage 1 (MapPartitionsRDD[3] at parquet at NativeMethodAccessorImpl.java:0) (first 15 tasks are for partitions Vector(0))
26/10/05 19:57:35 INFO TaskSchedulerImpl: Adding task set 1.0 with 1 tasks resource profile 0
26/10/05 19:57:35 INFO TaskSetManager: Starting task 0.0 in stage 1.0 (TID 1) (5314212cbeb0, executor driver, partition 0, PROCESS_LOCAL, 7816 bytes) 
26/10/05 19:57:35 INFO Executor: Running task 0.0 in stage 1.0 (TID 1)
26/10/05 19:57:35 INFO Executor: Finished task 0.0 in stage 1.0 (TID 1). 2402 bytes result sent to driver
26/10/05 19:57:35 INFO TaskSetManager: Finished task 0.0 in stage 1.0 (TID 1) in 43 ms on 5314212cbeb0 (executor driver) (1/1)
26/10/05 19:57:35 INFO TaskSchedulerImpl: Removed TaskSet 1.0, whose tasks have all completed, from pool 
26/10/05 19:57:35 INFO DAGScheduler: ResultStage 1 (parquet at NativeMethodAccessorImpl.java:0) finished in 0.065 s
26/10/05 19:57:35 INFO DAGScheduler: Job 1 is finished. Cancelling potential speculative or zombie tasks for this job
26/10/05 19:57:35 INFO TaskSchedulerImpl: Killing all running tasks in stage 1: Stage finished
26/10/05 19:57:35 INFO DAGScheduler: Job 1 finished: parquet at NativeMethodAccessorImpl.java:0, took 0.068652 s
26/10/05 19:57:36 INFO BlockManagerInfo: Removed broadcast_1_piece0 on 5314212cbeb0:41747 in memory (size: 37.1 KiB, free: 434.4 MiB)
26/10/05 19:57:36 INFO DataSourceStrategy: Pruning directories with: 
26/10/05 19:57:36 INFO FileSourceStrategy: Pushed Filters: IsNotNull(SessionTime),IsNotNull(DriverNumber)
26/10/05 19:57:36 INFO FileSourceStrategy: Post-Scan Filters: isnotnull(SessionTime#71L),isnotnull(DriverNumber#88)
26/10/05 19:57:36 INFO DataSourceStrategy: Pruning directories with: 
26/10/05 19:57:36 INFO FileSourceStrategy: Pushed Filters: IsNotNull(LapStartTime),IsNotNull(Time),IsNotNull(DriverNumber)
26/10/05 19:57:36 INFO FileSourceStrategy: Post-Scan Filters: isnotnull(LapStartTime#23L),isnotnull(Time#0L),isnotnull(DriverNumber#2)
26/10/05 19:57:36 INFO CodeGenerator: Code generated in 181.779307 ms
26/10/05 19:57:36 INFO MemoryStore: Block broadcast_2 stored as values in memory (estimated size 201.9 KiB, free 434.2 MiB)
26/10/05 19:57:36 INFO MemoryStore: Block broadcast_2_piece0 stored as bytes in memory (estimated size 35.1 KiB, free 434.2 MiB)
26/10/05 19:57:36 INFO BlockManagerInfo: Added broadcast_2_piece0 in memory on 5314212cbeb0:41747 (size: 35.1 KiB, free: 434.4 MiB)
26/10/05 19:57:36 INFO SparkContext: Created broadcast 2 from $anonfun$withThreadLocalCaptured$1 at FutureTask.java:264
26/10/05 19:57:36 INFO FileSourceScanExec: Planning scan with bin packing, max size: 4194304 bytes, open cost is considered as scanning 4194304 bytes.
26/10/05 19:57:36 INFO SparkContext: Starting job: $anonfun$withThreadLocalCaptured$1 at FutureTask.java:264
26/10/05 19:57:36 INFO DAGScheduler: Got job 2 ($anonfun$withThreadLocalCaptured$1 at FutureTask.java:264) with 2 output partitions
26/10/05 19:57:36 INFO DAGScheduler: Final stage: ResultStage 2 ($anonfun$withThreadLocalCaptured$1 at FutureTask.java:264)
26/10/05 19:57:36 INFO DAGScheduler: Parents of final stage: List()
26/10/05 19:57:36 INFO DAGScheduler: Missing parents: List()
26/10/05 19:57:36 INFO DAGScheduler: Submitting ResultStage 2 (MapPartitionsRDD[7] at $anonfun$withThreadLocalCaptured$1 at FutureTask.java:264), which has no missing parents
26/10/05 19:57:36 INFO MemoryStore: Block broadcast_3 stored as values in memory (estimated size 19.9 KiB, free 434.1 MiB)
26/10/05 19:57:36 INFO MemoryStore: Block broadcast_3_piece0 stored as bytes in memory (estimated size 7.3 KiB, free 434.1 MiB)
26/10/05 19:57:36 INFO BlockManagerInfo: Added broadcast_3_piece0 in memory on 5314212cbeb0:41747 (size: 7.3 KiB, free: 434.4 MiB)
26/10/05 19:57:36 INFO SparkContext: Created broadcast 3 from broadcast at DAGScheduler.scala:1585
26/10/05 19:57:36 INFO DAGScheduler: Submitting 2 missing tasks from ResultStage 2 (MapPartitionsRDD[7] at $anonfun$withThreadLocalCaptured$1 at FutureTask.java:264) (first 15 tasks are for partitions Vector(0, 1))
26/10/05 19:57:36 INFO TaskSchedulerImpl: Adding task set 2.0 with 2 tasks resource profile 0
26/10/05 19:57:36 INFO TaskSetManager: Starting task 0.0 in stage 2.0 (TID 2) (5314212cbeb0, executor driver, partition 0, PROCESS_LOCAL, 8372 bytes) 
26/10/05 19:57:36 INFO TaskSetManager: Starting task 1.0 in stage 2.0 (TID 3) (5314212cbeb0, executor driver, partition 1, PROCESS_LOCAL, 8360 bytes) 
26/10/05 19:57:36 INFO Executor: Running task 0.0 in stage 2.0 (TID 2)
26/10/05 19:57:36 INFO Executor: Running task 1.0 in stage 2.0 (TID 3)
26/10/05 19:57:36 INFO CodeGenerator: Code generated in 23.448653 ms
26/10/05 19:57:36 INFO FileScanRDD: Reading File path: file:///opt/airflow/data/lake/raw/laps/year=2023/track=Monza/50cb46c544664302bbec0900d20bcf2b-0.parquet, range: 0-99001, partition values: [2023,Monza]
26/10/05 19:57:36 INFO FileScanRDD: Reading File path: file:///opt/airflow/data/lake/raw/laps/year=2026/track=Silverstone/3ca400f09e48484db73f40ea4052b95f-0.parquet, range: 0-118531, partition values: [2026,Silverstone]
26/10/05 19:57:37 INFO FilterCompat: Filtering using predicate: and(and(noteq(LapStartTime, null), noteq(Time, null)), noteq(DriverNumber, null))
26/10/05 19:57:37 INFO FilterCompat: Filtering using predicate: and(and(noteq(LapStartTime, null), noteq(Time, null)), noteq(DriverNumber, null))
26/10/05 19:57:37 INFO ColumnIndexFilter: No offset index for column LapStartTime is available; Unable to do filtering
26/10/05 19:57:37 INFO ColumnIndexFilter: No offset index for column LapStartTime is available; Unable to do filtering
26/10/05 19:57:37 INFO CodecPool: Got brand-new decompressor [.snappy]
26/10/05 19:57:37 INFO CodecPool: Got brand-new decompressor [.snappy]
26/10/05 19:57:37 INFO Executor: Finished task 1.0 in stage 2.0 (TID 3). 21939 bytes result sent to driver
26/10/05 19:57:37 INFO Executor: Finished task 0.0 in stage 2.0 (TID 2). 25194 bytes result sent to driver
26/10/05 19:57:37 INFO TaskSetManager: Finished task 0.0 in stage 2.0 (TID 2) in 364 ms on 5314212cbeb0 (executor driver) (1/2)
26/10/05 19:57:37 INFO TaskSetManager: Finished task 1.0 in stage 2.0 (TID 3) in 361 ms on 5314212cbeb0 (executor driver) (2/2)
26/10/05 19:57:37 INFO TaskSchedulerImpl: Removed TaskSet 2.0, whose tasks have all completed, from pool 
26/10/05 19:57:37 INFO DAGScheduler: ResultStage 2 ($anonfun$withThreadLocalCaptured$1 at FutureTask.java:264) finished in 0.372 s
26/10/05 19:57:37 INFO DAGScheduler: Job 2 is finished. Cancelling potential speculative or zombie tasks for this job
26/10/05 19:57:37 INFO TaskSchedulerImpl: Killing all running tasks in stage 2: Stage finished
26/10/05 19:57:37 INFO DAGScheduler: Job 2 finished: $anonfun$withThreadLocalCaptured$1 at FutureTask.java:264, took 0.376782 s
26/10/05 19:57:37 INFO CodeGenerator: Code generated in 16.830731 ms
26/10/05 19:57:37 INFO MemoryStore: Block broadcast_4 stored as values in memory (estimated size 2.1 MiB, free 432.1 MiB)
26/10/05 19:57:37 INFO MemoryStore: Block broadcast_4_piece0 stored as bytes in memory (estimated size 47.4 KiB, free 432.0 MiB)
26/10/05 19:57:37 INFO BlockManagerInfo: Added broadcast_4_piece0 in memory on 5314212cbeb0:41747 (size: 47.4 KiB, free: 434.3 MiB)
26/10/05 19:57:37 INFO SparkContext: Created broadcast 4 from $anonfun$withThreadLocalCaptured$1 at FutureTask.java:264
26/10/05 19:57:37 INFO DataSourceStrategy: Pruning directories with: 
26/10/05 19:57:37 INFO FileSourceStrategy: Pushed Filters: IsNotNull(SessionTime),IsNotNull(DriverNumber)
26/10/05 19:57:37 INFO FileSourceStrategy: Post-Scan Filters: isnotnull(SessionTime#71L),isnotnull(DriverNumber#88)
26/10/05 19:57:37 INFO CodeGenerator: Code generated in 44.440346 ms
26/10/05 19:57:37 INFO MemoryStore: Block broadcast_5 stored as values in memory (estimated size 202.0 KiB, free 431.8 MiB)
26/10/05 19:57:37 INFO MemoryStore: Block broadcast_5_piece0 stored as bytes in memory (estimated size 35.1 KiB, free 431.8 MiB)
26/10/05 19:57:37 INFO BlockManagerInfo: Added broadcast_5_piece0 in memory on 5314212cbeb0:41747 (size: 35.1 KiB, free: 434.3 MiB)
26/10/05 19:57:37 INFO SparkContext: Created broadcast 5 from parquet at NativeMethodAccessorImpl.java:0
26/10/05 19:57:37 INFO FileSourceScanExec: Planning scan with bin packing, max size: 24482830 bytes, open cost is considered as scanning 4194304 bytes.
26/10/05 19:57:37 INFO DAGScheduler: Registering RDD 11 (parquet at NativeMethodAccessorImpl.java:0) as input to shuffle 0
26/10/05 19:57:37 INFO DAGScheduler: Got map stage job 3 (parquet at NativeMethodAccessorImpl.java:0) with 8 output partitions
26/10/05 19:57:37 INFO DAGScheduler: Final stage: ShuffleMapStage 3 (parquet at NativeMethodAccessorImpl.java:0)
26/10/05 19:57:37 INFO DAGScheduler: Parents of final stage: List()
26/10/05 19:57:37 INFO DAGScheduler: Missing parents: List()
26/10/05 19:57:37 INFO DAGScheduler: Submitting ShuffleMapStage 3 (MapPartitionsRDD[11] at parquet at NativeMethodAccessorImpl.java:0), which has no missing parents
26/10/05 19:57:37 INFO MemoryStore: Block broadcast_6 stored as values in memory (estimated size 28.6 KiB, free 431.8 MiB)
26/10/05 19:57:37 INFO MemoryStore: Block broadcast_6_piece0 stored as bytes in memory (estimated size 10.8 KiB, free 431.8 MiB)
26/10/05 19:57:37 INFO BlockManagerInfo: Added broadcast_6_piece0 in memory on 5314212cbeb0:41747 (size: 10.8 KiB, free: 434.3 MiB)
26/10/05 19:57:37 INFO SparkContext: Created broadcast 6 from broadcast at DAGScheduler.scala:1585
26/10/05 19:57:37 INFO DAGScheduler: Submitting 8 missing tasks from ShuffleMapStage 3 (MapPartitionsRDD[11] at parquet at NativeMethodAccessorImpl.java:0) (first 15 tasks are for partitions Vector(0, 1, 2, 3, 4, 5, 6, 7))
26/10/05 19:57:37 INFO TaskSchedulerImpl: Adding task set 3.0 with 8 tasks resource profile 0
26/10/05 19:57:37 INFO TaskSetManager: Starting task 0.0 in stage 3.0 (TID 4) (5314212cbeb0, executor driver, partition 0, PROCESS_LOCAL, 8354 bytes) 
26/10/05 19:57:37 INFO TaskSetManager: Starting task 1.0 in stage 3.0 (TID 5) (5314212cbeb0, executor driver, partition 1, PROCESS_LOCAL, 8354 bytes) 
26/10/05 19:57:37 INFO TaskSetManager: Starting task 2.0 in stage 3.0 (TID 6) (5314212cbeb0, executor driver, partition 2, PROCESS_LOCAL, 8354 bytes) 
26/10/05 19:57:37 INFO TaskSetManager: Starting task 3.0 in stage 3.0 (TID 7) (5314212cbeb0, executor driver, partition 3, PROCESS_LOCAL, 8354 bytes) 
26/10/05 19:57:37 INFO TaskSetManager: Starting task 4.0 in stage 3.0 (TID 8) (5314212cbeb0, executor driver, partition 4, PROCESS_LOCAL, 8366 bytes) 
26/10/05 19:57:37 INFO TaskSetManager: Starting task 5.0 in stage 3.0 (TID 9) (5314212cbeb0, executor driver, partition 5, PROCESS_LOCAL, 8366 bytes) 
26/10/05 19:57:37 INFO TaskSetManager: Starting task 6.0 in stage 3.0 (TID 10) (5314212cbeb0, executor driver, partition 6, PROCESS_LOCAL, 8366 bytes) 
26/10/05 19:57:37 INFO TaskSetManager: Starting task 7.0 in stage 3.0 (TID 11) (5314212cbeb0, executor driver, partition 7, PROCESS_LOCAL, 8519 bytes) 
26/10/05 19:57:37 INFO Executor: Running task 0.0 in stage 3.0 (TID 4)
26/10/05 19:57:37 INFO Executor: Running task 1.0 in stage 3.0 (TID 5)
26/10/05 19:57:37 INFO Executor: Running task 2.0 in stage 3.0 (TID 6)
26/10/05 19:57:37 INFO Executor: Running task 3.0 in stage 3.0 (TID 7)
26/10/05 19:57:37 INFO Executor: Running task 4.0 in stage 3.0 (TID 8)
26/10/05 19:57:37 INFO Executor: Running task 6.0 in stage 3.0 (TID 10)
26/10/05 19:57:37 INFO Executor: Running task 5.0 in stage 3.0 (TID 9)
26/10/05 19:57:37 INFO Executor: Running task 7.0 in stage 3.0 (TID 11)
26/10/05 19:57:37 INFO CodeGenerator: Code generated in 36.259183 ms
26/10/05 19:57:37 INFO CodeGenerator: Code generated in 12.773688 ms
26/10/05 19:57:37 INFO FileScanRDD: Reading File path: file:///opt/airflow/data/lake/raw/telemetry/year=2023/track=Monza/7218e17ff26c4e8b911124df40f7e773-0.parquet, range: 24482830-48965660, partition values: [2023,Monza]
26/10/05 19:57:37 INFO FileScanRDD: Reading File path: file:///opt/airflow/data/lake/raw/telemetry/year=2023/track=Monza/1faf48787f6d4459b07ebd745aff47ad-0.parquet, range: 0-24482830, partition values: [2023,Monza]
26/10/05 19:57:37 INFO FileScanRDD: Reading File path: file:///opt/airflow/data/lake/raw/telemetry/year=2026/track=Silverstone/3f1358f82d8242aeb7cf2177a620451a-0.parquet, range: 48965660-73178932, partition values: [2026,Silverstone]
26/10/05 19:57:37 INFO FileScanRDD: Reading File path: file:///opt/airflow/data/lake/raw/telemetry/year=2023/track=Monza/7218e17ff26c4e8b911124df40f7e773-0.parquet, range: 0-24482830, partition values: [2023,Monza]
26/10/05 19:57:37 INFO FileScanRDD: Reading File path: file:///opt/airflow/data/lake/raw/telemetry/year=2023/track=Monza/7218e17ff26c4e8b911124df40f7e773-0.parquet, range: 48965660-55050398, partition values: [2023,Monza]
26/10/05 19:57:37 INFO FileScanRDD: Reading File path: file:///opt/airflow/data/lake/raw/telemetry/year=2026/track=Silverstone/3f1358f82d8242aeb7cf2177a620451a-0.parquet, range: 0-24482830, partition values: [2026,Silverstone]
26/10/05 19:57:37 INFO FileScanRDD: Reading File path: file:///opt/airflow/data/lake/raw/telemetry/year=2023/track=Monza/1faf48787f6d4459b07ebd745aff47ad-0.parquet, range: 24482830-48965660, partition values: [2023,Monza]
26/10/05 19:57:37 INFO FileScanRDD: Reading File path: file:///opt/airflow/data/lake/raw/telemetry/year=2026/track=Silverstone/3f1358f82d8242aeb7cf2177a620451a-0.parquet, range: 24482830-48965660, partition values: [2026,Silverstone]
26/10/05 19:57:37 INFO FilterCompat: Filtering using predicate: and(noteq(SessionTime, null), noteq(DriverNumber, null))
26/10/05 19:57:37 INFO ColumnIndexFilter: No offset index for column SessionTime is available; Unable to do filtering
26/10/05 19:57:37 INFO ColumnIndexFilter: No offset index for column SessionTime is available; Unable to do filtering
26/10/05 19:57:37 INFO ColumnIndexFilter: No offset index for column SessionTime is available; Unable to do filtering
26/10/05 19:57:37 INFO FilterCompat: Filtering using predicate: and(noteq(SessionTime, null), noteq(DriverNumber, null))
26/10/05 19:57:37 INFO FilterCompat: Filtering using predicate: and(noteq(SessionTime, null), noteq(DriverNumber, null))
26/10/05 19:57:37 INFO FilterCompat: Filtering using predicate: and(noteq(SessionTime, null), noteq(DriverNumber, null))
26/10/05 19:57:37 INFO ColumnIndexFilter: No offset index for column SessionTime is available; Unable to do filtering
26/10/05 19:57:37 INFO ColumnIndexFilter: No offset index for column SessionTime is available; Unable to do filtering
26/10/05 19:57:37 INFO ColumnIndexFilter: No offset index for column SessionTime is available; Unable to do filtering
26/10/05 19:57:37 INFO FilterCompat: Filtering using predicate: and(noteq(SessionTime, null), noteq(DriverNumber, null))
26/10/05 19:57:37 INFO ColumnIndexFilter: No offset index for column SessionTime is available; Unable to do filtering
26/10/05 19:57:37 INFO ColumnIndexFilter: No offset index for column SessionTime is available; Unable to do filtering
26/10/05 19:57:37 INFO ColumnIndexFilter: No offset index for column SessionTime is available; Unable to do filtering
26/10/05 19:57:37 INFO ColumnIndexFilter: No offset index for column SessionTime is available; Unable to do filtering
26/10/05 19:57:37 INFO ColumnIndexFilter: No offset index for column SessionTime is available; Unable to do filtering
26/10/05 19:57:37 INFO ColumnIndexFilter: No offset index for column SessionTime is available; Unable to do filtering
26/10/05 19:57:37 INFO FilterCompat: Filtering using predicate: and(noteq(SessionTime, null), noteq(DriverNumber, null))
26/10/05 19:57:37 INFO FilterCompat: Filtering using predicate: and(noteq(SessionTime, null), noteq(DriverNumber, null))
26/10/05 19:57:37 INFO ColumnIndexFilter: No offset index for column SessionTime is available; Unable to do filtering
26/10/05 19:57:37 INFO ColumnIndexFilter: No offset index for column SessionTime is available; Unable to do filtering
26/10/05 19:57:37 INFO ColumnIndexFilter: No offset index for column SessionTime is available; Unable to do filtering
26/10/05 19:57:37 INFO ColumnIndexFilter: No offset index for column SessionTime is available; Unable to do filtering
26/10/05 19:57:37 INFO ColumnIndexFilter: No offset index for column SessionTime is available; Unable to do filtering
26/10/05 19:57:37 INFO ColumnIndexFilter: No offset index for column SessionTime is available; Unable to do filtering
26/10/05 19:57:37 INFO ColumnIndexFilter: No offset index for column SessionTime is available; Unable to do filtering
26/10/05 19:57:37 INFO ColumnIndexFilter: No offset index for column SessionTime is available; Unable to do filtering
26/10/05 19:57:37 INFO ColumnIndexFilter: No offset index for column SessionTime is available; Unable to do filtering
26/10/05 19:57:37 INFO ColumnIndexFilter: No offset index for column SessionTime is available; Unable to do filtering
26/10/05 19:57:37 INFO ColumnIndexFilter: No offset index for column SessionTime is available; Unable to do filtering
26/10/05 19:57:37 INFO ColumnIndexFilter: No offset index for column SessionTime is available; Unable to do filtering
26/10/05 19:57:37 INFO ColumnIndexFilter: No offset index for column SessionTime is available; Unable to do filtering
26/10/05 19:57:37 INFO ColumnIndexFilter: No offset index for column SessionTime is available; Unable to do filtering
26/10/05 19:57:37 INFO ColumnIndexFilter: No offset index for column SessionTime is available; Unable to do filtering
26/10/05 19:57:37 INFO ColumnIndexFilter: No offset index for column SessionTime is available; Unable to do filtering
26/10/05 19:57:37 INFO ColumnIndexFilter: No offset index for column SessionTime is available; Unable to do filtering
26/10/05 19:57:37 INFO ColumnIndexFilter: No offset index for column SessionTime is available; Unable to do filtering
26/10/05 19:57:37 INFO ColumnIndexFilter: No offset index for column SessionTime is available; Unable to do filtering
26/10/05 19:57:37 INFO ColumnIndexFilter: No offset index for column SessionTime is available; Unable to do filtering
26/10/05 19:57:37 INFO ColumnIndexFilter: No offset index for column SessionTime is available; Unable to do filtering
26/10/05 19:57:37 INFO ColumnIndexFilter: No offset index for column SessionTime is available; Unable to do filtering
26/10/05 19:57:37 INFO ColumnIndexFilter: No offset index for column SessionTime is available; Unable to do filtering
26/10/05 19:57:37 INFO ColumnIndexFilter: No offset index for column SessionTime is available; Unable to do filtering
26/10/05 19:57:37 INFO ColumnIndexFilter: No offset index for column SessionTime is available; Unable to do filtering
26/10/05 19:57:37 INFO ColumnIndexFilter: No offset index for column SessionTime is available; Unable to do filtering
26/10/05 19:57:37 INFO ColumnIndexFilter: No offset index for column SessionTime is available; Unable to do filtering
26/10/05 19:57:37 INFO ColumnIndexFilter: No offset index for column SessionTime is available; Unable to do filtering
26/10/05 19:57:37 INFO ColumnIndexFilter: No offset index for column SessionTime is available; Unable to do filtering
26/10/05 19:57:37 INFO CodecPool: Got brand-new decompressor [.snappy]
26/10/05 19:57:37 INFO ColumnIndexFilter: No offset index for column SessionTime is available; Unable to do filtering
26/10/05 19:57:37 INFO ColumnIndexFilter: No offset index for column SessionTime is available; Unable to do filtering
26/10/05 19:57:37 INFO ColumnIndexFilter: No offset index for column SessionTime is available; Unable to do filtering
26/10/05 19:57:37 INFO FilterCompat: Filtering using predicate: and(noteq(SessionTime, null), noteq(DriverNumber, null))
26/10/05 19:57:37 INFO ColumnIndexFilter: No offset index for column SessionTime is available; Unable to do filtering
26/10/05 19:57:37 INFO ColumnIndexFilter: No offset index for column SessionTime is available; Unable to do filtering
26/10/05 19:57:37 INFO ColumnIndexFilter: No offset index for column SessionTime is available; Unable to do filtering
26/10/05 19:57:37 INFO ColumnIndexFilter: No offset index for column SessionTime is available; Unable to do filtering
26/10/05 19:57:37 INFO ColumnIndexFilter: No offset index for column SessionTime is available; Unable to do filtering
26/10/05 19:57:37 INFO ColumnIndexFilter: No offset index for column SessionTime is available; Unable to do filtering
26/10/05 19:57:37 INFO ColumnIndexFilter: No offset index for column SessionTime is available; Unable to do filtering
26/10/05 19:57:37 INFO ColumnIndexFilter: No offset index for column SessionTime is available; Unable to do filtering
26/10/05 19:57:37 INFO CodecPool: Got brand-new decompressor [.snappy]
26/10/05 19:57:37 INFO ColumnIndexFilter: No offset index for column SessionTime is available; Unable to do filtering
26/10/05 19:57:37 INFO ColumnIndexFilter: No offset index for column SessionTime is available; Unable to do filtering
26/10/05 19:57:37 INFO ColumnIndexFilter: No offset index for column SessionTime is available; Unable to do filtering
26/10/05 19:57:37 INFO ColumnIndexFilter: No offset index for column SessionTime is available; Unable to do filtering
26/10/05 19:57:37 INFO ColumnIndexFilter: No offset index for column SessionTime is available; Unable to do filtering
26/10/05 19:57:37 INFO CodecPool: Got brand-new decompressor [.snappy]
26/10/05 19:57:37 INFO ColumnIndexFilter: No offset index for column SessionTime is available; Unable to do filtering
26/10/05 19:57:37 INFO CodecPool: Got brand-new decompressor [.snappy]
26/10/05 19:57:37 INFO CodecPool: Got brand-new decompressor [.snappy]
26/10/05 19:57:37 INFO ColumnIndexFilter: No offset index for column SessionTime is available; Unable to do filtering
26/10/05 19:57:37 INFO ColumnIndexFilter: No offset index for column SessionTime is available; Unable to do filtering
26/10/05 19:57:37 INFO ColumnIndexFilter: No offset index for column SessionTime is available; Unable to do filtering
26/10/05 19:57:37 INFO ColumnIndexFilter: No offset index for column SessionTime is available; Unable to do filtering
26/10/05 19:57:37 INFO ColumnIndexFilter: No offset index for column SessionTime is available; Unable to do filtering
26/10/05 19:57:37 INFO CodecPool: Got brand-new decompressor [.snappy]
26/10/05 19:57:37 INFO BlockManagerInfo: Removed broadcast_3_piece0 on 5314212cbeb0:41747 in memory (size: 7.3 KiB, free: 434.3 MiB)
26/10/05 19:57:38 INFO FileScanRDD: Reading File path: file:///opt/airflow/data/lake/raw/telemetry/year=2023/track=Monza/1faf48787f6d4459b07ebd745aff47ad-0.parquet, range: 48965660-55050398, partition values: [2023,Monza]
26/10/05 19:57:38 INFO FilterCompat: Filtering using predicate: and(noteq(SessionTime, null), noteq(DriverNumber, null))
26/10/05 19:57:38 INFO ColumnIndexFilter: No offset index for column SessionTime is available; Unable to do filtering
26/10/05 19:57:38 INFO ColumnIndexFilter: No offset index for column SessionTime is available; Unable to do filtering
26/10/05 19:57:38 INFO ColumnIndexFilter: No offset index for column SessionTime is available; Unable to do filtering
26/10/05 19:57:39 INFO Executor: Finished task 7.0 in stage 3.0 (TID 11). 2438 bytes result sent to driver
26/10/05 19:57:39 INFO TaskSetManager: Finished task 7.0 in stage 3.0 (TID 11) in 1851 ms on 5314212cbeb0 (executor driver) (1/8)
26/10/05 19:57:39 INFO Executor: Finished task 5.0 in stage 3.0 (TID 9). 2395 bytes result sent to driver
26/10/05 19:57:39 INFO TaskSetManager: Finished task 5.0 in stage 3.0 (TID 9) in 2235 ms on 5314212cbeb0 (executor driver) (2/8)
26/10/05 19:57:39 INFO Executor: Finished task 1.0 in stage 3.0 (TID 5). 2395 bytes result sent to driver
26/10/05 19:57:39 INFO TaskSetManager: Finished task 1.0 in stage 3.0 (TID 5) in 2284 ms on 5314212cbeb0 (executor driver) (3/8)
26/10/05 19:57:39 INFO Executor: Finished task 3.0 in stage 3.0 (TID 7). 2395 bytes result sent to driver
26/10/05 19:57:39 INFO TaskSetManager: Finished task 3.0 in stage 3.0 (TID 7) in 2313 ms on 5314212cbeb0 (executor driver) (4/8)
26/10/05 19:57:39 INFO Executor: Finished task 6.0 in stage 3.0 (TID 10). 2395 bytes result sent to driver
26/10/05 19:57:39 INFO TaskSetManager: Finished task 6.0 in stage 3.0 (TID 10) in 2390 ms on 5314212cbeb0 (executor driver) (5/8)
26/10/05 19:57:39 INFO Executor: Finished task 2.0 in stage 3.0 (TID 6). 2395 bytes result sent to driver
26/10/05 19:57:39 INFO TaskSetManager: Finished task 2.0 in stage 3.0 (TID 6) in 2470 ms on 5314212cbeb0 (executor driver) (6/8)
26/10/05 19:57:40 INFO Executor: Finished task 4.0 in stage 3.0 (TID 8). 2395 bytes result sent to driver
26/10/05 19:57:40 INFO TaskSetManager: Finished task 4.0 in stage 3.0 (TID 8) in 2539 ms on 5314212cbeb0 (executor driver) (7/8)
26/10/05 19:57:40 INFO Executor: Finished task 0.0 in stage 3.0 (TID 4). 2395 bytes result sent to driver
26/10/05 19:57:40 INFO TaskSetManager: Finished task 0.0 in stage 3.0 (TID 4) in 2550 ms on 5314212cbeb0 (executor driver) (8/8)
26/10/05 19:57:40 INFO TaskSchedulerImpl: Removed TaskSet 3.0, whose tasks have all completed, from pool 
26/10/05 19:57:40 INFO DAGScheduler: ShuffleMapStage 3 (parquet at NativeMethodAccessorImpl.java:0) finished in 2.569 s
26/10/05 19:57:40 INFO DAGScheduler: looking for newly runnable stages
26/10/05 19:57:40 INFO DAGScheduler: running: Set()
26/10/05 19:57:40 INFO DAGScheduler: waiting: Set()
26/10/05 19:57:40 INFO DAGScheduler: failed: Set()
26/10/05 19:57:40 INFO ShufflePartitionsUtil: For shuffle(0), advisory target size: 67108864, actual target size 16438543, minimum partition size: 1048576
26/10/05 19:57:40 INFO ParquetUtils: Using default output committer for Parquet: org.apache.parquet.hadoop.ParquetOutputCommitter
26/10/05 19:57:40 INFO FileOutputCommitter: File Output Committer Algorithm version is 1
26/10/05 19:57:40 INFO FileOutputCommitter: FileOutputCommitter skip cleanup _temporary folders under output directory:false, ignore cleanup failures: false
26/10/05 19:57:40 INFO SQLHadoopMapReduceCommitProtocol: Using user defined output committer class org.apache.parquet.hadoop.ParquetOutputCommitter
26/10/05 19:57:40 INFO FileOutputCommitter: File Output Committer Algorithm version is 1
26/10/05 19:57:40 INFO FileOutputCommitter: FileOutputCommitter skip cleanup _temporary folders under output directory:false, ignore cleanup failures: false
26/10/05 19:57:40 INFO SQLHadoopMapReduceCommitProtocol: Using output committer class org.apache.parquet.hadoop.ParquetOutputCommitter
26/10/05 19:57:40 INFO CodeGenerator: Code generated in 18.834742 ms
26/10/05 19:57:40 INFO CodeGenerator: Code generated in 8.500148 ms
26/10/05 19:57:40 INFO SparkContext: Starting job: parquet at NativeMethodAccessorImpl.java:0
26/10/05 19:57:40 INFO DAGScheduler: Got job 4 (parquet at NativeMethodAccessorImpl.java:0) with 9 output partitions
26/10/05 19:57:40 INFO DAGScheduler: Final stage: ResultStage 5 (parquet at NativeMethodAccessorImpl.java:0)
26/10/05 19:57:40 INFO DAGScheduler: Parents of final stage: List(ShuffleMapStage 4)
26/10/05 19:57:40 INFO DAGScheduler: Missing parents: List()
26/10/05 19:57:40 INFO DAGScheduler: Submitting ResultStage 5 (MapPartitionsRDD[17] at parquet at NativeMethodAccessorImpl.java:0), which has no missing parents
26/10/05 19:57:40 INFO MemoryStore: Block broadcast_7 stored as values in memory (estimated size 265.3 KiB, free 431.5 MiB)
26/10/05 19:57:40 INFO MemoryStore: Block broadcast_7_piece0 stored as bytes in memory (estimated size 97.3 KiB, free 431.4 MiB)
26/10/05 19:57:40 INFO BlockManagerInfo: Added broadcast_7_piece0 in memory on 5314212cbeb0:41747 (size: 97.3 KiB, free: 434.2 MiB)
26/10/05 19:57:40 INFO SparkContext: Created broadcast 7 from broadcast at DAGScheduler.scala:1585
26/10/05 19:57:40 INFO DAGScheduler: Submitting 9 missing tasks from ResultStage 5 (MapPartitionsRDD[17] at parquet at NativeMethodAccessorImpl.java:0) (first 15 tasks are for partitions Vector(0, 1, 2, 3, 4, 5, 6, 7, 8))
26/10/05 19:57:40 INFO TaskSchedulerImpl: Adding task set 5.0 with 9 tasks resource profile 0
26/10/05 19:57:40 INFO TaskSetManager: Starting task 0.0 in stage 5.0 (TID 12) (5314212cbeb0, executor driver, partition 0, NODE_LOCAL, 7615 bytes) 
26/10/05 19:57:40 INFO TaskSetManager: Starting task 1.0 in stage 5.0 (TID 13) (5314212cbeb0, executor driver, partition 1, NODE_LOCAL, 7615 bytes) 
26/10/05 19:57:40 INFO TaskSetManager: Starting task 2.0 in stage 5.0 (TID 14) (5314212cbeb0, executor driver, partition 2, NODE_LOCAL, 7615 bytes) 
26/10/05 19:57:40 INFO TaskSetManager: Starting task 3.0 in stage 5.0 (TID 15) (5314212cbeb0, executor driver, partition 3, NODE_LOCAL, 7615 bytes) 
26/10/05 19:57:40 INFO TaskSetManager: Starting task 4.0 in stage 5.0 (TID 16) (5314212cbeb0, executor driver, partition 4, NODE_LOCAL, 7615 bytes) 
26/10/05 19:57:40 INFO TaskSetManager: Starting task 5.0 in stage 5.0 (TID 17) (5314212cbeb0, executor driver, partition 5, NODE_LOCAL, 7615 bytes) 
26/10/05 19:57:40 INFO TaskSetManager: Starting task 6.0 in stage 5.0 (TID 18) (5314212cbeb0, executor driver, partition 6, NODE_LOCAL, 7615 bytes) 
26/10/05 19:57:40 INFO TaskSetManager: Starting task 7.0 in stage 5.0 (TID 19) (5314212cbeb0, executor driver, partition 7, NODE_LOCAL, 7615 bytes) 
26/10/05 19:57:40 INFO Executor: Running task 4.0 in stage 5.0 (TID 16)
26/10/05 19:57:40 INFO Executor: Running task 2.0 in stage 5.0 (TID 14)
26/10/05 19:57:40 INFO Executor: Running task 1.0 in stage 5.0 (TID 13)
26/10/05 19:57:40 INFO Executor: Running task 3.0 in stage 5.0 (TID 15)
26/10/05 19:57:40 INFO Executor: Running task 0.0 in stage 5.0 (TID 12)
26/10/05 19:57:40 INFO Executor: Running task 7.0 in stage 5.0 (TID 19)
26/10/05 19:57:40 INFO Executor: Running task 5.0 in stage 5.0 (TID 17)
26/10/05 19:57:40 INFO Executor: Running task 6.0 in stage 5.0 (TID 18)
26/10/05 19:57:40 INFO ShuffleBlockFetcherIterator: Getting 8 (15.1 MiB) non-empty blocks including 8 (15.1 MiB) local and 0 (0.0 B) host-local and 0 (0.0 B) push-merged-local and 0 (0.0 B) remote blocks
26/10/05 19:57:40 INFO ShuffleBlockFetcherIterator: Started 0 remote fetches in 12 ms
26/10/05 19:57:40 INFO ShuffleBlockFetcherIterator: Getting 8 (15.5 MiB) non-empty blocks including 8 (15.5 MiB) local and 0 (0.0 B) host-local and 0 (0.0 B) push-merged-local and 0 (0.0 B) remote blocks
26/10/05 19:57:40 INFO ShuffleBlockFetcherIterator: Started 0 remote fetches in 14 ms
26/10/05 19:57:40 INFO ShuffleBlockFetcherIterator: Getting 8 (14.4 MiB) non-empty blocks including 8 (14.4 MiB) local and 0 (0.0 B) host-local and 0 (0.0 B) push-merged-local and 0 (0.0 B) remote blocks
26/10/05 19:57:40 INFO ShuffleBlockFetcherIterator: Started 0 remote fetches in 1 ms
26/10/05 19:57:40 INFO ShuffleBlockFetcherIterator: Getting 8 (15.5 MiB) non-empty blocks including 8 (15.5 MiB) local and 0 (0.0 B) host-local and 0 (0.0 B) push-merged-local and 0 (0.0 B) remote blocks
26/10/05 19:57:40 INFO ShuffleBlockFetcherIterator: Started 0 remote fetches in 1 ms
26/10/05 19:57:40 INFO ShuffleBlockFetcherIterator: Getting 8 (15.5 MiB) non-empty blocks including 8 (15.5 MiB) local and 0 (0.0 B) host-local and 0 (0.0 B) push-merged-local and 0 (0.0 B) remote blocks
26/10/05 19:57:40 INFO ShuffleBlockFetcherIterator: Started 0 remote fetches in 0 ms
26/10/05 19:57:40 INFO ShuffleBlockFetcherIterator: Getting 8 (15.5 MiB) non-empty blocks including 8 (15.5 MiB) local and 0 (0.0 B) host-local and 0 (0.0 B) push-merged-local and 0 (0.0 B) remote blocks
26/10/05 19:57:40 INFO ShuffleBlockFetcherIterator: Started 0 remote fetches in 0 ms
26/10/05 19:57:40 INFO ShuffleBlockFetcherIterator: Getting 8 (15.6 MiB) non-empty blocks including 8 (15.6 MiB) local and 0 (0.0 B) host-local and 0 (0.0 B) push-merged-local and 0 (0.0 B) remote blocks
26/10/05 19:57:40 INFO ShuffleBlockFetcherIterator: Started 0 remote fetches in 0 ms
26/10/05 19:57:40 INFO ShuffleBlockFetcherIterator: Getting 8 (14.5 MiB) non-empty blocks including 8 (14.5 MiB) local and 0 (0.0 B) host-local and 0 (0.0 B) push-merged-local and 0 (0.0 B) remote blocks
26/10/05 19:57:40 INFO ShuffleBlockFetcherIterator: Started 0 remote fetches in 0 ms
26/10/05 19:57:40 INFO CodeGenerator: Code generated in 10.639243 ms
26/10/05 19:57:40 INFO CodeGenerator: Code generated in 18.050619 ms
26/10/05 19:57:40 INFO CodeGenerator: Code generated in 9.529302 ms
26/10/05 19:57:40 INFO CodeGenerator: Code generated in 16.147255 ms
26/10/05 19:57:40 INFO CodeGenerator: Code generated in 6.966739 ms
26/10/05 19:57:40 INFO BlockManagerInfo: Removed broadcast_6_piece0 on 5314212cbeb0:41747 in memory (size: 10.8 KiB, free: 434.2 MiB)
26/10/05 19:57:41 INFO UnsafeExternalSorter: Thread 95 spilling sort data of 52.0 MiB to disk (0  time so far)
26/10/05 19:57:41 INFO UnsafeExternalSorter: Thread 97 spilling sort data of 52.0 MiB to disk (0  time so far)
26/10/05 19:57:41 INFO UnsafeExternalSorter: Thread 92 spilling sort data of 52.0 MiB to disk (0  time so far)
26/10/05 19:57:41 INFO UnsafeExternalSorter: Thread 88 spilling sort data of 52.0 MiB to disk (0  time so far)
26/10/05 19:57:41 INFO UnsafeExternalSorter: Thread 93 spilling sort data of 52.0 MiB to disk (0  time so far)
26/10/05 19:57:41 INFO UnsafeExternalSorter: Thread 68 spilling sort data of 52.0 MiB to disk (0  time so far)
26/10/05 19:57:41 INFO UnsafeExternalSorter: Thread 96 spilling sort data of 52.0 MiB to disk (0  time so far)
26/10/05 19:57:41 INFO UnsafeExternalSorter: Thread 94 spilling sort data of 52.0 MiB to disk (0  time so far)
26/10/05 19:57:41 INFO CodeGenerator: Code generated in 13.132692 ms
26/10/05 19:57:41 INFO CodeGenerator: Code generated in 11.1626 ms
26/10/05 19:57:41 INFO CodeGenerator: Code generated in 18.87905 ms
26/10/05 19:57:41 INFO CodeGenerator: Code generated in 36.844619 ms
26/10/05 19:57:41 INFO CodeGenerator: Code generated in 33.96003 ms
26/10/05 19:57:41 INFO ExternalAppendOnlyUnsafeRowArray: Reached spill threshold of 4096 rows, switching to org.apache.spark.util.collection.unsafe.sort.UnsafeExternalSorter
26/10/05 19:57:41 INFO CodeGenerator: Code generated in 4.531903 ms
26/10/05 19:57:41 INFO CodeGenerator: Code generated in 8.213918 ms
26/10/05 19:57:41 INFO CodeGenerator: Code generated in 7.282906 ms
26/10/05 19:57:41 INFO CodeGenerator: Code generated in 4.895382 ms
26/10/05 19:57:41 INFO FileOutputCommitter: File Output Committer Algorithm version is 1
26/10/05 19:57:41 INFO FileOutputCommitter: FileOutputCommitter skip cleanup _temporary folders under output directory:false, ignore cleanup failures: false
26/10/05 19:57:41 INFO FileOutputCommitter: File Output Committer Algorithm version is 1
26/10/05 19:57:41 INFO FileOutputCommitter: FileOutputCommitter skip cleanup _temporary folders under output directory:false, ignore cleanup failures: false
26/10/05 19:57:41 INFO SQLHadoopMapReduceCommitProtocol: Using user defined output committer class org.apache.parquet.hadoop.ParquetOutputCommitter
26/10/05 19:57:41 INFO FileOutputCommitter: File Output Committer Algorithm version is 1
26/10/05 19:57:41 INFO FileOutputCommitter: FileOutputCommitter skip cleanup _temporary folders under output directory:false, ignore cleanup failures: false
26/10/05 19:57:41 INFO SQLHadoopMapReduceCommitProtocol: Using user defined output committer class org.apache.parquet.hadoop.ParquetOutputCommitter
26/10/05 19:57:41 INFO FileOutputCommitter: File Output Committer Algorithm version is 1
26/10/05 19:57:41 INFO FileOutputCommitter: FileOutputCommitter skip cleanup _temporary folders under output directory:false, ignore cleanup failures: false
26/10/05 19:57:41 INFO FileOutputCommitter: File Output Committer Algorithm version is 1
26/10/05 19:57:41 INFO FileOutputCommitter: File Output Committer Algorithm version is 1
26/10/05 19:57:41 INFO SQLHadoopMapReduceCommitProtocol: Using output committer class org.apache.parquet.hadoop.ParquetOutputCommitter
26/10/05 19:57:41 INFO FileOutputCommitter: File Output Committer Algorithm version is 1
26/10/05 19:57:41 INFO FileOutputCommitter: FileOutputCommitter skip cleanup _temporary folders under output directory:false, ignore cleanup failures: false
26/10/05 19:57:41 INFO FileOutputCommitter: FileOutputCommitter skip cleanup _temporary folders under output directory:false, ignore cleanup failures: false
26/10/05 19:57:41 INFO FileOutputCommitter: FileOutputCommitter skip cleanup _temporary folders under output directory:false, ignore cleanup failures: false
26/10/05 19:57:41 INFO SQLHadoopMapReduceCommitProtocol: Using output committer class org.apache.parquet.hadoop.ParquetOutputCommitter
26/10/05 19:57:41 INFO FileOutputCommitter: File Output Committer Algorithm version is 1
26/10/05 19:57:41 INFO SQLHadoopMapReduceCommitProtocol: Using user defined output committer class org.apache.parquet.hadoop.ParquetOutputCommitter
26/10/05 19:57:41 INFO SQLHadoopMapReduceCommitProtocol: Using user defined output committer class org.apache.parquet.hadoop.ParquetOutputCommitter
26/10/05 19:57:41 INFO SQLHadoopMapReduceCommitProtocol: Using user defined output committer class org.apache.parquet.hadoop.ParquetOutputCommitter
26/10/05 19:57:41 INFO FileOutputCommitter: File Output Committer Algorithm version is 1
26/10/05 19:57:41 INFO FileOutputCommitter: File Output Committer Algorithm version is 1
26/10/05 19:57:41 INFO FileOutputCommitter: FileOutputCommitter skip cleanup _temporary folders under output directory:false, ignore cleanup failures: false
26/10/05 19:57:41 INFO FileOutputCommitter: FileOutputCommitter skip cleanup _temporary folders under output directory:false, ignore cleanup failures: false
26/10/05 19:57:41 INFO FileOutputCommitter: File Output Committer Algorithm version is 1
26/10/05 19:57:41 INFO FileOutputCommitter: File Output Committer Algorithm version is 1
26/10/05 19:57:41 INFO FileOutputCommitter: FileOutputCommitter skip cleanup _temporary folders under output directory:false, ignore cleanup failures: false
26/10/05 19:57:41 INFO SQLHadoopMapReduceCommitProtocol: Using output committer class org.apache.parquet.hadoop.ParquetOutputCommitter
26/10/05 19:57:41 INFO FileOutputCommitter: File Output Committer Algorithm version is 1
26/10/05 19:57:41 INFO SQLHadoopMapReduceCommitProtocol: Using output committer class org.apache.parquet.hadoop.ParquetOutputCommitter
26/10/05 19:57:41 INFO FileOutputCommitter: FileOutputCommitter skip cleanup _temporary folders under output directory:false, ignore cleanup failures: false
26/10/05 19:57:41 INFO SQLHadoopMapReduceCommitProtocol: Using user defined output committer class org.apache.parquet.hadoop.ParquetOutputCommitter
26/10/05 19:57:41 INFO FileOutputCommitter: File Output Committer Algorithm version is 1
26/10/05 19:57:41 INFO FileOutputCommitter: FileOutputCommitter skip cleanup _temporary folders under output directory:false, ignore cleanup failures: false
26/10/05 19:57:41 INFO SQLHadoopMapReduceCommitProtocol: Using user defined output committer class org.apache.parquet.hadoop.ParquetOutputCommitter
26/10/05 19:57:41 INFO FileOutputCommitter: FileOutputCommitter skip cleanup _temporary folders under output directory:false, ignore cleanup failures: false
26/10/05 19:57:41 INFO FileOutputCommitter: File Output Committer Algorithm version is 1
26/10/05 19:57:41 INFO FileOutputCommitter: FileOutputCommitter skip cleanup _temporary folders under output directory:false, ignore cleanup failures: false
26/10/05 19:57:41 INFO FileOutputCommitter: FileOutputCommitter skip cleanup _temporary folders under output directory:false, ignore cleanup failures: false
26/10/05 19:57:41 INFO SQLHadoopMapReduceCommitProtocol: Using user defined output committer class org.apache.parquet.hadoop.ParquetOutputCommitter
26/10/05 19:57:41 INFO SQLHadoopMapReduceCommitProtocol: Using output committer class org.apache.parquet.hadoop.ParquetOutputCommitter
26/10/05 19:57:41 INFO FileOutputCommitter: File Output Committer Algorithm version is 1
26/10/05 19:57:41 INFO FileOutputCommitter: FileOutputCommitter skip cleanup _temporary folders under output directory:false, ignore cleanup failures: false
26/10/05 19:57:41 INFO SQLHadoopMapReduceCommitProtocol: Using output committer class org.apache.parquet.hadoop.ParquetOutputCommitter
26/10/05 19:57:41 INFO SQLHadoopMapReduceCommitProtocol: Using output committer class org.apache.parquet.hadoop.ParquetOutputCommitter
26/10/05 19:57:41 INFO CodecConfig: Compression: SNAPPY
26/10/05 19:57:41 INFO CodecConfig: Compression: SNAPPY
26/10/05 19:57:41 INFO CodecConfig: Compression: SNAPPY
26/10/05 19:57:41 INFO SQLHadoopMapReduceCommitProtocol: Using output committer class org.apache.parquet.hadoop.ParquetOutputCommitter
26/10/05 19:57:41 INFO CodecConfig: Compression: SNAPPY
26/10/05 19:57:41 INFO CodecConfig: Compression: SNAPPY
26/10/05 19:57:41 INFO CodecConfig: Compression: SNAPPY
26/10/05 19:57:41 INFO CodecConfig: Compression: SNAPPY
26/10/05 19:57:41 INFO CodecConfig: Compression: SNAPPY
26/10/05 19:57:41 INFO CodecConfig: Compression: SNAPPY
26/10/05 19:57:41 INFO CodecConfig: Compression: SNAPPY
26/10/05 19:57:41 INFO CodecConfig: Compression: SNAPPY
26/10/05 19:57:41 INFO CodecConfig: Compression: SNAPPY
26/10/05 19:57:41 INFO CodecConfig: Compression: SNAPPY
26/10/05 19:57:41 INFO CodecConfig: Compression: SNAPPY
26/10/05 19:57:41 INFO CodecConfig: Compression: SNAPPY
26/10/05 19:57:41 INFO CodecConfig: Compression: SNAPPY
26/10/05 19:57:41 INFO ParquetOutputFormat: ParquetRecordWriter [block size: 134217728b, row group padding size: 8388608b, validating: false]
26/10/05 19:57:41 INFO ParquetOutputFormat: ParquetRecordWriter [block size: 134217728b, row group padding size: 8388608b, validating: false]
26/10/05 19:57:41 INFO ParquetOutputFormat: ParquetRecordWriter [block size: 134217728b, row group padding size: 8388608b, validating: false]
26/10/05 19:57:41 INFO ParquetOutputFormat: ParquetRecordWriter [block size: 134217728b, row group padding size: 8388608b, validating: false]
26/10/05 19:57:41 INFO ParquetOutputFormat: ParquetRecordWriter [block size: 134217728b, row group padding size: 8388608b, validating: false]
26/10/05 19:57:41 INFO ParquetOutputFormat: ParquetRecordWriter [block size: 134217728b, row group padding size: 8388608b, validating: false]
26/10/05 19:57:41 INFO ParquetOutputFormat: ParquetRecordWriter [block size: 134217728b, row group padding size: 8388608b, validating: false]
26/10/05 19:57:41 INFO ParquetOutputFormat: ParquetRecordWriter [block size: 134217728b, row group padding size: 8388608b, validating: false]
26/10/05 19:57:41 INFO ParquetWriteSupport: Initialized Parquet WriteSupport with Catalyst schema:
{
  "type" : "struct",
  "fields" : [ {
    "name" : "winner",
    "type" : "string",
    "nullable" : true,
    "metadata" : { }
  }, {
    "name" : "fastest_lap_driver",
    "type" : "string",
    "nullable" : true,
    "metadata" : { }
  }, {
    "name" : "DriverNumber",
    "type" : "string",
    "nullable" : true,
    "metadata" : { }
  }, {
    "name" : "LapNumber",
    "type" : "double",
    "nullable" : true,
    "metadata" : { }
  }, {
    "name" : "TyreCompound",
    "type" : "string",
    "nullable" : true,
    "metadata" : { }
  }, {
    "name" : "TyreLife",
    "type" : "double",
    "nullable" : true,
    "metadata" : { }
  }, {
    "name" : "SessionTime",
    "type" : "long",
    "nullable" : true,
    "metadata" : { }
  }, {
    "name" : "Speed",
    "type" : "double",
    "nullable" : true,
    "metadata" : { }
  }, {
    "name" : "RPM",
    "type" : "double",
    "nullable" : true,
    "metadata" : { }
  }, {
    "name" : "nGear",
    "type" : "long",
    "nullable" : true,
    "metadata" : { }
  }, {
    "name" : "Throttle",
    "type" : "double",
    "nullable" : true,
    "metadata" : { }
  }, {
    "name" : "Brake",
    "type" : "boolean",
    "nullable" : true,
    "metadata" : { }
  }, {
    "name" : "X",
    "type" : "double",
    "nullable" : true,
    "metadata" : { }
  }, {
    "name" : "Y",
    "type" : "double",
    "nullable" : true,
    "metadata" : { }
  }, {
    "name" : "year",
    "type" : "integer",
    "nullable" : true,
    "metadata" : { }
  }, {
    "name" : "track",
    "type" : "string",
    "nullable" : true,
    "metadata" : { }
  }, {
    "name" : "previous_sector",
    "type" : "long",
    "nullable" : true,
    "metadata" : { }
  }, {
    "name" : "time_delta",
    "type" : "long",
    "nullable" : true,
    "metadata" : { }
  }, {
    "name" : "speed_ms",
    "type" : "double",
    "nullable" : true,
    "metadata" : { }
  }, {
    "name" : "time_s",
    "type" : "double",
    "nullable" : true,
    "metadata" : { }
  }, {
    "name" : "distance_delta",
    "type" : "double",
    "nullable" : true,
    "metadata" : { }
  }, {
    "name" : "total_dist_so_far",
    "type" : "double",
    "nullable" : true,
    "metadata" : { }
  } ]
}
and corresponding Parquet message type:
message spark_schema {
  optional binary winner (STRING);
  optional binary fastest_lap_driver (STRING);
  optional binary DriverNumber (STRING);
  optional double LapNumber;
  optional binary TyreCompound (STRING);
  optional double TyreLife;
  optional int64 SessionTime;
  optional double Speed;
  optional double RPM;
  optional int64 nGear;
  optional double Throttle;
  optional boolean Brake;
  optional double X;
  optional double Y;
  optional int32 year;
  optional binary track (STRING);
  optional int64 previous_sector;
  optional int64 time_delta;
  optional double speed_ms;
  optional double time_s;
  optional double distance_delta;
  optional double total_dist_so_far;
}

       
26/10/05 19:57:41 INFO ParquetWriteSupport: Initialized Parquet WriteSupport with Catalyst schema:
{
  "type" : "struct",
  "fields" : [ {
    "name" : "winner",
    "type" : "string",
    "nullable" : true,
    "metadata" : { }
  }, {
    "name" : "fastest_lap_driver",
    "type" : "string",
    "nullable" : true,
    "metadata" : { }
  }, {
    "name" : "DriverNumber",
    "type" : "string",
    "nullable" : true,
    "metadata" : { }
  }, {
    "name" : "LapNumber",
    "type" : "double",
    "nullable" : true,
    "metadata" : { }
  }, {
    "name" : "TyreCompound",
    "type" : "string",
    "nullable" : true,
    "metadata" : { }
  }, {
    "name" : "TyreLife",
    "type" : "double",
    "nullable" : true,
    "metadata" : { }
  }, {
    "name" : "SessionTime",
    "type" : "long",
    "nullable" : true,
    "metadata" : { }
  }, {
    "name" : "Speed",
    "type" : "double",
    "nullable" : true,
    "metadata" : { }
  }, {
    "name" : "RPM",
    "type" : "double",
    "nullable" : true,
    "metadata" : { }
  }, {
    "name" : "nGear",
    "type" : "long",
    "nullable" : true,
    "metadata" : { }
  }, {
    "name" : "Throttle",
    "type" : "double",
    "nullable" : true,
    "metadata" : { }
  }, {
    "name" : "Brake",
    "type" : "boolean",
    "nullable" : true,
    "metadata" : { }
  }, {
    "name" : "X",
    "type" : "double",
    "nullable" : true,
    "metadata" : { }
  }, {
    "name" : "Y",
    "type" : "double",
    "nullable" : true,
    "metadata" : { }
  }, {
    "name" : "year",
    "type" : "integer",
    "nullable" : true,
    "metadata" : { }
  }, {
    "name" : "track",
    "type" : "string",
    "nullable" : true,
    "metadata" : { }
  }, {
    "name" : "previous_sector",
    "type" : "long",
    "nullable" : true,
    "metadata" : { }
  }, {
    "name" : "time_delta",
    "type" : "long",
    "nullable" : true,
    "metadata" : { }
  }, {
    "name" : "speed_ms",
    "type" : "double",
    "nullable" : true,
    "metadata" : { }
  }, {
    "name" : "time_s",
    "type" : "double",
    "nullable" : true,
    "metadata" : { }
  }, {
    "name" : "distance_delta",
    "type" : "double",
    "nullable" : true,
    "metadata" : { }
  }, {
    "name" : "total_dist_so_far",
    "type" : "double",
    "nullable" : true,
    "metadata" : { }
  } ]
}
and corresponding Parquet message type:
message spark_schema {
  optional binary winner (STRING);
  optional binary fastest_lap_driver (STRING);
  optional binary DriverNumber (STRING);
  optional double LapNumber;
  optional binary TyreCompound (STRING);
  optional double TyreLife;
  optional int64 SessionTime;
  optional double Speed;
  optional double RPM;
  optional int64 nGear;
  optional double Throttle;
  optional boolean Brake;
  optional double X;
  optional double Y;
  optional int32 year;
  optional binary track (STRING);
  optional int64 previous_sector;
  optional int64 time_delta;
  optional double speed_ms;
  optional double time_s;
  optional double distance_delta;
  optional double total_dist_so_far;
}

       
26/10/05 19:57:41 INFO ParquetWriteSupport: Initialized Parquet WriteSupport with Catalyst schema:
{
  "type" : "struct",
  "fields" : [ {
    "name" : "winner",
    "type" : "string",
    "nullable" : true,
    "metadata" : { }
  }, {
    "name" : "fastest_lap_driver",
    "type" : "string",
    "nullable" : true,
    "metadata" : { }
  }, {
    "name" : "DriverNumber",
    "type" : "string",
    "nullable" : true,
    "metadata" : { }
  }, {
    "name" : "LapNumber",
    "type" : "double",
    "nullable" : true,
    "metadata" : { }
  }, {
    "name" : "TyreCompound",
    "type" : "string",
    "nullable" : true,
    "metadata" : { }
  }, {
    "name" : "TyreLife",
    "type" : "double",
    "nullable" : true,
    "metadata" : { }
  }, {
    "name" : "SessionTime",
    "type" : "long",
    "nullable" : true,
    "metadata" : { }
  }, {
    "name" : "Speed",
    "type" : "double",
    "nullable" : true,
    "metadata" : { }
  }, {
    "name" : "RPM",
    "type" : "double",
    "nullable" : true,
    "metadata" : { }
  }, {
    "name" : "nGear",
    "type" : "long",
    "nullable" : true,
    "metadata" : { }
  }, {
    "name" : "Throttle",
    "type" : "double",
    "nullable" : true,
    "metadata" : { }
  }, {
    "name" : "Brake",
    "type" : "boolean",
    "nullable" : true,
    "metadata" : { }
  }, {
    "name" : "X",
    "type" : "double",
    "nullable" : true,
    "metadata" : { }
  }, {
    "name" : "Y",
    "type" : "double",
    "nullable" : true,
    "metadata" : { }
  }, {
    "name" : "year",
    "type" : "integer",
    "nullable" : true,
    "metadata" : { }
  }, {
    "name" : "track",
    "type" : "string",
    "nullable" : true,
    "metadata" : { }
  }, {
    "name" : "previous_sector",
    "type" : "long",
    "nullable" : true,
    "metadata" : { }
  }, {
    "name" : "time_delta",
    "type" : "long",
    "nullable" : true,
    "metadata" : { }
  }, {
    "name" : "speed_ms",
    "type" : "double",
    "nullable" : true,
    "metadata" : { }
  }, {
    "name" : "time_s",
    "type" : "double",
    "nullable" : true,
    "metadata" : { }
  }, {
    "name" : "distance_delta",
    "type" : "double",
    "nullable" : true,
    "metadata" : { }
  }, {
    "name" : "total_dist_so_far",
    "type" : "double",
    "nullable" : true,
    "metadata" : { }
  } ]
}
and corresponding Parquet message type:
message spark_schema {
  optional binary winner (STRING);
  optional binary fastest_lap_driver (STRING);
  optional binary DriverNumber (STRING);
  optional double LapNumber;
  optional binary TyreCompound (STRING);
  optional double TyreLife;
  optional int64 SessionTime;
  optional double Speed;
  optional double RPM;
  optional int64 nGear;
  optional double Throttle;
  optional boolean Brake;
  optional double X;
  optional double Y;
  optional int32 year;
  optional binary track (STRING);
  optional int64 previous_sector;
  optional int64 time_delta;
  optional double speed_ms;
  optional double time_s;
  optional double distance_delta;
  optional double total_dist_so_far;
}

       
26/10/05 19:57:41 INFO ParquetWriteSupport: Initialized Parquet WriteSupport with Catalyst schema:
{
  "type" : "struct",
  "fields" : [ {
    "name" : "winner",
    "type" : "string",
    "nullable" : true,
    "metadata" : { }
  }, {
    "name" : "fastest_lap_driver",
    "type" : "string",
    "nullable" : true,
    "metadata" : { }
  }, {
    "name" : "DriverNumber",
    "type" : "string",
    "nullable" : true,
    "metadata" : { }
  }, {
    "name" : "LapNumber",
    "type" : "double",
    "nullable" : true,
    "metadata" : { }
  }, {
    "name" : "TyreCompound",
    "type" : "string",
    "nullable" : true,
    "metadata" : { }
  }, {
    "name" : "TyreLife",
    "type" : "double",
    "nullable" : true,
    "metadata" : { }
  }, {
    "name" : "SessionTime",
    "type" : "long",
    "nullable" : true,
    "metadata" : { }
  }, {
    "name" : "Speed",
    "type" : "double",
    "nullable" : true,
    "metadata" : { }
  }, {
    "name" : "RPM",
    "type" : "double",
    "nullable" : true,
    "metadata" : { }
  }, {
    "name" : "nGear",
    "type" : "long",
    "nullable" : true,
    "metadata" : { }
  }, {
    "name" : "Throttle",
    "type" : "double",
    "nullable" : true,
    "metadata" : { }
  }, {
    "name" : "Brake",
    "type" : "boolean",
    "nullable" : true,
    "metadata" : { }
  }, {
    "name" : "X",
    "type" : "double",
    "nullable" : true,
    "metadata" : { }
  }, {
    "name" : "Y",
    "type" : "double",
    "nullable" : true,
    "metadata" : { }
  }, {
    "name" : "year",
    "type" : "integer",
    "nullable" : true,
    "metadata" : { }
  }, {
    "name" : "track",
    "type" : "string",
    "nullable" : true,
    "metadata" : { }
  }, {
    "name" : "previous_sector",
    "type" : "long",
    "nullable" : true,
    "metadata" : { }
  }, {
    "name" : "time_delta",
    "type" : "long",
    "nullable" : true,
    "metadata" : { }
  }, {
    "name" : "speed_ms",
    "type" : "double",
    "nullable" : true,
    "metadata" : { }
  }, {
    "name" : "time_s",
    "type" : "double",
    "nullable" : true,
    "metadata" : { }
  }, {
    "name" : "distance_delta",
    "type" : "double",
    "nullable" : true,
    "metadata" : { }
  }, {
    "name" : "total_dist_so_far",
    "type" : "double",
    "nullable" : true,
    "metadata" : { }
  } ]
}
and corresponding Parquet message type:
message spark_schema {
  optional binary winner (STRING);
  optional binary fastest_lap_driver (STRING);
  optional binary DriverNumber (STRING);
  optional double LapNumber;
  optional binary TyreCompound (STRING);
  optional double TyreLife;
  optional int64 SessionTime;
  optional double Speed;
  optional double RPM;
  optional int64 nGear;
  optional double Throttle;
  optional boolean Brake;
  optional double X;
  optional double Y;
  optional int32 year;
  optional binary track (STRING);
  optional int64 previous_sector;
  optional int64 time_delta;
  optional double speed_ms;
  optional double time_s;
  optional double distance_delta;
  optional double total_dist_so_far;
}

       
26/10/05 19:57:41 INFO ParquetWriteSupport: Initialized Parquet WriteSupport with Catalyst schema:
{
  "type" : "struct",
  "fields" : [ {
    "name" : "winner",
    "type" : "string",
    "nullable" : true,
    "metadata" : { }
  }, {
    "name" : "fastest_lap_driver",
    "type" : "string",
    "nullable" : true,
    "metadata" : { }
  }, {
    "name" : "DriverNumber",
    "type" : "string",
    "nullable" : true,
    "metadata" : { }
  }, {
    "name" : "LapNumber",
    "type" : "double",
    "nullable" : true,
    "metadata" : { }
  }, {
    "name" : "TyreCompound",
    "type" : "string",
    "nullable" : true,
    "metadata" : { }
  }, {
    "name" : "TyreLife",
    "type" : "double",
    "nullable" : true,
    "metadata" : { }
  }, {
    "name" : "SessionTime",
    "type" : "long",
    "nullable" : true,
    "metadata" : { }
  }, {
    "name" : "Speed",
    "type" : "double",
    "nullable" : true,
    "metadata" : { }
  }, {
    "name" : "RPM",
    "type" : "double",
    "nullable" : true,
    "metadata" : { }
  }, {
    "name" : "nGear",
    "type" : "long",
    "nullable" : true,
    "metadata" : { }
  }, {
    "name" : "Throttle",
    "type" : "double",
    "nullable" : true,
    "metadata" : { }
  }, {
    "name" : "Brake",
    "type" : "boolean",
    "nullable" : true,
    "metadata" : { }
  }, {
    "name" : "X",
    "type" : "double",
    "nullable" : true,
    "metadata" : { }
  }, {
    "name" : "Y",
    "type" : "double",
    "nullable" : true,
    "metadata" : { }
  }, {
    "name" : "year",
    "type" : "integer",
    "nullable" : true,
    "metadata" : { }
  }, {
    "name" : "track",
    "type" : "string",
    "nullable" : true,
    "metadata" : { }
  }, {
    "name" : "previous_sector",
    "type" : "long",
    "nullable" : true,
    "metadata" : { }
  }, {
    "name" : "time_delta",
    "type" : "long",
    "nullable" : true,
    "metadata" : { }
  }, {
    "name" : "speed_ms",
    "type" : "double",
    "nullable" : true,
    "metadata" : { }
  }, {
    "name" : "time_s",
    "type" : "double",
    "nullable" : true,
    "metadata" : { }
  }, {
    "name" : "distance_delta",
    "type" : "double",
    "nullable" : true,
    "metadata" : { }
  }, {
    "name" : "total_dist_so_far",
    "type" : "double",
    "nullable" : true,
    "metadata" : { }
  } ]
}
and corresponding Parquet message type:
message spark_schema {
  optional binary winner (STRING);
  optional binary fastest_lap_driver (STRING);
  optional binary DriverNumber (STRING);
  optional double LapNumber;
  optional binary TyreCompound (STRING);
  optional double TyreLife;
  optional int64 SessionTime;
  optional double Speed;
  optional double RPM;
  optional int64 nGear;
  optional double Throttle;
  optional boolean Brake;
  optional double X;
  optional double Y;
  optional int32 year;
  optional binary track (STRING);
  optional int64 previous_sector;
  optional int64 time_delta;
  optional double speed_ms;
  optional double time_s;
  optional double distance_delta;
  optional double total_dist_so_far;
}

       
26/10/05 19:57:41 INFO ParquetWriteSupport: Initialized Parquet WriteSupport with Catalyst schema:
{
  "type" : "struct",
  "fields" : [ {
    "name" : "winner",
    "type" : "string",
    "nullable" : true,
    "metadata" : { }
  }, {
    "name" : "fastest_lap_driver",
    "type" : "string",
    "nullable" : true,
    "metadata" : { }
  }, {
    "name" : "DriverNumber",
    "type" : "string",
    "nullable" : true,
    "metadata" : { }
  }, {
    "name" : "LapNumber",
    "type" : "double",
    "nullable" : true,
    "metadata" : { }
  }, {
    "name" : "TyreCompound",
    "type" : "string",
    "nullable" : true,
    "metadata" : { }
  }, {
    "name" : "TyreLife",
    "type" : "double",
    "nullable" : true,
    "metadata" : { }
  }, {
    "name" : "SessionTime",
    "type" : "long",
    "nullable" : true,
    "metadata" : { }
  }, {
    "name" : "Speed",
    "type" : "double",
    "nullable" : true,
    "metadata" : { }
  }, {
    "name" : "RPM",
    "type" : "double",
    "nullable" : true,
    "metadata" : { }
  }, {
    "name" : "nGear",
    "type" : "long",
    "nullable" : true,
    "metadata" : { }
  }, {
    "name" : "Throttle",
    "type" : "double",
    "nullable" : true,
    "metadata" : { }
  }, {
    "name" : "Brake",
    "type" : "boolean",
    "nullable" : true,
    "metadata" : { }
  }, {
    "name" : "X",
    "type" : "double",
    "nullable" : true,
    "metadata" : { }
  }, {
    "name" : "Y",
    "type" : "double",
    "nullable" : true,
    "metadata" : { }
  }, {
    "name" : "year",
    "type" : "integer",
    "nullable" : true,
    "metadata" : { }
  }, {
    "name" : "track",
    "type" : "string",
    "nullable" : true,
    "metadata" : { }
  }, {
    "name" : "previous_sector",
    "type" : "long",
    "nullable" : true,
    "metadata" : { }
  }, {
    "name" : "time_delta",
    "type" : "long",
    "nullable" : true,
    "metadata" : { }
  }, {
    "name" : "speed_ms",
    "type" : "double",
    "nullable" : true,
    "metadata" : { }
  }, {
    "name" : "time_s",
    "type" : "double",
    "nullable" : true,
    "metadata" : { }
  }, {
    "name" : "distance_delta",
    "type" : "double",
    "nullable" : true,
    "metadata" : { }
  }, {
    "name" : "total_dist_so_far",
    "type" : "double",
    "nullable" : true,
    "metadata" : { }
  } ]
}
and corresponding Parquet message type:
message spark_schema {
  optional binary winner (STRING);
  optional binary fastest_lap_driver (STRING);
  optional binary DriverNumber (STRING);
  optional double LapNumber;
  optional binary TyreCompound (STRING);
  optional double TyreLife;
  optional int64 SessionTime;
  optional double Speed;
  optional double RPM;
  optional int64 nGear;
  optional double Throttle;
  optional boolean Brake;
  optional double X;
  optional double Y;
  optional int32 year;
  optional binary track (STRING);
  optional int64 previous_sector;
  optional int64 time_delta;
  optional double speed_ms;
  optional double time_s;
  optional double distance_delta;
  optional double total_dist_so_far;
}

       
26/10/05 19:57:41 INFO ParquetWriteSupport: Initialized Parquet WriteSupport with Catalyst schema:
{
  "type" : "struct",
  "fields" : [ {
    "name" : "winner",
    "type" : "string",
    "nullable" : true,
    "metadata" : { }
  }, {
    "name" : "fastest_lap_driver",
    "type" : "string",
    "nullable" : true,
    "metadata" : { }
  }, {
    "name" : "DriverNumber",
    "type" : "string",
    "nullable" : true,
    "metadata" : { }
  }, {
    "name" : "LapNumber",
    "type" : "double",
    "nullable" : true,
    "metadata" : { }
  }, {
    "name" : "TyreCompound",
    "type" : "string",
    "nullable" : true,
    "metadata" : { }
  }, {
    "name" : "TyreLife",
    "type" : "double",
    "nullable" : true,
    "metadata" : { }
  }, {
    "name" : "SessionTime",
    "type" : "long",
    "nullable" : true,
    "metadata" : { }
  }, {
    "name" : "Speed",
    "type" : "double",
    "nullable" : true,
    "metadata" : { }
  }, {
    "name" : "RPM",
    "type" : "double",
    "nullable" : true,
    "metadata" : { }
  }, {
    "name" : "nGear",
    "type" : "long",
    "nullable" : true,
    "metadata" : { }
  }, {
    "name" : "Throttle",
    "type" : "double",
    "nullable" : true,
    "metadata" : { }
  }, {
    "name" : "Brake",
    "type" : "boolean",
    "nullable" : true,
    "metadata" : { }
  }, {
    "name" : "X",
    "type" : "double",
    "nullable" : true,
    "metadata" : { }
  }, {
    "name" : "Y",
    "type" : "double",
    "nullable" : true,
    "metadata" : { }
  }, {
    "name" : "year",
    "type" : "integer",
    "nullable" : true,
    "metadata" : { }
  }, {
    "name" : "track",
    "type" : "string",
    "nullable" : true,
    "metadata" : { }
  }, {
    "name" : "previous_sector",
    "type" : "long",
    "nullable" : true,
    "metadata" : { }
  }, {
    "name" : "time_delta",
    "type" : "long",
    "nullable" : true,
    "metadata" : { }
  }, {
    "name" : "speed_ms",
    "type" : "double",
    "nullable" : true,
    "metadata" : { }
  }, {
    "name" : "time_s",
    "type" : "double",
    "nullable" : true,
    "metadata" : { }
  }, {
    "name" : "distance_delta",
    "type" : "double",
    "nullable" : true,
    "metadata" : { }
  }, {
    "name" : "total_dist_so_far",
    "type" : "double",
    "nullable" : true,
    "metadata" : { }
  } ]
}
and corresponding Parquet message type:
message spark_schema {
  optional binary winner (STRING);
  optional binary fastest_lap_driver (STRING);
  optional binary DriverNumber (STRING);
  optional double LapNumber;
  optional binary TyreCompound (STRING);
  optional double TyreLife;
  optional int64 SessionTime;
  optional double Speed;
  optional double RPM;
  optional int64 nGear;
  optional double Throttle;
  optional boolean Brake;
  optional double X;
  optional double Y;
  optional int32 year;
  optional binary track (STRING);
  optional int64 previous_sector;
  optional int64 time_delta;
  optional double speed_ms;
  optional double time_s;
  optional double distance_delta;
  optional double total_dist_so_far;
}

       
26/10/05 19:57:41 INFO ParquetWriteSupport: Initialized Parquet WriteSupport with Catalyst schema:
{
  "type" : "struct",
  "fields" : [ {
    "name" : "winner",
    "type" : "string",
    "nullable" : true,
    "metadata" : { }
  }, {
    "name" : "fastest_lap_driver",
    "type" : "string",
    "nullable" : true,
    "metadata" : { }
  }, {
    "name" : "DriverNumber",
    "type" : "string",
    "nullable" : true,
    "metadata" : { }
  }, {
    "name" : "LapNumber",
    "type" : "double",
    "nullable" : true,
    "metadata" : { }
  }, {
    "name" : "TyreCompound",
    "type" : "string",
    "nullable" : true,
    "metadata" : { }
  }, {
    "name" : "TyreLife",
    "type" : "double",
    "nullable" : true,
    "metadata" : { }
  }, {
    "name" : "SessionTime",
    "type" : "long",
    "nullable" : true,
    "metadata" : { }
  }, {
    "name" : "Speed",
    "type" : "double",
    "nullable" : true,
    "metadata" : { }
  }, {
    "name" : "RPM",
    "type" : "double",
    "nullable" : true,
    "metadata" : { }
  }, {
    "name" : "nGear",
    "type" : "long",
    "nullable" : true,
    "metadata" : { }
  }, {
    "name" : "Throttle",
    "type" : "double",
    "nullable" : true,
    "metadata" : { }
  }, {
    "name" : "Brake",
    "type" : "boolean",
    "nullable" : true,
    "metadata" : { }
  }, {
    "name" : "X",
    "type" : "double",
    "nullable" : true,
    "metadata" : { }
  }, {
    "name" : "Y",
    "type" : "double",
    "nullable" : true,
    "metadata" : { }
  }, {
    "name" : "year",
    "type" : "integer",
    "nullable" : true,
    "metadata" : { }
  }, {
    "name" : "track",
    "type" : "string",
    "nullable" : true,
    "metadata" : { }
  }, {
    "name" : "previous_sector",
    "type" : "long",
    "nullable" : true,
    "metadata" : { }
  }, {
    "name" : "time_delta",
    "type" : "long",
    "nullable" : true,
    "metadata" : { }
  }, {
    "name" : "speed_ms",
    "type" : "double",
    "nullable" : true,
    "metadata" : { }
  }, {
    "name" : "time_s",
    "type" : "double",
    "nullable" : true,
    "metadata" : { }
  }, {
    "name" : "distance_delta",
    "type" : "double",
    "nullable" : true,
    "metadata" : { }
  }, {
    "name" : "total_dist_so_far",
    "type" : "double",
    "nullable" : true,
    "metadata" : { }
  } ]
}
and corresponding Parquet message type:
message spark_schema {
  optional binary winner (STRING);
  optional binary fastest_lap_driver (STRING);
  optional binary DriverNumber (STRING);
  optional double LapNumber;
  optional binary TyreCompound (STRING);
  optional double TyreLife;
  optional int64 SessionTime;
  optional double Speed;
  optional double RPM;
  optional int64 nGear;
  optional double Throttle;
  optional boolean Brake;
  optional double X;
  optional double Y;
  optional int32 year;
  optional binary track (STRING);
  optional int64 previous_sector;
  optional int64 time_delta;
  optional double speed_ms;
  optional double time_s;
  optional double distance_delta;
  optional double total_dist_so_far;
}

       
26/10/05 19:57:41 INFO CodecPool: Got brand-new compressor [.snappy]
26/10/05 19:57:41 INFO CodecPool: Got brand-new compressor [.snappy]
26/10/05 19:57:41 INFO CodecPool: Got brand-new compressor [.snappy]
26/10/05 19:57:41 INFO CodecPool: Got brand-new compressor [.snappy]
26/10/05 19:57:41 INFO CodecPool: Got brand-new compressor [.snappy]
26/10/05 19:57:41 INFO CodecPool: Got brand-new compressor [.snappy]
26/10/05 19:57:41 INFO CodecPool: Got brand-new compressor [.snappy]
26/10/05 19:57:41 INFO CodecPool: Got brand-new compressor [.snappy]
26/10/05 19:57:42 WARN MemoryManager: Total allocation exceeds 95.00% (1,020,054,720 bytes) of heap memory
Scaling row group sizes to 95.00% for 8 writers
26/10/05 19:57:42 INFO ExternalAppendOnlyUnsafeRowArray: Reached spill threshold of 4096 rows, switching to org.apache.spark.util.collection.unsafe.sort.UnsafeExternalSorter
26/10/05 19:57:42 INFO ExternalAppendOnlyUnsafeRowArray: Reached spill threshold of 4096 rows, switching to org.apache.spark.util.collection.unsafe.sort.UnsafeExternalSorter
26/10/05 19:57:42 INFO ExternalAppendOnlyUnsafeRowArray: Reached spill threshold of 4096 rows, switching to org.apache.spark.util.collection.unsafe.sort.UnsafeExternalSorter
26/10/05 19:57:42 INFO ExternalAppendOnlyUnsafeRowArray: Reached spill threshold of 4096 rows, switching to org.apache.spark.util.collection.unsafe.sort.UnsafeExternalSorter
26/10/05 19:57:42 INFO ExternalAppendOnlyUnsafeRowArray: Reached spill threshold of 4096 rows, switching to org.apache.spark.util.collection.unsafe.sort.UnsafeExternalSorter
26/10/05 19:57:42 INFO ExternalAppendOnlyUnsafeRowArray: Reached spill threshold of 4096 rows, switching to org.apache.spark.util.collection.unsafe.sort.UnsafeExternalSorter
26/10/05 19:57:42 INFO ExternalAppendOnlyUnsafeRowArray: Reached spill threshold of 4096 rows, switching to org.apache.spark.util.collection.unsafe.sort.UnsafeExternalSorter
26/10/05 19:57:42 INFO ExternalAppendOnlyUnsafeRowArray: Reached spill threshold of 4096 rows, switching to org.apache.spark.util.collection.unsafe.sort.UnsafeExternalSorter
26/10/05 19:57:42 INFO ExternalAppendOnlyUnsafeRowArray: Reached spill threshold of 4096 rows, switching to org.apache.spark.util.collection.unsafe.sort.UnsafeExternalSorter
26/10/05 19:57:42 INFO ExternalAppendOnlyUnsafeRowArray: Reached spill threshold of 4096 rows, switching to org.apache.spark.util.collection.unsafe.sort.UnsafeExternalSorter
26/10/05 19:57:42 INFO ExternalAppendOnlyUnsafeRowArray: Reached spill threshold of 4096 rows, switching to org.apache.spark.util.collection.unsafe.sort.UnsafeExternalSorter
26/10/05 19:57:42 INFO ExternalAppendOnlyUnsafeRowArray: Reached spill threshold of 4096 rows, switching to org.apache.spark.util.collection.unsafe.sort.UnsafeExternalSorter
26/10/05 19:57:42 INFO ExternalAppendOnlyUnsafeRowArray: Reached spill threshold of 4096 rows, switching to org.apache.spark.util.collection.unsafe.sort.UnsafeExternalSorter
26/10/05 19:57:42 INFO ExternalAppendOnlyUnsafeRowArray: Reached spill threshold of 4096 rows, switching to org.apache.spark.util.collection.unsafe.sort.UnsafeExternalSorter
26/10/05 19:57:42 INFO ExternalAppendOnlyUnsafeRowArray: Reached spill threshold of 4096 rows, switching to org.apache.spark.util.collection.unsafe.sort.UnsafeExternalSorter
26/10/05 19:57:42 INFO ExternalAppendOnlyUnsafeRowArray: Reached spill threshold of 4096 rows, switching to org.apache.spark.util.collection.unsafe.sort.UnsafeExternalSorter
26/10/05 19:57:42 INFO ExternalAppendOnlyUnsafeRowArray: Reached spill threshold of 4096 rows, switching to org.apache.spark.util.collection.unsafe.sort.UnsafeExternalSorter
26/10/05 19:57:42 INFO ExternalAppendOnlyUnsafeRowArray: Reached spill threshold of 4096 rows, switching to org.apache.spark.util.collection.unsafe.sort.UnsafeExternalSorter
26/10/05 19:57:42 INFO ExternalAppendOnlyUnsafeRowArray: Reached spill threshold of 4096 rows, switching to org.apache.spark.util.collection.unsafe.sort.UnsafeExternalSorter
26/10/05 19:57:42 INFO ExternalAppendOnlyUnsafeRowArray: Reached spill threshold of 4096 rows, switching to org.apache.spark.util.collection.unsafe.sort.UnsafeExternalSorter
26/10/05 19:57:42 INFO ExternalAppendOnlyUnsafeRowArray: Reached spill threshold of 4096 rows, switching to org.apache.spark.util.collection.unsafe.sort.UnsafeExternalSorter
26/10/05 19:57:42 INFO ExternalAppendOnlyUnsafeRowArray: Reached spill threshold of 4096 rows, switching to org.apache.spark.util.collection.unsafe.sort.UnsafeExternalSorter
26/10/05 19:57:42 INFO ExternalAppendOnlyUnsafeRowArray: Reached spill threshold of 4096 rows, switching to org.apache.spark.util.collection.unsafe.sort.UnsafeExternalSorter
26/10/05 19:57:42 INFO ExternalAppendOnlyUnsafeRowArray: Reached spill threshold of 4096 rows, switching to org.apache.spark.util.collection.unsafe.sort.UnsafeExternalSorter
26/10/05 19:57:42 INFO ExternalAppendOnlyUnsafeRowArray: Reached spill threshold of 4096 rows, switching to org.apache.spark.util.collection.unsafe.sort.UnsafeExternalSorter
26/10/05 19:57:43 INFO ExternalAppendOnlyUnsafeRowArray: Reached spill threshold of 4096 rows, switching to org.apache.spark.util.collection.unsafe.sort.UnsafeExternalSorter
26/10/05 19:57:43 INFO ExternalAppendOnlyUnsafeRowArray: Reached spill threshold of 4096 rows, switching to org.apache.spark.util.collection.unsafe.sort.UnsafeExternalSorter
26/10/05 19:57:43 INFO ExternalAppendOnlyUnsafeRowArray: Reached spill threshold of 4096 rows, switching to org.apache.spark.util.collection.unsafe.sort.UnsafeExternalSorter
26/10/05 19:57:43 INFO ExternalAppendOnlyUnsafeRowArray: Reached spill threshold of 4096 rows, switching to org.apache.spark.util.collection.unsafe.sort.UnsafeExternalSorter
26/10/05 19:57:43 INFO ExternalAppendOnlyUnsafeRowArray: Reached spill threshold of 4096 rows, switching to org.apache.spark.util.collection.unsafe.sort.UnsafeExternalSorter
26/10/05 19:57:43 INFO ExternalAppendOnlyUnsafeRowArray: Reached spill threshold of 4096 rows, switching to org.apache.spark.util.collection.unsafe.sort.UnsafeExternalSorter
26/10/05 19:57:43 INFO ExternalAppendOnlyUnsafeRowArray: Reached spill threshold of 4096 rows, switching to org.apache.spark.util.collection.unsafe.sort.UnsafeExternalSorter
26/10/05 19:57:43 INFO ExternalAppendOnlyUnsafeRowArray: Reached spill threshold of 4096 rows, switching to org.apache.spark.util.collection.unsafe.sort.UnsafeExternalSorter
26/10/05 19:57:43 INFO ExternalAppendOnlyUnsafeRowArray: Reached spill threshold of 4096 rows, switching to org.apache.spark.util.collection.unsafe.sort.UnsafeExternalSorter
26/10/05 19:57:43 INFO ExternalAppendOnlyUnsafeRowArray: Reached spill threshold of 4096 rows, switching to org.apache.spark.util.collection.unsafe.sort.UnsafeExternalSorter
26/10/05 19:57:43 INFO ExternalAppendOnlyUnsafeRowArray: Reached spill threshold of 4096 rows, switching to org.apache.spark.util.collection.unsafe.sort.UnsafeExternalSorter
26/10/05 19:57:43 INFO ExternalAppendOnlyUnsafeRowArray: Reached spill threshold of 4096 rows, switching to org.apache.spark.util.collection.unsafe.sort.UnsafeExternalSorter
26/10/05 19:57:43 INFO ExternalAppendOnlyUnsafeRowArray: Reached spill threshold of 4096 rows, switching to org.apache.spark.util.collection.unsafe.sort.UnsafeExternalSorter
26/10/05 19:57:43 INFO ExternalAppendOnlyUnsafeRowArray: Reached spill threshold of 4096 rows, switching to org.apache.spark.util.collection.unsafe.sort.UnsafeExternalSorter
26/10/05 19:57:43 INFO ExternalAppendOnlyUnsafeRowArray: Reached spill threshold of 4096 rows, switching to org.apache.spark.util.collection.unsafe.sort.UnsafeExternalSorter
26/10/05 19:57:43 INFO ExternalAppendOnlyUnsafeRowArray: Reached spill threshold of 4096 rows, switching to org.apache.spark.util.collection.unsafe.sort.UnsafeExternalSorter
26/10/05 19:57:43 INFO ExternalAppendOnlyUnsafeRowArray: Reached spill threshold of 4096 rows, switching to org.apache.spark.util.collection.unsafe.sort.UnsafeExternalSorter
26/10/05 19:57:43 INFO ExternalAppendOnlyUnsafeRowArray: Reached spill threshold of 4096 rows, switching to org.apache.spark.util.collection.unsafe.sort.UnsafeExternalSorter
26/10/05 19:57:43 INFO ExternalAppendOnlyUnsafeRowArray: Reached spill threshold of 4096 rows, switching to org.apache.spark.util.collection.unsafe.sort.UnsafeExternalSorter
26/10/05 19:57:43 INFO ExternalAppendOnlyUnsafeRowArray: Reached spill threshold of 4096 rows, switching to org.apache.spark.util.collection.unsafe.sort.UnsafeExternalSorter
26/10/05 19:57:43 INFO ExternalAppendOnlyUnsafeRowArray: Reached spill threshold of 4096 rows, switching to org.apache.spark.util.collection.unsafe.sort.UnsafeExternalSorter
26/10/05 19:57:43 INFO ExternalAppendOnlyUnsafeRowArray: Reached spill threshold of 4096 rows, switching to org.apache.spark.util.collection.unsafe.sort.UnsafeExternalSorter
26/10/05 19:57:43 INFO ExternalAppendOnlyUnsafeRowArray: Reached spill threshold of 4096 rows, switching to org.apache.spark.util.collection.unsafe.sort.UnsafeExternalSorter
26/10/05 19:57:43 INFO ExternalAppendOnlyUnsafeRowArray: Reached spill threshold of 4096 rows, switching to org.apache.spark.util.collection.unsafe.sort.UnsafeExternalSorter
26/10/05 19:57:43 INFO ExternalAppendOnlyUnsafeRowArray: Reached spill threshold of 4096 rows, switching to org.apache.spark.util.collection.unsafe.sort.UnsafeExternalSorter
26/10/05 19:57:43 INFO ExternalAppendOnlyUnsafeRowArray: Reached spill threshold of 4096 rows, switching to org.apache.spark.util.collection.unsafe.sort.UnsafeExternalSorter
26/10/05 19:57:43 INFO ExternalAppendOnlyUnsafeRowArray: Reached spill threshold of 4096 rows, switching to org.apache.spark.util.collection.unsafe.sort.UnsafeExternalSorter
26/10/05 19:57:43 INFO ExternalAppendOnlyUnsafeRowArray: Reached spill threshold of 4096 rows, switching to org.apache.spark.util.collection.unsafe.sort.UnsafeExternalSorter
26/10/05 19:57:43 INFO ExternalAppendOnlyUnsafeRowArray: Reached spill threshold of 4096 rows, switching to org.apache.spark.util.collection.unsafe.sort.UnsafeExternalSorter
26/10/05 19:57:43 INFO ExternalAppendOnlyUnsafeRowArray: Reached spill threshold of 4096 rows, switching to org.apache.spark.util.collection.unsafe.sort.UnsafeExternalSorter
26/10/05 19:57:43 INFO ExternalAppendOnlyUnsafeRowArray: Reached spill threshold of 4096 rows, switching to org.apache.spark.util.collection.unsafe.sort.UnsafeExternalSorter
26/10/05 19:57:43 INFO ExternalAppendOnlyUnsafeRowArray: Reached spill threshold of 4096 rows, switching to org.apache.spark.util.collection.unsafe.sort.UnsafeExternalSorter
26/10/05 19:57:43 INFO ExternalAppendOnlyUnsafeRowArray: Reached spill threshold of 4096 rows, switching to org.apache.spark.util.collection.unsafe.sort.UnsafeExternalSorter
26/10/05 19:57:43 INFO ExternalAppendOnlyUnsafeRowArray: Reached spill threshold of 4096 rows, switching to org.apache.spark.util.collection.unsafe.sort.UnsafeExternalSorter
26/10/05 19:57:43 INFO ExternalAppendOnlyUnsafeRowArray: Reached spill threshold of 4096 rows, switching to org.apache.spark.util.collection.unsafe.sort.UnsafeExternalSorter
26/10/05 19:57:43 INFO ExternalAppendOnlyUnsafeRowArray: Reached spill threshold of 4096 rows, switching to org.apache.spark.util.collection.unsafe.sort.UnsafeExternalSorter
26/10/05 19:57:43 INFO ExternalAppendOnlyUnsafeRowArray: Reached spill threshold of 4096 rows, switching to org.apache.spark.util.collection.unsafe.sort.UnsafeExternalSorter
26/10/05 19:57:43 INFO ExternalAppendOnlyUnsafeRowArray: Reached spill threshold of 4096 rows, switching to org.apache.spark.util.collection.unsafe.sort.UnsafeExternalSorter
26/10/05 19:57:43 INFO ExternalAppendOnlyUnsafeRowArray: Reached spill threshold of 4096 rows, switching to org.apache.spark.util.collection.unsafe.sort.UnsafeExternalSorter
26/10/05 19:57:43 INFO ExternalAppendOnlyUnsafeRowArray: Reached spill threshold of 4096 rows, switching to org.apache.spark.util.collection.unsafe.sort.UnsafeExternalSorter
26/10/05 19:57:43 INFO ExternalAppendOnlyUnsafeRowArray: Reached spill threshold of 4096 rows, switching to org.apache.spark.util.collection.unsafe.sort.UnsafeExternalSorter
26/10/05 19:57:43 INFO ExternalAppendOnlyUnsafeRowArray: Reached spill threshold of 4096 rows, switching to org.apache.spark.util.collection.unsafe.sort.UnsafeExternalSorter
26/10/05 19:57:43 INFO ExternalAppendOnlyUnsafeRowArray: Reached spill threshold of 4096 rows, switching to org.apache.spark.util.collection.unsafe.sort.UnsafeExternalSorter
26/10/05 19:57:43 INFO ExternalAppendOnlyUnsafeRowArray: Reached spill threshold of 4096 rows, switching to org.apache.spark.util.collection.unsafe.sort.UnsafeExternalSorter
26/10/05 19:57:43 INFO ExternalAppendOnlyUnsafeRowArray: Reached spill threshold of 4096 rows, switching to org.apache.spark.util.collection.unsafe.sort.UnsafeExternalSorter
26/10/05 19:57:43 INFO ExternalAppendOnlyUnsafeRowArray: Reached spill threshold of 4096 rows, switching to org.apache.spark.util.collection.unsafe.sort.UnsafeExternalSorter
26/10/05 19:57:43 INFO ExternalAppendOnlyUnsafeRowArray: Reached spill threshold of 4096 rows, switching to org.apache.spark.util.collection.unsafe.sort.UnsafeExternalSorter
26/10/05 19:57:43 INFO ExternalAppendOnlyUnsafeRowArray: Reached spill threshold of 4096 rows, switching to org.apache.spark.util.collection.unsafe.sort.UnsafeExternalSorter
26/10/05 19:57:43 INFO ExternalAppendOnlyUnsafeRowArray: Reached spill threshold of 4096 rows, switching to org.apache.spark.util.collection.unsafe.sort.UnsafeExternalSorter
26/10/05 19:57:43 INFO ExternalAppendOnlyUnsafeRowArray: Reached spill threshold of 4096 rows, switching to org.apache.spark.util.collection.unsafe.sort.UnsafeExternalSorter
26/10/05 19:57:43 INFO ExternalAppendOnlyUnsafeRowArray: Reached spill threshold of 4096 rows, switching to org.apache.spark.util.collection.unsafe.sort.UnsafeExternalSorter
26/10/05 19:57:43 INFO ExternalAppendOnlyUnsafeRowArray: Reached spill threshold of 4096 rows, switching to org.apache.spark.util.collection.unsafe.sort.UnsafeExternalSorter
26/10/05 19:57:43 INFO ExternalAppendOnlyUnsafeRowArray: Reached spill threshold of 4096 rows, switching to org.apache.spark.util.collection.unsafe.sort.UnsafeExternalSorter
26/10/05 19:57:43 INFO ExternalAppendOnlyUnsafeRowArray: Reached spill threshold of 4096 rows, switching to org.apache.spark.util.collection.unsafe.sort.UnsafeExternalSorter
26/10/05 19:57:43 INFO ExternalAppendOnlyUnsafeRowArray: Reached spill threshold of 4096 rows, switching to org.apache.spark.util.collection.unsafe.sort.UnsafeExternalSorter
26/10/05 19:57:43 INFO ExternalAppendOnlyUnsafeRowArray: Reached spill threshold of 4096 rows, switching to org.apache.spark.util.collection.unsafe.sort.UnsafeExternalSorter
26/10/05 19:57:43 INFO ExternalAppendOnlyUnsafeRowArray: Reached spill threshold of 4096 rows, switching to org.apache.spark.util.collection.unsafe.sort.UnsafeExternalSorter
26/10/05 19:57:43 INFO ExternalAppendOnlyUnsafeRowArray: Reached spill threshold of 4096 rows, switching to org.apache.spark.util.collection.unsafe.sort.UnsafeExternalSorter
26/10/05 19:57:43 INFO ExternalAppendOnlyUnsafeRowArray: Reached spill threshold of 4096 rows, switching to org.apache.spark.util.collection.unsafe.sort.UnsafeExternalSorter
26/10/05 19:57:43 INFO ExternalAppendOnlyUnsafeRowArray: Reached spill threshold of 4096 rows, switching to org.apache.spark.util.collection.unsafe.sort.UnsafeExternalSorter
26/10/05 19:57:43 INFO ExternalAppendOnlyUnsafeRowArray: Reached spill threshold of 4096 rows, switching to org.apache.spark.util.collection.unsafe.sort.UnsafeExternalSorter
26/10/05 19:57:43 INFO ExternalAppendOnlyUnsafeRowArray: Reached spill threshold of 4096 rows, switching to org.apache.spark.util.collection.unsafe.sort.UnsafeExternalSorter
26/10/05 19:57:43 INFO ExternalAppendOnlyUnsafeRowArray: Reached spill threshold of 4096 rows, switching to org.apache.spark.util.collection.unsafe.sort.UnsafeExternalSorter
26/10/05 19:57:43 INFO ExternalAppendOnlyUnsafeRowArray: Reached spill threshold of 4096 rows, switching to org.apache.spark.util.collection.unsafe.sort.UnsafeExternalSorter
26/10/05 19:57:43 INFO ExternalAppendOnlyUnsafeRowArray: Reached spill threshold of 4096 rows, switching to org.apache.spark.util.collection.unsafe.sort.UnsafeExternalSorter
26/10/05 19:57:43 INFO ExternalAppendOnlyUnsafeRowArray: Reached spill threshold of 4096 rows, switching to org.apache.spark.util.collection.unsafe.sort.UnsafeExternalSorter
26/10/05 19:57:43 INFO ExternalAppendOnlyUnsafeRowArray: Reached spill threshold of 4096 rows, switching to org.apache.spark.util.collection.unsafe.sort.UnsafeExternalSorter
26/10/05 19:57:44 INFO ExternalAppendOnlyUnsafeRowArray: Reached spill threshold of 4096 rows, switching to org.apache.spark.util.collection.unsafe.sort.UnsafeExternalSorter
26/10/05 19:57:44 INFO ExternalAppendOnlyUnsafeRowArray: Reached spill threshold of 4096 rows, switching to org.apache.spark.util.collection.unsafe.sort.UnsafeExternalSorter
26/10/05 19:57:44 INFO ExternalAppendOnlyUnsafeRowArray: Reached spill threshold of 4096 rows, switching to org.apache.spark.util.collection.unsafe.sort.UnsafeExternalSorter
26/10/05 19:57:44 INFO ExternalAppendOnlyUnsafeRowArray: Reached spill threshold of 4096 rows, switching to org.apache.spark.util.collection.unsafe.sort.UnsafeExternalSorter
26/10/05 19:57:44 INFO ExternalAppendOnlyUnsafeRowArray: Reached spill threshold of 4096 rows, switching to org.apache.spark.util.collection.unsafe.sort.UnsafeExternalSorter
26/10/05 19:57:44 INFO ExternalAppendOnlyUnsafeRowArray: Reached spill threshold of 4096 rows, switching to org.apache.spark.util.collection.unsafe.sort.UnsafeExternalSorter
26/10/05 19:57:44 INFO ExternalAppendOnlyUnsafeRowArray: Reached spill threshold of 4096 rows, switching to org.apache.spark.util.collection.unsafe.sort.UnsafeExternalSorter
26/10/05 19:57:44 INFO ExternalAppendOnlyUnsafeRowArray: Reached spill threshold of 4096 rows, switching to org.apache.spark.util.collection.unsafe.sort.UnsafeExternalSorter
26/10/05 19:57:44 INFO ExternalAppendOnlyUnsafeRowArray: Reached spill threshold of 4096 rows, switching to org.apache.spark.util.collection.unsafe.sort.UnsafeExternalSorter
26/10/05 19:57:44 INFO ExternalAppendOnlyUnsafeRowArray: Reached spill threshold of 4096 rows, switching to org.apache.spark.util.collection.unsafe.sort.UnsafeExternalSorter
26/10/05 19:57:44 INFO ExternalAppendOnlyUnsafeRowArray: Reached spill threshold of 4096 rows, switching to org.apache.spark.util.collection.unsafe.sort.UnsafeExternalSorter
26/10/05 19:57:44 INFO ExternalAppendOnlyUnsafeRowArray: Reached spill threshold of 4096 rows, switching to org.apache.spark.util.collection.unsafe.sort.UnsafeExternalSorter
26/10/05 19:57:44 INFO ExternalAppendOnlyUnsafeRowArray: Reached spill threshold of 4096 rows, switching to org.apache.spark.util.collection.unsafe.sort.UnsafeExternalSorter
26/10/05 19:57:44 INFO ExternalAppendOnlyUnsafeRowArray: Reached spill threshold of 4096 rows, switching to org.apache.spark.util.collection.unsafe.sort.UnsafeExternalSorter
26/10/05 19:57:44 INFO ExternalAppendOnlyUnsafeRowArray: Reached spill threshold of 4096 rows, switching to org.apache.spark.util.collection.unsafe.sort.UnsafeExternalSorter
26/10/05 19:57:44 INFO ExternalAppendOnlyUnsafeRowArray: Reached spill threshold of 4096 rows, switching to org.apache.spark.util.collection.unsafe.sort.UnsafeExternalSorter
26/10/05 19:57:44 INFO ExternalAppendOnlyUnsafeRowArray: Reached spill threshold of 4096 rows, switching to org.apache.spark.util.collection.unsafe.sort.UnsafeExternalSorter
26/10/05 19:57:44 INFO ExternalAppendOnlyUnsafeRowArray: Reached spill threshold of 4096 rows, switching to org.apache.spark.util.collection.unsafe.sort.UnsafeExternalSorter
26/10/05 19:57:44 INFO ExternalAppendOnlyUnsafeRowArray: Reached spill threshold of 4096 rows, switching to org.apache.spark.util.collection.unsafe.sort.UnsafeExternalSorter
26/10/05 19:57:44 INFO ExternalAppendOnlyUnsafeRowArray: Reached spill threshold of 4096 rows, switching to org.apache.spark.util.collection.unsafe.sort.UnsafeExternalSorter
26/10/05 19:57:44 INFO ExternalAppendOnlyUnsafeRowArray: Reached spill threshold of 4096 rows, switching to org.apache.spark.util.collection.unsafe.sort.UnsafeExternalSorter
26/10/05 19:57:44 INFO ExternalAppendOnlyUnsafeRowArray: Reached spill threshold of 4096 rows, switching to org.apache.spark.util.collection.unsafe.sort.UnsafeExternalSorter
26/10/05 19:57:44 INFO ExternalAppendOnlyUnsafeRowArray: Reached spill threshold of 4096 rows, switching to org.apache.spark.util.collection.unsafe.sort.UnsafeExternalSorter
26/10/05 19:57:44 INFO ExternalAppendOnlyUnsafeRowArray: Reached spill threshold of 4096 rows, switching to org.apache.spark.util.collection.unsafe.sort.UnsafeExternalSorter
26/10/05 19:57:44 INFO ExternalAppendOnlyUnsafeRowArray: Reached spill threshold of 4096 rows, switching to org.apache.spark.util.collection.unsafe.sort.UnsafeExternalSorter
26/10/05 19:57:44 INFO ExternalAppendOnlyUnsafeRowArray: Reached spill threshold of 4096 rows, switching to org.apache.spark.util.collection.unsafe.sort.UnsafeExternalSorter
26/10/05 19:57:44 INFO ExternalAppendOnlyUnsafeRowArray: Reached spill threshold of 4096 rows, switching to org.apache.spark.util.collection.unsafe.sort.UnsafeExternalSorter
26/10/05 19:57:44 INFO ExternalAppendOnlyUnsafeRowArray: Reached spill threshold of 4096 rows, switching to org.apache.spark.util.collection.unsafe.sort.UnsafeExternalSorter
26/10/05 19:57:44 INFO ExternalAppendOnlyUnsafeRowArray: Reached spill threshold of 4096 rows, switching to org.apache.spark.util.collection.unsafe.sort.UnsafeExternalSorter
26/10/05 19:57:44 INFO ExternalAppendOnlyUnsafeRowArray: Reached spill threshold of 4096 rows, switching to org.apache.spark.util.collection.unsafe.sort.UnsafeExternalSorter
26/10/05 19:57:44 INFO ExternalAppendOnlyUnsafeRowArray: Reached spill threshold of 4096 rows, switching to org.apache.spark.util.collection.unsafe.sort.UnsafeExternalSorter
26/10/05 19:57:44 INFO ExternalAppendOnlyUnsafeRowArray: Reached spill threshold of 4096 rows, switching to org.apache.spark.util.collection.unsafe.sort.UnsafeExternalSorter
26/10/05 19:57:44 INFO ExternalAppendOnlyUnsafeRowArray: Reached spill threshold of 4096 rows, switching to org.apache.spark.util.collection.unsafe.sort.UnsafeExternalSorter
26/10/05 19:57:44 INFO ExternalAppendOnlyUnsafeRowArray: Reached spill threshold of 4096 rows, switching to org.apache.spark.util.collection.unsafe.sort.UnsafeExternalSorter
26/10/05 19:57:44 INFO ExternalAppendOnlyUnsafeRowArray: Reached spill threshold of 4096 rows, switching to org.apache.spark.util.collection.unsafe.sort.UnsafeExternalSorter
26/10/05 19:57:44 INFO ExternalAppendOnlyUnsafeRowArray: Reached spill threshold of 4096 rows, switching to org.apache.spark.util.collection.unsafe.sort.UnsafeExternalSorter
26/10/05 19:57:44 INFO ExternalAppendOnlyUnsafeRowArray: Reached spill threshold of 4096 rows, switching to org.apache.spark.util.collection.unsafe.sort.UnsafeExternalSorter
26/10/05 19:57:44 INFO ExternalAppendOnlyUnsafeRowArray: Reached spill threshold of 4096 rows, switching to org.apache.spark.util.collection.unsafe.sort.UnsafeExternalSorter
26/10/05 19:57:44 INFO ExternalAppendOnlyUnsafeRowArray: Reached spill threshold of 4096 rows, switching to org.apache.spark.util.collection.unsafe.sort.UnsafeExternalSorter
26/10/05 19:57:44 INFO ExternalAppendOnlyUnsafeRowArray: Reached spill threshold of 4096 rows, switching to org.apache.spark.util.collection.unsafe.sort.UnsafeExternalSorter
26/10/05 19:57:44 INFO ExternalAppendOnlyUnsafeRowArray: Reached spill threshold of 4096 rows, switching to org.apache.spark.util.collection.unsafe.sort.UnsafeExternalSorter
26/10/05 19:57:44 INFO ExternalAppendOnlyUnsafeRowArray: Reached spill threshold of 4096 rows, switching to org.apache.spark.util.collection.unsafe.sort.UnsafeExternalSorter
26/10/05 19:57:44 INFO ExternalAppendOnlyUnsafeRowArray: Reached spill threshold of 4096 rows, switching to org.apache.spark.util.collection.unsafe.sort.UnsafeExternalSorter
26/10/05 19:57:44 INFO ExternalAppendOnlyUnsafeRowArray: Reached spill threshold of 4096 rows, switching to org.apache.spark.util.collection.unsafe.sort.UnsafeExternalSorter
26/10/05 19:57:44 INFO ExternalAppendOnlyUnsafeRowArray: Reached spill threshold of 4096 rows, switching to org.apache.spark.util.collection.unsafe.sort.UnsafeExternalSorter
26/10/05 19:57:44 INFO ExternalAppendOnlyUnsafeRowArray: Reached spill threshold of 4096 rows, switching to org.apache.spark.util.collection.unsafe.sort.UnsafeExternalSorter
26/10/05 19:57:44 INFO ExternalAppendOnlyUnsafeRowArray: Reached spill threshold of 4096 rows, switching to org.apache.spark.util.collection.unsafe.sort.UnsafeExternalSorter
26/10/05 19:57:44 INFO ExternalAppendOnlyUnsafeRowArray: Reached spill threshold of 4096 rows, switching to org.apache.spark.util.collection.unsafe.sort.UnsafeExternalSorter
26/10/05 19:57:44 INFO ExternalAppendOnlyUnsafeRowArray: Reached spill threshold of 4096 rows, switching to org.apache.spark.util.collection.unsafe.sort.UnsafeExternalSorter
26/10/05 19:57:44 INFO ExternalAppendOnlyUnsafeRowArray: Reached spill threshold of 4096 rows, switching to org.apache.spark.util.collection.unsafe.sort.UnsafeExternalSorter
26/10/05 19:57:44 INFO ExternalAppendOnlyUnsafeRowArray: Reached spill threshold of 4096 rows, switching to org.apache.spark.util.collection.unsafe.sort.UnsafeExternalSorter
26/10/05 19:57:44 INFO ExternalAppendOnlyUnsafeRowArray: Reached spill threshold of 4096 rows, switching to org.apache.spark.util.collection.unsafe.sort.UnsafeExternalSorter
26/10/05 19:57:44 INFO ExternalAppendOnlyUnsafeRowArray: Reached spill threshold of 4096 rows, switching to org.apache.spark.util.collection.unsafe.sort.UnsafeExternalSorter
26/10/05 19:57:44 INFO ExternalAppendOnlyUnsafeRowArray: Reached spill threshold of 4096 rows, switching to org.apache.spark.util.collection.unsafe.sort.UnsafeExternalSorter
26/10/05 19:57:44 INFO ExternalAppendOnlyUnsafeRowArray: Reached spill threshold of 4096 rows, switching to org.apache.spark.util.collection.unsafe.sort.UnsafeExternalSorter
26/10/05 19:57:44 INFO ExternalAppendOnlyUnsafeRowArray: Reached spill threshold of 4096 rows, switching to org.apache.spark.util.collection.unsafe.sort.UnsafeExternalSorter
26/10/05 19:57:44 INFO ExternalAppendOnlyUnsafeRowArray: Reached spill threshold of 4096 rows, switching to org.apache.spark.util.collection.unsafe.sort.UnsafeExternalSorter
26/10/05 19:57:44 INFO ExternalAppendOnlyUnsafeRowArray: Reached spill threshold of 4096 rows, switching to org.apache.spark.util.collection.unsafe.sort.UnsafeExternalSorter
26/10/05 19:57:44 INFO ExternalAppendOnlyUnsafeRowArray: Reached spill threshold of 4096 rows, switching to org.apache.spark.util.collection.unsafe.sort.UnsafeExternalSorter
26/10/05 19:57:44 INFO ExternalAppendOnlyUnsafeRowArray: Reached spill threshold of 4096 rows, switching to org.apache.spark.util.collection.unsafe.sort.UnsafeExternalSorter
26/10/05 19:57:44 INFO ExternalAppendOnlyUnsafeRowArray: Reached spill threshold of 4096 rows, switching to org.apache.spark.util.collection.unsafe.sort.UnsafeExternalSorter
26/10/05 19:57:44 INFO ExternalAppendOnlyUnsafeRowArray: Reached spill threshold of 4096 rows, switching to org.apache.spark.util.collection.unsafe.sort.UnsafeExternalSorter
26/10/05 19:57:44 INFO ExternalAppendOnlyUnsafeRowArray: Reached spill threshold of 4096 rows, switching to org.apache.spark.util.collection.unsafe.sort.UnsafeExternalSorter
26/10/05 19:57:44 INFO ExternalAppendOnlyUnsafeRowArray: Reached spill threshold of 4096 rows, switching to org.apache.spark.util.collection.unsafe.sort.UnsafeExternalSorter
26/10/05 19:57:44 INFO ExternalAppendOnlyUnsafeRowArray: Reached spill threshold of 4096 rows, switching to org.apache.spark.util.collection.unsafe.sort.UnsafeExternalSorter
26/10/05 19:57:44 INFO ExternalAppendOnlyUnsafeRowArray: Reached spill threshold of 4096 rows, switching to org.apache.spark.util.collection.unsafe.sort.UnsafeExternalSorter
26/10/05 19:57:44 INFO ExternalAppendOnlyUnsafeRowArray: Reached spill threshold of 4096 rows, switching to org.apache.spark.util.collection.unsafe.sort.UnsafeExternalSorter
26/10/05 19:57:44 INFO ExternalAppendOnlyUnsafeRowArray: Reached spill threshold of 4096 rows, switching to org.apache.spark.util.collection.unsafe.sort.UnsafeExternalSorter
26/10/05 19:57:44 INFO ExternalAppendOnlyUnsafeRowArray: Reached spill threshold of 4096 rows, switching to org.apache.spark.util.collection.unsafe.sort.UnsafeExternalSorter
26/10/05 19:57:44 INFO ExternalAppendOnlyUnsafeRowArray: Reached spill threshold of 4096 rows, switching to org.apache.spark.util.collection.unsafe.sort.UnsafeExternalSorter
26/10/05 19:57:44 INFO ExternalAppendOnlyUnsafeRowArray: Reached spill threshold of 4096 rows, switching to org.apache.spark.util.collection.unsafe.sort.UnsafeExternalSorter
26/10/05 19:57:44 INFO ExternalAppendOnlyUnsafeRowArray: Reached spill threshold of 4096 rows, switching to org.apache.spark.util.collection.unsafe.sort.UnsafeExternalSorter
26/10/05 19:57:44 INFO ExternalAppendOnlyUnsafeRowArray: Reached spill threshold of 4096 rows, switching to org.apache.spark.util.collection.unsafe.sort.UnsafeExternalSorter
26/10/05 19:57:44 INFO ExternalAppendOnlyUnsafeRowArray: Reached spill threshold of 4096 rows, switching to org.apache.spark.util.collection.unsafe.sort.UnsafeExternalSorter
26/10/05 19:57:44 INFO ExternalAppendOnlyUnsafeRowArray: Reached spill threshold of 4096 rows, switching to org.apache.spark.util.collection.unsafe.sort.UnsafeExternalSorter
26/10/05 19:57:44 INFO ExternalAppendOnlyUnsafeRowArray: Reached spill threshold of 4096 rows, switching to org.apache.spark.util.collection.unsafe.sort.UnsafeExternalSorter
26/10/05 19:57:44 INFO ExternalAppendOnlyUnsafeRowArray: Reached spill threshold of 4096 rows, switching to org.apache.spark.util.collection.unsafe.sort.UnsafeExternalSorter
26/10/05 19:57:44 INFO ExternalAppendOnlyUnsafeRowArray: Reached spill threshold of 4096 rows, switching to org.apache.spark.util.collection.unsafe.sort.UnsafeExternalSorter
26/10/05 19:57:44 INFO ExternalAppendOnlyUnsafeRowArray: Reached spill threshold of 4096 rows, switching to org.apache.spark.util.collection.unsafe.sort.UnsafeExternalSorter
26/10/05 19:57:44 INFO ExternalAppendOnlyUnsafeRowArray: Reached spill threshold of 4096 rows, switching to org.apache.spark.util.collection.unsafe.sort.UnsafeExternalSorter
26/10/05 19:57:44 INFO ExternalAppendOnlyUnsafeRowArray: Reached spill threshold of 4096 rows, switching to org.apache.spark.util.collection.unsafe.sort.UnsafeExternalSorter
26/10/05 19:57:44 INFO ExternalAppendOnlyUnsafeRowArray: Reached spill threshold of 4096 rows, switching to org.apache.spark.util.collection.unsafe.sort.UnsafeExternalSorter
26/10/05 19:57:44 INFO ExternalAppendOnlyUnsafeRowArray: Reached spill threshold of 4096 rows, switching to org.apache.spark.util.collection.unsafe.sort.UnsafeExternalSorter
26/10/05 19:57:44 INFO ExternalAppendOnlyUnsafeRowArray: Reached spill threshold of 4096 rows, switching to org.apache.spark.util.collection.unsafe.sort.UnsafeExternalSorter
26/10/05 19:57:44 INFO ExternalAppendOnlyUnsafeRowArray: Reached spill threshold of 4096 rows, switching to org.apache.spark.util.collection.unsafe.sort.UnsafeExternalSorter
26/10/05 19:57:44 INFO ExternalAppendOnlyUnsafeRowArray: Reached spill threshold of 4096 rows, switching to org.apache.spark.util.collection.unsafe.sort.UnsafeExternalSorter
26/10/05 19:57:44 INFO ExternalAppendOnlyUnsafeRowArray: Reached spill threshold of 4096 rows, switching to org.apache.spark.util.collection.unsafe.sort.UnsafeExternalSorter
26/10/05 19:57:44 INFO ExternalAppendOnlyUnsafeRowArray: Reached spill threshold of 4096 rows, switching to org.apache.spark.util.collection.unsafe.sort.UnsafeExternalSorter
26/10/05 19:57:44 INFO ExternalAppendOnlyUnsafeRowArray: Reached spill threshold of 4096 rows, switching to org.apache.spark.util.collection.unsafe.sort.UnsafeExternalSorter
26/10/05 19:57:44 INFO ExternalAppendOnlyUnsafeRowArray: Reached spill threshold of 4096 rows, switching to org.apache.spark.util.collection.unsafe.sort.UnsafeExternalSorter
26/10/05 19:57:44 INFO ExternalAppendOnlyUnsafeRowArray: Reached spill threshold of 4096 rows, switching to org.apache.spark.util.collection.unsafe.sort.UnsafeExternalSorter
26/10/05 19:57:44 INFO ExternalAppendOnlyUnsafeRowArray: Reached spill threshold of 4096 rows, switching to org.apache.spark.util.collection.unsafe.sort.UnsafeExternalSorter
26/10/05 19:57:44 INFO ExternalAppendOnlyUnsafeRowArray: Reached spill threshold of 4096 rows, switching to org.apache.spark.util.collection.unsafe.sort.UnsafeExternalSorter
26/10/05 19:57:44 INFO ExternalAppendOnlyUnsafeRowArray: Reached spill threshold of 4096 rows, switching to org.apache.spark.util.collection.unsafe.sort.UnsafeExternalSorter
26/10/05 19:57:44 INFO ExternalAppendOnlyUnsafeRowArray: Reached spill threshold of 4096 rows, switching to org.apache.spark.util.collection.unsafe.sort.UnsafeExternalSorter
26/10/05 19:57:44 INFO ExternalAppendOnlyUnsafeRowArray: Reached spill threshold of 4096 rows, switching to org.apache.spark.util.collection.unsafe.sort.UnsafeExternalSorter
26/10/05 19:57:44 INFO ExternalAppendOnlyUnsafeRowArray: Reached spill threshold of 4096 rows, switching to org.apache.spark.util.collection.unsafe.sort.UnsafeExternalSorter
26/10/05 19:57:45 INFO ExternalAppendOnlyUnsafeRowArray: Reached spill threshold of 4096 rows, switching to org.apache.spark.util.collection.unsafe.sort.UnsafeExternalSorter
26/10/05 19:57:45 INFO ExternalAppendOnlyUnsafeRowArray: Reached spill threshold of 4096 rows, switching to org.apache.spark.util.collection.unsafe.sort.UnsafeExternalSorter
26/10/05 19:57:45 INFO ExternalAppendOnlyUnsafeRowArray: Reached spill threshold of 4096 rows, switching to org.apache.spark.util.collection.unsafe.sort.UnsafeExternalSorter
26/10/05 19:57:45 INFO ExternalAppendOnlyUnsafeRowArray: Reached spill threshold of 4096 rows, switching to org.apache.spark.util.collection.unsafe.sort.UnsafeExternalSorter
26/10/05 19:57:45 INFO ExternalAppendOnlyUnsafeRowArray: Reached spill threshold of 4096 rows, switching to org.apache.spark.util.collection.unsafe.sort.UnsafeExternalSorter
26/10/05 19:57:45 INFO ExternalAppendOnlyUnsafeRowArray: Reached spill threshold of 4096 rows, switching to org.apache.spark.util.collection.unsafe.sort.UnsafeExternalSorter
26/10/05 19:57:45 INFO ExternalAppendOnlyUnsafeRowArray: Reached spill threshold of 4096 rows, switching to org.apache.spark.util.collection.unsafe.sort.UnsafeExternalSorter
26/10/05 19:57:45 INFO ExternalAppendOnlyUnsafeRowArray: Reached spill threshold of 4096 rows, switching to org.apache.spark.util.collection.unsafe.sort.UnsafeExternalSorter
26/10/05 19:57:45 INFO ExternalAppendOnlyUnsafeRowArray: Reached spill threshold of 4096 rows, switching to org.apache.spark.util.collection.unsafe.sort.UnsafeExternalSorter
26/10/05 19:57:45 INFO ExternalAppendOnlyUnsafeRowArray: Reached spill threshold of 4096 rows, switching to org.apache.spark.util.collection.unsafe.sort.UnsafeExternalSorter
26/10/05 19:57:45 INFO ExternalAppendOnlyUnsafeRowArray: Reached spill threshold of 4096 rows, switching to org.apache.spark.util.collection.unsafe.sort.UnsafeExternalSorter
26/10/05 19:57:45 INFO ExternalAppendOnlyUnsafeRowArray: Reached spill threshold of 4096 rows, switching to org.apache.spark.util.collection.unsafe.sort.UnsafeExternalSorter
26/10/05 19:57:45 INFO ExternalAppendOnlyUnsafeRowArray: Reached spill threshold of 4096 rows, switching to org.apache.spark.util.collection.unsafe.sort.UnsafeExternalSorter
26/10/05 19:57:45 INFO ExternalAppendOnlyUnsafeRowArray: Reached spill threshold of 4096 rows, switching to org.apache.spark.util.collection.unsafe.sort.UnsafeExternalSorter
26/10/05 19:57:45 INFO ExternalAppendOnlyUnsafeRowArray: Reached spill threshold of 4096 rows, switching to org.apache.spark.util.collection.unsafe.sort.UnsafeExternalSorter
26/10/05 19:57:45 INFO ExternalAppendOnlyUnsafeRowArray: Reached spill threshold of 4096 rows, switching to org.apache.spark.util.collection.unsafe.sort.UnsafeExternalSorter
26/10/05 19:57:45 INFO ExternalAppendOnlyUnsafeRowArray: Reached spill threshold of 4096 rows, switching to org.apache.spark.util.collection.unsafe.sort.UnsafeExternalSorter
26/10/05 19:57:45 INFO ExternalAppendOnlyUnsafeRowArray: Reached spill threshold of 4096 rows, switching to org.apache.spark.util.collection.unsafe.sort.UnsafeExternalSorter
26/10/05 19:57:45 INFO ExternalAppendOnlyUnsafeRowArray: Reached spill threshold of 4096 rows, switching to org.apache.spark.util.collection.unsafe.sort.UnsafeExternalSorter
26/10/05 19:57:45 INFO ExternalAppendOnlyUnsafeRowArray: Reached spill threshold of 4096 rows, switching to org.apache.spark.util.collection.unsafe.sort.UnsafeExternalSorter
26/10/05 19:57:45 INFO ExternalAppendOnlyUnsafeRowArray: Reached spill threshold of 4096 rows, switching to org.apache.spark.util.collection.unsafe.sort.UnsafeExternalSorter
26/10/05 19:57:45 INFO ExternalAppendOnlyUnsafeRowArray: Reached spill threshold of 4096 rows, switching to org.apache.spark.util.collection.unsafe.sort.UnsafeExternalSorter
26/10/05 19:57:45 INFO ExternalAppendOnlyUnsafeRowArray: Reached spill threshold of 4096 rows, switching to org.apache.spark.util.collection.unsafe.sort.UnsafeExternalSorter
26/10/05 19:57:45 INFO ExternalAppendOnlyUnsafeRowArray: Reached spill threshold of 4096 rows, switching to org.apache.spark.util.collection.unsafe.sort.UnsafeExternalSorter
26/10/05 19:57:45 INFO ExternalAppendOnlyUnsafeRowArray: Reached spill threshold of 4096 rows, switching to org.apache.spark.util.collection.unsafe.sort.UnsafeExternalSorter
26/10/05 19:57:45 INFO ExternalAppendOnlyUnsafeRowArray: Reached spill threshold of 4096 rows, switching to org.apache.spark.util.collection.unsafe.sort.UnsafeExternalSorter
26/10/05 19:57:45 INFO ExternalAppendOnlyUnsafeRowArray: Reached spill threshold of 4096 rows, switching to org.apache.spark.util.collection.unsafe.sort.UnsafeExternalSorter
26/10/05 19:57:45 INFO ExternalAppendOnlyUnsafeRowArray: Reached spill threshold of 4096 rows, switching to org.apache.spark.util.collection.unsafe.sort.UnsafeExternalSorter
26/10/05 19:57:45 INFO ExternalAppendOnlyUnsafeRowArray: Reached spill threshold of 4096 rows, switching to org.apache.spark.util.collection.unsafe.sort.UnsafeExternalSorter
26/10/05 19:57:45 INFO ExternalAppendOnlyUnsafeRowArray: Reached spill threshold of 4096 rows, switching to org.apache.spark.util.collection.unsafe.sort.UnsafeExternalSorter
26/10/05 19:57:45 INFO ExternalAppendOnlyUnsafeRowArray: Reached spill threshold of 4096 rows, switching to org.apache.spark.util.collection.unsafe.sort.UnsafeExternalSorter
26/10/05 19:57:45 INFO ExternalAppendOnlyUnsafeRowArray: Reached spill threshold of 4096 rows, switching to org.apache.spark.util.collection.unsafe.sort.UnsafeExternalSorter
26/10/05 19:57:45 INFO ExternalAppendOnlyUnsafeRowArray: Reached spill threshold of 4096 rows, switching to org.apache.spark.util.collection.unsafe.sort.UnsafeExternalSorter
26/10/05 19:57:45 INFO ExternalAppendOnlyUnsafeRowArray: Reached spill threshold of 4096 rows, switching to org.apache.spark.util.collection.unsafe.sort.UnsafeExternalSorter
26/10/05 19:57:45 INFO ExternalAppendOnlyUnsafeRowArray: Reached spill threshold of 4096 rows, switching to org.apache.spark.util.collection.unsafe.sort.UnsafeExternalSorter
26/10/05 19:57:45 INFO ExternalAppendOnlyUnsafeRowArray: Reached spill threshold of 4096 rows, switching to org.apache.spark.util.collection.unsafe.sort.UnsafeExternalSorter
26/10/05 19:57:45 INFO ExternalAppendOnlyUnsafeRowArray: Reached spill threshold of 4096 rows, switching to org.apache.spark.util.collection.unsafe.sort.UnsafeExternalSorter
26/10/05 19:57:45 INFO ExternalAppendOnlyUnsafeRowArray: Reached spill threshold of 4096 rows, switching to org.apache.spark.util.collection.unsafe.sort.UnsafeExternalSorter
26/10/05 19:57:45 INFO ExternalAppendOnlyUnsafeRowArray: Reached spill threshold of 4096 rows, switching to org.apache.spark.util.collection.unsafe.sort.UnsafeExternalSorter
26/10/05 19:57:45 INFO ExternalAppendOnlyUnsafeRowArray: Reached spill threshold of 4096 rows, switching to org.apache.spark.util.collection.unsafe.sort.UnsafeExternalSorter
26/10/05 19:57:45 INFO ExternalAppendOnlyUnsafeRowArray: Reached spill threshold of 4096 rows, switching to org.apache.spark.util.collection.unsafe.sort.UnsafeExternalSorter
26/10/05 19:57:45 INFO ExternalAppendOnlyUnsafeRowArray: Reached spill threshold of 4096 rows, switching to org.apache.spark.util.collection.unsafe.sort.UnsafeExternalSorter
26/10/05 19:57:45 INFO ExternalAppendOnlyUnsafeRowArray: Reached spill threshold of 4096 rows, switching to org.apache.spark.util.collection.unsafe.sort.UnsafeExternalSorter
26/10/05 19:57:45 INFO ExternalAppendOnlyUnsafeRowArray: Reached spill threshold of 4096 rows, switching to org.apache.spark.util.collection.unsafe.sort.UnsafeExternalSorter
26/10/05 19:57:45 INFO ExternalAppendOnlyUnsafeRowArray: Reached spill threshold of 4096 rows, switching to org.apache.spark.util.collection.unsafe.sort.UnsafeExternalSorter
26/10/05 19:57:45 INFO ExternalAppendOnlyUnsafeRowArray: Reached spill threshold of 4096 rows, switching to org.apache.spark.util.collection.unsafe.sort.UnsafeExternalSorter
26/10/05 19:57:45 INFO ExternalAppendOnlyUnsafeRowArray: Reached spill threshold of 4096 rows, switching to org.apache.spark.util.collection.unsafe.sort.UnsafeExternalSorter
26/10/05 19:57:45 INFO ExternalAppendOnlyUnsafeRowArray: Reached spill threshold of 4096 rows, switching to org.apache.spark.util.collection.unsafe.sort.UnsafeExternalSorter
26/10/05 19:57:45 INFO ExternalAppendOnlyUnsafeRowArray: Reached spill threshold of 4096 rows, switching to org.apache.spark.util.collection.unsafe.sort.UnsafeExternalSorter
26/10/05 19:57:45 INFO ExternalAppendOnlyUnsafeRowArray: Reached spill threshold of 4096 rows, switching to org.apache.spark.util.collection.unsafe.sort.UnsafeExternalSorter
26/10/05 19:57:45 INFO ExternalAppendOnlyUnsafeRowArray: Reached spill threshold of 4096 rows, switching to org.apache.spark.util.collection.unsafe.sort.UnsafeExternalSorter
26/10/05 19:57:45 INFO ExternalAppendOnlyUnsafeRowArray: Reached spill threshold of 4096 rows, switching to org.apache.spark.util.collection.unsafe.sort.UnsafeExternalSorter
26/10/05 19:57:45 INFO ExternalAppendOnlyUnsafeRowArray: Reached spill threshold of 4096 rows, switching to org.apache.spark.util.collection.unsafe.sort.UnsafeExternalSorter
26/10/05 19:57:45 INFO ExternalAppendOnlyUnsafeRowArray: Reached spill threshold of 4096 rows, switching to org.apache.spark.util.collection.unsafe.sort.UnsafeExternalSorter
26/10/05 19:57:45 INFO ExternalAppendOnlyUnsafeRowArray: Reached spill threshold of 4096 rows, switching to org.apache.spark.util.collection.unsafe.sort.UnsafeExternalSorter
26/10/05 19:57:45 INFO ExternalAppendOnlyUnsafeRowArray: Reached spill threshold of 4096 rows, switching to org.apache.spark.util.collection.unsafe.sort.UnsafeExternalSorter
26/10/05 19:57:45 INFO ExternalAppendOnlyUnsafeRowArray: Reached spill threshold of 4096 rows, switching to org.apache.spark.util.collection.unsafe.sort.UnsafeExternalSorter
26/10/05 19:57:46 INFO ExternalAppendOnlyUnsafeRowArray: Reached spill threshold of 4096 rows, switching to org.apache.spark.util.collection.unsafe.sort.UnsafeExternalSorter
26/10/05 19:57:46 INFO ExternalAppendOnlyUnsafeRowArray: Reached spill threshold of 4096 rows, switching to org.apache.spark.util.collection.unsafe.sort.UnsafeExternalSorter
26/10/05 19:57:46 INFO ExternalAppendOnlyUnsafeRowArray: Reached spill threshold of 4096 rows, switching to org.apache.spark.util.collection.unsafe.sort.UnsafeExternalSorter
26/10/05 19:57:46 INFO ExternalAppendOnlyUnsafeRowArray: Reached spill threshold of 4096 rows, switching to org.apache.spark.util.collection.unsafe.sort.UnsafeExternalSorter
26/10/05 19:57:46 INFO ExternalAppendOnlyUnsafeRowArray: Reached spill threshold of 4096 rows, switching to org.apache.spark.util.collection.unsafe.sort.UnsafeExternalSorter
26/10/05 19:57:46 INFO ExternalAppendOnlyUnsafeRowArray: Reached spill threshold of 4096 rows, switching to org.apache.spark.util.collection.unsafe.sort.UnsafeExternalSorter
26/10/05 19:57:46 INFO ExternalAppendOnlyUnsafeRowArray: Reached spill threshold of 4096 rows, switching to org.apache.spark.util.collection.unsafe.sort.UnsafeExternalSorter
26/10/05 19:57:46 INFO ExternalAppendOnlyUnsafeRowArray: Reached spill threshold of 4096 rows, switching to org.apache.spark.util.collection.unsafe.sort.UnsafeExternalSorter
26/10/05 19:57:46 INFO ExternalAppendOnlyUnsafeRowArray: Reached spill threshold of 4096 rows, switching to org.apache.spark.util.collection.unsafe.sort.UnsafeExternalSorter
26/10/05 19:57:46 INFO ExternalAppendOnlyUnsafeRowArray: Reached spill threshold of 4096 rows, switching to org.apache.spark.util.collection.unsafe.sort.UnsafeExternalSorter
26/10/05 19:57:46 INFO ExternalAppendOnlyUnsafeRowArray: Reached spill threshold of 4096 rows, switching to org.apache.spark.util.collection.unsafe.sort.UnsafeExternalSorter
26/10/05 19:57:46 INFO ExternalAppendOnlyUnsafeRowArray: Reached spill threshold of 4096 rows, switching to org.apache.spark.util.collection.unsafe.sort.UnsafeExternalSorter
26/10/05 19:57:46 INFO ExternalAppendOnlyUnsafeRowArray: Reached spill threshold of 4096 rows, switching to org.apache.spark.util.collection.unsafe.sort.UnsafeExternalSorter
26/10/05 19:57:46 INFO ExternalAppendOnlyUnsafeRowArray: Reached spill threshold of 4096 rows, switching to org.apache.spark.util.collection.unsafe.sort.UnsafeExternalSorter
26/10/05 19:57:46 INFO ExternalAppendOnlyUnsafeRowArray: Reached spill threshold of 4096 rows, switching to org.apache.spark.util.collection.unsafe.sort.UnsafeExternalSorter
26/10/05 19:57:46 INFO ExternalAppendOnlyUnsafeRowArray: Reached spill threshold of 4096 rows, switching to org.apache.spark.util.collection.unsafe.sort.UnsafeExternalSorter
26/10/05 19:57:46 INFO ExternalAppendOnlyUnsafeRowArray: Reached spill threshold of 4096 rows, switching to org.apache.spark.util.collection.unsafe.sort.UnsafeExternalSorter
26/10/05 19:57:46 INFO ExternalAppendOnlyUnsafeRowArray: Reached spill threshold of 4096 rows, switching to org.apache.spark.util.collection.unsafe.sort.UnsafeExternalSorter
26/10/05 19:57:46 INFO ExternalAppendOnlyUnsafeRowArray: Reached spill threshold of 4096 rows, switching to org.apache.spark.util.collection.unsafe.sort.UnsafeExternalSorter
26/10/05 19:57:46 INFO ExternalAppendOnlyUnsafeRowArray: Reached spill threshold of 4096 rows, switching to org.apache.spark.util.collection.unsafe.sort.UnsafeExternalSorter
26/10/05 19:57:46 INFO ExternalAppendOnlyUnsafeRowArray: Reached spill threshold of 4096 rows, switching to org.apache.spark.util.collection.unsafe.sort.UnsafeExternalSorter
26/10/05 19:57:46 INFO ExternalAppendOnlyUnsafeRowArray: Reached spill threshold of 4096 rows, switching to org.apache.spark.util.collection.unsafe.sort.UnsafeExternalSorter
26/10/05 19:57:46 INFO ExternalAppendOnlyUnsafeRowArray: Reached spill threshold of 4096 rows, switching to org.apache.spark.util.collection.unsafe.sort.UnsafeExternalSorter
26/10/05 19:57:46 INFO ExternalAppendOnlyUnsafeRowArray: Reached spill threshold of 4096 rows, switching to org.apache.spark.util.collection.unsafe.sort.UnsafeExternalSorter
26/10/05 19:57:46 INFO ExternalAppendOnlyUnsafeRowArray: Reached spill threshold of 4096 rows, switching to org.apache.spark.util.collection.unsafe.sort.UnsafeExternalSorter
26/10/05 19:57:46 INFO ExternalAppendOnlyUnsafeRowArray: Reached spill threshold of 4096 rows, switching to org.apache.spark.util.collection.unsafe.sort.UnsafeExternalSorter
26/10/05 19:57:46 INFO ExternalAppendOnlyUnsafeRowArray: Reached spill threshold of 4096 rows, switching to org.apache.spark.util.collection.unsafe.sort.UnsafeExternalSorter
26/10/05 19:57:46 INFO ExternalAppendOnlyUnsafeRowArray: Reached spill threshold of 4096 rows, switching to org.apache.spark.util.collection.unsafe.sort.UnsafeExternalSorter
26/10/05 19:57:46 INFO ExternalAppendOnlyUnsafeRowArray: Reached spill threshold of 4096 rows, switching to org.apache.spark.util.collection.unsafe.sort.UnsafeExternalSorter
26/10/05 19:57:46 INFO ExternalAppendOnlyUnsafeRowArray: Reached spill threshold of 4096 rows, switching to org.apache.spark.util.collection.unsafe.sort.UnsafeExternalSorter
26/10/05 19:57:46 INFO ExternalAppendOnlyUnsafeRowArray: Reached spill threshold of 4096 rows, switching to org.apache.spark.util.collection.unsafe.sort.UnsafeExternalSorter
26/10/05 19:57:46 INFO ExternalAppendOnlyUnsafeRowArray: Reached spill threshold of 4096 rows, switching to org.apache.spark.util.collection.unsafe.sort.UnsafeExternalSorter
26/10/05 19:57:46 INFO ExternalAppendOnlyUnsafeRowArray: Reached spill threshold of 4096 rows, switching to org.apache.spark.util.collection.unsafe.sort.UnsafeExternalSorter
26/10/05 19:57:46 INFO ExternalAppendOnlyUnsafeRowArray: Reached spill threshold of 4096 rows, switching to org.apache.spark.util.collection.unsafe.sort.UnsafeExternalSorter
26/10/05 19:57:46 INFO ExternalAppendOnlyUnsafeRowArray: Reached spill threshold of 4096 rows, switching to org.apache.spark.util.collection.unsafe.sort.UnsafeExternalSorter
26/10/05 19:57:46 INFO ExternalAppendOnlyUnsafeRowArray: Reached spill threshold of 4096 rows, switching to org.apache.spark.util.collection.unsafe.sort.UnsafeExternalSorter
26/10/05 19:57:46 INFO ExternalAppendOnlyUnsafeRowArray: Reached spill threshold of 4096 rows, switching to org.apache.spark.util.collection.unsafe.sort.UnsafeExternalSorter
26/10/05 19:57:46 INFO ExternalAppendOnlyUnsafeRowArray: Reached spill threshold of 4096 rows, switching to org.apache.spark.util.collection.unsafe.sort.UnsafeExternalSorter
26/10/05 19:57:46 INFO ExternalAppendOnlyUnsafeRowArray: Reached spill threshold of 4096 rows, switching to org.apache.spark.util.collection.unsafe.sort.UnsafeExternalSorter
26/10/05 19:57:46 INFO ExternalAppendOnlyUnsafeRowArray: Reached spill threshold of 4096 rows, switching to org.apache.spark.util.collection.unsafe.sort.UnsafeExternalSorter
26/10/05 19:57:46 INFO ExternalAppendOnlyUnsafeRowArray: Reached spill threshold of 4096 rows, switching to org.apache.spark.util.collection.unsafe.sort.UnsafeExternalSorter
26/10/05 19:57:46 INFO ExternalAppendOnlyUnsafeRowArray: Reached spill threshold of 4096 rows, switching to org.apache.spark.util.collection.unsafe.sort.UnsafeExternalSorter
26/10/05 19:57:46 INFO ExternalAppendOnlyUnsafeRowArray: Reached spill threshold of 4096 rows, switching to org.apache.spark.util.collection.unsafe.sort.UnsafeExternalSorter
26/10/05 19:57:46 INFO ExternalAppendOnlyUnsafeRowArray: Reached spill threshold of 4096 rows, switching to org.apache.spark.util.collection.unsafe.sort.UnsafeExternalSorter
26/10/05 19:57:46 INFO ExternalAppendOnlyUnsafeRowArray: Reached spill threshold of 4096 rows, switching to org.apache.spark.util.collection.unsafe.sort.UnsafeExternalSorter
26/10/05 19:57:46 INFO ExternalAppendOnlyUnsafeRowArray: Reached spill threshold of 4096 rows, switching to org.apache.spark.util.collection.unsafe.sort.UnsafeExternalSorter
26/10/05 19:57:46 INFO ExternalAppendOnlyUnsafeRowArray: Reached spill threshold of 4096 rows, switching to org.apache.spark.util.collection.unsafe.sort.UnsafeExternalSorter
26/10/05 19:57:46 INFO ExternalAppendOnlyUnsafeRowArray: Reached spill threshold of 4096 rows, switching to org.apache.spark.util.collection.unsafe.sort.UnsafeExternalSorter
26/10/05 19:57:46 INFO ExternalAppendOnlyUnsafeRowArray: Reached spill threshold of 4096 rows, switching to org.apache.spark.util.collection.unsafe.sort.UnsafeExternalSorter
26/10/05 19:57:46 INFO ExternalAppendOnlyUnsafeRowArray: Reached spill threshold of 4096 rows, switching to org.apache.spark.util.collection.unsafe.sort.UnsafeExternalSorter
26/10/05 19:57:47 INFO ExternalAppendOnlyUnsafeRowArray: Reached spill threshold of 4096 rows, switching to org.apache.spark.util.collection.unsafe.sort.UnsafeExternalSorter
26/10/05 19:57:47 INFO ExternalAppendOnlyUnsafeRowArray: Reached spill threshold of 4096 rows, switching to org.apache.spark.util.collection.unsafe.sort.UnsafeExternalSorter
26/10/05 19:57:47 INFO ExternalAppendOnlyUnsafeRowArray: Reached spill threshold of 4096 rows, switching to org.apache.spark.util.collection.unsafe.sort.UnsafeExternalSorter
26/10/05 19:57:47 INFO ExternalAppendOnlyUnsafeRowArray: Reached spill threshold of 4096 rows, switching to org.apache.spark.util.collection.unsafe.sort.UnsafeExternalSorter
26/10/05 19:57:47 INFO ExternalAppendOnlyUnsafeRowArray: Reached spill threshold of 4096 rows, switching to org.apache.spark.util.collection.unsafe.sort.UnsafeExternalSorter
26/10/05 19:57:47 INFO ExternalAppendOnlyUnsafeRowArray: Reached spill threshold of 4096 rows, switching to org.apache.spark.util.collection.unsafe.sort.UnsafeExternalSorter
26/10/05 19:57:47 INFO ExternalAppendOnlyUnsafeRowArray: Reached spill threshold of 4096 rows, switching to org.apache.spark.util.collection.unsafe.sort.UnsafeExternalSorter
26/10/05 19:57:47 INFO ExternalAppendOnlyUnsafeRowArray: Reached spill threshold of 4096 rows, switching to org.apache.spark.util.collection.unsafe.sort.UnsafeExternalSorter
26/10/05 19:57:47 INFO ExternalAppendOnlyUnsafeRowArray: Reached spill threshold of 4096 rows, switching to org.apache.spark.util.collection.unsafe.sort.UnsafeExternalSorter
26/10/05 19:57:47 INFO ExternalAppendOnlyUnsafeRowArray: Reached spill threshold of 4096 rows, switching to org.apache.spark.util.collection.unsafe.sort.UnsafeExternalSorter
26/10/05 19:57:47 INFO ExternalAppendOnlyUnsafeRowArray: Reached spill threshold of 4096 rows, switching to org.apache.spark.util.collection.unsafe.sort.UnsafeExternalSorter
26/10/05 19:57:47 INFO ExternalAppendOnlyUnsafeRowArray: Reached spill threshold of 4096 rows, switching to org.apache.spark.util.collection.unsafe.sort.UnsafeExternalSorter
26/10/05 19:57:47 INFO ExternalAppendOnlyUnsafeRowArray: Reached spill threshold of 4096 rows, switching to org.apache.spark.util.collection.unsafe.sort.UnsafeExternalSorter
26/10/05 19:57:47 INFO ExternalAppendOnlyUnsafeRowArray: Reached spill threshold of 4096 rows, switching to org.apache.spark.util.collection.unsafe.sort.UnsafeExternalSorter
26/10/05 19:57:47 INFO ExternalAppendOnlyUnsafeRowArray: Reached spill threshold of 4096 rows, switching to org.apache.spark.util.collection.unsafe.sort.UnsafeExternalSorter
26/10/05 19:57:47 INFO ExternalAppendOnlyUnsafeRowArray: Reached spill threshold of 4096 rows, switching to org.apache.spark.util.collection.unsafe.sort.UnsafeExternalSorter
26/10/05 19:57:47 INFO ExternalAppendOnlyUnsafeRowArray: Reached spill threshold of 4096 rows, switching to org.apache.spark.util.collection.unsafe.sort.UnsafeExternalSorter
26/10/05 19:57:47 INFO ExternalAppendOnlyUnsafeRowArray: Reached spill threshold of 4096 rows, switching to org.apache.spark.util.collection.unsafe.sort.UnsafeExternalSorter
26/10/05 19:57:47 INFO ExternalAppendOnlyUnsafeRowArray: Reached spill threshold of 4096 rows, switching to org.apache.spark.util.collection.unsafe.sort.UnsafeExternalSorter
26/10/05 19:57:47 INFO ExternalAppendOnlyUnsafeRowArray: Reached spill threshold of 4096 rows, switching to org.apache.spark.util.collection.unsafe.sort.UnsafeExternalSorter
26/10/05 19:57:47 INFO ExternalAppendOnlyUnsafeRowArray: Reached spill threshold of 4096 rows, switching to org.apache.spark.util.collection.unsafe.sort.UnsafeExternalSorter
26/10/05 19:57:47 INFO ExternalAppendOnlyUnsafeRowArray: Reached spill threshold of 4096 rows, switching to org.apache.spark.util.collection.unsafe.sort.UnsafeExternalSorter
26/10/05 19:57:47 INFO ExternalAppendOnlyUnsafeRowArray: Reached spill threshold of 4096 rows, switching to org.apache.spark.util.collection.unsafe.sort.UnsafeExternalSorter
26/10/05 19:57:47 INFO ExternalAppendOnlyUnsafeRowArray: Reached spill threshold of 4096 rows, switching to org.apache.spark.util.collection.unsafe.sort.UnsafeExternalSorter
26/10/05 19:57:47 INFO ExternalAppendOnlyUnsafeRowArray: Reached spill threshold of 4096 rows, switching to org.apache.spark.util.collection.unsafe.sort.UnsafeExternalSorter
26/10/05 19:57:47 INFO ExternalAppendOnlyUnsafeRowArray: Reached spill threshold of 4096 rows, switching to org.apache.spark.util.collection.unsafe.sort.UnsafeExternalSorter
26/10/05 19:57:47 INFO ExternalAppendOnlyUnsafeRowArray: Reached spill threshold of 4096 rows, switching to org.apache.spark.util.collection.unsafe.sort.UnsafeExternalSorter
26/10/05 19:57:47 INFO ExternalAppendOnlyUnsafeRowArray: Reached spill threshold of 4096 rows, switching to org.apache.spark.util.collection.unsafe.sort.UnsafeExternalSorter
26/10/05 19:57:47 INFO ExternalAppendOnlyUnsafeRowArray: Reached spill threshold of 4096 rows, switching to org.apache.spark.util.collection.unsafe.sort.UnsafeExternalSorter
26/10/05 19:57:47 INFO ExternalAppendOnlyUnsafeRowArray: Reached spill threshold of 4096 rows, switching to org.apache.spark.util.collection.unsafe.sort.UnsafeExternalSorter
26/10/05 19:57:47 INFO ExternalAppendOnlyUnsafeRowArray: Reached spill threshold of 4096 rows, switching to org.apache.spark.util.collection.unsafe.sort.UnsafeExternalSorter
26/10/05 19:57:47 INFO ExternalAppendOnlyUnsafeRowArray: Reached spill threshold of 4096 rows, switching to org.apache.spark.util.collection.unsafe.sort.UnsafeExternalSorter
26/10/05 19:57:47 INFO ExternalAppendOnlyUnsafeRowArray: Reached spill threshold of 4096 rows, switching to org.apache.spark.util.collection.unsafe.sort.UnsafeExternalSorter
26/10/05 19:57:47 INFO ExternalAppendOnlyUnsafeRowArray: Reached spill threshold of 4096 rows, switching to org.apache.spark.util.collection.unsafe.sort.UnsafeExternalSorter
26/10/05 19:57:48 INFO ExternalAppendOnlyUnsafeRowArray: Reached spill threshold of 4096 rows, switching to org.apache.spark.util.collection.unsafe.sort.UnsafeExternalSorter
26/10/05 19:57:48 INFO ExternalAppendOnlyUnsafeRowArray: Reached spill threshold of 4096 rows, switching to org.apache.spark.util.collection.unsafe.sort.UnsafeExternalSorter
26/10/05 19:57:48 INFO ExternalAppendOnlyUnsafeRowArray: Reached spill threshold of 4096 rows, switching to org.apache.spark.util.collection.unsafe.sort.UnsafeExternalSorter
26/10/05 19:57:48 INFO ExternalAppendOnlyUnsafeRowArray: Reached spill threshold of 4096 rows, switching to org.apache.spark.util.collection.unsafe.sort.UnsafeExternalSorter
26/10/05 19:57:48 INFO ExternalAppendOnlyUnsafeRowArray: Reached spill threshold of 4096 rows, switching to org.apache.spark.util.collection.unsafe.sort.UnsafeExternalSorter
26/10/05 19:57:48 ERROR Utils: Aborting task
java.lang.OutOfMemoryError: Java heap space
	at shaded.parquet.it.unimi.dsi.fastutil.doubles.Double2IntLinkedOpenHashMap.rehash(Double2IntLinkedOpenHashMap.java:1847)
	at shaded.parquet.it.unimi.dsi.fastutil.doubles.Double2IntLinkedOpenHashMap.insert(Double2IntLinkedOpenHashMap.java:338)
	at shaded.parquet.it.unimi.dsi.fastutil.doubles.Double2IntLinkedOpenHashMap.put(Double2IntLinkedOpenHashMap.java:346)
	at org.apache.parquet.column.values.dictionary.DictionaryValuesWriter$PlainDoubleDictionaryValuesWriter.writeDouble(DictionaryValuesWriter.java:417)
	at org.apache.parquet.column.values.fallback.FallbackValuesWriter.writeDouble(FallbackValuesWriter.java:200)
	at org.apache.parquet.column.impl.ColumnWriterBase.write(ColumnWriterBase.java:203)
	at org.apache.parquet.io.MessageColumnIO$MessageColumnIORecordConsumer.addDouble(MessageColumnIO.java:496)
	at org.apache.spark.sql.execution.datasources.parquet.ParquetWriteSupport.$anonfun$makeWriter$8(ParquetWriteSupport.scala:200)
	at org.apache.spark.sql.execution.datasources.parquet.ParquetWriteSupport.$anonfun$makeWriter$8$adapted(ParquetWriteSupport.scala:199)
	at org.apache.spark.sql.execution.datasources.parquet.ParquetWriteSupport$$Lambda$3784/0x000073e668f80b80.apply(Unknown Source)
	at org.apache.spark.sql.execution.datasources.parquet.ParquetWriteSupport.$anonfun$writeFields$1(ParquetWriteSupport.scala:161)
	at org.apache.spark.sql.execution.datasources.parquet.ParquetWriteSupport$$Lambda$3817/0x000073e668fb48e0.apply$mcV$sp(Unknown Source)
	at org.apache.spark.sql.execution.datasources.parquet.ParquetWriteSupport.consumeField(ParquetWriteSupport.scala:483)
	at org.apache.spark.sql.execution.datasources.parquet.ParquetWriteSupport.writeFields(ParquetWriteSupport.scala:161)
	at org.apache.spark.sql.execution.datasources.parquet.ParquetWriteSupport.$anonfun$write$1(ParquetWriteSupport.scala:151)
	at org.apache.spark.sql.execution.datasources.parquet.ParquetWriteSupport$$Lambda$3816/0x000073e668fb45f0.apply$mcV$sp(Unknown Source)
	at org.apache.spark.sql.execution.datasources.parquet.ParquetWriteSupport.consumeMessage(ParquetWriteSupport.scala:471)
	at org.apache.spark.sql.execution.datasources.parquet.ParquetWriteSupport.write(ParquetWriteSupport.scala:151)
	at org.apache.spark.sql.execution.datasources.parquet.ParquetWriteSupport.write(ParquetWriteSupport.scala:53)
	at org.apache.parquet.hadoop.InternalParquetRecordWriter.write(InternalParquetRecordWriter.java:138)
	at org.apache.parquet.hadoop.ParquetRecordWriter.write(ParquetRecordWriter.java:181)
	at org.apache.parquet.hadoop.ParquetRecordWriter.write(ParquetRecordWriter.java:43)
	at org.apache.spark.sql.execution.datasources.parquet.ParquetOutputWriter.write(ParquetOutputWriter.scala:39)
	at org.apache.spark.sql.execution.datasources.SingleDirectoryDataWriter.write(FileFormatDataWriter.scala:175)
	at org.apache.spark.sql.execution.datasources.FileFormatDataWriter.writeWithMetrics(FileFormatDataWriter.scala:85)
	at org.apache.spark.sql.execution.datasources.FileFormatDataWriter.writeWithIterator(FileFormatDataWriter.scala:92)
	at org.apache.spark.sql.execution.datasources.FileFormatWriter$.$anonfun$executeTask$1(FileFormatWriter.scala:403)
	at org.apache.spark.sql.execution.datasources.FileFormatWriter$$$Lambda$3809/0x000073e668fb28a0.apply(Unknown Source)
	at org.apache.spark.util.Utils$.tryWithSafeFinallyAndFailureCallbacks(Utils.scala:1397)
	at org.apache.spark.sql.execution.datasources.FileFormatWriter$.executeTask(FileFormatWriter.scala:410)
	at org.apache.spark.sql.execution.datasources.WriteFilesExec.$anonfun$doExecuteWrite$1(WriteFiles.scala:100)
	at org.apache.spark.sql.execution.datasources.WriteFilesExec$$Lambda$3468/0x000073e668eecdd0.apply(Unknown Source)
26/10/05 19:57:48 INFO ExternalAppendOnlyUnsafeRowArray: Reached spill threshold of 4096 rows, switching to org.apache.spark.util.collection.unsafe.sort.UnsafeExternalSorter
26/10/05 19:57:48 INFO ExternalAppendOnlyUnsafeRowArray: Reached spill threshold of 4096 rows, switching to org.apache.spark.util.collection.unsafe.sort.UnsafeExternalSorter
26/10/05 19:57:48 INFO ExternalAppendOnlyUnsafeRowArray: Reached spill threshold of 4096 rows, switching to org.apache.spark.util.collection.unsafe.sort.UnsafeExternalSorter
26/10/05 19:57:48 INFO ExternalAppendOnlyUnsafeRowArray: Reached spill threshold of 4096 rows, switching to org.apache.spark.util.collection.unsafe.sort.UnsafeExternalSorter
26/10/05 19:57:49 ERROR Utils: Aborting task
java.lang.OutOfMemoryError: Java heap space
	at shaded.parquet.it.unimi.dsi.fastutil.doubles.Double2IntLinkedOpenHashMap.rehash(Double2IntLinkedOpenHashMap.java:1847)
	at shaded.parquet.it.unimi.dsi.fastutil.doubles.Double2IntLinkedOpenHashMap.insert(Double2IntLinkedOpenHashMap.java:338)
	at shaded.parquet.it.unimi.dsi.fastutil.doubles.Double2IntLinkedOpenHashMap.put(Double2IntLinkedOpenHashMap.java:346)
	at org.apache.parquet.column.values.dictionary.DictionaryValuesWriter$PlainDoubleDictionaryValuesWriter.writeDouble(DictionaryValuesWriter.java:417)
	at org.apache.parquet.column.values.fallback.FallbackValuesWriter.writeDouble(FallbackValuesWriter.java:200)
	at org.apache.parquet.column.impl.ColumnWriterBase.write(ColumnWriterBase.java:203)
	at org.apache.parquet.io.MessageColumnIO$MessageColumnIORecordConsumer.addDouble(MessageColumnIO.java:496)
	at org.apache.spark.sql.execution.datasources.parquet.ParquetWriteSupport.$anonfun$makeWriter$8(ParquetWriteSupport.scala:200)
	at org.apache.spark.sql.execution.datasources.parquet.ParquetWriteSupport.$anonfun$makeWriter$8$adapted(ParquetWriteSupport.scala:199)
	at org.apache.spark.sql.execution.datasources.parquet.ParquetWriteSupport$$Lambda$3784/0x000073e668f80b80.apply(Unknown Source)
	at org.apache.spark.sql.execution.datasources.parquet.ParquetWriteSupport.$anonfun$writeFields$1(ParquetWriteSupport.scala:161)
	at org.apache.spark.sql.execution.datasources.parquet.ParquetWriteSupport$$Lambda$3817/0x000073e668fb48e0.apply$mcV$sp(Unknown Source)
	at org.apache.spark.sql.execution.datasources.parquet.ParquetWriteSupport.consumeField(ParquetWriteSupport.scala:483)
	at org.apache.spark.sql.execution.datasources.parquet.ParquetWriteSupport.writeFields(ParquetWriteSupport.scala:161)
	at org.apache.spark.sql.execution.datasources.parquet.ParquetWriteSupport.$anonfun$write$1(ParquetWriteSupport.scala:151)
	at org.apache.spark.sql.execution.datasources.parquet.ParquetWriteSupport$$Lambda$3816/0x000073e668fb45f0.apply$mcV$sp(Unknown Source)
	at org.apache.spark.sql.execution.datasources.parquet.ParquetWriteSupport.consumeMessage(ParquetWriteSupport.scala:471)
	at org.apache.spark.sql.execution.datasources.parquet.ParquetWriteSupport.write(ParquetWriteSupport.scala:151)
	at org.apache.spark.sql.execution.datasources.parquet.ParquetWriteSupport.write(ParquetWriteSupport.scala:53)
	at org.apache.parquet.hadoop.InternalParquetRecordWriter.write(InternalParquetRecordWriter.java:138)
	at org.apache.parquet.hadoop.ParquetRecordWriter.write(ParquetRecordWriter.java:181)
	at org.apache.parquet.hadoop.ParquetRecordWriter.write(ParquetRecordWriter.java:43)
	at org.apache.spark.sql.execution.datasources.parquet.ParquetOutputWriter.write(ParquetOutputWriter.scala:39)
	at org.apache.spark.sql.execution.datasources.SingleDirectoryDataWriter.write(FileFormatDataWriter.scala:175)
	at org.apache.spark.sql.execution.datasources.FileFormatDataWriter.writeWithMetrics(FileFormatDataWriter.scala:85)
	at org.apache.spark.sql.execution.datasources.FileFormatDataWriter.writeWithIterator(FileFormatDataWriter.scala:92)
	at org.apache.spark.sql.execution.datasources.FileFormatWriter$.$anonfun$executeTask$1(FileFormatWriter.scala:403)
	at org.apache.spark.sql.execution.datasources.FileFormatWriter$$$Lambda$3809/0x000073e668fb28a0.apply(Unknown Source)
	at org.apache.spark.util.Utils$.tryWithSafeFinallyAndFailureCallbacks(Utils.scala:1397)
	at org.apache.spark.sql.execution.datasources.FileFormatWriter$.executeTask(FileFormatWriter.scala:410)
	at org.apache.spark.sql.execution.datasources.WriteFilesExec.$anonfun$doExecuteWrite$1(WriteFiles.scala:100)
	at org.apache.spark.sql.execution.datasources.WriteFilesExec$$Lambda$3468/0x000073e668eecdd0.apply(Unknown Source)
26/10/05 19:57:49 ERROR Utils: Aborting task
java.lang.OutOfMemoryError: Java heap space
26/10/05 19:57:49 INFO ExternalAppendOnlyUnsafeRowArray: Reached spill threshold of 4096 rows, switching to org.apache.spark.util.collection.unsafe.sort.UnsafeExternalSorter
26/10/05 19:57:49 ERROR FileFormatWriter: Job job_20261005195740213330004838901542_0005 aborted.
26/10/05 19:57:49 INFO ExternalAppendOnlyUnsafeRowArray: Reached spill threshold of 4096 rows, switching to org.apache.spark.util.collection.unsafe.sort.UnsafeExternalSorter
26/10/05 19:57:49 INFO ExternalAppendOnlyUnsafeRowArray: Reached spill threshold of 4096 rows, switching to org.apache.spark.util.collection.unsafe.sort.UnsafeExternalSorter
26/10/05 19:57:49 INFO ExternalAppendOnlyUnsafeRowArray: Reached spill threshold of 4096 rows, switching to org.apache.spark.util.collection.unsafe.sort.UnsafeExternalSorter
26/10/05 19:57:49 ERROR FileFormatWriter: Job job_20261005195740213330004838901542_0005 aborted.
26/10/05 19:57:49 INFO ExternalAppendOnlyUnsafeRowArray: Reached spill threshold of 4096 rows, switching to org.apache.spark.util.collection.unsafe.sort.UnsafeExternalSorter
26/10/05 19:57:49 INFO ExternalAppendOnlyUnsafeRowArray: Reached spill threshold of 4096 rows, switching to org.apache.spark.util.collection.unsafe.sort.UnsafeExternalSorter
26/10/05 19:57:49 INFO ExternalAppendOnlyUnsafeRowArray: Reached spill threshold of 4096 rows, switching to org.apache.spark.util.collection.unsafe.sort.UnsafeExternalSorter
26/10/05 19:57:49 INFO ExternalAppendOnlyUnsafeRowArray: Reached spill threshold of 4096 rows, switching to org.apache.spark.util.collection.unsafe.sort.UnsafeExternalSorter
26/10/05 19:57:49 ERROR FileFormatWriter: Job job_20261005195740213330004838901542_0005 aborted.
26/10/05 19:57:49 INFO ExternalAppendOnlyUnsafeRowArray: Reached spill threshold of 4096 rows, switching to org.apache.spark.util.collection.unsafe.sort.UnsafeExternalSorter
26/10/05 19:57:49 INFO ExternalAppendOnlyUnsafeRowArray: Reached spill threshold of 4096 rows, switching to org.apache.spark.util.collection.unsafe.sort.UnsafeExternalSorter
26/10/05 19:57:49 INFO ExternalAppendOnlyUnsafeRowArray: Reached spill threshold of 4096 rows, switching to org.apache.spark.util.collection.unsafe.sort.UnsafeExternalSorter
26/10/05 19:57:49 INFO ExternalAppendOnlyUnsafeRowArray: Reached spill threshold of 4096 rows, switching to org.apache.spark.util.collection.unsafe.sort.UnsafeExternalSorter
26/10/05 19:57:49 INFO ExternalAppendOnlyUnsafeRowArray: Reached spill threshold of 4096 rows, switching to org.apache.spark.util.collection.unsafe.sort.UnsafeExternalSorter
26/10/05 19:57:49 INFO ExternalAppendOnlyUnsafeRowArray: Reached spill threshold of 4096 rows, switching to org.apache.spark.util.collection.unsafe.sort.UnsafeExternalSorter
26/10/05 19:57:49 INFO ExternalAppendOnlyUnsafeRowArray: Reached spill threshold of 4096 rows, switching to org.apache.spark.util.collection.unsafe.sort.UnsafeExternalSorter
26/10/05 19:57:49 INFO ExternalAppendOnlyUnsafeRowArray: Reached spill threshold of 4096 rows, switching to org.apache.spark.util.collection.unsafe.sort.UnsafeExternalSorter
26/10/05 19:57:49 INFO ExternalAppendOnlyUnsafeRowArray: Reached spill threshold of 4096 rows, switching to org.apache.spark.util.collection.unsafe.sort.UnsafeExternalSorter
26/10/05 19:57:49 INFO ExternalAppendOnlyUnsafeRowArray: Reached spill threshold of 4096 rows, switching to org.apache.spark.util.collection.unsafe.sort.UnsafeExternalSorter
26/10/05 19:57:49 INFO ExternalAppendOnlyUnsafeRowArray: Reached spill threshold of 4096 rows, switching to org.apache.spark.util.collection.unsafe.sort.UnsafeExternalSorter
26/10/05 19:57:49 INFO ExternalAppendOnlyUnsafeRowArray: Reached spill threshold of 4096 rows, switching to org.apache.spark.util.collection.unsafe.sort.UnsafeExternalSorter
26/10/05 19:57:49 INFO ExternalAppendOnlyUnsafeRowArray: Reached spill threshold of 4096 rows, switching to org.apache.spark.util.collection.unsafe.sort.UnsafeExternalSorter
26/10/05 19:57:49 INFO ExternalAppendOnlyUnsafeRowArray: Reached spill threshold of 4096 rows, switching to org.apache.spark.util.collection.unsafe.sort.UnsafeExternalSorter
26/10/05 19:57:49 INFO ExternalAppendOnlyUnsafeRowArray: Reached spill threshold of 4096 rows, switching to org.apache.spark.util.collection.unsafe.sort.UnsafeExternalSorter
26/10/05 19:57:49 INFO ExternalAppendOnlyUnsafeRowArray: Reached spill threshold of 4096 rows, switching to org.apache.spark.util.collection.unsafe.sort.UnsafeExternalSorter
26/10/05 19:57:49 ERROR Executor: Exception in task 5.0 in stage 5.0 (TID 17)
org.apache.spark.SparkException: [TASK_WRITE_FAILED] Task failed while writing rows to file:/opt/airflow/opt/airflow/data/lake/silver/silver_telemetry.
	at org.apache.spark.sql.errors.QueryExecutionErrors$.taskFailedWhileWritingRowsError(QueryExecutionErrors.scala:774)
	at org.apache.spark.sql.execution.datasources.FileFormatWriter$.executeTask(FileFormatWriter.scala:420)
	at org.apache.spark.sql.execution.datasources.WriteFilesExec.$anonfun$doExecuteWrite$1(WriteFiles.scala:100)
	at org.apache.spark.rdd.RDD.$anonfun$mapPartitionsInternal$2(RDD.scala:893)
	at org.apache.spark.rdd.RDD.$anonfun$mapPartitionsInternal$2$adapted(RDD.scala:893)
	at org.apache.spark.rdd.MapPartitionsRDD.compute(MapPartitionsRDD.scala:52)
	at org.apache.spark.rdd.RDD.computeOrReadCheckpoint(RDD.scala:367)
	at org.apache.spark.rdd.RDD.iterator(RDD.scala:331)
	at org.apache.spark.scheduler.ResultTask.runTask(ResultTask.scala:93)
	at org.apache.spark.TaskContext.runTaskWithListeners(TaskContext.scala:166)
	at org.apache.spark.scheduler.Task.run(Task.scala:141)
	at org.apache.spark.executor.Executor$TaskRunner.$anonfun$run$4(Executor.scala:620)
	at org.apache.spark.util.SparkErrorUtils.tryWithSafeFinally(SparkErrorUtils.scala:64)
	at org.apache.spark.util.SparkErrorUtils.tryWithSafeFinally$(SparkErrorUtils.scala:61)
	at org.apache.spark.util.Utils$.tryWithSafeFinally(Utils.scala:94)
	at org.apache.spark.executor.Executor$TaskRunner.run(Executor.scala:623)
	at java.base/java.util.concurrent.ThreadPoolExecutor.runWorker(ThreadPoolExecutor.java:1136)
	at java.base/java.util.concurrent.ThreadPoolExecutor$Worker.run(ThreadPoolExecutor.java:635)
	at java.base/java.lang.Thread.run(Thread.java:840)
Caused by: java.lang.OutOfMemoryError: Java heap space
26/10/05 19:57:49 INFO ExternalAppendOnlyUnsafeRowArray: Reached spill threshold of 4096 rows, switching to org.apache.spark.util.collection.unsafe.sort.UnsafeExternalSorter
26/10/05 19:57:49 ERROR Executor: Exception in task 3.0 in stage 5.0 (TID 15)
org.apache.spark.SparkException: [TASK_WRITE_FAILED] Task failed while writing rows to file:/opt/airflow/opt/airflow/data/lake/silver/silver_telemetry.
	at org.apache.spark.sql.errors.QueryExecutionErrors$.taskFailedWhileWritingRowsError(QueryExecutionErrors.scala:774)
	at org.apache.spark.sql.execution.datasources.FileFormatWriter$.executeTask(FileFormatWriter.scala:420)
	at org.apache.spark.sql.execution.datasources.WriteFilesExec.$anonfun$doExecuteWrite$1(WriteFiles.scala:100)
	at org.apache.spark.rdd.RDD.$anonfun$mapPartitionsInternal$2(RDD.scala:893)
	at org.apache.spark.rdd.RDD.$anonfun$mapPartitionsInternal$2$adapted(RDD.scala:893)
	at org.apache.spark.rdd.MapPartitionsRDD.compute(MapPartitionsRDD.scala:52)
	at org.apache.spark.rdd.RDD.computeOrReadCheckpoint(RDD.scala:367)
	at org.apache.spark.rdd.RDD.iterator(RDD.scala:331)
	at org.apache.spark.scheduler.ResultTask.runTask(ResultTask.scala:93)
	at org.apache.spark.TaskContext.runTaskWithListeners(TaskContext.scala:166)
	at org.apache.spark.scheduler.Task.run(Task.scala:141)
	at org.apache.spark.executor.Executor$TaskRunner.$anonfun$run$4(Executor.scala:620)
	at org.apache.spark.util.SparkErrorUtils.tryWithSafeFinally(SparkErrorUtils.scala:64)
	at org.apache.spark.util.SparkErrorUtils.tryWithSafeFinally$(SparkErrorUtils.scala:61)
	at org.apache.spark.util.Utils$.tryWithSafeFinally(Utils.scala:94)
	at org.apache.spark.executor.Executor$TaskRunner.run(Executor.scala:623)
	at java.base/java.util.concurrent.ThreadPoolExecutor.runWorker(ThreadPoolExecutor.java:1136)
	at java.base/java.util.concurrent.ThreadPoolExecutor$Worker.run(ThreadPoolExecutor.java:635)
	at java.base/java.lang.Thread.run(Thread.java:840)
Caused by: java.lang.OutOfMemoryError: Java heap space
	at shaded.parquet.it.unimi.dsi.fastutil.doubles.Double2IntLinkedOpenHashMap.rehash(Double2IntLinkedOpenHashMap.java:1847)
	at shaded.parquet.it.unimi.dsi.fastutil.doubles.Double2IntLinkedOpenHashMap.insert(Double2IntLinkedOpenHashMap.java:338)
	at shaded.parquet.it.unimi.dsi.fastutil.doubles.Double2IntLinkedOpenHashMap.put(Double2IntLinkedOpenHashMap.java:346)
	at org.apache.parquet.column.values.dictionary.DictionaryValuesWriter$PlainDoubleDictionaryValuesWriter.writeDouble(DictionaryValuesWriter.java:417)
	at org.apache.parquet.column.values.fallback.FallbackValuesWriter.writeDouble(FallbackValuesWriter.java:200)
	at org.apache.parquet.column.impl.ColumnWriterBase.write(ColumnWriterBase.java:203)
	at org.apache.parquet.io.MessageColumnIO$MessageColumnIORecordConsumer.addDouble(MessageColumnIO.java:496)
	at org.apache.spark.sql.execution.datasources.parquet.ParquetWriteSupport.$anonfun$makeWriter$8(ParquetWriteSupport.scala:200)
	at org.apache.spark.sql.execution.datasources.parquet.ParquetWriteSupport.$anonfun$makeWriter$8$adapted(ParquetWriteSupport.scala:199)
	at org.apache.spark.sql.execution.datasources.parquet.ParquetWriteSupport$$Lambda$3784/0x000073e668f80b80.apply(Unknown Source)
	at org.apache.spark.sql.execution.datasources.parquet.ParquetWriteSupport.$anonfun$writeFields$1(ParquetWriteSupport.scala:161)
	at org.apache.spark.sql.execution.datasources.parquet.ParquetWriteSupport$$Lambda$3817/0x000073e668fb48e0.apply$mcV$sp(Unknown Source)
	at org.apache.spark.sql.execution.datasources.parquet.ParquetWriteSupport.consumeField(ParquetWriteSupport.scala:483)
	at org.apache.spark.sql.execution.datasources.parquet.ParquetWriteSupport.writeFields(ParquetWriteSupport.scala:161)
	at org.apache.spark.sql.execution.datasources.parquet.ParquetWriteSupport.$anonfun$write$1(ParquetWriteSupport.scala:151)
	at org.apache.spark.sql.execution.datasources.parquet.ParquetWriteSupport$$Lambda$3816/0x000073e668fb45f0.apply$mcV$sp(Unknown Source)
	at org.apache.spark.sql.execution.datasources.parquet.ParquetWriteSupport.consumeMessage(ParquetWriteSupport.scala:471)
	at org.apache.spark.sql.execution.datasources.parquet.ParquetWriteSupport.write(ParquetWriteSupport.scala:151)
	at org.apache.spark.sql.execution.datasources.parquet.ParquetWriteSupport.write(ParquetWriteSupport.scala:53)
	at org.apache.parquet.hadoop.InternalParquetRecordWriter.write(InternalParquetRecordWriter.java:138)
	at org.apache.parquet.hadoop.ParquetRecordWriter.write(ParquetRecordWriter.java:181)
	at org.apache.parquet.hadoop.ParquetRecordWriter.write(ParquetRecordWriter.java:43)
	at org.apache.spark.sql.execution.datasources.parquet.ParquetOutputWriter.write(ParquetOutputWriter.scala:39)
	at org.apache.spark.sql.execution.datasources.SingleDirectoryDataWriter.write(FileFormatDataWriter.scala:175)
	at org.apache.spark.sql.execution.datasources.FileFormatDataWriter.writeWithMetrics(FileFormatDataWriter.scala:85)
	at org.apache.spark.sql.execution.datasources.FileFormatDataWriter.writeWithIterator(FileFormatDataWriter.scala:92)
	at org.apache.spark.sql.execution.datasources.FileFormatWriter$.$anonfun$executeTask$1(FileFormatWriter.scala:403)
	at org.apache.spark.sql.execution.datasources.FileFormatWriter$$$Lambda$3809/0x000073e668fb28a0.apply(Unknown Source)
	at org.apache.spark.util.Utils$.tryWithSafeFinallyAndFailureCallbacks(Utils.scala:1397)
	at org.apache.spark.sql.execution.datasources.FileFormatWriter$.executeTask(FileFormatWriter.scala:410)
	at org.apache.spark.sql.execution.datasources.WriteFilesExec.$anonfun$doExecuteWrite$1(WriteFiles.scala:100)
	at org.apache.spark.sql.execution.datasources.WriteFilesExec$$Lambda$3468/0x000073e668eecdd0.apply(Unknown Source)
26/10/05 19:57:49 ERROR Executor: Exception in task 6.0 in stage 5.0 (TID 18)
org.apache.spark.SparkException: [TASK_WRITE_FAILED] Task failed while writing rows to file:/opt/airflow/opt/airflow/data/lake/silver/silver_telemetry.
	at org.apache.spark.sql.errors.QueryExecutionErrors$.taskFailedWhileWritingRowsError(QueryExecutionErrors.scala:774)
	at org.apache.spark.sql.execution.datasources.FileFormatWriter$.executeTask(FileFormatWriter.scala:420)
	at org.apache.spark.sql.execution.datasources.WriteFilesExec.$anonfun$doExecuteWrite$1(WriteFiles.scala:100)
	at org.apache.spark.rdd.RDD.$anonfun$mapPartitionsInternal$2(RDD.scala:893)
	at org.apache.spark.rdd.RDD.$anonfun$mapPartitionsInternal$2$adapted(RDD.scala:893)
	at org.apache.spark.rdd.MapPartitionsRDD.compute(MapPartitionsRDD.scala:52)
	at org.apache.spark.rdd.RDD.computeOrReadCheckpoint(RDD.scala:367)
	at org.apache.spark.rdd.RDD.iterator(RDD.scala:331)
	at org.apache.spark.scheduler.ResultTask.runTask(ResultTask.scala:93)
	at org.apache.spark.TaskContext.runTaskWithListeners(TaskContext.scala:166)
	at org.apache.spark.scheduler.Task.run(Task.scala:141)
	at org.apache.spark.executor.Executor$TaskRunner.$anonfun$run$4(Executor.scala:620)
	at org.apache.spark.util.SparkErrorUtils.tryWithSafeFinally(SparkErrorUtils.scala:64)
	at org.apache.spark.util.SparkErrorUtils.tryWithSafeFinally$(SparkErrorUtils.scala:61)
	at org.apache.spark.util.Utils$.tryWithSafeFinally(Utils.scala:94)
	at org.apache.spark.executor.Executor$TaskRunner.run(Executor.scala:623)
	at java.base/java.util.concurrent.ThreadPoolExecutor.runWorker(ThreadPoolExecutor.java:1136)
	at java.base/java.util.concurrent.ThreadPoolExecutor$Worker.run(ThreadPoolExecutor.java:635)
	at java.base/java.lang.Thread.run(Thread.java:840)
Caused by: java.lang.OutOfMemoryError: Java heap space
	at shaded.parquet.it.unimi.dsi.fastutil.doubles.Double2IntLinkedOpenHashMap.rehash(Double2IntLinkedOpenHashMap.java:1847)
	at shaded.parquet.it.unimi.dsi.fastutil.doubles.Double2IntLinkedOpenHashMap.insert(Double2IntLinkedOpenHashMap.java:338)
	at shaded.parquet.it.unimi.dsi.fastutil.doubles.Double2IntLinkedOpenHashMap.put(Double2IntLinkedOpenHashMap.java:346)
	at org.apache.parquet.column.values.dictionary.DictionaryValuesWriter$PlainDoubleDictionaryValuesWriter.writeDouble(DictionaryValuesWriter.java:417)
	at org.apache.parquet.column.values.fallback.FallbackValuesWriter.writeDouble(FallbackValuesWriter.java:200)
	at org.apache.parquet.column.impl.ColumnWriterBase.write(ColumnWriterBase.java:203)
	at org.apache.parquet.io.MessageColumnIO$MessageColumnIORecordConsumer.addDouble(MessageColumnIO.java:496)
	at org.apache.spark.sql.execution.datasources.parquet.ParquetWriteSupport.$anonfun$makeWriter$8(ParquetWriteSupport.scala:200)
	at org.apache.spark.sql.execution.datasources.parquet.ParquetWriteSupport.$anonfun$makeWriter$8$adapted(ParquetWriteSupport.scala:199)
	at org.apache.spark.sql.execution.datasources.parquet.ParquetWriteSupport$$Lambda$3784/0x000073e668f80b80.apply(Unknown Source)
	at org.apache.spark.sql.execution.datasources.parquet.ParquetWriteSupport.$anonfun$writeFields$1(ParquetWriteSupport.scala:161)
	at org.apache.spark.sql.execution.datasources.parquet.ParquetWriteSupport$$Lambda$3817/0x000073e668fb48e0.apply$mcV$sp(Unknown Source)
	at org.apache.spark.sql.execution.datasources.parquet.ParquetWriteSupport.consumeField(ParquetWriteSupport.scala:483)
	at org.apache.spark.sql.execution.datasources.parquet.ParquetWriteSupport.writeFields(ParquetWriteSupport.scala:161)
	at org.apache.spark.sql.execution.datasources.parquet.ParquetWriteSupport.$anonfun$write$1(ParquetWriteSupport.scala:151)
	at org.apache.spark.sql.execution.datasources.parquet.ParquetWriteSupport$$Lambda$3816/0x000073e668fb45f0.apply$mcV$sp(Unknown Source)
	at org.apache.spark.sql.execution.datasources.parquet.ParquetWriteSupport.consumeMessage(ParquetWriteSupport.scala:471)
	at org.apache.spark.sql.execution.datasources.parquet.ParquetWriteSupport.write(ParquetWriteSupport.scala:151)
	at org.apache.spark.sql.execution.datasources.parquet.ParquetWriteSupport.write(ParquetWriteSupport.scala:53)
	at org.apache.parquet.hadoop.InternalParquetRecordWriter.write(InternalParquetRecordWriter.java:138)
	at org.apache.parquet.hadoop.ParquetRecordWriter.write(ParquetRecordWriter.java:181)
	at org.apache.parquet.hadoop.ParquetRecordWriter.write(ParquetRecordWriter.java:43)
	at org.apache.spark.sql.execution.datasources.parquet.ParquetOutputWriter.write(ParquetOutputWriter.scala:39)
	at org.apache.spark.sql.execution.datasources.SingleDirectoryDataWriter.write(FileFormatDataWriter.scala:175)
	at org.apache.spark.sql.execution.datasources.FileFormatDataWriter.writeWithMetrics(FileFormatDataWriter.scala:85)
	at org.apache.spark.sql.execution.datasources.FileFormatDataWriter.writeWithIterator(FileFormatDataWriter.scala:92)
	at org.apache.spark.sql.execution.datasources.FileFormatWriter$.$anonfun$executeTask$1(FileFormatWriter.scala:403)
	at org.apache.spark.sql.execution.datasources.FileFormatWriter$$$Lambda$3809/0x000073e668fb28a0.apply(Unknown Source)
	at org.apache.spark.util.Utils$.tryWithSafeFinallyAndFailureCallbacks(Utils.scala:1397)
	at org.apache.spark.sql.execution.datasources.FileFormatWriter$.executeTask(FileFormatWriter.scala:410)
	at org.apache.spark.sql.execution.datasources.WriteFilesExec.$anonfun$doExecuteWrite$1(WriteFiles.scala:100)
	at org.apache.spark.sql.execution.datasources.WriteFilesExec$$Lambda$3468/0x000073e668eecdd0.apply(Unknown Source)
26/10/05 19:57:49 INFO ExternalAppendOnlyUnsafeRowArray: Reached spill threshold of 4096 rows, switching to org.apache.spark.util.collection.unsafe.sort.UnsafeExternalSorter
26/10/05 19:57:50 INFO ExternalAppendOnlyUnsafeRowArray: Reached spill threshold of 4096 rows, switching to org.apache.spark.util.collection.unsafe.sort.UnsafeExternalSorter
26/10/05 19:57:50 INFO ExternalAppendOnlyUnsafeRowArray: Reached spill threshold of 4096 rows, switching to org.apache.spark.util.collection.unsafe.sort.UnsafeExternalSorter
26/10/05 19:57:50 ERROR SparkUncaughtExceptionHandler: Uncaught exception in thread Thread[Executor task launch worker for task 3.0 in stage 5.0 (TID 15),5,main]
org.apache.spark.SparkException: [TASK_WRITE_FAILED] Task failed while writing rows to file:/opt/airflow/opt/airflow/data/lake/silver/silver_telemetry.
	at org.apache.spark.sql.errors.QueryExecutionErrors$.taskFailedWhileWritingRowsError(QueryExecutionErrors.scala:774)
	at org.apache.spark.sql.execution.datasources.FileFormatWriter$.executeTask(FileFormatWriter.scala:420)
	at org.apache.spark.sql.execution.datasources.WriteFilesExec.$anonfun$doExecuteWrite$1(WriteFiles.scala:100)
	at org.apache.spark.rdd.RDD.$anonfun$mapPartitionsInternal$2(RDD.scala:893)
	at org.apache.spark.rdd.RDD.$anonfun$mapPartitionsInternal$2$adapted(RDD.scala:893)
	at org.apache.spark.rdd.MapPartitionsRDD.compute(MapPartitionsRDD.scala:52)
	at org.apache.spark.rdd.RDD.computeOrReadCheckpoint(RDD.scala:367)
	at org.apache.spark.rdd.RDD.iterator(RDD.scala:331)
	at org.apache.spark.scheduler.ResultTask.runTask(ResultTask.scala:93)
	at org.apache.spark.TaskContext.runTaskWithListeners(TaskContext.scala:166)
	at org.apache.spark.scheduler.Task.run(Task.scala:141)
	at org.apache.spark.executor.Executor$TaskRunner.$anonfun$run$4(Executor.scala:620)
	at org.apache.spark.util.SparkErrorUtils.tryWithSafeFinally(SparkErrorUtils.scala:64)
	at org.apache.spark.util.SparkErrorUtils.tryWithSafeFinally$(SparkErrorUtils.scala:61)
	at org.apache.spark.util.Utils$.tryWithSafeFinally(Utils.scala:94)
	at org.apache.spark.executor.Executor$TaskRunner.run(Executor.scala:623)
	at java.base/java.util.concurrent.ThreadPoolExecutor.runWorker(ThreadPoolExecutor.java:1136)
	at java.base/java.util.concurrent.ThreadPoolExecutor$Worker.run(ThreadPoolExecutor.java:635)
	at java.base/java.lang.Thread.run(Thread.java:840)
Caused by: java.lang.OutOfMemoryError: Java heap space
	at shaded.parquet.it.unimi.dsi.fastutil.doubles.Double2IntLinkedOpenHashMap.rehash(Double2IntLinkedOpenHashMap.java:1847)
	at shaded.parquet.it.unimi.dsi.fastutil.doubles.Double2IntLinkedOpenHashMap.insert(Double2IntLinkedOpenHashMap.java:338)
	at shaded.parquet.it.unimi.dsi.fastutil.doubles.Double2IntLinkedOpenHashMap.put(Double2IntLinkedOpenHashMap.java:346)
	at org.apache.parquet.column.values.dictionary.DictionaryValuesWriter$PlainDoubleDictionaryValuesWriter.writeDouble(DictionaryValuesWriter.java:417)
	at org.apache.parquet.column.values.fallback.FallbackValuesWriter.writeDouble(FallbackValuesWriter.java:200)
	at org.apache.parquet.column.impl.ColumnWriterBase.write(ColumnWriterBase.java:203)
	at org.apache.parquet.io.MessageColumnIO$MessageColumnIORecordConsumer.addDouble(MessageColumnIO.java:496)
	at org.apache.spark.sql.execution.datasources.parquet.ParquetWriteSupport.$anonfun$makeWriter$8(ParquetWriteSupport.scala:200)
	at org.apache.spark.sql.execution.datasources.parquet.ParquetWriteSupport.$anonfun$makeWriter$8$adapted(ParquetWriteSupport.scala:199)
	at org.apache.spark.sql.execution.datasources.parquet.ParquetWriteSupport$$Lambda$3784/0x000073e668f80b80.apply(Unknown Source)
	at org.apache.spark.sql.execution.datasources.parquet.ParquetWriteSupport.$anonfun$writeFields$1(ParquetWriteSupport.scala:161)
	at org.apache.spark.sql.execution.datasources.parquet.ParquetWriteSupport$$Lambda$3817/0x000073e668fb48e0.apply$mcV$sp(Unknown Source)
	at org.apache.spark.sql.execution.datasources.parquet.ParquetWriteSupport.consumeField(ParquetWriteSupport.scala:483)
	at org.apache.spark.sql.execution.datasources.parquet.ParquetWriteSupport.writeFields(ParquetWriteSupport.scala:161)
	at org.apache.spark.sql.execution.datasources.parquet.ParquetWriteSupport.$anonfun$write$1(ParquetWriteSupport.scala:151)
	at org.apache.spark.sql.execution.datasources.parquet.ParquetWriteSupport$$Lambda$3816/0x000073e668fb45f0.apply$mcV$sp(Unknown Source)
	at org.apache.spark.sql.execution.datasources.parquet.ParquetWriteSupport.consumeMessage(ParquetWriteSupport.scala:471)
	at org.apache.spark.sql.execution.datasources.parquet.ParquetWriteSupport.write(ParquetWriteSupport.scala:151)
	at org.apache.spark.sql.execution.datasources.parquet.ParquetWriteSupport.write(ParquetWriteSupport.scala:53)
	at org.apache.parquet.hadoop.InternalParquetRecordWriter.write(InternalParquetRecordWriter.java:138)
	at org.apache.parquet.hadoop.ParquetRecordWriter.write(ParquetRecordWriter.java:181)
	at org.apache.parquet.hadoop.ParquetRecordWriter.write(ParquetRecordWriter.java:43)
	at org.apache.spark.sql.execution.datasources.parquet.ParquetOutputWriter.write(ParquetOutputWriter.scala:39)
	at org.apache.spark.sql.execution.datasources.SingleDirectoryDataWriter.write(FileFormatDataWriter.scala:175)
	at org.apache.spark.sql.execution.datasources.FileFormatDataWriter.writeWithMetrics(FileFormatDataWriter.scala:85)
	at org.apache.spark.sql.execution.datasources.FileFormatDataWriter.writeWithIterator(FileFormatDataWriter.scala:92)
	at org.apache.spark.sql.execution.datasources.FileFormatWriter$.$anonfun$executeTask$1(FileFormatWriter.scala:403)
	at org.apache.spark.sql.execution.datasources.FileFormatWriter$$$Lambda$3809/0x000073e668fb28a0.apply(Unknown Source)
	at org.apache.spark.util.Utils$.tryWithSafeFinallyAndFailureCallbacks(Utils.scala:1397)
	at org.apache.spark.sql.execution.datasources.FileFormatWriter$.executeTask(FileFormatWriter.scala:410)
	at org.apache.spark.sql.execution.datasources.WriteFilesExec.$anonfun$doExecuteWrite$1(WriteFiles.scala:100)
	at org.apache.spark.sql.execution.datasources.WriteFilesExec$$Lambda$3468/0x000073e668eecdd0.apply(Unknown Source)
26/10/05 19:57:50 ERROR SparkUncaughtExceptionHandler: Uncaught exception in thread Thread[Executor task launch worker for task 5.0 in stage 5.0 (TID 17),5,main]
org.apache.spark.SparkException: [TASK_WRITE_FAILED] Task failed while writing rows to file:/opt/airflow/opt/airflow/data/lake/silver/silver_telemetry.
	at org.apache.spark.sql.errors.QueryExecutionErrors$.taskFailedWhileWritingRowsError(QueryExecutionErrors.scala:774)
	at org.apache.spark.sql.execution.datasources.FileFormatWriter$.executeTask(FileFormatWriter.scala:420)
	at org.apache.spark.sql.execution.datasources.WriteFilesExec.$anonfun$doExecuteWrite$1(WriteFiles.scala:100)
	at org.apache.spark.rdd.RDD.$anonfun$mapPartitionsInternal$2(RDD.scala:893)
	at org.apache.spark.rdd.RDD.$anonfun$mapPartitionsInternal$2$adapted(RDD.scala:893)
	at org.apache.spark.rdd.MapPartitionsRDD.compute(MapPartitionsRDD.scala:52)
	at org.apache.spark.rdd.RDD.computeOrReadCheckpoint(RDD.scala:367)
	at org.apache.spark.rdd.RDD.iterator(RDD.scala:331)
	at org.apache.spark.scheduler.ResultTask.runTask(ResultTask.scala:93)
	at org.apache.spark.TaskContext.runTaskWithListeners(TaskContext.scala:166)
	at org.apache.spark.scheduler.Task.run(Task.scala:141)
	at org.apache.spark.executor.Executor$TaskRunner.$anonfun$run$4(Executor.scala:620)
	at org.apache.spark.util.SparkErrorUtils.tryWithSafeFinally(SparkErrorUtils.scala:64)
	at org.apache.spark.util.SparkErrorUtils.tryWithSafeFinally$(SparkErrorUtils.scala:61)
	at org.apache.spark.util.Utils$.tryWithSafeFinally(Utils.scala:94)
	at org.apache.spark.executor.Executor$TaskRunner.run(Executor.scala:623)
	at java.base/java.util.concurrent.ThreadPoolExecutor.runWorker(ThreadPoolExecutor.java:1136)
	at java.base/java.util.concurrent.ThreadPoolExecutor$Worker.run(ThreadPoolExecutor.java:635)
	at java.base/java.lang.Thread.run(Thread.java:840)
Caused by: java.lang.OutOfMemoryError: Java heap space
26/10/05 19:57:50 ERROR SparkUncaughtExceptionHandler: [Container in shutdown] Uncaught exception in thread Thread[Executor task launch worker for task 6.0 in stage 5.0 (TID 18),5,main]
org.apache.spark.SparkException: [TASK_WRITE_FAILED] Task failed while writing rows to file:/opt/airflow/opt/airflow/data/lake/silver/silver_telemetry.
	at org.apache.spark.sql.errors.QueryExecutionErrors$.taskFailedWhileWritingRowsError(QueryExecutionErrors.scala:774)
	at org.apache.spark.sql.execution.datasources.FileFormatWriter$.executeTask(FileFormatWriter.scala:420)
	at org.apache.spark.sql.execution.datasources.WriteFilesExec.$anonfun$doExecuteWrite$1(WriteFiles.scala:100)
	at org.apache.spark.rdd.RDD.$anonfun$mapPartitionsInternal$2(RDD.scala:893)
	at org.apache.spark.rdd.RDD.$anonfun$mapPartitionsInternal$2$adapted(RDD.scala:893)
	at org.apache.spark.rdd.MapPartitionsRDD.compute(MapPartitionsRDD.scala:52)
	at org.apache.spark.rdd.RDD.computeOrReadCheckpoint(RDD.scala:367)
	at org.apache.spark.rdd.RDD.iterator(RDD.scala:331)
	at org.apache.spark.scheduler.ResultTask.runTask(ResultTask.scala:93)
	at org.apache.spark.TaskContext.runTaskWithListeners(TaskContext.scala:166)
	at org.apache.spark.scheduler.Task.run(Task.scala:141)
	at org.apache.spark.executor.Executor$TaskRunner.$anonfun$run$4(Executor.scala:620)
	at org.apache.spark.util.SparkErrorUtils.tryWithSafeFinally(SparkErrorUtils.scala:64)
	at org.apache.spark.util.SparkErrorUtils.tryWithSafeFinally$(SparkErrorUtils.scala:61)
	at org.apache.spark.util.Utils$.tryWithSafeFinally(Utils.scala:94)
	at org.apache.spark.executor.Executor$TaskRunner.run(Executor.scala:623)
	at java.base/java.util.concurrent.ThreadPoolExecutor.runWorker(ThreadPoolExecutor.java:1136)
	at java.base/java.util.concurrent.ThreadPoolExecutor$Worker.run(ThreadPoolExecutor.java:635)
	at java.base/java.lang.Thread.run(Thread.java:840)
Caused by: java.lang.OutOfMemoryError: Java heap space
	at shaded.parquet.it.unimi.dsi.fastutil.doubles.Double2IntLinkedOpenHashMap.rehash(Double2IntLinkedOpenHashMap.java:1847)
	at shaded.parquet.it.unimi.dsi.fastutil.doubles.Double2IntLinkedOpenHashMap.insert(Double2IntLinkedOpenHashMap.java:338)
	at shaded.parquet.it.unimi.dsi.fastutil.doubles.Double2IntLinkedOpenHashMap.put(Double2IntLinkedOpenHashMap.java:346)
	at org.apache.parquet.column.values.dictionary.DictionaryValuesWriter$PlainDoubleDictionaryValuesWriter.writeDouble(DictionaryValuesWriter.java:417)
	at org.apache.parquet.column.values.fallback.FallbackValuesWriter.writeDouble(FallbackValuesWriter.java:200)
	at org.apache.parquet.column.impl.ColumnWriterBase.write(ColumnWriterBase.java:203)
	at org.apache.parquet.io.MessageColumnIO$MessageColumnIORecordConsumer.addDouble(MessageColumnIO.java:496)
	at org.apache.spark.sql.execution.datasources.parquet.ParquetWriteSupport.$anonfun$makeWriter$8(ParquetWriteSupport.scala:200)
	at org.apache.spark.sql.execution.datasources.parquet.ParquetWriteSupport.$anonfun$makeWriter$8$adapted(ParquetWriteSupport.scala:199)
	at org.apache.spark.sql.execution.datasources.parquet.ParquetWriteSupport$$Lambda$3784/0x000073e668f80b80.apply(Unknown Source)
	at org.apache.spark.sql.execution.datasources.parquet.ParquetWriteSupport.$anonfun$writeFields$1(ParquetWriteSupport.scala:161)
	at org.apache.spark.sql.execution.datasources.parquet.ParquetWriteSupport$$Lambda$3817/0x000073e668fb48e0.apply$mcV$sp(Unknown Source)
	at org.apache.spark.sql.execution.datasources.parquet.ParquetWriteSupport.consumeField(ParquetWriteSupport.scala:483)
	at org.apache.spark.sql.execution.datasources.parquet.ParquetWriteSupport.writeFields(ParquetWriteSupport.scala:161)
	at org.apache.spark.sql.execution.datasources.parquet.ParquetWriteSupport.$anonfun$write$1(ParquetWriteSupport.scala:151)
	at org.apache.spark.sql.execution.datasources.parquet.ParquetWriteSupport$$Lambda$3816/0x000073e668fb45f0.apply$mcV$sp(Unknown Source)
	at org.apache.spark.sql.execution.datasources.parquet.ParquetWriteSupport.consumeMessage(ParquetWriteSupport.scala:471)
	at org.apache.spark.sql.execution.datasources.parquet.ParquetWriteSupport.write(ParquetWriteSupport.scala:151)
	at org.apache.spark.sql.execution.datasources.parquet.ParquetWriteSupport.write(ParquetWriteSupport.scala:53)
	at org.apache.parquet.hadoop.InternalParquetRecordWriter.write(InternalParquetRecordWriter.java:138)
	at org.apache.parquet.hadoop.ParquetRecordWriter.write(ParquetRecordWriter.java:181)
	at org.apache.parquet.hadoop.ParquetRecordWriter.write(ParquetRecordWriter.java:43)
	at org.apache.spark.sql.execution.datasources.parquet.ParquetOutputWriter.write(ParquetOutputWriter.scala:39)
	at org.apache.spark.sql.execution.datasources.SingleDirectoryDataWriter.write(FileFormatDataWriter.scala:175)
	at org.apache.spark.sql.execution.datasources.FileFormatDataWriter.writeWithMetrics(FileFormatDataWriter.scala:85)
	at org.apache.spark.sql.execution.datasources.FileFormatDataWriter.writeWithIterator(FileFormatDataWriter.scala:92)
	at org.apache.spark.sql.execution.datasources.FileFormatWriter$.$anonfun$executeTask$1(FileFormatWriter.scala:403)
	at org.apache.spark.sql.execution.datasources.FileFormatWriter$$$Lambda$3809/0x000073e668fb28a0.apply(Unknown Source)
	at org.apache.spark.util.Utils$.tryWithSafeFinallyAndFailureCallbacks(Utils.scala:1397)
	at org.apache.spark.sql.execution.datasources.FileFormatWriter$.executeTask(FileFormatWriter.scala:410)
	at org.apache.spark.sql.execution.datasources.WriteFilesExec.$anonfun$doExecuteWrite$1(WriteFiles.scala:100)
	at org.apache.spark.sql.execution.datasources.WriteFilesExec$$Lambda$3468/0x000073e668eecdd0.apply(Unknown Source)
26/10/05 19:57:50 INFO SparkContext: Invoking stop() from shutdown hook
26/10/05 19:57:50 INFO SparkContext: SparkContext is stopping with exitCode 0.
26/10/05 19:57:50 INFO ExternalAppendOnlyUnsafeRowArray: Reached spill threshold of 4096 rows, switching to org.apache.spark.util.collection.unsafe.sort.UnsafeExternalSorter
26/10/05 19:57:50 INFO TaskSetManager: Starting task 8.0 in stage 5.0 (TID 20) (5314212cbeb0, executor driver, partition 8, NODE_LOCAL, 7615 bytes) 
26/10/05 19:57:50 INFO ExternalAppendOnlyUnsafeRowArray: Reached spill threshold of 4096 rows, switching to org.apache.spark.util.collection.unsafe.sort.UnsafeExternalSorter
26/10/05 19:57:50 WARN TaskSetManager: Lost task 5.0 in stage 5.0 (TID 17) (5314212cbeb0 executor driver): org.apache.spark.SparkException: [TASK_WRITE_FAILED] Task failed while writing rows to file:/opt/airflow/opt/airflow/data/lake/silver/silver_telemetry.
	at org.apache.spark.sql.errors.QueryExecutionErrors$.taskFailedWhileWritingRowsError(QueryExecutionErrors.scala:774)
	at org.apache.spark.sql.execution.datasources.FileFormatWriter$.executeTask(FileFormatWriter.scala:420)
	at org.apache.spark.sql.execution.datasources.WriteFilesExec.$anonfun$doExecuteWrite$1(WriteFiles.scala:100)
	at org.apache.spark.rdd.RDD.$anonfun$mapPartitionsInternal$2(RDD.scala:893)
	at org.apache.spark.rdd.RDD.$anonfun$mapPartitionsInternal$2$adapted(RDD.scala:893)
	at org.apache.spark.rdd.MapPartitionsRDD.compute(MapPartitionsRDD.scala:52)
	at org.apache.spark.rdd.RDD.computeOrReadCheckpoint(RDD.scala:367)
	at org.apache.spark.rdd.RDD.iterator(RDD.scala:331)
	at org.apache.spark.scheduler.ResultTask.runTask(ResultTask.scala:93)
	at org.apache.spark.TaskContext.runTaskWithListeners(TaskContext.scala:166)
	at org.apache.spark.scheduler.Task.run(Task.scala:141)
	at org.apache.spark.executor.Executor$TaskRunner.$anonfun$run$4(Executor.scala:620)
	at org.apache.spark.util.SparkErrorUtils.tryWithSafeFinally(SparkErrorUtils.scala:64)
	at org.apache.spark.util.SparkErrorUtils.tryWithSafeFinally$(SparkErrorUtils.scala:61)
	at org.apache.spark.util.Utils$.tryWithSafeFinally(Utils.scala:94)
	at org.apache.spark.executor.Executor$TaskRunner.run(Executor.scala:623)
	at java.base/java.util.concurrent.ThreadPoolExecutor.runWorker(ThreadPoolExecutor.java:1136)
	at java.base/java.util.concurrent.ThreadPoolExecutor$Worker.run(ThreadPoolExecutor.java:635)
	at java.base/java.lang.Thread.run(Thread.java:840)
Caused by: java.lang.OutOfMemoryError: Java heap space

26/10/05 19:57:50 INFO ExternalAppendOnlyUnsafeRowArray: Reached spill threshold of 4096 rows, switching to org.apache.spark.util.collection.unsafe.sort.UnsafeExternalSorter
26/10/05 19:57:50 ERROR Inbox: Ignoring error
java.util.concurrent.RejectedExecutionException: Task org.apache.spark.executor.Executor$TaskRunner@513f69ad rejected from java.util.concurrent.ThreadPoolExecutor@24326c19[Shutting down, pool size = 6, active threads = 6, queued tasks = 0, completed tasks = 14]
	at java.base/java.util.concurrent.ThreadPoolExecutor$AbortPolicy.rejectedExecution(ThreadPoolExecutor.java:2065)
	at java.base/java.util.concurrent.ThreadPoolExecutor.reject(ThreadPoolExecutor.java:833)
	at java.base/java.util.concurrent.ThreadPoolExecutor.execute(ThreadPoolExecutor.java:1365)
	at org.apache.spark.executor.Executor.launchTask(Executor.scala:363)
	at org.apache.spark.scheduler.local.LocalEndpoint.$anonfun$reviveOffers$1(LocalSchedulerBackend.scala:93)
	at org.apache.spark.scheduler.local.LocalEndpoint.$anonfun$reviveOffers$1$adapted(LocalSchedulerBackend.scala:91)
	at scala.collection.Iterator.foreach(Iterator.scala:943)
	at scala.collection.Iterator.foreach$(Iterator.scala:943)
	at scala.collection.AbstractIterator.foreach(Iterator.scala:1431)
	at scala.collection.IterableLike.foreach(IterableLike.scala:74)
	at scala.collection.IterableLike.foreach$(IterableLike.scala:73)
	at scala.collection.AbstractIterable.foreach(Iterable.scala:56)
	at org.apache.spark.scheduler.local.LocalEndpoint.reviveOffers(LocalSchedulerBackend.scala:91)
	at org.apache.spark.scheduler.local.LocalEndpoint$$anonfun$receive$1.applyOrElse(LocalSchedulerBackend.scala:74)
	at org.apache.spark.rpc.netty.Inbox.$anonfun$process$1(Inbox.scala:115)
	at org.apache.spark.rpc.netty.Inbox.safelyCall(Inbox.scala:213)
	at org.apache.spark.rpc.netty.Inbox.process(Inbox.scala:100)
	at org.apache.spark.rpc.netty.MessageLoop.org$apache$spark$rpc$netty$MessageLoop$$receiveLoop(MessageLoop.scala:75)
	at org.apache.spark.rpc.netty.MessageLoop$$anon$1.run(MessageLoop.scala:41)
	at java.base/java.util.concurrent.ThreadPoolExecutor.runWorker(ThreadPoolExecutor.java:1136)
	at java.base/java.util.concurrent.ThreadPoolExecutor$Worker.run(ThreadPoolExecutor.java:635)
	at java.base/java.lang.Thread.run(Thread.java:840)
26/10/05 19:57:50 ERROR TaskSetManager: Task 5 in stage 5.0 failed 1 times; aborting job
26/10/05 19:57:50 INFO ExternalAppendOnlyUnsafeRowArray: Reached spill threshold of 4096 rows, switching to org.apache.spark.util.collection.unsafe.sort.UnsafeExternalSorter
26/10/05 19:57:50 INFO SparkUI: Stopped Spark web UI at http://5314212cbeb0:4040
26/10/05 19:57:50 INFO TaskSetManager: Lost task 3.0 in stage 5.0 (TID 15) on 5314212cbeb0, executor driver: org.apache.spark.SparkException ([TASK_WRITE_FAILED] Task failed while writing rows to file:/opt/airflow/opt/airflow/data/lake/silver/silver_telemetry.) [duplicate 1]
26/10/05 19:57:50 INFO TaskSchedulerImpl: Cancelling stage 5
26/10/05 19:57:50 INFO TaskSchedulerImpl: Killing all running tasks in stage 5: Stage cancelled: Job aborted due to stage failure: Task 5 in stage 5.0 failed 1 times, most recent failure: Lost task 5.0 in stage 5.0 (TID 17) (5314212cbeb0 executor driver): org.apache.spark.SparkException: [TASK_WRITE_FAILED] Task failed while writing rows to file:/opt/airflow/opt/airflow/data/lake/silver/silver_telemetry.
	at org.apache.spark.sql.errors.QueryExecutionErrors$.taskFailedWhileWritingRowsError(QueryExecutionErrors.scala:774)
	at org.apache.spark.sql.execution.datasources.FileFormatWriter$.executeTask(FileFormatWriter.scala:420)
	at org.apache.spark.sql.execution.datasources.WriteFilesExec.$anonfun$doExecuteWrite$1(WriteFiles.scala:100)
	at org.apache.spark.rdd.RDD.$anonfun$mapPartitionsInternal$2(RDD.scala:893)
	at org.apache.spark.rdd.RDD.$anonfun$mapPartitionsInternal$2$adapted(RDD.scala:893)
	at org.apache.spark.rdd.MapPartitionsRDD.compute(MapPartitionsRDD.scala:52)
	at org.apache.spark.rdd.RDD.computeOrReadCheckpoint(RDD.scala:367)
	at org.apache.spark.rdd.RDD.iterator(RDD.scala:331)
	at org.apache.spark.scheduler.ResultTask.runTask(ResultTask.scala:93)
	at org.apache.spark.TaskContext.runTaskWithListeners(TaskContext.scala:166)
	at org.apache.spark.scheduler.Task.run(Task.scala:141)
	at org.apache.spark.executor.Executor$TaskRunner.$anonfun$run$4(Executor.scala:620)
	at org.apache.spark.util.SparkErrorUtils.tryWithSafeFinally(SparkErrorUtils.scala:64)
	at org.apache.spark.util.SparkErrorUtils.tryWithSafeFinally$(SparkErrorUtils.scala:61)
	at org.apache.spark.util.Utils$.tryWithSafeFinally(Utils.scala:94)
	at org.apache.spark.executor.Executor$TaskRunner.run(Executor.scala:623)
	at java.base/java.util.concurrent.ThreadPoolExecutor.runWorker(ThreadPoolExecutor.java:1136)
	at java.base/java.util.concurrent.ThreadPoolExecutor$Worker.run(ThreadPoolExecutor.java:635)
	at java.base/java.lang.Thread.run(Thread.java:840)
Caused by: java.lang.OutOfMemoryError: Java heap space

Driver stacktrace:
26/10/05 19:57:50 INFO ExternalAppendOnlyUnsafeRowArray: Reached spill threshold of 4096 rows, switching to org.apache.spark.util.collection.unsafe.sort.UnsafeExternalSorter
26/10/05 19:57:50 INFO Executor: Executor is trying to kill task 0.0 in stage 5.0 (TID 12), reason: Stage cancelled: Job aborted due to stage failure: Task 5 in stage 5.0 failed 1 times, most recent failure: Lost task 5.0 in stage 5.0 (TID 17) (5314212cbeb0 executor driver): org.apache.spark.SparkException: [TASK_WRITE_FAILED] Task failed while writing rows to file:/opt/airflow/opt/airflow/data/lake/silver/silver_telemetry.
	at org.apache.spark.sql.errors.QueryExecutionErrors$.taskFailedWhileWritingRowsError(QueryExecutionErrors.scala:774)
	at org.apache.spark.sql.execution.datasources.FileFormatWriter$.executeTask(FileFormatWriter.scala:420)
	at org.apache.spark.sql.execution.datasources.WriteFilesExec.$anonfun$doExecuteWrite$1(WriteFiles.scala:100)
	at org.apache.spark.rdd.RDD.$anonfun$mapPartitionsInternal$2(RDD.scala:893)
	at org.apache.spark.rdd.RDD.$anonfun$mapPartitionsInternal$2$adapted(RDD.scala:893)
	at org.apache.spark.rdd.MapPartitionsRDD.compute(MapPartitionsRDD.scala:52)
	at org.apache.spark.rdd.RDD.computeOrReadCheckpoint(RDD.scala:367)
	at org.apache.spark.rdd.RDD.iterator(RDD.scala:331)
	at org.apache.spark.scheduler.ResultTask.runTask(ResultTask.scala:93)
	at org.apache.spark.TaskContext.runTaskWithListeners(TaskContext.scala:166)
	at org.apache.spark.scheduler.Task.run(Task.scala:141)
	at org.apache.spark.executor.Executor$TaskRunner.$anonfun$run$4(Executor.scala:620)
	at org.apache.spark.util.SparkErrorUtils.tryWithSafeFinally(SparkErrorUtils.scala:64)
	at org.apache.spark.util.SparkErrorUtils.tryWithSafeFinally$(SparkErrorUtils.scala:61)
	at org.apache.spark.util.Utils$.tryWithSafeFinally(Utils.scala:94)
	at org.apache.spark.executor.Executor$TaskRunner.run(Executor.scala:623)
	at java.base/java.util.concurrent.ThreadPoolExecutor.runWorker(ThreadPoolExecutor.java:1136)
	at java.base/java.util.concurrent.ThreadPoolExecutor$Worker.run(ThreadPoolExecutor.java:635)
	at java.base/java.lang.Thread.run(Thread.java:840)
Caused by: java.lang.OutOfMemoryError: Java heap space

Driver stacktrace:
26/10/05 19:57:50 INFO Executor: Executor is trying to kill task 7.0 in stage 5.0 (TID 19), reason: Stage cancelled: Job aborted due to stage failure: Task 5 in stage 5.0 failed 1 times, most recent failure: Lost task 5.0 in stage 5.0 (TID 17) (5314212cbeb0 executor driver): org.apache.spark.SparkException: [TASK_WRITE_FAILED] Task failed while writing rows to file:/opt/airflow/opt/airflow/data/lake/silver/silver_telemetry.
	at org.apache.spark.sql.errors.QueryExecutionErrors$.taskFailedWhileWritingRowsError(QueryExecutionErrors.scala:774)
	at org.apache.spark.sql.execution.datasources.FileFormatWriter$.executeTask(FileFormatWriter.scala:420)
	at org.apache.spark.sql.execution.datasources.WriteFilesExec.$anonfun$doExecuteWrite$1(WriteFiles.scala:100)
	at org.apache.spark.rdd.RDD.$anonfun$mapPartitionsInternal$2(RDD.scala:893)
	at org.apache.spark.rdd.RDD.$anonfun$mapPartitionsInternal$2$adapted(RDD.scala:893)
	at org.apache.spark.rdd.MapPartitionsRDD.compute(MapPartitionsRDD.scala:52)
	at org.apache.spark.rdd.RDD.computeOrReadCheckpoint(RDD.scala:367)
	at org.apache.spark.rdd.RDD.iterator(RDD.scala:331)
	at org.apache.spark.scheduler.ResultTask.runTask(ResultTask.scala:93)
	at org.apache.spark.TaskContext.runTaskWithListeners(TaskContext.scala:166)
	at org.apache.spark.scheduler.Task.run(Task.scala:141)
	at org.apache.spark.executor.Executor$TaskRunner.$anonfun$run$4(Executor.scala:620)
	at org.apache.spark.util.SparkErrorUtils.tryWithSafeFinally(SparkErrorUtils.scala:64)
	at org.apache.spark.util.SparkErrorUtils.tryWithSafeFinally$(SparkErrorUtils.scala:61)
	at org.apache.spark.util.Utils$.tryWithSafeFinally(Utils.scala:94)
	at org.apache.spark.executor.Executor$TaskRunner.run(Executor.scala:623)
	at java.base/java.util.concurrent.ThreadPoolExecutor.runWorker(ThreadPoolExecutor.java:1136)
	at java.base/java.util.concurrent.ThreadPoolExecutor$Worker.run(ThreadPoolExecutor.java:635)
	at java.base/java.lang.Thread.run(Thread.java:840)
Caused by: java.lang.OutOfMemoryError: Java heap space

Driver stacktrace:
26/10/05 19:57:50 INFO Executor: Executor is trying to kill task 4.0 in stage 5.0 (TID 16), reason: Stage cancelled: Job aborted due to stage failure: Task 5 in stage 5.0 failed 1 times, most recent failure: Lost task 5.0 in stage 5.0 (TID 17) (5314212cbeb0 executor driver): org.apache.spark.SparkException: [TASK_WRITE_FAILED] Task failed while writing rows to file:/opt/airflow/opt/airflow/data/lake/silver/silver_telemetry.
	at org.apache.spark.sql.errors.QueryExecutionErrors$.taskFailedWhileWritingRowsError(QueryExecutionErrors.scala:774)
	at org.apache.spark.sql.execution.datasources.FileFormatWriter$.executeTask(FileFormatWriter.scala:420)
	at org.apache.spark.sql.execution.datasources.WriteFilesExec.$anonfun$doExecuteWrite$1(WriteFiles.scala:100)
	at org.apache.spark.rdd.RDD.$anonfun$mapPartitionsInternal$2(RDD.scala:893)
	at org.apache.spark.rdd.RDD.$anonfun$mapPartitionsInternal$2$adapted(RDD.scala:893)
	at org.apache.spark.rdd.MapPartitionsRDD.compute(MapPartitionsRDD.scala:52)
	at org.apache.spark.rdd.RDD.computeOrReadCheckpoint(RDD.scala:367)
	at org.apache.spark.rdd.RDD.iterator(RDD.scala:331)
	at org.apache.spark.scheduler.ResultTask.runTask(ResultTask.scala:93)
	at org.apache.spark.TaskContext.runTaskWithListeners(TaskContext.scala:166)
	at org.apache.spark.scheduler.Task.run(Task.scala:141)
	at org.apache.spark.executor.Executor$TaskRunner.$anonfun$run$4(Executor.scala:620)
	at org.apache.spark.util.SparkErrorUtils.tryWithSafeFinally(SparkErrorUtils.scala:64)
	at org.apache.spark.util.SparkErrorUtils.tryWithSafeFinally$(SparkErrorUtils.scala:61)
	at org.apache.spark.util.Utils$.tryWithSafeFinally(Utils.scala:94)
	at org.apache.spark.executor.Executor$TaskRunner.run(Executor.scala:623)
	at java.base/java.util.concurrent.ThreadPoolExecutor.runWorker(ThreadPoolExecutor.java:1136)
	at java.base/java.util.concurrent.ThreadPoolExecutor$Worker.run(ThreadPoolExecutor.java:635)
	at java.base/java.lang.Thread.run(Thread.java:840)
Caused by: java.lang.OutOfMemoryError: Java heap space

Driver stacktrace:
26/10/05 19:57:50 INFO Executor: Executor is trying to kill task 1.0 in stage 5.0 (TID 13), reason: Stage cancelled: Job aborted due to stage failure: Task 5 in stage 5.0 failed 1 times, most recent failure: Lost task 5.0 in stage 5.0 (TID 17) (5314212cbeb0 executor driver): org.apache.spark.SparkException: [TASK_WRITE_FAILED] Task failed while writing rows to file:/opt/airflow/opt/airflow/data/lake/silver/silver_telemetry.
	at org.apache.spark.sql.errors.QueryExecutionErrors$.taskFailedWhileWritingRowsError(QueryExecutionErrors.scala:774)
	at org.apache.spark.sql.execution.datasources.FileFormatWriter$.executeTask(FileFormatWriter.scala:420)
	at org.apache.spark.sql.execution.datasources.WriteFilesExec.$anonfun$doExecuteWrite$1(WriteFiles.scala:100)
	at org.apache.spark.rdd.RDD.$anonfun$mapPartitionsInternal$2(RDD.scala:893)
	at org.apache.spark.rdd.RDD.$anonfun$mapPartitionsInternal$2$adapted(RDD.scala:893)
	at org.apache.spark.rdd.MapPartitionsRDD.compute(MapPartitionsRDD.scala:52)
	at org.apache.spark.rdd.RDD.computeOrReadCheckpoint(RDD.scala:367)
	at org.apache.spark.rdd.RDD.iterator(RDD.scala:331)
	at org.apache.spark.scheduler.ResultTask.runTask(ResultTask.scala:93)
	at org.apache.spark.TaskContext.runTaskWithListeners(TaskContext.scala:166)
	at org.apache.spark.scheduler.Task.run(Task.scala:141)
	at org.apache.spark.executor.Executor$TaskRunner.$anonfun$run$4(Executor.scala:620)
	at org.apache.spark.util.SparkErrorUtils.tryWithSafeFinally(SparkErrorUtils.scala:64)
	at org.apache.spark.util.SparkErrorUtils.tryWithSafeFinally$(SparkErrorUtils.scala:61)
	at org.apache.spark.util.Utils$.tryWithSafeFinally(Utils.scala:94)
	at org.apache.spark.executor.Executor$TaskRunner.run(Executor.scala:623)
	at java.base/java.util.concurrent.ThreadPoolExecutor.runWorker(ThreadPoolExecutor.java:1136)
	at java.base/java.util.concurrent.ThreadPoolExecutor$Worker.run(ThreadPoolExecutor.java:635)
	at java.base/java.lang.Thread.run(Thread.java:840)
Caused by: java.lang.OutOfMemoryError: Java heap space

Driver stacktrace:
26/10/05 19:57:50 INFO Executor: Executor is trying to kill task 8.0 in stage 5.0 (TID 20), reason: Stage cancelled: Job aborted due to stage failure: Task 5 in stage 5.0 failed 1 times, most recent failure: Lost task 5.0 in stage 5.0 (TID 17) (5314212cbeb0 executor driver): org.apache.spark.SparkException: [TASK_WRITE_FAILED] Task failed while writing rows to file:/opt/airflow/opt/airflow/data/lake/silver/silver_telemetry.
	at org.apache.spark.sql.errors.QueryExecutionErrors$.taskFailedWhileWritingRowsError(QueryExecutionErrors.scala:774)
	at org.apache.spark.sql.execution.datasources.FileFormatWriter$.executeTask(FileFormatWriter.scala:420)
	at org.apache.spark.sql.execution.datasources.WriteFilesExec.$anonfun$doExecuteWrite$1(WriteFiles.scala:100)
	at org.apache.spark.rdd.RDD.$anonfun$mapPartitionsInternal$2(RDD.scala:893)
	at org.apache.spark.rdd.RDD.$anonfun$mapPartitionsInternal$2$adapted(RDD.scala:893)
	at org.apache.spark.rdd.MapPartitionsRDD.compute(MapPartitionsRDD.scala:52)
	at org.apache.spark.rdd.RDD.computeOrReadCheckpoint(RDD.scala:367)
	at org.apache.spark.rdd.RDD.iterator(RDD.scala:331)
	at org.apache.spark.scheduler.ResultTask.runTask(ResultTask.scala:93)
	at org.apache.spark.TaskContext.runTaskWithListeners(TaskContext.scala:166)
	at org.apache.spark.scheduler.Task.run(Task.scala:141)
	at org.apache.spark.executor.Executor$TaskRunner.$anonfun$run$4(Executor.scala:620)
	at org.apache.spark.util.SparkErrorUtils.tryWithSafeFinally(SparkErrorUtils.scala:64)
	at org.apache.spark.util.SparkErrorUtils.tryWithSafeFinally$(SparkErrorUtils.scala:61)
	at org.apache.spark.util.Utils$.tryWithSafeFinally(Utils.scala:94)
	at org.apache.spark.executor.Executor$TaskRunner.run(Executor.scala:623)
	at java.base/java.util.concurrent.ThreadPoolExecutor.runWorker(ThreadPoolExecutor.java:1136)
	at java.base/java.util.concurrent.ThreadPoolExecutor$Worker.run(ThreadPoolExecutor.java:635)
	at java.base/java.lang.Thread.run(Thread.java:840)
Caused by: java.lang.OutOfMemoryError: Java heap space

Driver stacktrace:
26/10/05 19:57:50 INFO Executor: Executor is trying to kill task 2.0 in stage 5.0 (TID 14), reason: Stage cancelled: Job aborted due to stage failure: Task 5 in stage 5.0 failed 1 times, most recent failure: Lost task 5.0 in stage 5.0 (TID 17) (5314212cbeb0 executor driver): org.apache.spark.SparkException: [TASK_WRITE_FAILED] Task failed while writing rows to file:/opt/airflow/opt/airflow/data/lake/silver/silver_telemetry.
	at org.apache.spark.sql.errors.QueryExecutionErrors$.taskFailedWhileWritingRowsError(QueryExecutionErrors.scala:774)
	at org.apache.spark.sql.execution.datasources.FileFormatWriter$.executeTask(FileFormatWriter.scala:420)
	at org.apache.spark.sql.execution.datasources.WriteFilesExec.$anonfun$doExecuteWrite$1(WriteFiles.scala:100)
	at org.apache.spark.rdd.RDD.$anonfun$mapPartitionsInternal$2(RDD.scala:893)
	at org.apache.spark.rdd.RDD.$anonfun$mapPartitionsInternal$2$adapted(RDD.scala:893)
	at org.apache.spark.rdd.MapPartitionsRDD.compute(MapPartitionsRDD.scala:52)
	at org.apache.spark.rdd.RDD.computeOrReadCheckpoint(RDD.scala:367)
	at org.apache.spark.rdd.RDD.iterator(RDD.scala:331)
	at org.apache.spark.scheduler.ResultTask.runTask(ResultTask.scala:93)
	at org.apache.spark.TaskContext.runTaskWithListeners(TaskContext.scala:166)
	at org.apache.spark.scheduler.Task.run(Task.scala:141)
	at org.apache.spark.executor.Executor$TaskRunner.$anonfun$run$4(Executor.scala:620)
	at org.apache.spark.util.SparkErrorUtils.tryWithSafeFinally(SparkErrorUtils.scala:64)
	at org.apache.spark.util.SparkErrorUtils.tryWithSafeFinally$(SparkErrorUtils.scala:61)
	at org.apache.spark.util.Utils$.tryWithSafeFinally(Utils.scala:94)
	at org.apache.spark.executor.Executor$TaskRunner.run(Executor.scala:623)
	at java.base/java.util.concurrent.ThreadPoolExecutor.runWorker(ThreadPoolExecutor.java:1136)
	at java.base/java.util.concurrent.ThreadPoolExecutor$Worker.run(ThreadPoolExecutor.java:635)
	at java.base/java.lang.Thread.run(Thread.java:840)
Caused by: java.lang.OutOfMemoryError: Java heap space

Driver stacktrace:
26/10/05 19:57:50 ERROR Utils: Aborting task
org.apache.spark.TaskKilledException
	at org.apache.spark.TaskContextImpl.killTaskIfInterrupted(TaskContextImpl.scala:267)
	at org.apache.spark.util.collection.unsafe.sort.UnsafeInMemorySorter$SortedIterator.loadNext(UnsafeInMemorySorter.java:310)
	at org.apache.spark.sql.execution.ExternalAppendOnlyUnsafeRowArray$SpillableArrayIterator.next(ExternalAppendOnlyUnsafeRowArray.scala:233)
	at org.apache.spark.sql.execution.ExternalAppendOnlyUnsafeRowArray$SpillableArrayIterator.next(ExternalAppendOnlyUnsafeRowArray.scala:222)
	at org.apache.spark.sql.execution.window.WindowExec$$anon$1.next(WindowExec.scala:184)
	at org.apache.spark.sql.execution.window.WindowExec$$anon$1.next(WindowExec.scala:107)
	at org.apache.spark.sql.execution.datasources.FileFormatDataWriter.writeWithIterator(FileFormatDataWriter.scala:92)
	at org.apache.spark.sql.execution.datasources.FileFormatWriter$.$anonfun$executeTask$1(FileFormatWriter.scala:403)
	at org.apache.spark.util.Utils$.tryWithSafeFinallyAndFailureCallbacks(Utils.scala:1397)
	at org.apache.spark.sql.execution.datasources.FileFormatWriter$.executeTask(FileFormatWriter.scala:410)
	at org.apache.spark.sql.execution.datasources.WriteFilesExec.$anonfun$doExecuteWrite$1(WriteFiles.scala:100)
	at org.apache.spark.rdd.RDD.$anonfun$mapPartitionsInternal$2(RDD.scala:893)
	at org.apache.spark.rdd.RDD.$anonfun$mapPartitionsInternal$2$adapted(RDD.scala:893)
	at org.apache.spark.rdd.MapPartitionsRDD.compute(MapPartitionsRDD.scala:52)
	at org.apache.spark.rdd.RDD.computeOrReadCheckpoint(RDD.scala:367)
	at org.apache.spark.rdd.RDD.iterator(RDD.scala:331)
	at org.apache.spark.scheduler.ResultTask.runTask(ResultTask.scala:93)
	at org.apache.spark.TaskContext.runTaskWithListeners(TaskContext.scala:166)
	at org.apache.spark.scheduler.Task.run(Task.scala:141)
	at org.apache.spark.executor.Executor$TaskRunner.$anonfun$run$4(Executor.scala:620)
	at org.apache.spark.util.SparkErrorUtils.tryWithSafeFinally(SparkErrorUtils.scala:64)
	at org.apache.spark.util.SparkErrorUtils.tryWithSafeFinally$(SparkErrorUtils.scala:61)
	at org.apache.spark.util.Utils$.tryWithSafeFinally(Utils.scala:94)
	at org.apache.spark.executor.Executor$TaskRunner.run(Executor.scala:623)
	at java.base/java.util.concurrent.ThreadPoolExecutor.runWorker(ThreadPoolExecutor.java:1136)
	at java.base/java.util.concurrent.ThreadPoolExecutor$Worker.run(ThreadPoolExecutor.java:635)
	at java.base/java.lang.Thread.run(Thread.java:840)
26/10/05 19:57:50 INFO TaskSchedulerImpl: Stage 5 was cancelled
26/10/05 19:57:50 INFO TaskSetManager: Lost task 6.0 in stage 5.0 (TID 18) on 5314212cbeb0, executor driver: org.apache.spark.SparkException ([TASK_WRITE_FAILED] Task failed while writing rows to file:/opt/airflow/opt/airflow/data/lake/silver/silver_telemetry.) [duplicate 2]
26/10/05 19:57:50 ERROR Utils: Aborting task
org.apache.spark.TaskKilledException
	at org.apache.spark.TaskContextImpl.killTaskIfInterrupted(TaskContextImpl.scala:267)
	at org.apache.spark.util.collection.unsafe.sort.UnsafeInMemorySorter$SortedIterator.loadNext(UnsafeInMemorySorter.java:310)
	at org.apache.spark.sql.execution.ExternalAppendOnlyUnsafeRowArray$SpillableArrayIterator.next(ExternalAppendOnlyUnsafeRowArray.scala:233)
	at org.apache.spark.sql.execution.ExternalAppendOnlyUnsafeRowArray$SpillableArrayIterator.next(ExternalAppendOnlyUnsafeRowArray.scala:222)
	at org.apache.spark.sql.execution.window.WindowExec$$anon$1.next(WindowExec.scala:184)
	at org.apache.spark.sql.execution.window.WindowExec$$anon$1.next(WindowExec.scala:107)
	at org.apache.spark.sql.execution.datasources.FileFormatDataWriter.writeWithIterator(FileFormatDataWriter.scala:92)
	at org.apache.spark.sql.execution.datasources.FileFormatWriter$.$anonfun$executeTask$1(FileFormatWriter.scala:403)
	at org.apache.spark.util.Utils$.tryWithSafeFinallyAndFailureCallbacks(Utils.scala:1397)
	at org.apache.spark.sql.execution.datasources.FileFormatWriter$.executeTask(FileFormatWriter.scala:410)
	at org.apache.spark.sql.execution.datasources.WriteFilesExec.$anonfun$doExecuteWrite$1(WriteFiles.scala:100)
	at org.apache.spark.rdd.RDD.$anonfun$mapPartitionsInternal$2(RDD.scala:893)
	at org.apache.spark.rdd.RDD.$anonfun$mapPartitionsInternal$2$adapted(RDD.scala:893)
	at org.apache.spark.rdd.MapPartitionsRDD.compute(MapPartitionsRDD.scala:52)
	at org.apache.spark.rdd.RDD.computeOrReadCheckpoint(RDD.scala:367)
	at org.apache.spark.rdd.RDD.iterator(RDD.scala:331)
	at org.apache.spark.scheduler.ResultTask.runTask(ResultTask.scala:93)
	at org.apache.spark.TaskContext.runTaskWithListeners(TaskContext.scala:166)
	at org.apache.spark.scheduler.Task.run(Task.scala:141)
	at org.apache.spark.executor.Executor$TaskRunner.$anonfun$run$4(Executor.scala:620)
	at org.apache.spark.util.SparkErrorUtils.tryWithSafeFinally(SparkErrorUtils.scala:64)
	at org.apache.spark.util.SparkErrorUtils.tryWithSafeFinally$(SparkErrorUtils.scala:61)
	at org.apache.spark.util.Utils$.tryWithSafeFinally(Utils.scala:94)
	at org.apache.spark.executor.Executor$TaskRunner.run(Executor.scala:623)
	at java.base/java.util.concurrent.ThreadPoolExecutor.runWorker(ThreadPoolExecutor.java:1136)
	at java.base/java.util.concurrent.ThreadPoolExecutor$Worker.run(ThreadPoolExecutor.java:635)
	at java.base/java.lang.Thread.run(Thread.java:840)
26/10/05 19:57:50 INFO DAGScheduler: ResultStage 5 (parquet at NativeMethodAccessorImpl.java:0) failed in 9.782 s due to Job aborted due to stage failure: Task 5 in stage 5.0 failed 1 times, most recent failure: Lost task 5.0 in stage 5.0 (TID 17) (5314212cbeb0 executor driver): org.apache.spark.SparkException: [TASK_WRITE_FAILED] Task failed while writing rows to file:/opt/airflow/opt/airflow/data/lake/silver/silver_telemetry.
	at org.apache.spark.sql.errors.QueryExecutionErrors$.taskFailedWhileWritingRowsError(QueryExecutionErrors.scala:774)
	at org.apache.spark.sql.execution.datasources.FileFormatWriter$.executeTask(FileFormatWriter.scala:420)
	at org.apache.spark.sql.execution.datasources.WriteFilesExec.$anonfun$doExecuteWrite$1(WriteFiles.scala:100)
	at org.apache.spark.rdd.RDD.$anonfun$mapPartitionsInternal$2(RDD.scala:893)
	at org.apache.spark.rdd.RDD.$anonfun$mapPartitionsInternal$2$adapted(RDD.scala:893)
	at org.apache.spark.rdd.MapPartitionsRDD.compute(MapPartitionsRDD.scala:52)
	at org.apache.spark.rdd.RDD.computeOrReadCheckpoint(RDD.scala:367)
	at org.apache.spark.rdd.RDD.iterator(RDD.scala:331)
	at org.apache.spark.scheduler.ResultTask.runTask(ResultTask.scala:93)
	at org.apache.spark.TaskContext.runTaskWithListeners(TaskContext.scala:166)
	at org.apache.spark.scheduler.Task.run(Task.scala:141)
	at org.apache.spark.executor.Executor$TaskRunner.$anonfun$run$4(Executor.scala:620)
	at org.apache.spark.util.SparkErrorUtils.tryWithSafeFinally(SparkErrorUtils.scala:64)
	at org.apache.spark.util.SparkErrorUtils.tryWithSafeFinally$(SparkErrorUtils.scala:61)
	at org.apache.spark.util.Utils$.tryWithSafeFinally(Utils.scala:94)
	at org.apache.spark.executor.Executor$TaskRunner.run(Executor.scala:623)
	at java.base/java.util.concurrent.ThreadPoolExecutor.runWorker(ThreadPoolExecutor.java:1136)
	at java.base/java.util.concurrent.ThreadPoolExecutor$Worker.run(ThreadPoolExecutor.java:635)
	at java.base/java.lang.Thread.run(Thread.java:840)
Caused by: java.lang.OutOfMemoryError: Java heap space

Driver stacktrace:
26/10/05 19:57:50 INFO DAGScheduler: Job 4 failed: parquet at NativeMethodAccessorImpl.java:0, took 9.805089 s
26/10/05 19:57:50 ERROR Utils: Aborting task
org.apache.spark.TaskKilledException
	at org.apache.spark.TaskContextImpl.killTaskIfInterrupted(TaskContextImpl.scala:267)
	at org.apache.spark.util.collection.unsafe.sort.UnsafeInMemorySorter$SortedIterator.loadNext(UnsafeInMemorySorter.java:310)
	at org.apache.spark.sql.execution.ExternalAppendOnlyUnsafeRowArray$SpillableArrayIterator.next(ExternalAppendOnlyUnsafeRowArray.scala:233)
	at org.apache.spark.sql.execution.ExternalAppendOnlyUnsafeRowArray$SpillableArrayIterator.next(ExternalAppendOnlyUnsafeRowArray.scala:222)
	at org.apache.spark.sql.execution.window.WindowExec$$anon$1.next(WindowExec.scala:184)
	at org.apache.spark.sql.execution.window.WindowExec$$anon$1.next(WindowExec.scala:107)
	at org.apache.spark.sql.catalyst.expressions.GeneratedClass$GeneratedIteratorForCodegenStage4.processNext(Unknown Source)
	at org.apache.spark.sql.execution.BufferedRowIterator.hasNext(BufferedRowIterator.java:43)
	at org.apache.spark.sql.execution.WholeStageCodegenEvaluatorFactory$WholeStageCodegenPartitionEvaluator$$anon$1.hasNext(WholeStageCodegenEvaluatorFactory.scala:43)
	at org.apache.spark.sql.execution.window.WindowExec$$anon$1.fetchNextRow(WindowExec.scala:118)
	at org.apache.spark.sql.execution.window.WindowExec$$anon$1.fetchNextPartition(WindowExec.scala:148)
	at org.apache.spark.sql.execution.window.WindowExec$$anon$1.next(WindowExec.scala:180)
	at org.apache.spark.sql.execution.window.WindowExec$$anon$1.next(WindowExec.scala:107)
	at org.apache.spark.sql.execution.datasources.FileFormatDataWriter.writeWithIterator(FileFormatDataWriter.scala:92)
	at org.apache.spark.sql.execution.datasources.FileFormatWriter$.$anonfun$executeTask$1(FileFormatWriter.scala:403)
	at org.apache.spark.util.Utils$.tryWithSafeFinallyAndFailureCallbacks(Utils.scala:1397)
	at org.apache.spark.sql.execution.datasources.FileFormatWriter$.executeTask(FileFormatWriter.scala:410)
	at org.apache.spark.sql.execution.datasources.WriteFilesExec.$anonfun$doExecuteWrite$1(WriteFiles.scala:100)
	at org.apache.spark.rdd.RDD.$anonfun$mapPartitionsInternal$2(RDD.scala:893)
	at org.apache.spark.rdd.RDD.$anonfun$mapPartitionsInternal$2$adapted(RDD.scala:893)
	at org.apache.spark.rdd.MapPartitionsRDD.compute(MapPartitionsRDD.scala:52)
	at org.apache.spark.rdd.RDD.computeOrReadCheckpoint(RDD.scala:367)
	at org.apache.spark.rdd.RDD.iterator(RDD.scala:331)
	at org.apache.spark.scheduler.ResultTask.runTask(ResultTask.scala:93)
	at org.apache.spark.TaskContext.runTaskWithListeners(TaskContext.scala:166)
	at org.apache.spark.scheduler.Task.run(Task.scala:141)
	at org.apache.spark.executor.Executor$TaskRunner.$anonfun$run$4(Executor.scala:620)
	at org.apache.spark.util.SparkErrorUtils.tryWithSafeFinally(SparkErrorUtils.scala:64)
	at org.apache.spark.util.SparkErrorUtils.tryWithSafeFinally$(SparkErrorUtils.scala:61)
	at org.apache.spark.util.Utils$.tryWithSafeFinally(Utils.scala:94)
	at org.apache.spark.executor.Executor$TaskRunner.run(Executor.scala:623)
	at java.base/java.util.concurrent.ThreadPoolExecutor.runWorker(ThreadPoolExecutor.java:1136)
	at java.base/java.util.concurrent.ThreadPoolExecutor$Worker.run(ThreadPoolExecutor.java:635)
	at java.base/java.lang.Thread.run(Thread.java:840)
26/10/05 19:57:50 ERROR FileFormatWriter: Aborting job 27fb0751-c854-4bc8-a160-4a67ee73d43a.
org.apache.spark.SparkException: Job aborted due to stage failure: Task 5 in stage 5.0 failed 1 times, most recent failure: Lost task 5.0 in stage 5.0 (TID 17) (5314212cbeb0 executor driver): org.apache.spark.SparkException: [TASK_WRITE_FAILED] Task failed while writing rows to file:/opt/airflow/opt/airflow/data/lake/silver/silver_telemetry.
	at org.apache.spark.sql.errors.QueryExecutionErrors$.taskFailedWhileWritingRowsError(QueryExecutionErrors.scala:774)
	at org.apache.spark.sql.execution.datasources.FileFormatWriter$.executeTask(FileFormatWriter.scala:420)
	at org.apache.spark.sql.execution.datasources.WriteFilesExec.$anonfun$doExecuteWrite$1(WriteFiles.scala:100)
	at org.apache.spark.rdd.RDD.$anonfun$mapPartitionsInternal$2(RDD.scala:893)
	at org.apache.spark.rdd.RDD.$anonfun$mapPartitionsInternal$2$adapted(RDD.scala:893)
	at org.apache.spark.rdd.MapPartitionsRDD.compute(MapPartitionsRDD.scala:52)
	at org.apache.spark.rdd.RDD.computeOrReadCheckpoint(RDD.scala:367)
	at org.apache.spark.rdd.RDD.iterator(RDD.scala:331)
	at org.apache.spark.scheduler.ResultTask.runTask(ResultTask.scala:93)
	at org.apache.spark.TaskContext.runTaskWithListeners(TaskContext.scala:166)
	at org.apache.spark.scheduler.Task.run(Task.scala:141)
	at org.apache.spark.executor.Executor$TaskRunner.$anonfun$run$4(Executor.scala:620)
	at org.apache.spark.util.SparkErrorUtils.tryWithSafeFinally(SparkErrorUtils.scala:64)
	at org.apache.spark.util.SparkErrorUtils.tryWithSafeFinally$(SparkErrorUtils.scala:61)
	at org.apache.spark.util.Utils$.tryWithSafeFinally(Utils.scala:94)
	at org.apache.spark.executor.Executor$TaskRunner.run(Executor.scala:623)
	at java.base/java.util.concurrent.ThreadPoolExecutor.runWorker(ThreadPoolExecutor.java:1136)
	at java.base/java.util.concurrent.ThreadPoolExecutor$Worker.run(ThreadPoolExecutor.java:635)
	at java.base/java.lang.Thread.run(Thread.java:840)
Caused by: java.lang.OutOfMemoryError: Java heap space

Driver stacktrace:
	at org.apache.spark.scheduler.DAGScheduler.failJobAndIndependentStages(DAGScheduler.scala:2856)
	at org.apache.spark.scheduler.DAGScheduler.$anonfun$abortStage$2(DAGScheduler.scala:2792)
	at org.apache.spark.scheduler.DAGScheduler.$anonfun$abortStage$2$adapted(DAGScheduler.scala:2791)
	at scala.collection.mutable.ResizableArray.foreach(ResizableArray.scala:62)
	at scala.collection.mutable.ResizableArray.foreach$(ResizableArray.scala:55)
	at scala.collection.mutable.ArrayBuffer.foreach(ArrayBuffer.scala:49)
	at org.apache.spark.scheduler.DAGScheduler.abortStage(DAGScheduler.scala:2791)
	at org.apache.spark.scheduler.DAGScheduler.$anonfun$handleTaskSetFailed$1(DAGScheduler.scala:1247)
	at org.apache.spark.scheduler.DAGScheduler.$anonfun$handleTaskSetFailed$1$adapted(DAGScheduler.scala:1247)
	at scala.Option.foreach(Option.scala:407)
	at org.apache.spark.scheduler.DAGScheduler.handleTaskSetFailed(DAGScheduler.scala:1247)
	at org.apache.spark.scheduler.DAGSchedulerEventProcessLoop.doOnReceive(DAGScheduler.scala:3060)
	at org.apache.spark.scheduler.DAGSchedulerEventProcessLoop.onReceive(DAGScheduler.scala:2994)
	at org.apache.spark.scheduler.DAGSchedulerEventProcessLoop.onReceive(DAGScheduler.scala:2983)
	at org.apache.spark.util.EventLoop$$anon$1.run(EventLoop.scala:49)
	at org.apache.spark.scheduler.DAGScheduler.runJob(DAGScheduler.scala:989)
	at org.apache.spark.SparkContext.runJob(SparkContext.scala:2398)
	at org.apache.spark.sql.execution.datasources.FileFormatWriter$.$anonfun$executeWrite$4(FileFormatWriter.scala:307)
	at org.apache.spark.sql.execution.datasources.FileFormatWriter$.writeAndCommit(FileFormatWriter.scala:271)
	at org.apache.spark.sql.execution.datasources.FileFormatWriter$.executeWrite(FileFormatWriter.scala:304)
	at org.apache.spark.sql.execution.datasources.FileFormatWriter$.write(FileFormatWriter.scala:190)
	at org.apache.spark.sql.execution.datasources.InsertIntoHadoopFsRelationCommand.run(InsertIntoHadoopFsRelationCommand.scala:190)
	at org.apache.spark.sql.execution.command.DataWritingCommandExec.sideEffectResult$lzycompute(commands.scala:113)
	at org.apache.spark.sql.execution.command.DataWritingCommandExec.sideEffectResult(commands.scala:111)
	at org.apache.spark.sql.execution.command.DataWritingCommandExec.executeCollect(commands.scala:125)
	at org.apache.spark.sql.execution.adaptive.AdaptiveSparkPlanExec.$anonfun$executeCollect$1(AdaptiveSparkPlanExec.scala:390)
	at org.apache.spark.sql.execution.adaptive.AdaptiveSparkPlanExec.withFinalPlanUpdate(AdaptiveSparkPlanExec.scala:418)
	at org.apache.spark.sql.execution.adaptive.AdaptiveSparkPlanExec.executeCollect(AdaptiveSparkPlanExec.scala:390)
	at org.apache.spark.sql.execution.QueryExecution$$anonfun$eagerlyExecuteCommands$1.$anonfun$applyOrElse$1(QueryExecution.scala:107)
	at org.apache.spark.sql.execution.SQLExecution$.$anonfun$withNewExecutionId$6(SQLExecution.scala:125)
	at org.apache.spark.sql.execution.SQLExecution$.withSQLConfPropagated(SQLExecution.scala:201)
	at org.apache.spark.sql.execution.SQLExecution$.$anonfun$withNewExecutionId$1(SQLExecution.scala:108)
	at org.apache.spark.sql.SparkSession.withActive(SparkSession.scala:900)
	at org.apache.spark.sql.execution.SQLExecution$.withNewExecutionId(SQLExecution.scala:66)
	at org.apache.spark.sql.execution.QueryExecution$$anonfun$eagerlyExecuteCommands$1.applyOrElse(QueryExecution.scala:107)
	at org.apache.spark.sql.execution.QueryExecution$$anonfun$eagerlyExecuteCommands$1.applyOrElse(QueryExecution.scala:98)
	at org.apache.spark.sql.catalyst.trees.TreeNode.$anonfun$transformDownWithPruning$1(TreeNode.scala:461)
	at org.apache.spark.sql.catalyst.trees.CurrentOrigin$.withOrigin(origin.scala:76)
	at org.apache.spark.sql.catalyst.trees.TreeNode.transformDownWithPruning(TreeNode.scala:461)
	at org.apache.spark.sql.catalyst.plans.logical.LogicalPlan.org$apache$spark$sql$catalyst$plans$logical$AnalysisHelper$$super$transformDownWithPruning(LogicalPlan.scala:32)
	at org.apache.spark.sql.catalyst.plans.logical.AnalysisHelper.transformDownWithPruning(AnalysisHelper.scala:267)
	at org.apache.spark.sql.catalyst.plans.logical.AnalysisHelper.transformDownWithPruning$(AnalysisHelper.scala:263)
	at org.apache.spark.sql.catalyst.plans.logical.LogicalPlan.transformDownWithPruning(LogicalPlan.scala:32)
	at org.apache.spark.sql.catalyst.plans.logical.LogicalPlan.transformDownWithPruning(LogicalPlan.scala:32)
	at org.apache.spark.sql.catalyst.trees.TreeNode.transformDown(TreeNode.scala:437)
	at org.apache.spark.sql.execution.QueryExecution.eagerlyExecuteCommands(QueryExecution.scala:98)
	at org.apache.spark.sql.execution.QueryExecution.commandExecuted$lzycompute(QueryExecution.scala:85)
	at org.apache.spark.sql.execution.QueryExecution.commandExecuted(QueryExecution.scala:83)
	at org.apache.spark.sql.execution.QueryExecution.assertCommandExecuted(QueryExecution.scala:142)
	at org.apache.spark.sql.DataFrameWriter.runCommand(DataFrameWriter.scala:859)
	at org.apache.spark.sql.DataFrameWriter.saveToV1Source(DataFrameWriter.scala:388)
	at org.apache.spark.sql.DataFrameWriter.saveInternal(DataFrameWriter.scala:361)
	at org.apache.spark.sql.DataFrameWriter.save(DataFrameWriter.scala:240)
	at org.apache.spark.sql.DataFrameWriter.parquet(DataFrameWriter.scala:792)
	at java.base/jdk.internal.reflect.NativeMethodAccessorImpl.invoke0(Native Method)
	at java.base/jdk.internal.reflect.NativeMethodAccessorImpl.invoke(NativeMethodAccessorImpl.java:77)
	at java.base/jdk.internal.reflect.DelegatingMethodAccessorImpl.invoke(DelegatingMethodAccessorImpl.java:43)
	at java.base/java.lang.reflect.Method.invoke(Method.java:569)
	at py4j.reflection.MethodInvoker.invoke(MethodInvoker.java:244)
	at py4j.reflection.ReflectionEngine.invoke(ReflectionEngine.java:374)
	at py4j.Gateway.invoke(Gateway.java:282)
	at py4j.commands.AbstractCommand.invokeMethod(AbstractCommand.java:132)
	at py4j.commands.CallCommand.execute(CallCommand.java:79)
	at py4j.ClientServerConnection.waitForCommands(ClientServerConnection.java:182)
	at py4j.ClientServerConnection.run(ClientServerConnection.java:106)
	at java.base/java.lang.Thread.run(Thread.java:840)
Caused by: org.apache.spark.SparkException: [TASK_WRITE_FAILED] Task failed while writing rows to file:/opt/airflow/opt/airflow/data/lake/silver/silver_telemetry.
	at org.apache.spark.sql.errors.QueryExecutionErrors$.taskFailedWhileWritingRowsError(QueryExecutionErrors.scala:774)
	at org.apache.spark.sql.execution.datasources.FileFormatWriter$.executeTask(FileFormatWriter.scala:420)
	at org.apache.spark.sql.execution.datasources.WriteFilesExec.$anonfun$doExecuteWrite$1(WriteFiles.scala:100)
	at org.apache.spark.rdd.RDD.$anonfun$mapPartitionsInternal$2(RDD.scala:893)
	at org.apache.spark.rdd.RDD.$anonfun$mapPartitionsInternal$2$adapted(RDD.scala:893)
	at org.apache.spark.rdd.MapPartitionsRDD.compute(MapPartitionsRDD.scala:52)
	at org.apache.spark.rdd.RDD.computeOrReadCheckpoint(RDD.scala:367)
	at org.apache.spark.rdd.RDD.iterator(RDD.scala:331)
	at org.apache.spark.scheduler.ResultTask.runTask(ResultTask.scala:93)
	at org.apache.spark.TaskContext.runTaskWithListeners(TaskContext.scala:166)
	at org.apache.spark.scheduler.Task.run(Task.scala:141)
	at org.apache.spark.executor.Executor$TaskRunner.$anonfun$run$4(Executor.scala:620)
	at org.apache.spark.util.SparkErrorUtils.tryWithSafeFinally(SparkErrorUtils.scala:64)
	at org.apache.spark.util.SparkErrorUtils.tryWithSafeFinally$(SparkErrorUtils.scala:61)
	at org.apache.spark.util.Utils$.tryWithSafeFinally(Utils.scala:94)
	at org.apache.spark.executor.Executor$TaskRunner.run(Executor.scala:623)
	at java.base/java.util.concurrent.ThreadPoolExecutor.runWorker(ThreadPoolExecutor.java:1136)
	at java.base/java.util.concurrent.ThreadPoolExecutor$Worker.run(ThreadPoolExecutor.java:635)
	... 1 more
Caused by: java.lang.OutOfMemoryError: Java heap space
26/10/05 19:57:50 ERROR Utils: Aborting task
org.apache.spark.TaskKilledException
	at org.apache.spark.TaskContextImpl.killTaskIfInterrupted(TaskContextImpl.scala:267)
	at org.apache.spark.util.collection.unsafe.sort.UnsafeInMemorySorter$SortedIterator.loadNext(UnsafeInMemorySorter.java:310)
	at org.apache.spark.sql.execution.ExternalAppendOnlyUnsafeRowArray$SpillableArrayIterator.next(ExternalAppendOnlyUnsafeRowArray.scala:233)
	at org.apache.spark.sql.execution.ExternalAppendOnlyUnsafeRowArray$SpillableArrayIterator.next(ExternalAppendOnlyUnsafeRowArray.scala:222)
	at org.apache.spark.sql.execution.window.WindowExec$$anon$1.next(WindowExec.scala:184)
	at org.apache.spark.sql.execution.window.WindowExec$$anon$1.next(WindowExec.scala:107)
	at org.apache.spark.sql.catalyst.expressions.GeneratedClass$GeneratedIteratorForCodegenStage4.processNext(Unknown Source)
	at org.apache.spark.sql.execution.BufferedRowIterator.hasNext(BufferedRowIterator.java:43)
	at org.apache.spark.sql.execution.WholeStageCodegenEvaluatorFactory$WholeStageCodegenPartitionEvaluator$$anon$1.hasNext(WholeStageCodegenEvaluatorFactory.scala:43)
	at org.apache.spark.sql.execution.window.WindowExec$$anon$1.fetchNextRow(WindowExec.scala:118)
	at org.apache.spark.sql.execution.window.WindowExec$$anon$1.fetchNextPartition(WindowExec.scala:148)
	at org.apache.spark.sql.execution.window.WindowExec$$anon$1.next(WindowExec.scala:180)
	at org.apache.spark.sql.execution.window.WindowExec$$anon$1.next(WindowExec.scala:107)
	at org.apache.spark.sql.execution.datasources.FileFormatDataWriter.writeWithIterator(FileFormatDataWriter.scala:92)
	at org.apache.spark.sql.execution.datasources.FileFormatWriter$.$anonfun$executeTask$1(FileFormatWriter.scala:403)
	at org.apache.spark.util.Utils$.tryWithSafeFinallyAndFailureCallbacks(Utils.scala:1397)
	at org.apache.spark.sql.execution.datasources.FileFormatWriter$.executeTask(FileFormatWriter.scala:410)
	at org.apache.spark.sql.execution.datasources.WriteFilesExec.$anonfun$doExecuteWrite$1(WriteFiles.scala:100)
	at org.apache.spark.rdd.RDD.$anonfun$mapPartitionsInternal$2(RDD.scala:893)
	at org.apache.spark.rdd.RDD.$anonfun$mapPartitionsInternal$2$adapted(RDD.scala:893)
	at org.apache.spark.rdd.MapPartitionsRDD.compute(MapPartitionsRDD.scala:52)
	at org.apache.spark.rdd.RDD.computeOrReadCheckpoint(RDD.scala:367)
	at org.apache.spark.rdd.RDD.iterator(RDD.scala:331)
	at org.apache.spark.scheduler.ResultTask.runTask(ResultTask.scala:93)
	at org.apache.spark.TaskContext.runTaskWithListeners(TaskContext.scala:166)
	at org.apache.spark.scheduler.Task.run(Task.scala:141)
	at org.apache.spark.executor.Executor$TaskRunner.$anonfun$run$4(Executor.scala:620)
	at org.apache.spark.util.SparkErrorUtils.tryWithSafeFinally(SparkErrorUtils.scala:64)
	at org.apache.spark.util.SparkErrorUtils.tryWithSafeFinally$(SparkErrorUtils.scala:61)
	at org.apache.spark.util.Utils$.tryWithSafeFinally(Utils.scala:94)
	at org.apache.spark.executor.Executor$TaskRunner.run(Executor.scala:623)
	at java.base/java.util.concurrent.ThreadPoolExecutor.runWorker(ThreadPoolExecutor.java:1136)
	at java.base/java.util.concurrent.ThreadPoolExecutor$Worker.run(ThreadPoolExecutor.java:635)
	at java.base/java.lang.Thread.run(Thread.java:840)
26/10/05 19:57:50 INFO MapOutputTrackerMasterEndpoint: MapOutputTrackerMasterEndpoint stopped!
26/10/05 19:57:50 ERROR Utils: Aborting task
org.apache.spark.TaskKilledException
	at org.apache.spark.TaskContextImpl.killTaskIfInterrupted(TaskContextImpl.scala:267)
	at org.apache.spark.util.collection.unsafe.sort.UnsafeInMemorySorter$SortedIterator.loadNext(UnsafeInMemorySorter.java:310)
	at org.apache.spark.sql.execution.ExternalAppendOnlyUnsafeRowArray$SpillableArrayIterator.next(ExternalAppendOnlyUnsafeRowArray.scala:233)
	at org.apache.spark.sql.execution.ExternalAppendOnlyUnsafeRowArray$SpillableArrayIterator.next(ExternalAppendOnlyUnsafeRowArray.scala:222)
	at org.apache.spark.sql.execution.window.WindowExec$$anon$1.next(WindowExec.scala:184)
	at org.apache.spark.sql.execution.window.WindowExec$$anon$1.next(WindowExec.scala:107)
	at org.apache.spark.sql.catalyst.expressions.GeneratedClass$GeneratedIteratorForCodegenStage4.processNext(Unknown Source)
	at org.apache.spark.sql.execution.BufferedRowIterator.hasNext(BufferedRowIterator.java:43)
	at org.apache.spark.sql.execution.WholeStageCodegenEvaluatorFactory$WholeStageCodegenPartitionEvaluator$$anon$1.hasNext(WholeStageCodegenEvaluatorFactory.scala:43)
	at org.apache.spark.sql.execution.window.WindowExec$$anon$1.fetchNextRow(WindowExec.scala:118)
	at org.apache.spark.sql.execution.window.WindowExec$$anon$1.fetchNextPartition(WindowExec.scala:148)
	at org.apache.spark.sql.execution.window.WindowExec$$anon$1.next(WindowExec.scala:180)
	at org.apache.spark.sql.execution.window.WindowExec$$anon$1.next(WindowExec.scala:107)
	at org.apache.spark.sql.execution.datasources.FileFormatDataWriter.writeWithIterator(FileFormatDataWriter.scala:92)
	at org.apache.spark.sql.execution.datasources.FileFormatWriter$.$anonfun$executeTask$1(FileFormatWriter.scala:403)
	at org.apache.spark.util.Utils$.tryWithSafeFinallyAndFailureCallbacks(Utils.scala:1397)
	at org.apache.spark.sql.execution.datasources.FileFormatWriter$.executeTask(FileFormatWriter.scala:410)
	at org.apache.spark.sql.execution.datasources.WriteFilesExec.$anonfun$doExecuteWrite$1(WriteFiles.scala:100)
	at org.apache.spark.rdd.RDD.$anonfun$mapPartitionsInternal$2(RDD.scala:893)
	at org.apache.spark.rdd.RDD.$anonfun$mapPartitionsInternal$2$adapted(RDD.scala:893)
	at org.apache.spark.rdd.MapPartitionsRDD.compute(MapPartitionsRDD.scala:52)
	at org.apache.spark.rdd.RDD.computeOrReadCheckpoint(RDD.scala:367)
	at org.apache.spark.rdd.RDD.iterator(RDD.scala:331)
	at org.apache.spark.scheduler.ResultTask.runTask(ResultTask.scala:93)
	at org.apache.spark.TaskContext.runTaskWithListeners(TaskContext.scala:166)
	at org.apache.spark.scheduler.Task.run(Task.scala:141)
	at org.apache.spark.executor.Executor$TaskRunner.$anonfun$run$4(Executor.scala:620)
	at org.apache.spark.util.SparkErrorUtils.tryWithSafeFinally(SparkErrorUtils.scala:64)
	at org.apache.spark.util.SparkErrorUtils.tryWithSafeFinally$(SparkErrorUtils.scala:61)
	at org.apache.spark.util.Utils$.tryWithSafeFinally(Utils.scala:94)
	at org.apache.spark.executor.Executor$TaskRunner.run(Executor.scala:623)
	at java.base/java.util.concurrent.ThreadPoolExecutor.runWorker(ThreadPoolExecutor.java:1136)
	at java.base/java.util.concurrent.ThreadPoolExecutor$Worker.run(ThreadPoolExecutor.java:635)
	at java.base/java.lang.Thread.run(Thread.java:840)
26/10/05 19:57:50 INFO MemoryStore: MemoryStore cleared
26/10/05 19:57:50 INFO BlockManager: BlockManager stopped
26/10/05 19:57:50 INFO BlockManagerMaster: BlockManagerMaster stopped
26/10/05 19:57:50 INFO OutputCommitCoordinator$OutputCommitCoordinatorEndpoint: OutputCommitCoordinator stopped!
26/10/05 19:57:50 INFO SparkContext: Successfully stopped SparkContext
26/10/05 19:57:50 INFO ShutdownHookManager: Shutdown hook called
26/10/05 19:57:50 INFO ShutdownHookManager: Deleting directory /tmp/spark-8cb4bb41-1946-4711-aef9-2b4b94af7956
26/10/05 19:57:50 INFO ShutdownHookManager: Deleting directory /tmp/spark-7263cc9d-ef7e-45e7-8912-b210e1959627
26/10/05 19:57:50 INFO ShutdownHookManager: Deleting directory /tmp/spark-8cb4bb41-1946-4711-aef9-2b4b94af7956/pyspark-91f9764f-0571-4ebe-9014-a5a2079d2e17

[2026-10-05T19:57:50.713+0000] {taskinstance.py:441} INFO - ::group::Post task execution logs
[2026-10-05T19:57:50.713+0000] {taskinstance.py:2905} ERROR - Task failed with exception
Traceback (most recent call last):
  File "/home/airflow/.local/lib/python3.11/site-packages/airflow/models/taskinstance.py", line 465, in _execute_task
    result = _execute_callable(context=context, **execute_callable_kwargs)
             ^^^^^^^^^^^^^^^^^^^^^^^^^^^^^^^^^^^^^^^^^^^^^^^^^^^^^^^^^^^^^
  File "/home/airflow/.local/lib/python3.11/site-packages/airflow/models/taskinstance.py", line 432, in _execute_callable
    return execute_callable(context=context, **execute_callable_kwargs)
           ^^^^^^^^^^^^^^^^^^^^^^^^^^^^^^^^^^^^^^^^^^^^^^^^^^^^^^^^^^^^
  File "/home/airflow/.local/lib/python3.11/site-packages/airflow/models/baseoperator.py", line 401, in wrapper
    return func(self, *args, **kwargs)
           ^^^^^^^^^^^^^^^^^^^^^^^^^^^
  File "/home/airflow/.local/lib/python3.11/site-packages/airflow/decorators/base.py", line 265, in execute
    return_value = super().execute(context)
                   ^^^^^^^^^^^^^^^^^^^^^^^^
  File "/home/airflow/.local/lib/python3.11/site-packages/airflow/models/baseoperator.py", line 401, in wrapper
    return func(self, *args, **kwargs)
           ^^^^^^^^^^^^^^^^^^^^^^^^^^^
  File "/home/airflow/.local/lib/python3.11/site-packages/airflow/operators/python.py", line 235, in execute
    return_value = self.execute_callable()
                   ^^^^^^^^^^^^^^^^^^^^^^^
  File "/home/airflow/.local/lib/python3.11/site-packages/airflow/operators/python.py", line 252, in execute_callable
    return self.python_callable(*self.op_args, **self.op_kwargs)
           ^^^^^^^^^^^^^^^^^^^^^^^^^^^^^^^^^^^^^^^^^^^^^^^^^^^^^
  File "/opt/airflow/dags/f1_pipeline_dag.py", line 106, in silver_script
    raise e
  File "/opt/airflow/dags/f1_pipeline_dag.py", line 98, in silver_script
    result = subprocess.run([
             ^^^^^^^^^^^^^^^^
  File "/usr/local/lib/python3.11/subprocess.py", line 571, in run
    raise CalledProcessError(retcode, process.args,
subprocess.CalledProcessError: Command '['spark-submit', '/opt/airflow/scripts/process_silver_telemetry.py']' returned non-zero exit status 50.
[2026-10-05T19:57:50.717+0000] {taskinstance.py:1206} INFO - Marking task as FAILED. dag_id=f1_data_analytics, task_id=silver_script, run_id=manual__2026-10-05T19:54:57+00:00, execution_date=20261005T195457, start_date=20261005T195729, end_date=20261005T195750
[2026-10-05T19:57:50.724+0000] {standard_task_runner.py:110} ERROR - Failed to execute job 48 for task silver_script (Command '['spark-submit', '/opt/airflow/scripts/process_silver_telemetry.py']' returned non-zero exit status 50.; 4094)
[2026-10-05T19:57:50.736+0000] {local_task_job_runner.py:240} INFO - Task exited with return code 1
[2026-10-05T19:57:50.753+0000] {taskinstance.py:3503} INFO - 0 downstream tasks scheduled from follow-on schedule check
[2026-10-05T19:57:50.757+0000] {local_task_job_runner.py:222} INFO - ::endgroup::
