[2026-10-02T19:07:24.166+0000] {manager.py:470} INFO - Processing files using up to 1 processes at a time 
[2026-10-02T19:07:24.166+0000] {manager.py:471} INFO - Process each file at most once every 30 seconds
[2026-10-02T19:07:24.166+0000] {manager.py:472} INFO - Checking for new files in /opt/airflow/dags every 300 seconds
[2026-10-02T19:07:24.166+0000] {manager.py:737} INFO - Searching for files in /opt/airflow/dags
[2026-10-02T19:07:24.167+0000] {manager.py:740} INFO - There are 0 files in /opt/airflow/dags
[2026-10-03T18:40:11.605+0000] {manager.py:470} INFO - Processing files using up to 1 processes at a time 
[2026-10-03T18:40:11.606+0000] {manager.py:471} INFO - Process each file at most once every 30 seconds
[2026-10-03T18:40:11.606+0000] {manager.py:472} INFO - Checking for new files in /opt/airflow/dags every 300 seconds
[2026-10-03T18:40:11.606+0000] {manager.py:737} INFO - Searching for files in /opt/airflow/dags
[2026-10-03T18:40:11.607+0000] {manager.py:740} INFO - There are 1 files in /opt/airflow/dags
[2026-10-03T18:40:11.849+0000] {manager.py:878} INFO - 
================================================================================
DAG File Processing Stats

File Path                             PID    Runtime      # DAGs    # Errors  Last Runtime    Last Run
------------------------------------  -----  ---------  --------  ----------  --------------  -------------------
/opt/airflow/dags/f1_pipeline_dag.py                           0           1  0.10s           2026-10-03T18:40:11
================================================================================
[2026-10-03T18:40:42.985+0000] {manager.py:878} INFO - 
================================================================================
DAG File Processing Stats

File Path                             PID    Runtime      # DAGs    # Errors  Last Runtime    Last Run
------------------------------------  -----  ---------  --------  ----------  --------------  -------------------
/opt/airflow/dags/f1_pipeline_dag.py                           0           1  0.11s           2026-10-03T18:40:42
================================================================================
[2026-10-03T18:41:13.297+0000] {manager.py:878} INFO - 
================================================================================
DAG File Processing Stats

File Path                             PID    Runtime      # DAGs    # Errors  Last Runtime    Last Run
------------------------------------  -----  ---------  --------  ----------  --------------  -------------------
/opt/airflow/dags/f1_pipeline_dag.py                           0           1  0.11s           2026-10-03T18:41:13
================================================================================
[2026-10-03T18:41:43.624+0000] {manager.py:878} INFO - 
================================================================================
DAG File Processing Stats

File Path                             PID    Runtime      # DAGs    # Errors  Last Runtime    Last Run
------------------------------------  -----  ---------  --------  ----------  --------------  -------------------
/opt/airflow/dags/f1_pipeline_dag.py                           0           1  0.11s           2026-10-03T18:41:43
================================================================================
[2026-10-03T18:42:13.921+0000] {manager.py:878} INFO - 
================================================================================
DAG File Processing Stats

File Path                             PID    Runtime      # DAGs    # Errors  Last Runtime    Last Run
------------------------------------  -----  ---------  --------  ----------  --------------  -------------------
/opt/airflow/dags/f1_pipeline_dag.py                           0           1  0.11s           2026-10-03T18:42:13
================================================================================
[2026-10-03T18:42:44.200+0000] {manager.py:878} INFO - 
================================================================================
DAG File Processing Stats

File Path                             PID    Runtime      # DAGs    # Errors  Last Runtime    Last Run
------------------------------------  -----  ---------  --------  ----------  --------------  -------------------
/opt/airflow/dags/f1_pipeline_dag.py                           0           1  0.11s           2026-10-03T18:42:44
================================================================================
[2026-10-03T18:43:14.539+0000] {manager.py:878} INFO - 
================================================================================
DAG File Processing Stats

File Path                             PID    Runtime      # DAGs    # Errors  Last Runtime    Last Run
------------------------------------  -----  ---------  --------  ----------  --------------  -------------------
/opt/airflow/dags/f1_pipeline_dag.py                           0           1  0.11s           2026-10-03T18:43:14
================================================================================
[2026-10-03T18:43:44.865+0000] {manager.py:878} INFO - 
================================================================================
DAG File Processing Stats

File Path                             PID    Runtime      # DAGs    # Errors  Last Runtime    Last Run
------------------------------------  -----  ---------  --------  ----------  --------------  -------------------
/opt/airflow/dags/f1_pipeline_dag.py                           0           1  0.11s           2026-10-03T18:43:44
================================================================================
[2026-10-03T18:44:15.292+0000] {manager.py:878} INFO - 
================================================================================
DAG File Processing Stats

File Path                             PID    Runtime      # DAGs    # Errors  Last Runtime    Last Run
------------------------------------  -----  ---------  --------  ----------  --------------  -------------------
/opt/airflow/dags/f1_pipeline_dag.py                           0           1  0.21s           2026-10-03T18:44:15
================================================================================
[2026-10-03T18:44:45.492+0000] {manager.py:878} INFO - 
================================================================================
DAG File Processing Stats

File Path                             PID    Runtime      # DAGs    # Errors  Last Runtime    Last Run
------------------------------------  -----  ---------  --------  ----------  --------------  -------------------
/opt/airflow/dags/f1_pipeline_dag.py                           0           1  0.11s           2026-10-03T18:44:45
================================================================================
[2026-10-03T18:45:11.613+0000] {manager.py:737} INFO - Searching for files in /opt/airflow/dags
[2026-10-03T18:45:11.614+0000] {manager.py:740} INFO - There are 1 files in /opt/airflow/dags
[2026-10-03T18:45:15.720+0000] {manager.py:878} INFO - 
================================================================================
DAG File Processing Stats

File Path                             PID    Runtime      # DAGs    # Errors  Last Runtime    Last Run
------------------------------------  -----  ---------  --------  ----------  --------------  -------------------
/opt/airflow/dags/f1_pipeline_dag.py                           0           1  0.11s           2026-10-03T18:45:15
================================================================================
[2026-10-03T18:45:46.027+0000] {manager.py:878} INFO - 
================================================================================
DAG File Processing Stats

File Path                             PID    Runtime      # DAGs    # Errors  Last Runtime    Last Run
------------------------------------  -----  ---------  --------  ----------  --------------  -------------------
/opt/airflow/dags/f1_pipeline_dag.py                           0           1  0.11s           2026-10-03T18:45:46
================================================================================
[2026-10-03T18:46:16.287+0000] {manager.py:878} INFO - 
================================================================================
DAG File Processing Stats

File Path                             PID    Runtime      # DAGs    # Errors  Last Runtime    Last Run
------------------------------------  -----  ---------  --------  ----------  --------------  -------------------
/opt/airflow/dags/f1_pipeline_dag.py                           0           1  0.11s           2026-10-03T18:46:16
================================================================================
[2026-10-03T18:46:46.472+0000] {manager.py:878} INFO - 
================================================================================
DAG File Processing Stats

File Path                             PID    Runtime      # DAGs    # Errors  Last Runtime    Last Run
------------------------------------  -----  ---------  --------  ----------  --------------  -------------------
/opt/airflow/dags/f1_pipeline_dag.py                           0           1  0.11s           2026-10-03T18:46:35
================================================================================
[2026-10-03T18:47:16.745+0000] {manager.py:878} INFO - 
================================================================================
DAG File Processing Stats

File Path                             PID    Runtime      # DAGs    # Errors  Last Runtime    Last Run
------------------------------------  -----  ---------  --------  ----------  --------------  -------------------
/opt/airflow/dags/f1_pipeline_dag.py                           0           1  0.11s           2026-10-03T18:47:05
================================================================================
[2026-10-03T18:47:47.132+0000] {manager.py:878} INFO - 
================================================================================
DAG File Processing Stats

File Path                             PID    Runtime      # DAGs    # Errors  Last Runtime    Last Run
------------------------------------  -----  ---------  --------  ----------  --------------  -------------------
/opt/airflow/dags/f1_pipeline_dag.py                           0           1  0.11s           2026-10-03T18:47:47
================================================================================
[2026-10-03T18:48:17.481+0000] {manager.py:878} INFO - 
================================================================================
DAG File Processing Stats

File Path                             PID    Runtime      # DAGs    # Errors  Last Runtime    Last Run
------------------------------------  -----  ---------  --------  ----------  --------------  -------------------
/opt/airflow/dags/f1_pipeline_dag.py                           0           1  0.11s           2026-10-03T18:48:17
================================================================================
[2026-10-03T18:48:47.806+0000] {manager.py:878} INFO - 
================================================================================
DAG File Processing Stats

File Path                             PID    Runtime      # DAGs    # Errors  Last Runtime    Last Run
------------------------------------  -----  ---------  --------  ----------  --------------  -------------------
/opt/airflow/dags/f1_pipeline_dag.py                           0           1  0.11s           2026-10-03T18:48:47
================================================================================
[2026-10-03T18:49:18.119+0000] {manager.py:878} INFO - 
================================================================================
DAG File Processing Stats

File Path                             PID    Runtime      # DAGs    # Errors  Last Runtime    Last Run
------------------------------------  -----  ---------  --------  ----------  --------------  -------------------
/opt/airflow/dags/f1_pipeline_dag.py                           0           1  0.11s           2026-10-03T18:49:18
================================================================================
[2026-10-03T18:49:48.440+0000] {manager.py:878} INFO - 
================================================================================
DAG File Processing Stats

File Path                             PID    Runtime      # DAGs    # Errors  Last Runtime    Last Run
------------------------------------  -----  ---------  --------  ----------  --------------  -------------------
/opt/airflow/dags/f1_pipeline_dag.py                           0           1  0.11s           2026-10-03T18:49:48
================================================================================
[2026-10-03T18:50:11.663+0000] {manager.py:737} INFO - Searching for files in /opt/airflow/dags
[2026-10-03T18:50:11.665+0000] {manager.py:740} INFO - There are 1 files in /opt/airflow/dags
[2026-10-03T18:50:18.764+0000] {manager.py:878} INFO - 
================================================================================
DAG File Processing Stats

File Path                             PID    Runtime      # DAGs    # Errors  Last Runtime    Last Run
------------------------------------  -----  ---------  --------  ----------  --------------  -------------------
/opt/airflow/dags/f1_pipeline_dag.py                           0           1  0.11s           2026-10-03T18:50:18
================================================================================
[2026-10-03T18:50:49.092+0000] {manager.py:878} INFO - 
================================================================================
DAG File Processing Stats

File Path                             PID    Runtime      # DAGs    # Errors  Last Runtime    Last Run
------------------------------------  -----  ---------  --------  ----------  --------------  -------------------
/opt/airflow/dags/f1_pipeline_dag.py                           0           1  0.11s           2026-10-03T18:50:49
================================================================================
[2026-10-03T18:51:19.426+0000] {manager.py:878} INFO - 
================================================================================
DAG File Processing Stats

File Path                             PID    Runtime      # DAGs    # Errors  Last Runtime    Last Run
------------------------------------  -----  ---------  --------  ----------  --------------  -------------------
/opt/airflow/dags/f1_pipeline_dag.py                           0           1  0.11s           2026-10-03T18:51:19
================================================================================
[2026-10-03T18:51:49.776+0000] {manager.py:878} INFO - 
================================================================================
DAG File Processing Stats

File Path                             PID    Runtime      # DAGs    # Errors  Last Runtime    Last Run
------------------------------------  -----  ---------  --------  ----------  --------------  -------------------
/opt/airflow/dags/f1_pipeline_dag.py                           0           1  0.11s           2026-10-03T18:51:49
================================================================================
[2026-10-03T18:52:20.152+0000] {manager.py:878} INFO - 
================================================================================
DAG File Processing Stats

File Path                             PID    Runtime      # DAGs    # Errors  Last Runtime    Last Run
------------------------------------  -----  ---------  --------  ----------  --------------  -------------------
/opt/airflow/dags/f1_pipeline_dag.py                           0           1  0.11s           2026-10-03T18:52:20
================================================================================
[2026-10-03T18:52:50.528+0000] {manager.py:878} INFO - 
================================================================================
DAG File Processing Stats

File Path                             PID    Runtime      # DAGs    # Errors  Last Runtime    Last Run
------------------------------------  -----  ---------  --------  ----------  --------------  -------------------
/opt/airflow/dags/f1_pipeline_dag.py                           0           1  0.11s           2026-10-03T18:52:50
================================================================================
[2026-10-03T18:53:20.895+0000] {manager.py:878} INFO - 
================================================================================
DAG File Processing Stats

File Path                             PID    Runtime      # DAGs    # Errors  Last Runtime    Last Run
------------------------------------  -----  ---------  --------  ----------  --------------  -------------------
/opt/airflow/dags/f1_pipeline_dag.py                           0           1  0.11s           2026-10-03T18:53:20
================================================================================
[2026-10-03T18:53:51.241+0000] {manager.py:878} INFO - 
================================================================================
DAG File Processing Stats

File Path                             PID    Runtime      # DAGs    # Errors  Last Runtime    Last Run
------------------------------------  -----  ---------  --------  ----------  --------------  -------------------
/opt/airflow/dags/f1_pipeline_dag.py                           0           1  0.11s           2026-10-03T18:53:51
================================================================================
[2026-10-03T18:54:21.600+0000] {manager.py:878} INFO - 
================================================================================
DAG File Processing Stats

File Path                             PID    Runtime      # DAGs    # Errors  Last Runtime    Last Run
------------------------------------  -----  ---------  --------  ----------  --------------  -------------------
/opt/airflow/dags/f1_pipeline_dag.py                           0           1  0.11s           2026-10-03T18:54:21
================================================================================
[2026-10-03T18:54:51.940+0000] {manager.py:878} INFO - 
================================================================================
DAG File Processing Stats

File Path                             PID    Runtime      # DAGs    # Errors  Last Runtime    Last Run
------------------------------------  -----  ---------  --------  ----------  --------------  -------------------
/opt/airflow/dags/f1_pipeline_dag.py                           0           1  0.11s           2026-10-03T18:54:51
================================================================================
[2026-10-03T18:55:11.725+0000] {manager.py:737} INFO - Searching for files in /opt/airflow/dags
[2026-10-03T18:55:11.727+0000] {manager.py:740} INFO - There are 1 files in /opt/airflow/dags
[2026-10-03T18:55:22.253+0000] {manager.py:878} INFO - 
================================================================================
DAG File Processing Stats

File Path                             PID    Runtime      # DAGs    # Errors  Last Runtime    Last Run
------------------------------------  -----  ---------  --------  ----------  --------------  -------------------
/opt/airflow/dags/f1_pipeline_dag.py                           0           1  0.11s           2026-10-03T18:55:22
================================================================================
[2026-10-03T18:55:52.461+0000] {manager.py:878} INFO - 
================================================================================
DAG File Processing Stats

File Path                             PID    Runtime      # DAGs    # Errors  Last Runtime    Last Run
------------------------------------  -----  ---------  --------  ----------  --------------  -------------------
/opt/airflow/dags/f1_pipeline_dag.py                           0           0  0.11s           2026-10-03T18:55:39
================================================================================
[2026-10-03T18:56:22.814+0000] {manager.py:878} INFO - 
================================================================================
DAG File Processing Stats

File Path                             PID    Runtime      # DAGs    # Errors  Last Runtime    Last Run
------------------------------------  -----  ---------  --------  ----------  --------------  -------------------
/opt/airflow/dags/f1_pipeline_dag.py                           0           0  0.11s           2026-10-03T18:56:09
================================================================================
[2026-10-03T18:56:53.099+0000] {manager.py:878} INFO - 
================================================================================
DAG File Processing Stats

File Path                             PID    Runtime      # DAGs    # Errors  Last Runtime    Last Run
------------------------------------  -----  ---------  --------  ----------  --------------  -------------------
/opt/airflow/dags/f1_pipeline_dag.py                           0           0  0.11s           2026-10-03T18:56:36
================================================================================
[2026-10-03T18:57:23.429+0000] {manager.py:878} INFO - 
================================================================================
DAG File Processing Stats

File Path                             PID    Runtime      # DAGs    # Errors  Last Runtime    Last Run
------------------------------------  -----  ---------  --------  ----------  --------------  -------------------
/opt/airflow/dags/f1_pipeline_dag.py                           0           1  0.11s           2026-10-03T18:56:54
================================================================================
[2026-10-03T18:57:53.748+0000] {manager.py:878} INFO - 
================================================================================
DAG File Processing Stats

File Path                             PID    Runtime      # DAGs    # Errors  Last Runtime    Last Run
------------------------------------  -----  ---------  --------  ----------  --------------  -------------------
/opt/airflow/dags/f1_pipeline_dag.py                           1           0  0.21s           2026-10-03T18:57:30
================================================================================
[2026-10-03T18:58:24.078+0000] {manager.py:878} INFO - 
================================================================================
DAG File Processing Stats

File Path                             PID    Runtime      # DAGs    # Errors  Last Runtime    Last Run
------------------------------------  -----  ---------  --------  ----------  --------------  -------------------
/opt/airflow/dags/f1_pipeline_dag.py                           1           0  0.21s           2026-10-03T18:58:01
================================================================================
[2026-10-03T18:58:54.408+0000] {manager.py:878} INFO - 
================================================================================
DAG File Processing Stats

File Path                             PID    Runtime      # DAGs    # Errors  Last Runtime    Last Run
------------------------------------  -----  ---------  --------  ----------  --------------  -------------------
/opt/airflow/dags/f1_pipeline_dag.py                           1           0  0.10s           2026-10-03T18:58:32
================================================================================
[2026-10-03T18:59:24.815+0000] {manager.py:878} INFO - 
================================================================================
DAG File Processing Stats

File Path                             PID    Runtime      # DAGs    # Errors  Last Runtime    Last Run
------------------------------------  -----  ---------  --------  ----------  --------------  -------------------
/opt/airflow/dags/f1_pipeline_dag.py                           1           0  0.11s           2026-10-03T18:59:03
================================================================================
[2026-10-03T18:59:55.238+0000] {manager.py:878} INFO - 
================================================================================
DAG File Processing Stats

File Path                             PID    Runtime      # DAGs    # Errors  Last Runtime    Last Run
------------------------------------  -----  ---------  --------  ----------  --------------  -------------------
/opt/airflow/dags/f1_pipeline_dag.py                           1           0  0.11s           2026-10-03T18:59:33
================================================================================
[2026-10-03T19:00:11.789+0000] {manager.py:737} INFO - Searching for files in /opt/airflow/dags
[2026-10-03T19:00:11.791+0000] {manager.py:740} INFO - There are 1 files in /opt/airflow/dags
[2026-10-03T19:00:25.550+0000] {manager.py:878} INFO - 
================================================================================
DAG File Processing Stats

File Path                             PID    Runtime      # DAGs    # Errors  Last Runtime    Last Run
------------------------------------  -----  ---------  --------  ----------  --------------  -------------------
/opt/airflow/dags/f1_pipeline_dag.py                           1           0  0.11s           2026-10-03T19:00:04
================================================================================
[2026-10-03T19:00:55.964+0000] {manager.py:878} INFO - 
================================================================================
DAG File Processing Stats

File Path                             PID    Runtime      # DAGs    # Errors  Last Runtime    Last Run
------------------------------------  -----  ---------  --------  ----------  --------------  -------------------
/opt/airflow/dags/f1_pipeline_dag.py                           1           0  0.11s           2026-10-03T19:00:34
================================================================================
[2026-10-03T19:01:26.501+0000] {manager.py:878} INFO - 
================================================================================
DAG File Processing Stats

File Path                             PID    Runtime      # DAGs    # Errors  Last Runtime    Last Run
------------------------------------  -----  ---------  --------  ----------  --------------  -------------------
/opt/airflow/dags/f1_pipeline_dag.py                           1           0  0.21s           2026-10-03T19:01:05
================================================================================
[2026-10-03T19:01:56.911+0000] {manager.py:878} INFO - 
================================================================================
DAG File Processing Stats

File Path                             PID    Runtime      # DAGs    # Errors  Last Runtime    Last Run
------------------------------------  -----  ---------  --------  ----------  --------------  -------------------
/opt/airflow/dags/f1_pipeline_dag.py                           1           0  0.11s           2026-10-03T19:01:35
================================================================================
[2026-10-03T19:02:27.265+0000] {manager.py:878} INFO - 
================================================================================
DAG File Processing Stats

File Path                             PID    Runtime      # DAGs    # Errors  Last Runtime    Last Run
------------------------------------  -----  ---------  --------  ----------  --------------  -------------------
/opt/airflow/dags/f1_pipeline_dag.py                           1           0  0.11s           2026-10-03T19:02:06
================================================================================
[2026-10-03T19:02:57.403+0000] {manager.py:878} INFO - 
================================================================================
DAG File Processing Stats

File Path                             PID    Runtime      # DAGs    # Errors  Last Runtime    Last Run
------------------------------------  -----  ---------  --------  ----------  --------------  -------------------
/opt/airflow/dags/f1_pipeline_dag.py                           1           0  0.11s           2026-10-03T19:02:36
================================================================================
[2026-10-04T06:57:50.210+0000] {manager.py:737} INFO - Searching for files in /opt/airflow/dags
[2026-10-04T06:57:50.228+0000] {manager.py:740} INFO - There are 1 files in /opt/airflow/dags
[2026-10-04T06:57:51.547+0000] {manager.py:878} INFO - 
================================================================================
DAG File Processing Stats

File Path                             PID    Runtime      # DAGs    # Errors  Last Runtime    Last Run
------------------------------------  -----  ---------  --------  ----------  --------------  -------------------
/opt/airflow/dags/f1_pipeline_dag.py                           1           0  0.21s           2026-10-04T06:57:50
================================================================================
[2026-10-04T06:58:21.676+0000] {manager.py:878} INFO - 
================================================================================
DAG File Processing Stats

File Path                             PID    Runtime      # DAGs    # Errors  Last Runtime    Last Run
------------------------------------  -----  ---------  --------  ----------  --------------  -------------------
/opt/airflow/dags/f1_pipeline_dag.py                           1           0  0.11s           2026-10-04T06:58:21
================================================================================
[2026-10-04T06:58:51.900+0000] {manager.py:878} INFO - 
================================================================================
DAG File Processing Stats

File Path                             PID    Runtime      # DAGs    # Errors  Last Runtime    Last Run
------------------------------------  -----  ---------  --------  ----------  --------------  -------------------
/opt/airflow/dags/f1_pipeline_dag.py                           1           0  0.11s           2026-10-04T06:58:51
================================================================================
[2026-10-04T06:59:22.164+0000] {manager.py:878} INFO - 
================================================================================
DAG File Processing Stats

File Path                             PID    Runtime      # DAGs    # Errors  Last Runtime    Last Run
------------------------------------  -----  ---------  --------  ----------  --------------  -------------------
/opt/airflow/dags/f1_pipeline_dag.py                           1           0  0.11s           2026-10-04T06:59:22
================================================================================
[2026-10-04T06:59:52.432+0000] {manager.py:878} INFO - 
================================================================================
DAG File Processing Stats

File Path                             PID    Runtime      # DAGs    # Errors  Last Runtime    Last Run
------------------------------------  -----  ---------  --------  ----------  --------------  -------------------
/opt/airflow/dags/f1_pipeline_dag.py                           1           0  0.11s           2026-10-04T06:59:52
================================================================================
[2026-10-04T07:00:22.766+0000] {manager.py:878} INFO - 
================================================================================
DAG File Processing Stats

File Path                             PID    Runtime      # DAGs    # Errors  Last Runtime    Last Run
------------------------------------  -----  ---------  --------  ----------  --------------  -------------------
/opt/airflow/dags/f1_pipeline_dag.py                           1           0  0.21s           2026-10-04T07:00:22
================================================================================
[2026-10-04T07:00:53.014+0000] {manager.py:878} INFO - 
================================================================================
DAG File Processing Stats

File Path                             PID    Runtime      # DAGs    # Errors  Last Runtime    Last Run
------------------------------------  -----  ---------  --------  ----------  --------------  -------------------
/opt/airflow/dags/f1_pipeline_dag.py                           1           0  0.10s           2026-10-04T07:00:53
================================================================================
[2026-10-04T07:01:23.339+0000] {manager.py:878} INFO - 
================================================================================
DAG File Processing Stats

File Path                             PID    Runtime      # DAGs    # Errors  Last Runtime    Last Run
------------------------------------  -----  ---------  --------  ----------  --------------  -------------------
/opt/airflow/dags/f1_pipeline_dag.py                           1           0  0.21s           2026-10-04T07:01:23
================================================================================
[2026-10-04T07:01:53.588+0000] {manager.py:878} INFO - 
================================================================================
DAG File Processing Stats

File Path                             PID    Runtime      # DAGs    # Errors  Last Runtime    Last Run
------------------------------------  -----  ---------  --------  ----------  --------------  -------------------
/opt/airflow/dags/f1_pipeline_dag.py                           1           0  0.11s           2026-10-04T07:01:53
================================================================================
[2026-10-04T07:02:23.820+0000] {manager.py:878} INFO - 
================================================================================
DAG File Processing Stats

File Path                             PID    Runtime      # DAGs    # Errors  Last Runtime    Last Run
------------------------------------  -----  ---------  --------  ----------  --------------  -------------------
/opt/airflow/dags/f1_pipeline_dag.py                           1           0  0.11s           2026-10-04T07:02:23
================================================================================
[2026-10-04T07:02:50.542+0000] {manager.py:737} INFO - Searching for files in /opt/airflow/dags
[2026-10-04T07:02:50.545+0000] {manager.py:740} INFO - There are 1 files in /opt/airflow/dags
[2026-10-04T07:02:54.052+0000] {manager.py:878} INFO - 
================================================================================
DAG File Processing Stats

File Path                             PID    Runtime      # DAGs    # Errors  Last Runtime    Last Run
------------------------------------  -----  ---------  --------  ----------  --------------  -------------------
/opt/airflow/dags/f1_pipeline_dag.py                           1           0  0.11s           2026-10-04T07:02:54
================================================================================
[2026-10-04T07:03:24.289+0000] {manager.py:878} INFO - 
================================================================================
DAG File Processing Stats

File Path                             PID    Runtime      # DAGs    # Errors  Last Runtime    Last Run
------------------------------------  -----  ---------  --------  ----------  --------------  -------------------
/opt/airflow/dags/f1_pipeline_dag.py                           1           0  0.11s           2026-10-04T07:03:24
================================================================================
[2026-10-04T07:03:54.437+0000] {manager.py:878} INFO - 
================================================================================
DAG File Processing Stats

File Path                             PID    Runtime      # DAGs    # Errors  Last Runtime    Last Run
------------------------------------  -----  ---------  --------  ----------  --------------  -------------------
/opt/airflow/dags/f1_pipeline_dag.py                           1           0  0.11s           2026-10-04T07:03:54
================================================================================
[2026-10-04T07:04:24.635+0000] {manager.py:878} INFO - 
================================================================================
DAG File Processing Stats

File Path                             PID    Runtime      # DAGs    # Errors  Last Runtime    Last Run
------------------------------------  -----  ---------  --------  ----------  --------------  -------------------
/opt/airflow/dags/f1_pipeline_dag.py                           1           0  0.11s           2026-10-04T07:04:24
================================================================================
[2026-10-04T07:04:54.873+0000] {manager.py:878} INFO - 
================================================================================
DAG File Processing Stats

File Path                             PID    Runtime      # DAGs    # Errors  Last Runtime    Last Run
------------------------------------  -----  ---------  --------  ----------  --------------  -------------------
/opt/airflow/dags/f1_pipeline_dag.py                           1           0  0.11s           2026-10-04T07:04:54
================================================================================
[2026-10-04T07:05:25.113+0000] {manager.py:878} INFO - 
================================================================================
DAG File Processing Stats

File Path                             PID    Runtime      # DAGs    # Errors  Last Runtime    Last Run
------------------------------------  -----  ---------  --------  ----------  --------------  -------------------
/opt/airflow/dags/f1_pipeline_dag.py                           1           0  0.11s           2026-10-04T07:05:25
================================================================================
[2026-10-04T07:05:55.349+0000] {manager.py:878} INFO - 
================================================================================
DAG File Processing Stats

File Path                             PID    Runtime      # DAGs    # Errors  Last Runtime    Last Run
------------------------------------  -----  ---------  --------  ----------  --------------  -------------------
/opt/airflow/dags/f1_pipeline_dag.py                           1           0  0.11s           2026-10-04T07:05:55
================================================================================
[2026-10-04T07:06:25.586+0000] {manager.py:878} INFO - 
================================================================================
DAG File Processing Stats

File Path                             PID    Runtime      # DAGs    # Errors  Last Runtime    Last Run
------------------------------------  -----  ---------  --------  ----------  --------------  -------------------
/opt/airflow/dags/f1_pipeline_dag.py                           1           0  0.11s           2026-10-04T07:06:25
================================================================================
[2026-10-04T07:06:55.825+0000] {manager.py:878} INFO - 
================================================================================
DAG File Processing Stats

File Path                             PID    Runtime      # DAGs    # Errors  Last Runtime    Last Run
------------------------------------  -----  ---------  --------  ----------  --------------  -------------------
/opt/airflow/dags/f1_pipeline_dag.py                           1           0  0.11s           2026-10-04T07:06:55
================================================================================
[2026-10-04T07:07:26.064+0000] {manager.py:878} INFO - 
================================================================================
DAG File Processing Stats

File Path                             PID    Runtime      # DAGs    # Errors  Last Runtime    Last Run
------------------------------------  -----  ---------  --------  ----------  --------------  -------------------
/opt/airflow/dags/f1_pipeline_dag.py                           1           0  0.11s           2026-10-04T07:07:26
================================================================================
[2026-10-04T07:07:50.810+0000] {manager.py:737} INFO - Searching for files in /opt/airflow/dags
[2026-10-04T07:07:50.811+0000] {manager.py:740} INFO - There are 1 files in /opt/airflow/dags
[2026-10-04T07:07:56.297+0000] {manager.py:878} INFO - 
================================================================================
DAG File Processing Stats

File Path                             PID    Runtime      # DAGs    # Errors  Last Runtime    Last Run
------------------------------------  -----  ---------  --------  ----------  --------------  -------------------
/opt/airflow/dags/f1_pipeline_dag.py                           1           0  0.11s           2026-10-04T07:07:56
================================================================================
[2026-10-04T07:08:26.529+0000] {manager.py:878} INFO - 
================================================================================
DAG File Processing Stats

File Path                             PID    Runtime      # DAGs    # Errors  Last Runtime    Last Run
------------------------------------  -----  ---------  --------  ----------  --------------  -------------------
/opt/airflow/dags/f1_pipeline_dag.py                           1           0  0.11s           2026-10-04T07:08:26
================================================================================
[2026-10-04T07:08:56.720+0000] {manager.py:878} INFO - 
================================================================================
DAG File Processing Stats

File Path                             PID    Runtime      # DAGs    # Errors  Last Runtime    Last Run
------------------------------------  -----  ---------  --------  ----------  --------------  -------------------
/opt/airflow/dags/f1_pipeline_dag.py                           1           0  0.11s           2026-10-04T07:08:56
================================================================================
[2026-10-04T07:09:27.007+0000] {manager.py:878} INFO - 
================================================================================
DAG File Processing Stats

File Path                             PID    Runtime      # DAGs    # Errors  Last Runtime    Last Run
------------------------------------  -----  ---------  --------  ----------  --------------  -------------------
/opt/airflow/dags/f1_pipeline_dag.py                           1           0  0.21s           2026-10-04T07:09:27
================================================================================
[2026-10-04T07:09:57.212+0000] {manager.py:878} INFO - 
================================================================================
DAG File Processing Stats

File Path                             PID    Runtime      # DAGs    # Errors  Last Runtime    Last Run
------------------------------------  -----  ---------  --------  ----------  --------------  -------------------
/opt/airflow/dags/f1_pipeline_dag.py                           1           0  0.11s           2026-10-04T07:09:57
================================================================================
[2026-10-04T07:10:27.503+0000] {manager.py:878} INFO - 
================================================================================
DAG File Processing Stats

File Path                             PID    Runtime      # DAGs    # Errors  Last Runtime    Last Run
------------------------------------  -----  ---------  --------  ----------  --------------  -------------------
/opt/airflow/dags/f1_pipeline_dag.py                           1           0  0.21s           2026-10-04T07:10:27
================================================================================
[2026-10-04T07:10:57.710+0000] {manager.py:878} INFO - 
================================================================================
DAG File Processing Stats

File Path                             PID    Runtime      # DAGs    # Errors  Last Runtime    Last Run
------------------------------------  -----  ---------  --------  ----------  --------------  -------------------
/opt/airflow/dags/f1_pipeline_dag.py                           1           0  0.11s           2026-10-04T07:10:57
================================================================================
[2026-10-04T07:11:27.997+0000] {manager.py:878} INFO - 
================================================================================
DAG File Processing Stats

File Path                             PID    Runtime      # DAGs    # Errors  Last Runtime    Last Run
------------------------------------  -----  ---------  --------  ----------  --------------  -------------------
/opt/airflow/dags/f1_pipeline_dag.py                           1           0  0.21s           2026-10-04T07:11:27
================================================================================
[2026-10-04T07:11:58.202+0000] {manager.py:878} INFO - 
================================================================================
DAG File Processing Stats

File Path                             PID    Runtime      # DAGs    # Errors  Last Runtime    Last Run
------------------------------------  -----  ---------  --------  ----------  --------------  -------------------
/opt/airflow/dags/f1_pipeline_dag.py                           1           0  0.11s           2026-10-04T07:11:58
================================================================================
[2026-10-04T07:12:28.389+0000] {manager.py:878} INFO - 
================================================================================
DAG File Processing Stats

File Path                             PID    Runtime      # DAGs    # Errors  Last Runtime    Last Run
------------------------------------  -----  ---------  --------  ----------  --------------  -------------------
/opt/airflow/dags/f1_pipeline_dag.py                           1           0  0.11s           2026-10-04T07:12:28
================================================================================
[2026-10-04T07:12:50.961+0000] {manager.py:737} INFO - Searching for files in /opt/airflow/dags
[2026-10-04T07:12:50.963+0000] {manager.py:740} INFO - There are 1 files in /opt/airflow/dags
[2026-10-04T07:12:58.575+0000] {manager.py:878} INFO - 
================================================================================
DAG File Processing Stats

File Path                             PID    Runtime      # DAGs    # Errors  Last Runtime    Last Run
------------------------------------  -----  ---------  --------  ----------  --------------  -------------------
/opt/airflow/dags/f1_pipeline_dag.py                           1           0  0.11s           2026-10-04T07:12:58
================================================================================
[2026-10-04T07:13:28.769+0000] {manager.py:878} INFO - 
================================================================================
DAG File Processing Stats

File Path                             PID    Runtime      # DAGs    # Errors  Last Runtime    Last Run
------------------------------------  -----  ---------  --------  ----------  --------------  -------------------
/opt/airflow/dags/f1_pipeline_dag.py                           1           0  0.11s           2026-10-04T07:13:28
================================================================================
[2026-10-04T07:13:58.956+0000] {manager.py:878} INFO - 
================================================================================
DAG File Processing Stats

File Path                             PID    Runtime      # DAGs    # Errors  Last Runtime    Last Run
------------------------------------  -----  ---------  --------  ----------  --------------  -------------------
/opt/airflow/dags/f1_pipeline_dag.py                           1           0  0.11s           2026-10-04T07:13:58
================================================================================
[2026-10-04T07:14:29.148+0000] {manager.py:878} INFO - 
================================================================================
DAG File Processing Stats

File Path                             PID    Runtime      # DAGs    # Errors  Last Runtime    Last Run
------------------------------------  -----  ---------  --------  ----------  --------------  -------------------
/opt/airflow/dags/f1_pipeline_dag.py                           1           0  0.11s           2026-10-04T07:14:29
================================================================================
[2026-10-04T07:14:59.342+0000] {manager.py:878} INFO - 
================================================================================
DAG File Processing Stats

File Path                             PID    Runtime      # DAGs    # Errors  Last Runtime    Last Run
------------------------------------  -----  ---------  --------  ----------  --------------  -------------------
/opt/airflow/dags/f1_pipeline_dag.py                           1           0  0.11s           2026-10-04T07:14:59
================================================================================
[2026-10-04T07:15:29.534+0000] {manager.py:878} INFO - 
================================================================================
DAG File Processing Stats

File Path                             PID    Runtime      # DAGs    # Errors  Last Runtime    Last Run
------------------------------------  -----  ---------  --------  ----------  --------------  -------------------
/opt/airflow/dags/f1_pipeline_dag.py                           1           0  0.11s           2026-10-04T07:15:29
================================================================================
[2026-10-04T07:15:59.728+0000] {manager.py:878} INFO - 
================================================================================
DAG File Processing Stats

File Path                             PID    Runtime      # DAGs    # Errors  Last Runtime    Last Run
------------------------------------  -----  ---------  --------  ----------  --------------  -------------------
/opt/airflow/dags/f1_pipeline_dag.py                           1           0  0.11s           2026-10-04T07:15:59
================================================================================
[2026-10-04T07:16:29.921+0000] {manager.py:878} INFO - 
================================================================================
DAG File Processing Stats

File Path                             PID    Runtime      # DAGs    # Errors  Last Runtime    Last Run
------------------------------------  -----  ---------  --------  ----------  --------------  -------------------
/opt/airflow/dags/f1_pipeline_dag.py                           1           0  0.11s           2026-10-04T07:16:29
================================================================================
[2026-10-04T07:17:00.122+0000] {manager.py:878} INFO - 
================================================================================
DAG File Processing Stats

File Path                             PID    Runtime      # DAGs    # Errors  Last Runtime    Last Run
------------------------------------  -----  ---------  --------  ----------  --------------  -------------------
/opt/airflow/dags/f1_pipeline_dag.py                           1           0  0.11s           2026-10-04T07:17:00
================================================================================
[2026-10-04T07:17:30.241+0000] {manager.py:878} INFO - 
================================================================================
DAG File Processing Stats

File Path                             PID    Runtime      # DAGs    # Errors  Last Runtime    Last Run
------------------------------------  -----  ---------  --------  ----------  --------------  -------------------
/opt/airflow/dags/f1_pipeline_dag.py                           1           0  0.11s           2026-10-04T07:17:30
================================================================================
[2026-10-04T07:17:51.323+0000] {manager.py:737} INFO - Searching for files in /opt/airflow/dags
[2026-10-04T07:17:51.325+0000] {manager.py:740} INFO - There are 1 files in /opt/airflow/dags
[2026-10-04T07:18:00.528+0000] {manager.py:878} INFO - 
================================================================================
DAG File Processing Stats

File Path                             PID    Runtime      # DAGs    # Errors  Last Runtime    Last Run
------------------------------------  -----  ---------  --------  ----------  --------------  -------------------
/opt/airflow/dags/f1_pipeline_dag.py                           1           0  0.21s           2026-10-04T07:18:00
================================================================================
[2026-10-04T07:18:30.732+0000] {manager.py:878} INFO - 
================================================================================
DAG File Processing Stats

File Path                             PID    Runtime      # DAGs    # Errors  Last Runtime    Last Run
------------------------------------  -----  ---------  --------  ----------  --------------  -------------------
/opt/airflow/dags/f1_pipeline_dag.py                           1           0  0.11s           2026-10-04T07:18:30
================================================================================
[2026-10-04T07:19:00.925+0000] {manager.py:878} INFO - 
================================================================================
DAG File Processing Stats

File Path                             PID    Runtime      # DAGs    # Errors  Last Runtime    Last Run
------------------------------------  -----  ---------  --------  ----------  --------------  -------------------
/opt/airflow/dags/f1_pipeline_dag.py                           1           0  0.11s           2026-10-04T07:19:00
================================================================================
[2026-10-04T07:19:31.110+0000] {manager.py:878} INFO - 
================================================================================
DAG File Processing Stats

File Path                             PID    Runtime      # DAGs    # Errors  Last Runtime    Last Run
------------------------------------  -----  ---------  --------  ----------  --------------  -------------------
/opt/airflow/dags/f1_pipeline_dag.py                           1           0  0.11s           2026-10-04T07:19:31
================================================================================
[2026-10-04T07:20:01.302+0000] {manager.py:878} INFO - 
================================================================================
DAG File Processing Stats

File Path                             PID    Runtime      # DAGs    # Errors  Last Runtime    Last Run
------------------------------------  -----  ---------  --------  ----------  --------------  -------------------
/opt/airflow/dags/f1_pipeline_dag.py                           1           0  0.11s           2026-10-04T07:20:01
================================================================================
[2026-10-04T07:20:31.494+0000] {manager.py:878} INFO - 
================================================================================
DAG File Processing Stats

File Path                             PID    Runtime      # DAGs    # Errors  Last Runtime    Last Run
------------------------------------  -----  ---------  --------  ----------  --------------  -------------------
/opt/airflow/dags/f1_pipeline_dag.py                           1           0  0.11s           2026-10-04T07:20:31
================================================================================
[2026-10-04T07:21:01.688+0000] {manager.py:878} INFO - 
================================================================================
DAG File Processing Stats

File Path                             PID    Runtime      # DAGs    # Errors  Last Runtime    Last Run
------------------------------------  -----  ---------  --------  ----------  --------------  -------------------
/opt/airflow/dags/f1_pipeline_dag.py                           1           0  0.11s           2026-10-04T07:21:01
================================================================================
[2026-10-04T07:21:31.931+0000] {manager.py:878} INFO - 
================================================================================
DAG File Processing Stats

File Path                             PID    Runtime      # DAGs    # Errors  Last Runtime    Last Run
------------------------------------  -----  ---------  --------  ----------  --------------  -------------------
/opt/airflow/dags/f1_pipeline_dag.py                           1           0  0.21s           2026-10-04T07:21:31
================================================================================
[2026-10-04T07:22:02.147+0000] {manager.py:878} INFO - 
================================================================================
DAG File Processing Stats

File Path                             PID    Runtime      # DAGs    # Errors  Last Runtime    Last Run
------------------------------------  -----  ---------  --------  ----------  --------------  -------------------
/opt/airflow/dags/f1_pipeline_dag.py                           1           0  0.11s           2026-10-04T07:22:02
================================================================================
[2026-10-04T07:22:32.337+0000] {manager.py:878} INFO - 
================================================================================
DAG File Processing Stats

File Path                             PID    Runtime      # DAGs    # Errors  Last Runtime    Last Run
------------------------------------  -----  ---------  --------  ----------  --------------  -------------------
/opt/airflow/dags/f1_pipeline_dag.py                           1           0  0.11s           2026-10-04T07:22:32
================================================================================
[2026-10-04T07:22:51.945+0000] {manager.py:737} INFO - Searching for files in /opt/airflow/dags
[2026-10-04T07:22:51.947+0000] {manager.py:740} INFO - There are 1 files in /opt/airflow/dags
[2026-10-04T07:23:02.526+0000] {manager.py:878} INFO - 
================================================================================
DAG File Processing Stats

File Path                             PID    Runtime      # DAGs    # Errors  Last Runtime    Last Run
------------------------------------  -----  ---------  --------  ----------  --------------  -------------------
/opt/airflow/dags/f1_pipeline_dag.py                           1           0  0.11s           2026-10-04T07:23:02
================================================================================
[2026-10-04T07:23:32.716+0000] {manager.py:878} INFO - 
================================================================================
DAG File Processing Stats

File Path                             PID    Runtime      # DAGs    # Errors  Last Runtime    Last Run
------------------------------------  -----  ---------  --------  ----------  --------------  -------------------
/opt/airflow/dags/f1_pipeline_dag.py                           1           0  0.11s           2026-10-04T07:23:32
================================================================================
[2026-10-04T07:24:02.848+0000] {manager.py:878} INFO - 
================================================================================
DAG File Processing Stats

File Path                             PID    Runtime      # DAGs    # Errors  Last Runtime    Last Run
------------------------------------  -----  ---------  --------  ----------  --------------  -------------------
/opt/airflow/dags/f1_pipeline_dag.py                           1           0  0.11s           2026-10-04T07:24:02
================================================================================
[2026-10-04T07:24:33.139+0000] {manager.py:878} INFO - 
================================================================================
DAG File Processing Stats

File Path                             PID    Runtime      # DAGs    # Errors  Last Runtime    Last Run
------------------------------------  -----  ---------  --------  ----------  --------------  -------------------
/opt/airflow/dags/f1_pipeline_dag.py                           1           0  0.21s           2026-10-04T07:24:33
================================================================================
[2026-10-04T07:25:03.343+0000] {manager.py:878} INFO - 
================================================================================
DAG File Processing Stats

File Path                             PID    Runtime      # DAGs    # Errors  Last Runtime    Last Run
------------------------------------  -----  ---------  --------  ----------  --------------  -------------------
/opt/airflow/dags/f1_pipeline_dag.py                           1           0  0.11s           2026-10-04T07:25:03
================================================================================
[2026-10-04T07:25:33.529+0000] {manager.py:878} INFO - 
================================================================================
DAG File Processing Stats

File Path                             PID    Runtime      # DAGs    # Errors  Last Runtime    Last Run
------------------------------------  -----  ---------  --------  ----------  --------------  -------------------
/opt/airflow/dags/f1_pipeline_dag.py                           1           0  0.11s           2026-10-04T07:25:33
================================================================================
[2026-10-04T07:26:03.720+0000] {manager.py:878} INFO - 
================================================================================
DAG File Processing Stats

File Path                             PID    Runtime      # DAGs    # Errors  Last Runtime    Last Run
------------------------------------  -----  ---------  --------  ----------  --------------  -------------------
/opt/airflow/dags/f1_pipeline_dag.py                           1           0  0.11s           2026-10-04T07:26:03
================================================================================
[2026-10-04T07:26:34.003+0000] {manager.py:878} INFO - 
================================================================================
DAG File Processing Stats

File Path                             PID    Runtime      # DAGs    # Errors  Last Runtime    Last Run
------------------------------------  -----  ---------  --------  ----------  --------------  -------------------
/opt/airflow/dags/f1_pipeline_dag.py                           1           0  0.21s           2026-10-04T07:26:34
================================================================================
[2026-10-04T07:27:04.205+0000] {manager.py:878} INFO - 
================================================================================
DAG File Processing Stats

File Path                             PID    Runtime      # DAGs    # Errors  Last Runtime    Last Run
------------------------------------  -----  ---------  --------  ----------  --------------  -------------------
/opt/airflow/dags/f1_pipeline_dag.py                           1           0  0.11s           2026-10-04T07:27:04
================================================================================
[2026-10-04T07:27:34.384+0000] {manager.py:878} INFO - 
================================================================================
DAG File Processing Stats

File Path                             PID    Runtime      # DAGs    # Errors  Last Runtime    Last Run
------------------------------------  -----  ---------  --------  ----------  --------------  -------------------
/opt/airflow/dags/f1_pipeline_dag.py                           1           0  0.10s           2026-10-04T07:27:34
================================================================================
[2026-10-04T07:27:52.208+0000] {manager.py:737} INFO - Searching for files in /opt/airflow/dags
[2026-10-04T07:27:52.210+0000] {manager.py:740} INFO - There are 1 files in /opt/airflow/dags
[2026-10-04T07:28:04.505+0000] {manager.py:878} INFO - 
================================================================================
DAG File Processing Stats

File Path                             PID    Runtime      # DAGs    # Errors  Last Runtime    Last Run
------------------------------------  -----  ---------  --------  ----------  --------------  -------------------
/opt/airflow/dags/f1_pipeline_dag.py                           1           0  0.11s           2026-10-04T07:28:04
================================================================================
[2026-10-04T07:28:34.693+0000] {manager.py:878} INFO - 
================================================================================
DAG File Processing Stats

File Path                             PID    Runtime      # DAGs    # Errors  Last Runtime    Last Run
------------------------------------  -----  ---------  --------  ----------  --------------  -------------------
/opt/airflow/dags/f1_pipeline_dag.py                           1           0  0.11s           2026-10-04T07:28:34
================================================================================
[2026-10-04T07:29:04.884+0000] {manager.py:878} INFO - 
================================================================================
DAG File Processing Stats

File Path                             PID    Runtime      # DAGs    # Errors  Last Runtime    Last Run
------------------------------------  -----  ---------  --------  ----------  --------------  -------------------
/opt/airflow/dags/f1_pipeline_dag.py                           1           0  0.11s           2026-10-04T07:29:04
================================================================================
[2026-10-04T07:29:35.171+0000] {manager.py:878} INFO - 
================================================================================
DAG File Processing Stats

File Path                             PID    Runtime      # DAGs    # Errors  Last Runtime    Last Run
------------------------------------  -----  ---------  --------  ----------  --------------  -------------------
/opt/airflow/dags/f1_pipeline_dag.py                           1           0  0.21s           2026-10-04T07:29:35
================================================================================
[2026-10-04T07:30:05.376+0000] {manager.py:878} INFO - 
================================================================================
DAG File Processing Stats

File Path                             PID    Runtime      # DAGs    # Errors  Last Runtime    Last Run
------------------------------------  -----  ---------  --------  ----------  --------------  -------------------
/opt/airflow/dags/f1_pipeline_dag.py                           1           0  0.11s           2026-10-04T07:30:05
================================================================================
[2026-10-04T07:30:35.665+0000] {manager.py:878} INFO - 
================================================================================
DAG File Processing Stats

File Path                             PID    Runtime      # DAGs    # Errors  Last Runtime    Last Run
------------------------------------  -----  ---------  --------  ----------  --------------  -------------------
/opt/airflow/dags/f1_pipeline_dag.py                           1           0  0.21s           2026-10-04T07:30:35
================================================================================
[2026-10-04T07:31:05.871+0000] {manager.py:878} INFO - 
================================================================================
DAG File Processing Stats

File Path                             PID    Runtime      # DAGs    # Errors  Last Runtime    Last Run
------------------------------------  -----  ---------  --------  ----------  --------------  -------------------
/opt/airflow/dags/f1_pipeline_dag.py                           1           0  0.11s           2026-10-04T07:31:05
================================================================================
[2026-10-04T07:31:36.159+0000] {manager.py:878} INFO - 
================================================================================
DAG File Processing Stats

File Path                             PID    Runtime      # DAGs    # Errors  Last Runtime    Last Run
------------------------------------  -----  ---------  --------  ----------  --------------  -------------------
/opt/airflow/dags/f1_pipeline_dag.py                           1           0  0.21s           2026-10-04T07:31:36
================================================================================
[2026-10-04T07:32:06.361+0000] {manager.py:878} INFO - 
================================================================================
DAG File Processing Stats

File Path                             PID    Runtime      # DAGs    # Errors  Last Runtime    Last Run
------------------------------------  -----  ---------  --------  ----------  --------------  -------------------
/opt/airflow/dags/f1_pipeline_dag.py                           1           0  0.11s           2026-10-04T07:32:06
================================================================================
[2026-10-04T07:32:36.551+0000] {manager.py:878} INFO - 
================================================================================
DAG File Processing Stats

File Path                             PID    Runtime      # DAGs    # Errors  Last Runtime    Last Run
------------------------------------  -----  ---------  --------  ----------  --------------  -------------------
/opt/airflow/dags/f1_pipeline_dag.py                           1           0  0.11s           2026-10-04T07:32:36
================================================================================
[2026-10-04T07:32:52.628+0000] {manager.py:737} INFO - Searching for files in /opt/airflow/dags
[2026-10-04T07:32:52.630+0000] {manager.py:740} INFO - There are 1 files in /opt/airflow/dags
[2026-10-04T07:33:06.740+0000] {manager.py:878} INFO - 
================================================================================
DAG File Processing Stats

File Path                             PID    Runtime      # DAGs    # Errors  Last Runtime    Last Run
------------------------------------  -----  ---------  --------  ----------  --------------  -------------------
/opt/airflow/dags/f1_pipeline_dag.py                           1           0  0.11s           2026-10-04T07:33:06
================================================================================
[2026-10-04T07:33:36.927+0000] {manager.py:878} INFO - 
================================================================================
DAG File Processing Stats

File Path                             PID    Runtime      # DAGs    # Errors  Last Runtime    Last Run
------------------------------------  -----  ---------  --------  ----------  --------------  -------------------
/opt/airflow/dags/f1_pipeline_dag.py                           1           0  0.11s           2026-10-04T07:33:36
================================================================================
[2026-10-04T07:34:07.117+0000] {manager.py:878} INFO - 
================================================================================
DAG File Processing Stats

File Path                             PID    Runtime      # DAGs    # Errors  Last Runtime    Last Run
------------------------------------  -----  ---------  --------  ----------  --------------  -------------------
/opt/airflow/dags/f1_pipeline_dag.py                           1           0  0.11s           2026-10-04T07:34:07
================================================================================
[2026-10-04T07:34:37.303+0000] {manager.py:878} INFO - 
================================================================================
DAG File Processing Stats

File Path                             PID    Runtime      # DAGs    # Errors  Last Runtime    Last Run
------------------------------------  -----  ---------  --------  ----------  --------------  -------------------
/opt/airflow/dags/f1_pipeline_dag.py                           1           0  0.11s           2026-10-04T07:34:37
================================================================================
[2026-10-04T07:35:07.495+0000] {manager.py:878} INFO - 
================================================================================
DAG File Processing Stats

File Path                             PID    Runtime      # DAGs    # Errors  Last Runtime    Last Run
------------------------------------  -----  ---------  --------  ----------  --------------  -------------------
/opt/airflow/dags/f1_pipeline_dag.py                           1           0  0.11s           2026-10-04T07:35:07
================================================================================
[2026-10-04T07:35:37.685+0000] {manager.py:878} INFO - 
================================================================================
DAG File Processing Stats

File Path                             PID    Runtime      # DAGs    # Errors  Last Runtime    Last Run
------------------------------------  -----  ---------  --------  ----------  --------------  -------------------
/opt/airflow/dags/f1_pipeline_dag.py                           1           0  0.11s           2026-10-04T07:35:37
================================================================================
[2026-10-04T07:36:07.817+0000] {manager.py:878} INFO - 
================================================================================
DAG File Processing Stats

File Path                             PID    Runtime      # DAGs    # Errors  Last Runtime    Last Run
------------------------------------  -----  ---------  --------  ----------  --------------  -------------------
/opt/airflow/dags/f1_pipeline_dag.py                           1           0  0.11s           2026-10-04T07:36:07
================================================================================
[2026-10-04T07:36:38.105+0000] {manager.py:878} INFO - 
================================================================================
DAG File Processing Stats

File Path                             PID    Runtime      # DAGs    # Errors  Last Runtime    Last Run
------------------------------------  -----  ---------  --------  ----------  --------------  -------------------
/opt/airflow/dags/f1_pipeline_dag.py                           1           0  0.21s           2026-10-04T07:36:38
================================================================================
[2026-10-04T07:37:08.313+0000] {manager.py:878} INFO - 
================================================================================
DAG File Processing Stats

File Path                             PID    Runtime      # DAGs    # Errors  Last Runtime    Last Run
------------------------------------  -----  ---------  --------  ----------  --------------  -------------------
/opt/airflow/dags/f1_pipeline_dag.py                           1           0  0.11s           2026-10-04T07:37:08
================================================================================
[2026-10-04T07:37:38.527+0000] {manager.py:878} INFO - 
================================================================================
DAG File Processing Stats

File Path                             PID    Runtime      # DAGs    # Errors  Last Runtime    Last Run
------------------------------------  -----  ---------  --------  ----------  --------------  -------------------
/opt/airflow/dags/f1_pipeline_dag.py                           1           0  0.21s           2026-10-04T07:37:38
================================================================================
[2026-10-04T07:37:52.752+0000] {manager.py:737} INFO - Searching for files in /opt/airflow/dags
[2026-10-04T07:37:52.754+0000] {manager.py:740} INFO - There are 1 files in /opt/airflow/dags
[2026-10-04T07:38:08.741+0000] {manager.py:878} INFO - 
================================================================================
DAG File Processing Stats

File Path                             PID    Runtime      # DAGs    # Errors  Last Runtime    Last Run
------------------------------------  -----  ---------  --------  ----------  --------------  -------------------
/opt/airflow/dags/f1_pipeline_dag.py                           1           0  0.11s           2026-10-04T07:38:08
================================================================================
[2026-10-04T07:38:39.029+0000] {manager.py:878} INFO - 
================================================================================
DAG File Processing Stats

File Path                             PID    Runtime      # DAGs    # Errors  Last Runtime    Last Run
------------------------------------  -----  ---------  --------  ----------  --------------  -------------------
/opt/airflow/dags/f1_pipeline_dag.py                           1           0  0.21s           2026-10-04T07:38:39
================================================================================
[2026-10-04T07:39:09.235+0000] {manager.py:878} INFO - 
================================================================================
DAG File Processing Stats

File Path                             PID    Runtime      # DAGs    # Errors  Last Runtime    Last Run
------------------------------------  -----  ---------  --------  ----------  --------------  -------------------
/opt/airflow/dags/f1_pipeline_dag.py                           1           0  0.11s           2026-10-04T07:39:09
================================================================================
[2026-10-04T07:39:39.520+0000] {manager.py:878} INFO - 
================================================================================
DAG File Processing Stats

File Path                             PID    Runtime      # DAGs    # Errors  Last Runtime    Last Run
------------------------------------  -----  ---------  --------  ----------  --------------  -------------------
/opt/airflow/dags/f1_pipeline_dag.py                           1           0  0.21s           2026-10-04T07:39:39
================================================================================
[2026-10-04T07:40:09.721+0000] {manager.py:878} INFO - 
================================================================================
DAG File Processing Stats

File Path                             PID    Runtime      # DAGs    # Errors  Last Runtime    Last Run
------------------------------------  -----  ---------  --------  ----------  --------------  -------------------
/opt/airflow/dags/f1_pipeline_dag.py                           1           0  0.11s           2026-10-04T07:40:09
================================================================================
[2026-10-04T07:40:40.012+0000] {manager.py:878} INFO - 
================================================================================
DAG File Processing Stats

File Path                             PID    Runtime      # DAGs    # Errors  Last Runtime    Last Run
------------------------------------  -----  ---------  --------  ----------  --------------  -------------------
/opt/airflow/dags/f1_pipeline_dag.py                           1           0  0.21s           2026-10-04T07:40:40
================================================================================
[2026-10-04T07:41:10.212+0000] {manager.py:878} INFO - 
================================================================================
DAG File Processing Stats

File Path                             PID    Runtime      # DAGs    # Errors  Last Runtime    Last Run
------------------------------------  -----  ---------  --------  ----------  --------------  -------------------
/opt/airflow/dags/f1_pipeline_dag.py                           1           0  0.11s           2026-10-04T07:41:10
================================================================================
[2026-10-04T07:41:40.397+0000] {manager.py:878} INFO - 
================================================================================
DAG File Processing Stats

File Path                             PID    Runtime      # DAGs    # Errors  Last Runtime    Last Run
------------------------------------  -----  ---------  --------  ----------  --------------  -------------------
/opt/airflow/dags/f1_pipeline_dag.py                           1           0  0.11s           2026-10-04T07:41:40
================================================================================
[2026-10-04T07:42:10.589+0000] {manager.py:878} INFO - 
================================================================================
DAG File Processing Stats

File Path                             PID    Runtime      # DAGs    # Errors  Last Runtime    Last Run
------------------------------------  -----  ---------  --------  ----------  --------------  -------------------
/opt/airflow/dags/f1_pipeline_dag.py                           1           0  0.11s           2026-10-04T07:42:10
================================================================================
[2026-10-04T07:42:40.883+0000] {manager.py:878} INFO - 
================================================================================
DAG File Processing Stats

File Path                             PID    Runtime      # DAGs    # Errors  Last Runtime    Last Run
------------------------------------  -----  ---------  --------  ----------  --------------  -------------------
/opt/airflow/dags/f1_pipeline_dag.py                           1           0  0.21s           2026-10-04T07:42:40
================================================================================
[2026-10-04T07:42:53.138+0000] {manager.py:737} INFO - Searching for files in /opt/airflow/dags
[2026-10-04T07:42:53.140+0000] {manager.py:740} INFO - There are 1 files in /opt/airflow/dags
[2026-10-04T07:43:11.070+0000] {manager.py:878} INFO - 
================================================================================
DAG File Processing Stats

File Path                             PID    Runtime      # DAGs    # Errors  Last Runtime    Last Run
------------------------------------  -----  ---------  --------  ----------  --------------  -------------------
/opt/airflow/dags/f1_pipeline_dag.py                           1           0  0.11s           2026-10-04T07:43:11
================================================================================
[2026-10-04T07:43:41.256+0000] {manager.py:878} INFO - 
================================================================================
DAG File Processing Stats

File Path                             PID    Runtime      # DAGs    # Errors  Last Runtime    Last Run
------------------------------------  -----  ---------  --------  ----------  --------------  -------------------
/opt/airflow/dags/f1_pipeline_dag.py                           1           0  0.11s           2026-10-04T07:43:41
================================================================================
[2026-10-04T07:44:11.444+0000] {manager.py:878} INFO - 
================================================================================
DAG File Processing Stats

File Path                             PID    Runtime      # DAGs    # Errors  Last Runtime    Last Run
------------------------------------  -----  ---------  --------  ----------  --------------  -------------------
/opt/airflow/dags/f1_pipeline_dag.py                           1           0  0.11s           2026-10-04T07:44:11
================================================================================
[2026-10-04T07:44:41.733+0000] {manager.py:878} INFO - 
================================================================================
DAG File Processing Stats

File Path                             PID    Runtime      # DAGs    # Errors  Last Runtime    Last Run
------------------------------------  -----  ---------  --------  ----------  --------------  -------------------
/opt/airflow/dags/f1_pipeline_dag.py                           1           0  0.21s           2026-10-04T07:44:41
================================================================================
[2026-10-04T07:45:11.933+0000] {manager.py:878} INFO - 
================================================================================
DAG File Processing Stats

File Path                             PID    Runtime      # DAGs    # Errors  Last Runtime    Last Run
------------------------------------  -----  ---------  --------  ----------  --------------  -------------------
/opt/airflow/dags/f1_pipeline_dag.py                           1           0  0.11s           2026-10-04T07:45:11
================================================================================
[2026-10-04T07:45:42.209+0000] {manager.py:878} INFO - 
================================================================================
DAG File Processing Stats

File Path                             PID    Runtime      # DAGs    # Errors  Last Runtime    Last Run
------------------------------------  -----  ---------  --------  ----------  --------------  -------------------
/opt/airflow/dags/f1_pipeline_dag.py                           1           0  0.21s           2026-10-04T07:45:42
================================================================================
[2026-10-04T07:46:12.418+0000] {manager.py:878} INFO - 
================================================================================
DAG File Processing Stats

File Path                             PID    Runtime      # DAGs    # Errors  Last Runtime    Last Run
------------------------------------  -----  ---------  --------  ----------  --------------  -------------------
/opt/airflow/dags/f1_pipeline_dag.py                           1           0  0.11s           2026-10-04T07:46:12
================================================================================
[2026-10-04T07:46:42.615+0000] {manager.py:878} INFO - 
================================================================================
DAG File Processing Stats

File Path                             PID    Runtime      # DAGs    # Errors  Last Runtime    Last Run
------------------------------------  -----  ---------  --------  ----------  --------------  -------------------
/opt/airflow/dags/f1_pipeline_dag.py                           1           0  0.11s           2026-10-04T07:46:42
================================================================================
[2026-10-04T07:47:12.807+0000] {manager.py:878} INFO - 
================================================================================
DAG File Processing Stats

File Path                             PID    Runtime      # DAGs    # Errors  Last Runtime    Last Run
------------------------------------  -----  ---------  --------  ----------  --------------  -------------------
/opt/airflow/dags/f1_pipeline_dag.py                           1           0  0.11s           2026-10-04T07:47:12
================================================================================
[2026-10-04T07:47:42.997+0000] {manager.py:878} INFO - 
================================================================================
DAG File Processing Stats

File Path                             PID    Runtime      # DAGs    # Errors  Last Runtime    Last Run
------------------------------------  -----  ---------  --------  ----------  --------------  -------------------
/opt/airflow/dags/f1_pipeline_dag.py                           1           0  0.11s           2026-10-04T07:47:42
================================================================================
[2026-10-04T07:47:54.077+0000] {manager.py:737} INFO - Searching for files in /opt/airflow/dags
[2026-10-04T07:47:54.079+0000] {manager.py:740} INFO - There are 1 files in /opt/airflow/dags
[2026-10-04T07:48:13.175+0000] {manager.py:878} INFO - 
================================================================================
DAG File Processing Stats

File Path                             PID    Runtime      # DAGs    # Errors  Last Runtime    Last Run
------------------------------------  -----  ---------  --------  ----------  --------------  -------------------
/opt/airflow/dags/f1_pipeline_dag.py                           1           0  0.11s           2026-10-04T07:48:13
================================================================================
[2026-10-04T07:48:43.361+0000] {manager.py:878} INFO - 
================================================================================
DAG File Processing Stats

File Path                             PID    Runtime      # DAGs    # Errors  Last Runtime    Last Run
------------------------------------  -----  ---------  --------  ----------  --------------  -------------------
/opt/airflow/dags/f1_pipeline_dag.py                           1           0  0.11s           2026-10-04T07:48:43
================================================================================
[2026-10-04T07:49:13.508+0000] {manager.py:878} INFO - 
================================================================================
DAG File Processing Stats

File Path                             PID    Runtime      # DAGs    # Errors  Last Runtime    Last Run
------------------------------------  -----  ---------  --------  ----------  --------------  -------------------
/opt/airflow/dags/f1_pipeline_dag.py                           1           0  0.11s           2026-10-04T07:49:13
================================================================================
[2026-10-04T07:49:43.694+0000] {manager.py:878} INFO - 
================================================================================
DAG File Processing Stats

File Path                             PID    Runtime      # DAGs    # Errors  Last Runtime    Last Run
------------------------------------  -----  ---------  --------  ----------  --------------  -------------------
/opt/airflow/dags/f1_pipeline_dag.py                           1           0  0.11s           2026-10-04T07:49:43
================================================================================
[2026-10-04T07:50:14.010+0000] {manager.py:878} INFO - 
================================================================================
DAG File Processing Stats

File Path                             PID    Runtime      # DAGs    # Errors  Last Runtime    Last Run
------------------------------------  -----  ---------  --------  ----------  --------------  -------------------
/opt/airflow/dags/f1_pipeline_dag.py                           1           0  0.21s           2026-10-04T07:50:14
================================================================================
[2026-10-04T07:50:44.319+0000] {manager.py:878} INFO - 
================================================================================
DAG File Processing Stats

File Path                             PID    Runtime      # DAGs    # Errors  Last Runtime    Last Run
------------------------------------  -----  ---------  --------  ----------  --------------  -------------------
/opt/airflow/dags/f1_pipeline_dag.py                           1           0  0.21s           2026-10-04T07:50:44
================================================================================
[2026-10-04T07:51:14.410+0000] {manager.py:878} INFO - 
================================================================================
DAG File Processing Stats

File Path                             PID    Runtime      # DAGs    # Errors  Last Runtime    Last Run
------------------------------------  -----  ---------  --------  ----------  --------------  -------------------
/opt/airflow/dags/f1_pipeline_dag.py                           1           0  0.31s           2026-10-04T07:51:07
================================================================================
[2026-10-04T07:51:44.510+0000] {manager.py:878} INFO - 
================================================================================
DAG File Processing Stats

File Path                             PID    Runtime      # DAGs    # Errors  Last Runtime    Last Run
------------------------------------  -----  ---------  --------  ----------  --------------  -------------------
/opt/airflow/dags/f1_pipeline_dag.py                           1           0  0.21s           2026-10-04T07:51:39
================================================================================
[2026-10-04T07:52:14.604+0000] {manager.py:878} INFO - 
================================================================================
DAG File Processing Stats

File Path                             PID    Runtime      # DAGs    # Errors  Last Runtime    Last Run
------------------------------------  -----  ---------  --------  ----------  --------------  -------------------
/opt/airflow/dags/f1_pipeline_dag.py                           1           0  0.21s           2026-10-04T07:52:09
================================================================================
[2026-10-04T07:52:44.694+0000] {manager.py:878} INFO - 
================================================================================
DAG File Processing Stats

File Path                             PID    Runtime      # DAGs    # Errors  Last Runtime    Last Run
------------------------------------  -----  ---------  --------  ----------  --------------  -------------------
/opt/airflow/dags/f1_pipeline_dag.py                           1           0  0.21s           2026-10-04T07:52:40
================================================================================
[2026-10-04T07:52:54.628+0000] {manager.py:737} INFO - Searching for files in /opt/airflow/dags
[2026-10-04T07:52:54.630+0000] {manager.py:740} INFO - There are 1 files in /opt/airflow/dags
[2026-10-04T07:53:14.785+0000] {manager.py:878} INFO - 
================================================================================
DAG File Processing Stats

File Path                             PID    Runtime      # DAGs    # Errors  Last Runtime    Last Run
------------------------------------  -----  ---------  --------  ----------  --------------  -------------------
/opt/airflow/dags/f1_pipeline_dag.py                           1           0  0.21s           2026-10-04T07:53:11
================================================================================
[2026-10-04T07:53:44.876+0000] {manager.py:878} INFO - 
================================================================================
DAG File Processing Stats

File Path                             PID    Runtime      # DAGs    # Errors  Last Runtime    Last Run
------------------------------------  -----  ---------  --------  ----------  --------------  -------------------
/opt/airflow/dags/f1_pipeline_dag.py                           1           0  0.21s           2026-10-04T07:53:41
================================================================================
[2026-10-04T07:54:14.967+0000] {manager.py:878} INFO - 
================================================================================
DAG File Processing Stats

File Path                             PID    Runtime      # DAGs    # Errors  Last Runtime    Last Run
------------------------------------  -----  ---------  --------  ----------  --------------  -------------------
/opt/airflow/dags/f1_pipeline_dag.py                           1           0  0.21s           2026-10-04T07:54:12
================================================================================
[2026-10-04T07:54:45.059+0000] {manager.py:878} INFO - 
================================================================================
DAG File Processing Stats

File Path                             PID    Runtime      # DAGs    # Errors  Last Runtime    Last Run
------------------------------------  -----  ---------  --------  ----------  --------------  -------------------
/opt/airflow/dags/f1_pipeline_dag.py                           1           0  0.21s           2026-10-04T07:54:43
================================================================================
[2026-10-04T07:55:15.159+0000] {manager.py:878} INFO - 
================================================================================
DAG File Processing Stats

File Path                             PID    Runtime      # DAGs    # Errors  Last Runtime    Last Run
------------------------------------  -----  ---------  --------  ----------  --------------  -------------------
/opt/airflow/dags/f1_pipeline_dag.py                           1           0  0.21s           2026-10-04T07:55:14
================================================================================
[2026-10-04T07:55:45.264+0000] {manager.py:878} INFO - 
================================================================================
DAG File Processing Stats

File Path                             PID    Runtime      # DAGs    # Errors  Last Runtime    Last Run
------------------------------------  -----  ---------  --------  ----------  --------------  -------------------
/opt/airflow/dags/f1_pipeline_dag.py                           1           0  0.21s           2026-10-04T07:55:44
================================================================================
[2026-10-04T07:56:15.459+0000] {manager.py:878} INFO - 
================================================================================
DAG File Processing Stats

File Path                             PID    Runtime      # DAGs    # Errors  Last Runtime    Last Run
------------------------------------  -----  ---------  --------  ----------  --------------  -------------------
/opt/airflow/dags/f1_pipeline_dag.py                           1           0  0.21s           2026-10-04T07:56:15
================================================================================
[2026-10-04T07:56:45.778+0000] {manager.py:878} INFO - 
================================================================================
DAG File Processing Stats

File Path                             PID    Runtime      # DAGs    # Errors  Last Runtime    Last Run
------------------------------------  -----  ---------  --------  ----------  --------------  -------------------
/opt/airflow/dags/f1_pipeline_dag.py                           1           0  0.21s           2026-10-04T07:56:45
================================================================================
[2026-10-04T07:57:16.087+0000] {manager.py:878} INFO - 
================================================================================
DAG File Processing Stats

File Path                             PID    Runtime      # DAGs    # Errors  Last Runtime    Last Run
------------------------------------  -----  ---------  --------  ----------  --------------  -------------------
/opt/airflow/dags/f1_pipeline_dag.py                           1           0  0.21s           2026-10-04T07:57:16
================================================================================
[2026-10-04T07:57:46.400+0000] {manager.py:878} INFO - 
================================================================================
DAG File Processing Stats

File Path                             PID    Runtime      # DAGs    # Errors  Last Runtime    Last Run
------------------------------------  -----  ---------  --------  ----------  --------------  -------------------
/opt/airflow/dags/f1_pipeline_dag.py                           1           0  0.21s           2026-10-04T07:57:46
================================================================================
[2026-10-04T07:57:55.647+0000] {manager.py:737} INFO - Searching for files in /opt/airflow/dags
[2026-10-04T07:57:55.650+0000] {manager.py:740} INFO - There are 1 files in /opt/airflow/dags
[2026-10-04T07:58:16.715+0000] {manager.py:878} INFO - 
================================================================================
DAG File Processing Stats

File Path                             PID    Runtime      # DAGs    # Errors  Last Runtime    Last Run
------------------------------------  -----  ---------  --------  ----------  --------------  -------------------
/opt/airflow/dags/f1_pipeline_dag.py                           1           0  0.21s           2026-10-04T07:58:16
================================================================================
[2026-10-04T07:58:47.026+0000] {manager.py:878} INFO - 
================================================================================
DAG File Processing Stats

File Path                             PID    Runtime      # DAGs    # Errors  Last Runtime    Last Run
------------------------------------  -----  ---------  --------  ----------  --------------  -------------------
/opt/airflow/dags/f1_pipeline_dag.py                           1           0  0.21s           2026-10-04T07:58:47
================================================================================
[2026-10-04T07:59:17.335+0000] {manager.py:878} INFO - 
================================================================================
DAG File Processing Stats

File Path                             PID    Runtime      # DAGs    # Errors  Last Runtime    Last Run
------------------------------------  -----  ---------  --------  ----------  --------------  -------------------
/opt/airflow/dags/f1_pipeline_dag.py                           1           0  0.21s           2026-10-04T07:59:17
================================================================================
[2026-10-04T07:59:47.658+0000] {manager.py:878} INFO - 
================================================================================
DAG File Processing Stats

File Path                             PID    Runtime      # DAGs    # Errors  Last Runtime    Last Run
------------------------------------  -----  ---------  --------  ----------  --------------  -------------------
/opt/airflow/dags/f1_pipeline_dag.py                           1           0  0.21s           2026-10-04T07:59:47
================================================================================
[2026-10-04T08:00:17.966+0000] {manager.py:878} INFO - 
================================================================================
DAG File Processing Stats

File Path                             PID    Runtime      # DAGs    # Errors  Last Runtime    Last Run
------------------------------------  -----  ---------  --------  ----------  --------------  -------------------
/opt/airflow/dags/f1_pipeline_dag.py                           1           0  0.21s           2026-10-04T08:00:17
================================================================================
[2026-10-04T08:00:48.276+0000] {manager.py:878} INFO - 
================================================================================
DAG File Processing Stats

File Path                             PID    Runtime      # DAGs    # Errors  Last Runtime    Last Run
------------------------------------  -----  ---------  --------  ----------  --------------  -------------------
/opt/airflow/dags/f1_pipeline_dag.py                           1           0  0.21s           2026-10-04T08:00:48
================================================================================
[2026-10-04T08:01:18.587+0000] {manager.py:878} INFO - 
================================================================================
DAG File Processing Stats

File Path                             PID    Runtime      # DAGs    # Errors  Last Runtime    Last Run
------------------------------------  -----  ---------  --------  ----------  --------------  -------------------
/opt/airflow/dags/f1_pipeline_dag.py                           1           0  0.21s           2026-10-04T08:01:18
================================================================================
[2026-10-04T08:01:48.899+0000] {manager.py:878} INFO - 
================================================================================
DAG File Processing Stats

File Path                             PID    Runtime      # DAGs    # Errors  Last Runtime    Last Run
------------------------------------  -----  ---------  --------  ----------  --------------  -------------------
/opt/airflow/dags/f1_pipeline_dag.py                           1           0  0.21s           2026-10-04T08:01:48
================================================================================
[2026-10-04T08:02:19.210+0000] {manager.py:878} INFO - 
================================================================================
DAG File Processing Stats

File Path                             PID    Runtime      # DAGs    # Errors  Last Runtime    Last Run
------------------------------------  -----  ---------  --------  ----------  --------------  -------------------
/opt/airflow/dags/f1_pipeline_dag.py                           1           0  0.21s           2026-10-04T08:02:19
================================================================================
[2026-10-04T08:02:49.519+0000] {manager.py:878} INFO - 
================================================================================
DAG File Processing Stats

File Path                             PID    Runtime      # DAGs    # Errors  Last Runtime    Last Run
------------------------------------  -----  ---------  --------  ----------  --------------  -------------------
/opt/airflow/dags/f1_pipeline_dag.py                           1           0  0.21s           2026-10-04T08:02:49
================================================================================
[2026-10-04T08:02:56.681+0000] {manager.py:737} INFO - Searching for files in /opt/airflow/dags
[2026-10-04T08:02:56.683+0000] {manager.py:740} INFO - There are 1 files in /opt/airflow/dags
[2026-10-04T08:03:19.832+0000] {manager.py:878} INFO - 
================================================================================
DAG File Processing Stats

File Path                             PID    Runtime      # DAGs    # Errors  Last Runtime    Last Run
------------------------------------  -----  ---------  --------  ----------  --------------  -------------------
/opt/airflow/dags/f1_pipeline_dag.py                           1           0  0.21s           2026-10-04T08:03:19
================================================================================
[2026-10-04T08:03:50.146+0000] {manager.py:878} INFO - 
================================================================================
DAG File Processing Stats

File Path                             PID    Runtime      # DAGs    # Errors  Last Runtime    Last Run
------------------------------------  -----  ---------  --------  ----------  --------------  -------------------
/opt/airflow/dags/f1_pipeline_dag.py                           1           0  0.21s           2026-10-04T08:03:50
================================================================================
[2026-10-04T08:04:20.458+0000] {manager.py:878} INFO - 
================================================================================
DAG File Processing Stats

File Path                             PID    Runtime      # DAGs    # Errors  Last Runtime    Last Run
------------------------------------  -----  ---------  --------  ----------  --------------  -------------------
/opt/airflow/dags/f1_pipeline_dag.py                           1           0  0.21s           2026-10-04T08:04:20
================================================================================
[2026-10-04T08:04:50.772+0000] {manager.py:878} INFO - 
================================================================================
DAG File Processing Stats

File Path                             PID    Runtime      # DAGs    # Errors  Last Runtime    Last Run
------------------------------------  -----  ---------  --------  ----------  --------------  -------------------
/opt/airflow/dags/f1_pipeline_dag.py                           1           0  0.21s           2026-10-04T08:04:50
================================================================================
[2026-10-04T08:05:21.086+0000] {manager.py:878} INFO - 
================================================================================
DAG File Processing Stats

File Path                             PID    Runtime      # DAGs    # Errors  Last Runtime    Last Run
------------------------------------  -----  ---------  --------  ----------  --------------  -------------------
/opt/airflow/dags/f1_pipeline_dag.py                           1           0  0.21s           2026-10-04T08:05:21
================================================================================
[2026-10-04T08:05:51.394+0000] {manager.py:878} INFO - 
================================================================================
DAG File Processing Stats

File Path                             PID    Runtime      # DAGs    # Errors  Last Runtime    Last Run
------------------------------------  -----  ---------  --------  ----------  --------------  -------------------
/opt/airflow/dags/f1_pipeline_dag.py                           1           0  0.21s           2026-10-04T08:05:51
================================================================================
[2026-10-04T08:06:21.506+0000] {manager.py:878} INFO - 
================================================================================
DAG File Processing Stats

File Path                             PID    Runtime      # DAGs    # Errors  Last Runtime    Last Run
------------------------------------  -----  ---------  --------  ----------  --------------  -------------------
/opt/airflow/dags/f1_pipeline_dag.py                           1           0  0.41s           2026-10-04T08:06:10
================================================================================
[2026-10-04T08:06:51.600+0000] {manager.py:878} INFO - 
================================================================================
DAG File Processing Stats

File Path                             PID    Runtime      # DAGs    # Errors  Last Runtime    Last Run
------------------------------------  -----  ---------  --------  ----------  --------------  -------------------
/opt/airflow/dags/f1_pipeline_dag.py                           1           0  0.31s           2026-10-04T08:06:41
================================================================================
[2026-10-04T08:07:21.695+0000] {manager.py:878} INFO - 
================================================================================
DAG File Processing Stats

File Path                             PID    Runtime      # DAGs    # Errors  Last Runtime    Last Run
------------------------------------  -----  ---------  --------  ----------  --------------  -------------------
/opt/airflow/dags/f1_pipeline_dag.py                           1           0  0.21s           2026-10-04T08:07:11
================================================================================
[2026-10-04T08:07:51.766+0000] {manager.py:878} INFO - 
================================================================================
DAG File Processing Stats

File Path                             PID    Runtime      # DAGs    # Errors  Last Runtime    Last Run
------------------------------------  -----  ---------  --------  ----------  --------------  -------------------
/opt/airflow/dags/f1_pipeline_dag.py                           1           0  0.31s           2026-10-04T08:07:42
================================================================================
[2026-10-04T08:07:56.959+0000] {manager.py:737} INFO - Searching for files in /opt/airflow/dags
[2026-10-04T08:07:56.961+0000] {manager.py:740} INFO - There are 1 files in /opt/airflow/dags
[2026-10-04T08:08:21.864+0000] {manager.py:878} INFO - 
================================================================================
DAG File Processing Stats

File Path                             PID    Runtime      # DAGs    # Errors  Last Runtime    Last Run
------------------------------------  -----  ---------  --------  ----------  --------------  -------------------
/opt/airflow/dags/f1_pipeline_dag.py                           1           0  0.21s           2026-10-04T08:08:12
================================================================================
[2026-10-04T08:08:51.956+0000] {manager.py:878} INFO - 
================================================================================
DAG File Processing Stats

File Path                             PID    Runtime      # DAGs    # Errors  Last Runtime    Last Run
------------------------------------  -----  ---------  --------  ----------  --------------  -------------------
/opt/airflow/dags/f1_pipeline_dag.py                           1           0  0.22s           2026-10-04T08:08:42
================================================================================
[2026-10-04T08:09:22.054+0000] {manager.py:878} INFO - 
================================================================================
DAG File Processing Stats

File Path                             PID    Runtime      # DAGs    # Errors  Last Runtime    Last Run
------------------------------------  -----  ---------  --------  ----------  --------------  -------------------
/opt/airflow/dags/f1_pipeline_dag.py                           1           0  0.21s           2026-10-04T08:09:13
================================================================================
[2026-10-04T08:09:52.144+0000] {manager.py:878} INFO - 
================================================================================
DAG File Processing Stats

File Path                             PID    Runtime      # DAGs    # Errors  Last Runtime    Last Run
------------------------------------  -----  ---------  --------  ----------  --------------  -------------------
/opt/airflow/dags/f1_pipeline_dag.py                           1           0  0.32s           2026-10-04T08:09:43
================================================================================
[2026-10-04T08:10:22.241+0000] {manager.py:878} INFO - 
================================================================================
DAG File Processing Stats

File Path                             PID    Runtime      # DAGs    # Errors  Last Runtime    Last Run
------------------------------------  -----  ---------  --------  ----------  --------------  -------------------
/opt/airflow/dags/f1_pipeline_dag.py                           1           0  0.22s           2026-10-04T08:10:14
================================================================================
[2026-10-04T08:10:52.343+0000] {manager.py:878} INFO - 
================================================================================
DAG File Processing Stats

File Path                             PID    Runtime      # DAGs    # Errors  Last Runtime    Last Run
------------------------------------  -----  ---------  --------  ----------  --------------  -------------------
/opt/airflow/dags/f1_pipeline_dag.py                           1           0  0.21s           2026-10-04T08:10:44
================================================================================
[2026-10-04T08:11:22.437+0000] {manager.py:878} INFO - 
================================================================================
DAG File Processing Stats

File Path                             PID    Runtime      # DAGs    # Errors  Last Runtime    Last Run
------------------------------------  -----  ---------  --------  ----------  --------------  -------------------
/opt/airflow/dags/f1_pipeline_dag.py                           1           0  0.21s           2026-10-04T08:11:14
================================================================================
[2026-10-04T08:11:52.476+0000] {manager.py:878} INFO - 
================================================================================
DAG File Processing Stats

File Path                             PID    Runtime      # DAGs    # Errors  Last Runtime    Last Run
------------------------------------  -----  ---------  --------  ----------  --------------  -------------------
/opt/airflow/dags/f1_pipeline_dag.py                           1           0  0.21s           2026-10-04T08:11:45
================================================================================
[2026-10-04T08:12:22.640+0000] {manager.py:878} INFO - 
================================================================================
DAG File Processing Stats

File Path                             PID    Runtime      # DAGs    # Errors  Last Runtime    Last Run
------------------------------------  -----  ---------  --------  ----------  --------------  -------------------
/opt/airflow/dags/f1_pipeline_dag.py                           1           0  0.21s           2026-10-04T08:12:15
================================================================================
[2026-10-04T08:12:52.739+0000] {manager.py:878} INFO - 
================================================================================
DAG File Processing Stats

File Path                             PID    Runtime      # DAGs    # Errors  Last Runtime    Last Run
------------------------------------  -----  ---------  --------  ----------  --------------  -------------------
/opt/airflow/dags/f1_pipeline_dag.py                           1           1  0.21s           2026-10-04T08:12:24
================================================================================
[2026-10-04T08:12:57.157+0000] {manager.py:737} INFO - Searching for files in /opt/airflow/dags
[2026-10-04T08:12:57.159+0000] {manager.py:740} INFO - There are 1 files in /opt/airflow/dags
[2026-10-04T08:13:22.844+0000] {manager.py:878} INFO - 
================================================================================
DAG File Processing Stats

File Path                             PID    Runtime      # DAGs    # Errors  Last Runtime    Last Run
------------------------------------  -----  ---------  --------  ----------  --------------  -------------------
/opt/airflow/dags/f1_pipeline_dag.py                           1           1  0.21s           2026-10-04T08:12:55
================================================================================
[2026-10-04T08:13:52.935+0000] {manager.py:878} INFO - 
================================================================================
DAG File Processing Stats

File Path                             PID    Runtime      # DAGs    # Errors  Last Runtime    Last Run
------------------------------------  -----  ---------  --------  ----------  --------------  -------------------
/opt/airflow/dags/f1_pipeline_dag.py                           1           1  0.21s           2026-10-04T08:13:26
================================================================================
[2026-10-04T08:14:23.030+0000] {manager.py:878} INFO - 
================================================================================
DAG File Processing Stats

File Path                             PID    Runtime      # DAGs    # Errors  Last Runtime    Last Run
------------------------------------  -----  ---------  --------  ----------  --------------  -------------------
/opt/airflow/dags/f1_pipeline_dag.py                           1           1  0.21s           2026-10-04T08:13:56
================================================================================
[2026-10-04T08:14:53.122+0000] {manager.py:878} INFO - 
================================================================================
DAG File Processing Stats

File Path                             PID    Runtime      # DAGs    # Errors  Last Runtime    Last Run
------------------------------------  -----  ---------  --------  ----------  --------------  -------------------
/opt/airflow/dags/f1_pipeline_dag.py                           1           1  0.21s           2026-10-04T08:14:26
================================================================================
[2026-10-04T08:15:23.216+0000] {manager.py:878} INFO - 
================================================================================
DAG File Processing Stats

File Path                             PID    Runtime      # DAGs    # Errors  Last Runtime    Last Run
------------------------------------  -----  ---------  --------  ----------  --------------  -------------------
/opt/airflow/dags/f1_pipeline_dag.py                           1           1  0.21s           2026-10-04T08:14:57
================================================================================
[2026-10-04T08:15:53.310+0000] {manager.py:878} INFO - 
================================================================================
DAG File Processing Stats

File Path                             PID    Runtime      # DAGs    # Errors  Last Runtime    Last Run
------------------------------------  -----  ---------  --------  ----------  --------------  -------------------
/opt/airflow/dags/f1_pipeline_dag.py                           1           1  0.21s           2026-10-04T08:15:27
================================================================================
[2026-10-04T08:16:23.428+0000] {manager.py:878} INFO - 
================================================================================
DAG File Processing Stats

File Path                             PID    Runtime      # DAGs    # Errors  Last Runtime    Last Run
------------------------------------  -----  ---------  --------  ----------  --------------  -------------------
/opt/airflow/dags/f1_pipeline_dag.py                           1           1  0.21s           2026-10-04T08:15:57
================================================================================
[2026-10-04T08:16:53.515+0000] {manager.py:878} INFO - 
================================================================================
DAG File Processing Stats

File Path                             PID    Runtime      # DAGs    # Errors  Last Runtime    Last Run
------------------------------------  -----  ---------  --------  ----------  --------------  -------------------
/opt/airflow/dags/f1_pipeline_dag.py                           1           1  0.21s           2026-10-04T08:16:28
================================================================================
[2026-10-04T08:17:23.611+0000] {manager.py:878} INFO - 
================================================================================
DAG File Processing Stats

File Path                             PID    Runtime      # DAGs    # Errors  Last Runtime    Last Run
------------------------------------  -----  ---------  --------  ----------  --------------  -------------------
/opt/airflow/dags/f1_pipeline_dag.py                           1           1  0.21s           2026-10-04T08:16:58
================================================================================
[2026-10-04T08:17:53.703+0000] {manager.py:878} INFO - 
================================================================================
DAG File Processing Stats

File Path                             PID    Runtime      # DAGs    # Errors  Last Runtime    Last Run
------------------------------------  -----  ---------  --------  ----------  --------------  -------------------
/opt/airflow/dags/f1_pipeline_dag.py                           1           1  0.21s           2026-10-04T08:17:28
================================================================================
[2026-10-04T08:17:57.736+0000] {manager.py:737} INFO - Searching for files in /opt/airflow/dags
[2026-10-04T08:17:57.738+0000] {manager.py:740} INFO - There are 1 files in /opt/airflow/dags
[2026-10-04T08:18:23.798+0000] {manager.py:878} INFO - 
================================================================================
DAG File Processing Stats

File Path                             PID    Runtime      # DAGs    # Errors  Last Runtime    Last Run
------------------------------------  -----  ---------  --------  ----------  --------------  -------------------
/opt/airflow/dags/f1_pipeline_dag.py                           1           1  0.21s           2026-10-04T08:17:59
================================================================================
[2026-10-04T08:18:53.888+0000] {manager.py:878} INFO - 
================================================================================
DAG File Processing Stats

File Path                             PID    Runtime      # DAGs    # Errors  Last Runtime    Last Run
------------------------------------  -----  ---------  --------  ----------  --------------  -------------------
/opt/airflow/dags/f1_pipeline_dag.py                           1           1  0.21s           2026-10-04T08:18:29
================================================================================
[2026-10-04T08:19:23.980+0000] {manager.py:878} INFO - 
================================================================================
DAG File Processing Stats

File Path                             PID    Runtime      # DAGs    # Errors  Last Runtime    Last Run
------------------------------------  -----  ---------  --------  ----------  --------------  -------------------
/opt/airflow/dags/f1_pipeline_dag.py                           1           1  0.21s           2026-10-04T08:19:00
================================================================================
[2026-10-04T08:19:53.993+0000] {manager.py:878} INFO - 
================================================================================
DAG File Processing Stats

File Path                             PID    Runtime      # DAGs    # Errors  Last Runtime    Last Run
------------------------------------  -----  ---------  --------  ----------  --------------  -------------------
/opt/airflow/dags/f1_pipeline_dag.py                           1           1  0.21s           2026-10-04T08:19:30
================================================================================
[2026-10-04T08:20:24.171+0000] {manager.py:878} INFO - 
================================================================================
DAG File Processing Stats

File Path                             PID    Runtime      # DAGs    # Errors  Last Runtime    Last Run
------------------------------------  -----  ---------  --------  ----------  --------------  -------------------
/opt/airflow/dags/f1_pipeline_dag.py                           1           1  0.21s           2026-10-04T08:20:00
================================================================================
[2026-10-04T08:20:54.263+0000] {manager.py:878} INFO - 
================================================================================
DAG File Processing Stats

File Path                             PID    Runtime      # DAGs    # Errors  Last Runtime    Last Run
------------------------------------  -----  ---------  --------  ----------  --------------  -------------------
/opt/airflow/dags/f1_pipeline_dag.py                           1           1  0.21s           2026-10-04T08:20:31
================================================================================
[2026-10-04T08:21:24.334+0000] {manager.py:878} INFO - 
================================================================================
DAG File Processing Stats

File Path                             PID    Runtime      # DAGs    # Errors  Last Runtime    Last Run
------------------------------------  -----  ---------  --------  ----------  --------------  -------------------
/opt/airflow/dags/f1_pipeline_dag.py                           1           1  0.21s           2026-10-04T08:21:01
================================================================================
[2026-10-04T08:21:54.395+0000] {manager.py:878} INFO - 
================================================================================
DAG File Processing Stats

File Path                             PID    Runtime      # DAGs    # Errors  Last Runtime    Last Run
------------------------------------  -----  ---------  --------  ----------  --------------  -------------------
/opt/airflow/dags/f1_pipeline_dag.py                           1           1  0.10s           2026-10-04T08:21:31
================================================================================
[2026-10-04T08:22:24.466+0000] {manager.py:878} INFO - 
================================================================================
DAG File Processing Stats

File Path                             PID    Runtime      # DAGs    # Errors  Last Runtime    Last Run
------------------------------------  -----  ---------  --------  ----------  --------------  -------------------
/opt/airflow/dags/f1_pipeline_dag.py                           1           1  0.11s           2026-10-04T08:22:01
================================================================================
[2026-10-04T08:22:54.522+0000] {manager.py:878} INFO - 
================================================================================
DAG File Processing Stats

File Path                             PID    Runtime      # DAGs    # Errors  Last Runtime    Last Run
------------------------------------  -----  ---------  --------  ----------  --------------  -------------------
/opt/airflow/dags/f1_pipeline_dag.py                           1           1  0.11s           2026-10-04T08:22:32
================================================================================
[2026-10-04T08:22:58.522+0000] {manager.py:737} INFO - Searching for files in /opt/airflow/dags
[2026-10-04T08:22:58.524+0000] {manager.py:740} INFO - There are 1 files in /opt/airflow/dags
[2026-10-04T08:23:24.587+0000] {manager.py:878} INFO - 
================================================================================
DAG File Processing Stats

File Path                             PID    Runtime      # DAGs    # Errors  Last Runtime    Last Run
------------------------------------  -----  ---------  --------  ----------  --------------  -------------------
/opt/airflow/dags/f1_pipeline_dag.py                           1           1  0.11s           2026-10-04T08:23:02
================================================================================
[2026-10-04T08:23:54.652+0000] {manager.py:878} INFO - 
================================================================================
DAG File Processing Stats

File Path                             PID    Runtime      # DAGs    # Errors  Last Runtime    Last Run
------------------------------------  -----  ---------  --------  ----------  --------------  -------------------
/opt/airflow/dags/f1_pipeline_dag.py                           1           1  0.10s           2026-10-04T08:23:32
================================================================================
[2026-10-04T08:24:24.732+0000] {manager.py:878} INFO - 
================================================================================
DAG File Processing Stats

File Path                             PID    Runtime      # DAGs    # Errors  Last Runtime    Last Run
------------------------------------  -----  ---------  --------  ----------  --------------  -------------------
/opt/airflow/dags/f1_pipeline_dag.py                           1           1  0.10s           2026-10-04T08:24:02
================================================================================
[2026-10-04T08:24:54.801+0000] {manager.py:878} INFO - 
================================================================================
DAG File Processing Stats

File Path                             PID    Runtime      # DAGs    # Errors  Last Runtime    Last Run
------------------------------------  -----  ---------  --------  ----------  --------------  -------------------
/opt/airflow/dags/f1_pipeline_dag.py                           1           1  0.11s           2026-10-04T08:24:32
================================================================================
[2026-10-04T08:25:24.868+0000] {manager.py:878} INFO - 
================================================================================
DAG File Processing Stats

File Path                             PID    Runtime      # DAGs    # Errors  Last Runtime    Last Run
------------------------------------  -----  ---------  --------  ----------  --------------  -------------------
/opt/airflow/dags/f1_pipeline_dag.py                           1           1  0.10s           2026-10-04T08:25:03
================================================================================
[2026-10-04T08:25:54.924+0000] {manager.py:878} INFO - 
================================================================================
DAG File Processing Stats

File Path                             PID    Runtime      # DAGs    # Errors  Last Runtime    Last Run
------------------------------------  -----  ---------  --------  ----------  --------------  -------------------
/opt/airflow/dags/f1_pipeline_dag.py                           1           1  0.11s           2026-10-04T08:25:33
================================================================================
[2026-10-04T08:26:24.990+0000] {manager.py:878} INFO - 
================================================================================
DAG File Processing Stats

File Path                             PID    Runtime      # DAGs    # Errors  Last Runtime    Last Run
------------------------------------  -----  ---------  --------  ----------  --------------  -------------------
/opt/airflow/dags/f1_pipeline_dag.py                           1           1  0.10s           2026-10-04T08:26:03
================================================================================
[2026-10-04T08:26:55.057+0000] {manager.py:878} INFO - 
================================================================================
DAG File Processing Stats

File Path                             PID    Runtime      # DAGs    # Errors  Last Runtime    Last Run
------------------------------------  -----  ---------  --------  ----------  --------------  -------------------
/opt/airflow/dags/f1_pipeline_dag.py                           1           1  0.11s           2026-10-04T08:26:33
================================================================================
[2026-10-04T08:27:25.127+0000] {manager.py:878} INFO - 
================================================================================
DAG File Processing Stats

File Path                             PID    Runtime      # DAGs    # Errors  Last Runtime    Last Run
------------------------------------  -----  ---------  --------  ----------  --------------  -------------------
/opt/airflow/dags/f1_pipeline_dag.py                           1           1  0.10s           2026-10-04T08:27:03
================================================================================
[2026-10-04T08:27:55.197+0000] {manager.py:878} INFO - 
================================================================================
DAG File Processing Stats

File Path                             PID    Runtime      # DAGs    # Errors  Last Runtime    Last Run
------------------------------------  -----  ---------  --------  ----------  --------------  -------------------
/opt/airflow/dags/f1_pipeline_dag.py                           1           1  0.10s           2026-10-04T08:27:33
================================================================================
[2026-10-04T08:27:59.290+0000] {manager.py:737} INFO - Searching for files in /opt/airflow/dags
[2026-10-04T08:27:59.291+0000] {manager.py:740} INFO - There are 1 files in /opt/airflow/dags
[2026-10-04T08:28:25.263+0000] {manager.py:878} INFO - 
================================================================================
DAG File Processing Stats

File Path                             PID    Runtime      # DAGs    # Errors  Last Runtime    Last Run
------------------------------------  -----  ---------  --------  ----------  --------------  -------------------
/opt/airflow/dags/f1_pipeline_dag.py                           1           1  0.11s           2026-10-04T08:28:04
================================================================================
[2026-10-04T08:28:55.323+0000] {manager.py:878} INFO - 
================================================================================
DAG File Processing Stats

File Path                             PID    Runtime      # DAGs    # Errors  Last Runtime    Last Run
------------------------------------  -----  ---------  --------  ----------  --------------  -------------------
/opt/airflow/dags/f1_pipeline_dag.py                           1           1  0.11s           2026-10-04T08:28:34
================================================================================
[2026-10-04T08:29:25.354+0000] {manager.py:878} INFO - 
================================================================================
DAG File Processing Stats

File Path                             PID    Runtime      # DAGs    # Errors  Last Runtime    Last Run
------------------------------------  -----  ---------  --------  ----------  --------------  -------------------
/opt/airflow/dags/f1_pipeline_dag.py                           1           1  0.11s           2026-10-04T08:29:04
================================================================================
[2026-10-04T08:29:55.449+0000] {manager.py:878} INFO - 
================================================================================
DAG File Processing Stats

File Path                             PID    Runtime      # DAGs    # Errors  Last Runtime    Last Run
------------------------------------  -----  ---------  --------  ----------  --------------  -------------------
/opt/airflow/dags/f1_pipeline_dag.py                           1           1  0.11s           2026-10-04T08:29:34
================================================================================
[2026-10-04T08:30:25.521+0000] {manager.py:878} INFO - 
================================================================================
DAG File Processing Stats

File Path                             PID    Runtime      # DAGs    # Errors  Last Runtime    Last Run
------------------------------------  -----  ---------  --------  ----------  --------------  -------------------
/opt/airflow/dags/f1_pipeline_dag.py                           1           1  0.11s           2026-10-04T08:30:05
================================================================================
[2026-10-04T08:30:55.586+0000] {manager.py:878} INFO - 
================================================================================
DAG File Processing Stats

File Path                             PID    Runtime      # DAGs    # Errors  Last Runtime    Last Run
------------------------------------  -----  ---------  --------  ----------  --------------  -------------------
/opt/airflow/dags/f1_pipeline_dag.py                           1           1  0.11s           2026-10-04T08:30:35
================================================================================
[2026-10-04T08:31:25.657+0000] {manager.py:878} INFO - 
================================================================================
DAG File Processing Stats

File Path                             PID    Runtime      # DAGs    # Errors  Last Runtime    Last Run
------------------------------------  -----  ---------  --------  ----------  --------------  -------------------
/opt/airflow/dags/f1_pipeline_dag.py                           1           1  0.11s           2026-10-04T08:31:05
================================================================================
[2026-10-04T08:31:55.717+0000] {manager.py:878} INFO - 
================================================================================
DAG File Processing Stats

File Path                             PID    Runtime      # DAGs    # Errors  Last Runtime    Last Run
------------------------------------  -----  ---------  --------  ----------  --------------  -------------------
/opt/airflow/dags/f1_pipeline_dag.py                           1           1  0.10s           2026-10-04T08:31:35
================================================================================
[2026-10-04T08:32:25.791+0000] {manager.py:878} INFO - 
================================================================================
DAG File Processing Stats

File Path                             PID    Runtime      # DAGs    # Errors  Last Runtime    Last Run
------------------------------------  -----  ---------  --------  ----------  --------------  -------------------
/opt/airflow/dags/f1_pipeline_dag.py                           1           1  0.11s           2026-10-04T08:32:05
================================================================================
[2026-10-04T08:32:55.850+0000] {manager.py:878} INFO - 
================================================================================
DAG File Processing Stats

File Path                             PID    Runtime      # DAGs    # Errors  Last Runtime    Last Run
------------------------------------  -----  ---------  --------  ----------  --------------  -------------------
/opt/airflow/dags/f1_pipeline_dag.py                           1           1  0.10s           2026-10-04T08:32:35
================================================================================
[2026-10-04T08:33:00.102+0000] {manager.py:737} INFO - Searching for files in /opt/airflow/dags
[2026-10-04T08:33:00.103+0000] {manager.py:740} INFO - There are 1 files in /opt/airflow/dags
[2026-10-04T08:33:25.910+0000] {manager.py:878} INFO - 
================================================================================
DAG File Processing Stats

File Path                             PID    Runtime      # DAGs    # Errors  Last Runtime    Last Run
------------------------------------  -----  ---------  --------  ----------  --------------  -------------------
/opt/airflow/dags/f1_pipeline_dag.py                           1           1  0.10s           2026-10-04T08:33:06
================================================================================
[2026-10-04T08:33:55.956+0000] {manager.py:878} INFO - 
================================================================================
DAG File Processing Stats

File Path                             PID    Runtime      # DAGs    # Errors  Last Runtime    Last Run
------------------------------------  -----  ---------  --------  ----------  --------------  -------------------
/opt/airflow/dags/f1_pipeline_dag.py                           1           1  0.10s           2026-10-04T08:33:36
================================================================================
[2026-10-04T08:34:26.015+0000] {manager.py:878} INFO - 
================================================================================
DAG File Processing Stats

File Path                             PID    Runtime      # DAGs    # Errors  Last Runtime    Last Run
------------------------------------  -----  ---------  --------  ----------  --------------  -------------------
/opt/airflow/dags/f1_pipeline_dag.py                           1           1  0.11s           2026-10-04T08:34:06
================================================================================
[2026-10-04T08:34:56.065+0000] {manager.py:878} INFO - 
================================================================================
DAG File Processing Stats

File Path                             PID    Runtime      # DAGs    # Errors  Last Runtime    Last Run
------------------------------------  -----  ---------  --------  ----------  --------------  -------------------
/opt/airflow/dags/f1_pipeline_dag.py                           1           1  0.10s           2026-10-04T08:34:36
================================================================================
[2026-10-04T08:35:26.121+0000] {manager.py:878} INFO - 
================================================================================
DAG File Processing Stats

File Path                             PID    Runtime      # DAGs    # Errors  Last Runtime    Last Run
------------------------------------  -----  ---------  --------  ----------  --------------  -------------------
/opt/airflow/dags/f1_pipeline_dag.py                           1           1  0.11s           2026-10-04T08:35:06
================================================================================
[2026-10-04T08:35:56.183+0000] {manager.py:878} INFO - 
================================================================================
DAG File Processing Stats

File Path                             PID    Runtime      # DAGs    # Errors  Last Runtime    Last Run
------------------------------------  -----  ---------  --------  ----------  --------------  -------------------
/opt/airflow/dags/f1_pipeline_dag.py                           1           1  0.10s           2026-10-04T08:35:37
================================================================================
[2026-10-04T08:36:26.240+0000] {manager.py:878} INFO - 
================================================================================
DAG File Processing Stats

File Path                             PID    Runtime      # DAGs    # Errors  Last Runtime    Last Run
------------------------------------  -----  ---------  --------  ----------  --------------  -------------------
/opt/airflow/dags/f1_pipeline_dag.py                           1           1  0.11s           2026-10-04T08:36:07
================================================================================
[2026-10-04T08:36:56.310+0000] {manager.py:878} INFO - 
================================================================================
DAG File Processing Stats

File Path                             PID    Runtime      # DAGs    # Errors  Last Runtime    Last Run
------------------------------------  -----  ---------  --------  ----------  --------------  -------------------
/opt/airflow/dags/f1_pipeline_dag.py                           1           1  0.11s           2026-10-04T08:36:37
================================================================================
[2026-10-04T08:37:26.365+0000] {manager.py:878} INFO - 
================================================================================
DAG File Processing Stats

File Path                             PID    Runtime      # DAGs    # Errors  Last Runtime    Last Run
------------------------------------  -----  ---------  --------  ----------  --------------  -------------------
/opt/airflow/dags/f1_pipeline_dag.py                           1           1  0.10s           2026-10-04T08:37:07
================================================================================
[2026-10-04T08:37:56.435+0000] {manager.py:878} INFO - 
================================================================================
DAG File Processing Stats

File Path                             PID    Runtime      # DAGs    # Errors  Last Runtime    Last Run
------------------------------------  -----  ---------  --------  ----------  --------------  -------------------
/opt/airflow/dags/f1_pipeline_dag.py                           1           1  0.11s           2026-10-04T08:37:37
================================================================================
[2026-10-04T08:38:00.942+0000] {manager.py:737} INFO - Searching for files in /opt/airflow/dags
[2026-10-04T08:38:00.944+0000] {manager.py:740} INFO - There are 1 files in /opt/airflow/dags
[2026-10-04T08:38:26.496+0000] {manager.py:878} INFO - 
================================================================================
DAG File Processing Stats

File Path                             PID    Runtime      # DAGs    # Errors  Last Runtime    Last Run
------------------------------------  -----  ---------  --------  ----------  --------------  -------------------
/opt/airflow/dags/f1_pipeline_dag.py                           1           1  0.11s           2026-10-04T08:38:08
================================================================================
[2026-10-04T08:38:56.561+0000] {manager.py:878} INFO - 
================================================================================
DAG File Processing Stats

File Path                             PID    Runtime      # DAGs    # Errors  Last Runtime    Last Run
------------------------------------  -----  ---------  --------  ----------  --------------  -------------------
/opt/airflow/dags/f1_pipeline_dag.py                           1           1  0.11s           2026-10-04T08:38:38
================================================================================
[2026-10-04T08:39:26.621+0000] {manager.py:878} INFO - 
================================================================================
DAG File Processing Stats

File Path                             PID    Runtime      # DAGs    # Errors  Last Runtime    Last Run
------------------------------------  -----  ---------  --------  ----------  --------------  -------------------
/opt/airflow/dags/f1_pipeline_dag.py                           1           1  0.10s           2026-10-04T08:39:08
================================================================================
[2026-10-04T08:39:56.680+0000] {manager.py:878} INFO - 
================================================================================
DAG File Processing Stats

File Path                             PID    Runtime      # DAGs    # Errors  Last Runtime    Last Run
------------------------------------  -----  ---------  --------  ----------  --------------  -------------------
/opt/airflow/dags/f1_pipeline_dag.py                           1           1  0.10s           2026-10-04T08:39:38
================================================================================
[2026-10-04T08:40:26.757+0000] {manager.py:878} INFO - 
================================================================================
DAG File Processing Stats

File Path                             PID    Runtime      # DAGs    # Errors  Last Runtime    Last Run
------------------------------------  -----  ---------  --------  ----------  --------------  -------------------
/opt/airflow/dags/f1_pipeline_dag.py                           1           1  0.10s           2026-10-04T08:40:08
================================================================================
[2026-10-04T08:40:56.814+0000] {manager.py:878} INFO - 
================================================================================
DAG File Processing Stats

File Path                             PID    Runtime      # DAGs    # Errors  Last Runtime    Last Run
------------------------------------  -----  ---------  --------  ----------  --------------  -------------------
/opt/airflow/dags/f1_pipeline_dag.py                           1           1  0.11s           2026-10-04T08:40:39
================================================================================
[2026-10-04T08:41:26.873+0000] {manager.py:878} INFO - 
================================================================================
DAG File Processing Stats

File Path                             PID    Runtime      # DAGs    # Errors  Last Runtime    Last Run
------------------------------------  -----  ---------  --------  ----------  --------------  -------------------
/opt/airflow/dags/f1_pipeline_dag.py                           1           1  0.11s           2026-10-04T08:41:09
================================================================================
[2026-10-04T08:41:56.924+0000] {manager.py:878} INFO - 
================================================================================
DAG File Processing Stats

File Path                             PID    Runtime      # DAGs    # Errors  Last Runtime    Last Run
------------------------------------  -----  ---------  --------  ----------  --------------  -------------------
/opt/airflow/dags/f1_pipeline_dag.py                           1           1  0.11s           2026-10-04T08:41:39
================================================================================
[2026-10-04T08:42:26.982+0000] {manager.py:878} INFO - 
================================================================================
DAG File Processing Stats

File Path                             PID    Runtime      # DAGs    # Errors  Last Runtime    Last Run
------------------------------------  -----  ---------  --------  ----------  --------------  -------------------
/opt/airflow/dags/f1_pipeline_dag.py                           1           1  0.11s           2026-10-04T08:42:09
================================================================================
[2026-10-04T08:42:57.026+0000] {manager.py:878} INFO - 
================================================================================
DAG File Processing Stats

File Path                             PID    Runtime      # DAGs    # Errors  Last Runtime    Last Run
------------------------------------  -----  ---------  --------  ----------  --------------  -------------------
/opt/airflow/dags/f1_pipeline_dag.py                           1           1  0.10s           2026-10-04T08:42:39
================================================================================
[2026-10-04T08:43:01.047+0000] {manager.py:737} INFO - Searching for files in /opt/airflow/dags
[2026-10-04T08:43:01.049+0000] {manager.py:740} INFO - There are 1 files in /opt/airflow/dags
[2026-10-04T08:43:27.091+0000] {manager.py:878} INFO - 
================================================================================
DAG File Processing Stats

File Path                             PID    Runtime      # DAGs    # Errors  Last Runtime    Last Run
------------------------------------  -----  ---------  --------  ----------  --------------  -------------------
/opt/airflow/dags/f1_pipeline_dag.py                           1           1  0.10s           2026-10-04T08:43:10
================================================================================
[2026-10-04T08:43:57.163+0000] {manager.py:878} INFO - 
================================================================================
DAG File Processing Stats

File Path                             PID    Runtime      # DAGs    # Errors  Last Runtime    Last Run
------------------------------------  -----  ---------  --------  ----------  --------------  -------------------
/opt/airflow/dags/f1_pipeline_dag.py                           1           1  0.11s           2026-10-04T08:43:40
================================================================================
[2026-10-04T08:44:27.221+0000] {manager.py:878} INFO - 
================================================================================
DAG File Processing Stats

File Path                             PID    Runtime      # DAGs    # Errors  Last Runtime    Last Run
------------------------------------  -----  ---------  --------  ----------  --------------  -------------------
/opt/airflow/dags/f1_pipeline_dag.py                           1           1  0.10s           2026-10-04T08:44:10
================================================================================
[2026-10-04T08:44:57.281+0000] {manager.py:878} INFO - 
================================================================================
DAG File Processing Stats

File Path                             PID    Runtime      # DAGs    # Errors  Last Runtime    Last Run
------------------------------------  -----  ---------  --------  ----------  --------------  -------------------
/opt/airflow/dags/f1_pipeline_dag.py                           1           1  0.11s           2026-10-04T08:44:40
================================================================================
[2026-10-04T08:45:27.331+0000] {manager.py:878} INFO - 
================================================================================
DAG File Processing Stats

File Path                             PID    Runtime      # DAGs    # Errors  Last Runtime    Last Run
------------------------------------  -----  ---------  --------  ----------  --------------  -------------------
/opt/airflow/dags/f1_pipeline_dag.py                           1           1  0.10s           2026-10-04T08:45:10
================================================================================
[2026-10-04T08:45:57.375+0000] {manager.py:878} INFO - 
================================================================================
DAG File Processing Stats

File Path                             PID    Runtime      # DAGs    # Errors  Last Runtime    Last Run
------------------------------------  -----  ---------  --------  ----------  --------------  -------------------
/opt/airflow/dags/f1_pipeline_dag.py                           1           1  0.10s           2026-10-04T08:45:40
================================================================================
[2026-10-04T08:46:27.409+0000] {manager.py:878} INFO - 
================================================================================
DAG File Processing Stats

File Path                             PID    Runtime      # DAGs    # Errors  Last Runtime    Last Run
------------------------------------  -----  ---------  --------  ----------  --------------  -------------------
/opt/airflow/dags/f1_pipeline_dag.py                           1           1  0.10s           2026-10-04T08:46:11
================================================================================
[2026-10-04T08:46:57.469+0000] {manager.py:878} INFO - 
================================================================================
DAG File Processing Stats

File Path                             PID    Runtime      # DAGs    # Errors  Last Runtime    Last Run
------------------------------------  -----  ---------  --------  ----------  --------------  -------------------
/opt/airflow/dags/f1_pipeline_dag.py                           1           1  0.10s           2026-10-04T08:46:41
================================================================================
[2026-10-04T08:47:27.527+0000] {manager.py:878} INFO - 
================================================================================
DAG File Processing Stats

File Path                             PID    Runtime      # DAGs    # Errors  Last Runtime    Last Run
------------------------------------  -----  ---------  --------  ----------  --------------  -------------------
/opt/airflow/dags/f1_pipeline_dag.py                           1           1  0.11s           2026-10-04T08:47:11
================================================================================
[2026-10-04T08:47:57.584+0000] {manager.py:878} INFO - 
================================================================================
DAG File Processing Stats

File Path                             PID    Runtime      # DAGs    # Errors  Last Runtime    Last Run
------------------------------------  -----  ---------  --------  ----------  --------------  -------------------
/opt/airflow/dags/f1_pipeline_dag.py                           1           1  0.10s           2026-10-04T08:47:41
================================================================================
[2026-10-04T08:48:01.312+0000] {manager.py:737} INFO - Searching for files in /opt/airflow/dags
[2026-10-04T08:48:01.313+0000] {manager.py:740} INFO - There are 1 files in /opt/airflow/dags
[2026-10-04T08:48:27.643+0000] {manager.py:878} INFO - 
================================================================================
DAG File Processing Stats

File Path                             PID    Runtime      # DAGs    # Errors  Last Runtime    Last Run
------------------------------------  -----  ---------  --------  ----------  --------------  -------------------
/opt/airflow/dags/f1_pipeline_dag.py                           1           1  0.10s           2026-10-04T08:48:11
================================================================================
[2026-10-04T08:48:57.696+0000] {manager.py:878} INFO - 
================================================================================
DAG File Processing Stats

File Path                             PID    Runtime      # DAGs    # Errors  Last Runtime    Last Run
------------------------------------  -----  ---------  --------  ----------  --------------  -------------------
/opt/airflow/dags/f1_pipeline_dag.py                           1           1  0.11s           2026-10-04T08:48:42
================================================================================
[2026-10-04T08:49:27.742+0000] {manager.py:878} INFO - 
================================================================================
DAG File Processing Stats

File Path                             PID    Runtime      # DAGs    # Errors  Last Runtime    Last Run
------------------------------------  -----  ---------  --------  ----------  --------------  -------------------
/opt/airflow/dags/f1_pipeline_dag.py                           1           1  0.10s           2026-10-04T08:49:12
================================================================================
[2026-10-04T08:49:57.809+0000] {manager.py:878} INFO - 
================================================================================
DAG File Processing Stats

File Path                             PID    Runtime      # DAGs    # Errors  Last Runtime    Last Run
------------------------------------  -----  ---------  --------  ----------  --------------  -------------------
/opt/airflow/dags/f1_pipeline_dag.py                           1           1  0.11s           2026-10-04T08:49:42
================================================================================
[2026-10-04T08:50:27.874+0000] {manager.py:878} INFO - 
================================================================================
DAG File Processing Stats

File Path                             PID    Runtime      # DAGs    # Errors  Last Runtime    Last Run
------------------------------------  -----  ---------  --------  ----------  --------------  -------------------
/opt/airflow/dags/f1_pipeline_dag.py                           1           1  0.10s           2026-10-04T08:50:12
================================================================================
[2026-10-04T08:50:57.919+0000] {manager.py:878} INFO - 
================================================================================
DAG File Processing Stats

File Path                             PID    Runtime      # DAGs    # Errors  Last Runtime    Last Run
------------------------------------  -----  ---------  --------  ----------  --------------  -------------------
/opt/airflow/dags/f1_pipeline_dag.py                           1           1  0.11s           2026-10-04T08:50:42
================================================================================
[2026-10-04T08:51:28.078+0000] {manager.py:878} INFO - 
================================================================================
DAG File Processing Stats

File Path                             PID    Runtime      # DAGs    # Errors  Last Runtime    Last Run
------------------------------------  -----  ---------  --------  ----------  --------------  -------------------
/opt/airflow/dags/f1_pipeline_dag.py                           1           1  0.10s           2026-10-04T08:51:13
================================================================================
[2026-10-04T08:51:58.249+0000] {manager.py:878} INFO - 
================================================================================
DAG File Processing Stats

File Path                             PID    Runtime      # DAGs    # Errors  Last Runtime    Last Run
------------------------------------  -----  ---------  --------  ----------  --------------  -------------------
/opt/airflow/dags/f1_pipeline_dag.py                           1           1  0.11s           2026-10-04T08:51:43
================================================================================
[2026-10-04T08:52:28.397+0000] {manager.py:878} INFO - 
================================================================================
DAG File Processing Stats

File Path                             PID    Runtime      # DAGs    # Errors  Last Runtime    Last Run
------------------------------------  -----  ---------  --------  ----------  --------------  -------------------
/opt/airflow/dags/f1_pipeline_dag.py                           1           1  0.10s           2026-10-04T08:52:13
================================================================================
[2026-10-04T08:52:58.414+0000] {manager.py:878} INFO - 
================================================================================
DAG File Processing Stats

File Path                             PID    Runtime      # DAGs    # Errors  Last Runtime    Last Run
------------------------------------  -----  ---------  --------  ----------  --------------  -------------------
/opt/airflow/dags/f1_pipeline_dag.py                           1           1  0.10s           2026-10-04T08:52:43
================================================================================
[2026-10-04T08:53:01.409+0000] {manager.py:737} INFO - Searching for files in /opt/airflow/dags
[2026-10-04T08:53:01.410+0000] {manager.py:740} INFO - There are 1 files in /opt/airflow/dags
[2026-10-04T08:53:28.645+0000] {manager.py:878} INFO - 
================================================================================
DAG File Processing Stats

File Path                             PID    Runtime      # DAGs    # Errors  Last Runtime    Last Run
------------------------------------  -----  ---------  --------  ----------  --------------  -------------------
/opt/airflow/dags/f1_pipeline_dag.py                           1           1  0.10s           2026-10-04T08:53:13
================================================================================
[2026-10-04T08:53:58.817+0000] {manager.py:878} INFO - 
================================================================================
DAG File Processing Stats

File Path                             PID    Runtime      # DAGs    # Errors  Last Runtime    Last Run
------------------------------------  -----  ---------  --------  ----------  --------------  -------------------
/opt/airflow/dags/f1_pipeline_dag.py                           1           1  0.10s           2026-10-04T08:53:43
================================================================================
[2026-10-04T08:54:29.021+0000] {manager.py:878} INFO - 
================================================================================
DAG File Processing Stats

File Path                             PID    Runtime      # DAGs    # Errors  Last Runtime    Last Run
------------------------------------  -----  ---------  --------  ----------  --------------  -------------------
/opt/airflow/dags/f1_pipeline_dag.py                           1           1  0.10s           2026-10-04T08:54:14
================================================================================
[2026-10-04T08:54:59.231+0000] {manager.py:878} INFO - 
================================================================================
DAG File Processing Stats

File Path                             PID    Runtime      # DAGs    # Errors  Last Runtime    Last Run
------------------------------------  -----  ---------  --------  ----------  --------------  -------------------
/opt/airflow/dags/f1_pipeline_dag.py                           1           1  0.10s           2026-10-04T08:54:44
================================================================================
[2026-10-04T08:55:29.387+0000] {manager.py:878} INFO - 
================================================================================
DAG File Processing Stats

File Path                             PID    Runtime      # DAGs    # Errors  Last Runtime    Last Run
------------------------------------  -----  ---------  --------  ----------  --------------  -------------------
/opt/airflow/dags/f1_pipeline_dag.py                           1           1  0.10s           2026-10-04T08:55:14
================================================================================
[2026-10-04T08:55:59.551+0000] {manager.py:878} INFO - 
================================================================================
DAG File Processing Stats

File Path                             PID    Runtime      # DAGs    # Errors  Last Runtime    Last Run
------------------------------------  -----  ---------  --------  ----------  --------------  -------------------
/opt/airflow/dags/f1_pipeline_dag.py                           1           1  0.10s           2026-10-04T08:55:44
================================================================================
[2026-10-04T08:56:29.722+0000] {manager.py:878} INFO - 
================================================================================
DAG File Processing Stats

File Path                             PID    Runtime      # DAGs    # Errors  Last Runtime    Last Run
------------------------------------  -----  ---------  --------  ----------  --------------  -------------------
/opt/airflow/dags/f1_pipeline_dag.py                           1           1  0.11s           2026-10-04T08:56:14
================================================================================
[2026-10-04T08:56:59.887+0000] {manager.py:878} INFO - 
================================================================================
DAG File Processing Stats

File Path                             PID    Runtime      # DAGs    # Errors  Last Runtime    Last Run
------------------------------------  -----  ---------  --------  ----------  --------------  -------------------
/opt/airflow/dags/f1_pipeline_dag.py                           1           1  0.10s           2026-10-04T08:56:44
================================================================================
[2026-10-04T08:57:30.055+0000] {manager.py:878} INFO - 
================================================================================
DAG File Processing Stats

File Path                             PID    Runtime      # DAGs    # Errors  Last Runtime    Last Run
------------------------------------  -----  ---------  --------  ----------  --------------  -------------------
/opt/airflow/dags/f1_pipeline_dag.py                           1           1  0.10s           2026-10-04T08:57:15
================================================================================
[2026-10-04T08:58:00.219+0000] {manager.py:878} INFO - 
================================================================================
DAG File Processing Stats

File Path                             PID    Runtime      # DAGs    # Errors  Last Runtime    Last Run
------------------------------------  -----  ---------  --------  ----------  --------------  -------------------
/opt/airflow/dags/f1_pipeline_dag.py                           1           1  0.10s           2026-10-04T08:57:45
================================================================================
[2026-10-04T08:58:02.284+0000] {manager.py:737} INFO - Searching for files in /opt/airflow/dags
[2026-10-04T08:58:02.285+0000] {manager.py:740} INFO - There are 1 files in /opt/airflow/dags
[2026-10-04T08:58:30.384+0000] {manager.py:878} INFO - 
================================================================================
DAG File Processing Stats

File Path                             PID    Runtime      # DAGs    # Errors  Last Runtime    Last Run
------------------------------------  -----  ---------  --------  ----------  --------------  -------------------
/opt/airflow/dags/f1_pipeline_dag.py                           1           1  0.10s           2026-10-04T08:58:15
================================================================================
[2026-10-04T08:59:00.566+0000] {manager.py:878} INFO - 
================================================================================
DAG File Processing Stats

File Path                             PID    Runtime      # DAGs    # Errors  Last Runtime    Last Run
------------------------------------  -----  ---------  --------  ----------  --------------  -------------------
/opt/airflow/dags/f1_pipeline_dag.py                           1           1  0.11s           2026-10-04T08:58:45
================================================================================
[2026-10-04T08:59:30.755+0000] {manager.py:878} INFO - 
================================================================================
DAG File Processing Stats

File Path                             PID    Runtime      # DAGs    # Errors  Last Runtime    Last Run
------------------------------------  -----  ---------  --------  ----------  --------------  -------------------
/opt/airflow/dags/f1_pipeline_dag.py                           1           1  0.11s           2026-10-04T08:59:15
================================================================================
[2026-10-04T09:00:00.940+0000] {manager.py:878} INFO - 
================================================================================
DAG File Processing Stats

File Path                             PID    Runtime      # DAGs    # Errors  Last Runtime    Last Run
------------------------------------  -----  ---------  --------  ----------  --------------  -------------------
/opt/airflow/dags/f1_pipeline_dag.py                           1           1  0.11s           2026-10-04T08:59:45
================================================================================
[2026-10-04T09:00:31.142+0000] {manager.py:878} INFO - 
================================================================================
DAG File Processing Stats

File Path                             PID    Runtime      # DAGs    # Errors  Last Runtime    Last Run
------------------------------------  -----  ---------  --------  ----------  --------------  -------------------
/opt/airflow/dags/f1_pipeline_dag.py                           1           1  0.11s           2026-10-04T09:00:16
================================================================================
[2026-10-04T09:01:01.250+0000] {manager.py:878} INFO - 
================================================================================
DAG File Processing Stats

File Path                             PID    Runtime      # DAGs    # Errors  Last Runtime    Last Run
------------------------------------  -----  ---------  --------  ----------  --------------  -------------------
/opt/airflow/dags/f1_pipeline_dag.py                           1           1  0.10s           2026-10-04T09:00:46
================================================================================
[2026-10-04T09:01:31.539+0000] {manager.py:878} INFO - 
================================================================================
DAG File Processing Stats

File Path                             PID    Runtime      # DAGs    # Errors  Last Runtime    Last Run
------------------------------------  -----  ---------  --------  ----------  --------------  -------------------
/opt/airflow/dags/f1_pipeline_dag.py                           1           1  0.11s           2026-10-04T09:01:16
================================================================================
[2026-10-04T09:02:01.728+0000] {manager.py:878} INFO - 
================================================================================
DAG File Processing Stats

File Path                             PID    Runtime      # DAGs    # Errors  Last Runtime    Last Run
------------------------------------  -----  ---------  --------  ----------  --------------  -------------------
/opt/airflow/dags/f1_pipeline_dag.py                           1           1  0.11s           2026-10-04T09:01:46
================================================================================
[2026-10-04T09:02:31.917+0000] {manager.py:878} INFO - 
================================================================================
DAG File Processing Stats

File Path                             PID    Runtime      # DAGs    # Errors  Last Runtime    Last Run
------------------------------------  -----  ---------  --------  ----------  --------------  -------------------
/opt/airflow/dags/f1_pipeline_dag.py                           1           1  0.11s           2026-10-04T09:02:16
================================================================================
[2026-10-04T09:03:02.100+0000] {manager.py:878} INFO - 
================================================================================
DAG File Processing Stats

File Path                             PID    Runtime      # DAGs    # Errors  Last Runtime    Last Run
------------------------------------  -----  ---------  --------  ----------  --------------  -------------------
/opt/airflow/dags/f1_pipeline_dag.py                           1           1  0.10s           2026-10-04T09:02:47
================================================================================
[2026-10-04T09:03:03.143+0000] {manager.py:737} INFO - Searching for files in /opt/airflow/dags
[2026-10-04T09:03:03.145+0000] {manager.py:740} INFO - There are 1 files in /opt/airflow/dags
[2026-10-04T09:03:32.300+0000] {manager.py:878} INFO - 
================================================================================
DAG File Processing Stats

File Path                             PID    Runtime      # DAGs    # Errors  Last Runtime    Last Run
------------------------------------  -----  ---------  --------  ----------  --------------  -------------------
/opt/airflow/dags/f1_pipeline_dag.py                           1           1  0.11s           2026-10-04T09:03:17
================================================================================
[2026-10-04T09:04:02.487+0000] {manager.py:878} INFO - 
================================================================================
DAG File Processing Stats

File Path                             PID    Runtime      # DAGs    # Errors  Last Runtime    Last Run
------------------------------------  -----  ---------  --------  ----------  --------------  -------------------
/opt/airflow/dags/f1_pipeline_dag.py                           1           1  0.11s           2026-10-04T09:03:47
================================================================================
[2026-10-04T09:04:32.595+0000] {manager.py:878} INFO - 
================================================================================
DAG File Processing Stats

File Path                             PID    Runtime      # DAGs    # Errors  Last Runtime    Last Run
------------------------------------  -----  ---------  --------  ----------  --------------  -------------------
/opt/airflow/dags/f1_pipeline_dag.py                           1           1  0.11s           2026-10-04T09:04:17
================================================================================
[2026-10-04T09:05:02.863+0000] {manager.py:878} INFO - 
================================================================================
DAG File Processing Stats

File Path                             PID    Runtime      # DAGs    # Errors  Last Runtime    Last Run
------------------------------------  -----  ---------  --------  ----------  --------------  -------------------
/opt/airflow/dags/f1_pipeline_dag.py                           1           1  0.11s           2026-10-04T09:04:47
================================================================================
[2026-10-04T09:05:33.065+0000] {manager.py:878} INFO - 
================================================================================
DAG File Processing Stats

File Path                             PID    Runtime      # DAGs    # Errors  Last Runtime    Last Run
------------------------------------  -----  ---------  --------  ----------  --------------  -------------------
/opt/airflow/dags/f1_pipeline_dag.py                           1           1  0.11s           2026-10-04T09:05:18
================================================================================
[2026-10-04T09:06:03.252+0000] {manager.py:878} INFO - 
================================================================================
DAG File Processing Stats

File Path                             PID    Runtime      # DAGs    # Errors  Last Runtime    Last Run
------------------------------------  -----  ---------  --------  ----------  --------------  -------------------
/opt/airflow/dags/f1_pipeline_dag.py                           1           1  0.11s           2026-10-04T09:05:48
================================================================================
[2026-10-04T09:06:33.443+0000] {manager.py:878} INFO - 
================================================================================
DAG File Processing Stats

File Path                             PID    Runtime      # DAGs    # Errors  Last Runtime    Last Run
------------------------------------  -----  ---------  --------  ----------  --------------  -------------------
/opt/airflow/dags/f1_pipeline_dag.py                           1           1  0.11s           2026-10-04T09:06:18
================================================================================
[2026-10-04T09:07:03.643+0000] {manager.py:878} INFO - 
================================================================================
DAG File Processing Stats

File Path                             PID    Runtime      # DAGs    # Errors  Last Runtime    Last Run
------------------------------------  -----  ---------  --------  ----------  --------------  -------------------
/opt/airflow/dags/f1_pipeline_dag.py                           1           1  0.11s           2026-10-04T09:06:48
================================================================================
[2026-10-04T09:07:33.830+0000] {manager.py:878} INFO - 
================================================================================
DAG File Processing Stats

File Path                             PID    Runtime      # DAGs    # Errors  Last Runtime    Last Run
------------------------------------  -----  ---------  --------  ----------  --------------  -------------------
/opt/airflow/dags/f1_pipeline_dag.py                           1           1  0.11s           2026-10-04T09:07:18
================================================================================
[2026-10-04T09:08:03.179+0000] {manager.py:737} INFO - Searching for files in /opt/airflow/dags
[2026-10-04T09:08:03.181+0000] {manager.py:740} INFO - There are 1 files in /opt/airflow/dags
[2026-10-04T09:08:04.015+0000] {manager.py:878} INFO - 
================================================================================
DAG File Processing Stats

File Path                             PID    Runtime      # DAGs    # Errors  Last Runtime    Last Run
------------------------------------  -----  ---------  --------  ----------  --------------  -------------------
/opt/airflow/dags/f1_pipeline_dag.py                           1           1  0.11s           2026-10-04T09:07:48
================================================================================
[2026-10-04T09:08:34.110+0000] {manager.py:878} INFO - 
================================================================================
DAG File Processing Stats

File Path                             PID    Runtime      # DAGs    # Errors  Last Runtime    Last Run
------------------------------------  -----  ---------  --------  ----------  --------------  -------------------
/opt/airflow/dags/f1_pipeline_dag.py                           1           1  0.11s           2026-10-04T09:08:19
================================================================================
[2026-10-04T09:09:04.398+0000] {manager.py:878} INFO - 
================================================================================
DAG File Processing Stats

File Path                             PID    Runtime      # DAGs    # Errors  Last Runtime    Last Run
------------------------------------  -----  ---------  --------  ----------  --------------  -------------------
/opt/airflow/dags/f1_pipeline_dag.py                           1           1  0.11s           2026-10-04T09:08:49
================================================================================
[2026-10-04T09:09:34.590+0000] {manager.py:878} INFO - 
================================================================================
DAG File Processing Stats

File Path                             PID    Runtime      # DAGs    # Errors  Last Runtime    Last Run
------------------------------------  -----  ---------  --------  ----------  --------------  -------------------
/opt/airflow/dags/f1_pipeline_dag.py                           1           1  0.11s           2026-10-04T09:09:19
================================================================================
[2026-10-04T09:10:04.892+0000] {manager.py:878} INFO - 
================================================================================
DAG File Processing Stats

File Path                             PID    Runtime      # DAGs    # Errors  Last Runtime    Last Run
------------------------------------  -----  ---------  --------  ----------  --------------  -------------------
/opt/airflow/dags/f1_pipeline_dag.py                           1           1  0.21s           2026-10-04T09:09:49
================================================================================
[2026-10-04T09:10:35.082+0000] {manager.py:878} INFO - 
================================================================================
DAG File Processing Stats

File Path                             PID    Runtime      # DAGs    # Errors  Last Runtime    Last Run
------------------------------------  -----  ---------  --------  ----------  --------------  -------------------
/opt/airflow/dags/f1_pipeline_dag.py                           1           1  0.11s           2026-10-04T09:10:20
================================================================================
[2026-10-04T09:11:05.277+0000] {manager.py:878} INFO - 
================================================================================
DAG File Processing Stats

File Path                             PID    Runtime      # DAGs    # Errors  Last Runtime    Last Run
------------------------------------  -----  ---------  --------  ----------  --------------  -------------------
/opt/airflow/dags/f1_pipeline_dag.py                           1           1  0.11s           2026-10-04T09:10:50
================================================================================
[2026-10-04T09:11:35.579+0000] {manager.py:878} INFO - 
================================================================================
DAG File Processing Stats

File Path                             PID    Runtime      # DAGs    # Errors  Last Runtime    Last Run
------------------------------------  -----  ---------  --------  ----------  --------------  -------------------
/opt/airflow/dags/f1_pipeline_dag.py                           1           1  0.21s           2026-10-04T09:11:20
================================================================================
[2026-10-04T09:12:05.765+0000] {manager.py:878} INFO - 
================================================================================
DAG File Processing Stats

File Path                             PID    Runtime      # DAGs    # Errors  Last Runtime    Last Run
------------------------------------  -----  ---------  --------  ----------  --------------  -------------------
/opt/airflow/dags/f1_pipeline_dag.py                           1           1  0.11s           2026-10-04T09:11:50
================================================================================
[2026-10-04T09:12:35.870+0000] {manager.py:878} INFO - 
================================================================================
DAG File Processing Stats

File Path                             PID    Runtime      # DAGs    # Errors  Last Runtime    Last Run
------------------------------------  -----  ---------  --------  ----------  --------------  -------------------
/opt/airflow/dags/f1_pipeline_dag.py                           1           1  0.11s           2026-10-04T09:12:20
================================================================================
[2026-10-04T09:13:04.103+0000] {manager.py:737} INFO - Searching for files in /opt/airflow/dags
[2026-10-04T09:13:04.105+0000] {manager.py:740} INFO - There are 1 files in /opt/airflow/dags
[2026-10-04T09:13:06.144+0000] {manager.py:878} INFO - 
================================================================================
DAG File Processing Stats

File Path                             PID    Runtime      # DAGs    # Errors  Last Runtime    Last Run
------------------------------------  -----  ---------  --------  ----------  --------------  -------------------
/opt/airflow/dags/f1_pipeline_dag.py                           1           1  0.11s           2026-10-04T09:12:51
================================================================================
[2026-10-04T09:13:36.332+0000] {manager.py:878} INFO - 
================================================================================
DAG File Processing Stats

File Path                             PID    Runtime      # DAGs    # Errors  Last Runtime    Last Run
------------------------------------  -----  ---------  --------  ----------  --------------  -------------------
/opt/airflow/dags/f1_pipeline_dag.py                           1           1  0.11s           2026-10-04T09:13:21
================================================================================
[2026-10-04T09:14:06.521+0000] {manager.py:878} INFO - 
================================================================================
DAG File Processing Stats

File Path                             PID    Runtime      # DAGs    # Errors  Last Runtime    Last Run
------------------------------------  -----  ---------  --------  ----------  --------------  -------------------
/opt/airflow/dags/f1_pipeline_dag.py                           1           1  0.11s           2026-10-04T09:13:51
================================================================================
[2026-10-04T09:14:36.824+0000] {manager.py:878} INFO - 
================================================================================
DAG File Processing Stats

File Path                             PID    Runtime      # DAGs    # Errors  Last Runtime    Last Run
------------------------------------  -----  ---------  --------  ----------  --------------  -------------------
/opt/airflow/dags/f1_pipeline_dag.py                           1           1  0.21s           2026-10-04T09:14:21
================================================================================
[2026-10-04T09:15:07.021+0000] {manager.py:878} INFO - 
================================================================================
DAG File Processing Stats

File Path                             PID    Runtime      # DAGs    # Errors  Last Runtime    Last Run
------------------------------------  -----  ---------  --------  ----------  --------------  -------------------
/opt/airflow/dags/f1_pipeline_dag.py                           1           1  0.11s           2026-10-04T09:14:51
================================================================================
[2026-10-04T09:15:37.217+0000] {manager.py:878} INFO - 
================================================================================
DAG File Processing Stats

File Path                             PID    Runtime      # DAGs    # Errors  Last Runtime    Last Run
------------------------------------  -----  ---------  --------  ----------  --------------  -------------------
/opt/airflow/dags/f1_pipeline_dag.py                           1           1  0.11s           2026-10-04T09:15:22
================================================================================
[2026-10-04T09:16:07.404+0000] {manager.py:878} INFO - 
================================================================================
DAG File Processing Stats

File Path                             PID    Runtime      # DAGs    # Errors  Last Runtime    Last Run
------------------------------------  -----  ---------  --------  ----------  --------------  -------------------
/opt/airflow/dags/f1_pipeline_dag.py                           1           1  0.11s           2026-10-04T09:15:52
================================================================================
[2026-10-04T09:16:37.444+0000] {manager.py:878} INFO - 
================================================================================
DAG File Processing Stats

File Path                             PID    Runtime      # DAGs    # Errors  Last Runtime    Last Run
------------------------------------  -----  ---------  --------  ----------  --------------  -------------------
/opt/airflow/dags/f1_pipeline_dag.py                           1           1  0.11s           2026-10-04T09:16:22
================================================================================
[2026-10-04T09:17:07.763+0000] {manager.py:878} INFO - 
================================================================================
DAG File Processing Stats

File Path                             PID    Runtime      # DAGs    # Errors  Last Runtime    Last Run
------------------------------------  -----  ---------  --------  ----------  --------------  -------------------
/opt/airflow/dags/f1_pipeline_dag.py                           1           1  0.11s           2026-10-04T09:16:52
================================================================================
[2026-10-04T09:17:37.957+0000] {manager.py:878} INFO - 
================================================================================
DAG File Processing Stats

File Path                             PID    Runtime      # DAGs    # Errors  Last Runtime    Last Run
------------------------------------  -----  ---------  --------  ----------  --------------  -------------------
/opt/airflow/dags/f1_pipeline_dag.py                           1           1  0.11s           2026-10-04T09:17:22
================================================================================
[2026-10-04T09:18:04.187+0000] {manager.py:737} INFO - Searching for files in /opt/airflow/dags
[2026-10-04T09:18:04.189+0000] {manager.py:740} INFO - There are 1 files in /opt/airflow/dags
[2026-10-04T09:18:08.140+0000] {manager.py:878} INFO - 
================================================================================
DAG File Processing Stats

File Path                             PID    Runtime      # DAGs    # Errors  Last Runtime    Last Run
------------------------------------  -----  ---------  --------  ----------  --------------  -------------------
/opt/airflow/dags/f1_pipeline_dag.py                           1           1  0.11s           2026-10-04T09:17:53
================================================================================
[2026-10-04T09:18:38.332+0000] {manager.py:878} INFO - 
================================================================================
DAG File Processing Stats

File Path                             PID    Runtime      # DAGs    # Errors  Last Runtime    Last Run
------------------------------------  -----  ---------  --------  ----------  --------------  -------------------
/opt/airflow/dags/f1_pipeline_dag.py                           1           1  0.11s           2026-10-04T09:18:23
================================================================================
[2026-10-04T09:19:08.520+0000] {manager.py:878} INFO - 
================================================================================
DAG File Processing Stats

File Path                             PID    Runtime      # DAGs    # Errors  Last Runtime    Last Run
------------------------------------  -----  ---------  --------  ----------  --------------  -------------------
/opt/airflow/dags/f1_pipeline_dag.py                           1           1  0.11s           2026-10-04T09:18:53
================================================================================
[2026-10-04T09:19:38.821+0000] {manager.py:878} INFO - 
================================================================================
DAG File Processing Stats

File Path                             PID    Runtime      # DAGs    # Errors  Last Runtime    Last Run
------------------------------------  -----  ---------  --------  ----------  --------------  -------------------
/opt/airflow/dags/f1_pipeline_dag.py                           1           1  0.21s           2026-10-04T09:19:23
================================================================================
[2026-10-04T09:20:09.006+0000] {manager.py:878} INFO - 
================================================================================
DAG File Processing Stats

File Path                             PID    Runtime      # DAGs    # Errors  Last Runtime    Last Run
------------------------------------  -----  ---------  --------  ----------  --------------  -------------------
/opt/airflow/dags/f1_pipeline_dag.py                           1           1  0.11s           2026-10-04T09:19:53
================================================================================
[2026-10-04T09:20:39.306+0000] {manager.py:878} INFO - 
================================================================================
DAG File Processing Stats

File Path                             PID    Runtime      # DAGs    # Errors  Last Runtime    Last Run
------------------------------------  -----  ---------  --------  ----------  --------------  -------------------
/opt/airflow/dags/f1_pipeline_dag.py                           1           1  0.21s           2026-10-04T09:20:24
================================================================================
[2026-10-04T09:21:09.495+0000] {manager.py:878} INFO - 
================================================================================
DAG File Processing Stats

File Path                             PID    Runtime      # DAGs    # Errors  Last Runtime    Last Run
------------------------------------  -----  ---------  --------  ----------  --------------  -------------------
/opt/airflow/dags/f1_pipeline_dag.py                           1           1  0.11s           2026-10-04T09:20:54
================================================================================
[2026-10-04T09:21:39.577+0000] {manager.py:878} INFO - 
================================================================================
DAG File Processing Stats

File Path                             PID    Runtime      # DAGs    # Errors  Last Runtime    Last Run
------------------------------------  -----  ---------  --------  ----------  --------------  -------------------
/opt/airflow/dags/f1_pipeline_dag.py                           1           1  0.12s           2026-10-04T09:21:24
================================================================================
[2026-10-04T09:22:09.886+0000] {manager.py:878} INFO - 
================================================================================
DAG File Processing Stats

File Path                             PID    Runtime      # DAGs    # Errors  Last Runtime    Last Run
------------------------------------  -----  ---------  --------  ----------  --------------  -------------------
/opt/airflow/dags/f1_pipeline_dag.py                           1           1  0.11s           2026-10-04T09:21:54
================================================================================
[2026-10-04T09:22:40.077+0000] {manager.py:878} INFO - 
================================================================================
DAG File Processing Stats

File Path                             PID    Runtime      # DAGs    # Errors  Last Runtime    Last Run
------------------------------------  -----  ---------  --------  ----------  --------------  -------------------
/opt/airflow/dags/f1_pipeline_dag.py                           1           1  0.11s           2026-10-04T09:22:25
================================================================================
[2026-10-04T09:23:04.454+0000] {manager.py:737} INFO - Searching for files in /opt/airflow/dags
[2026-10-04T09:23:04.456+0000] {manager.py:740} INFO - There are 1 files in /opt/airflow/dags
[2026-10-04T09:23:10.261+0000] {manager.py:878} INFO - 
================================================================================
DAG File Processing Stats

File Path                             PID    Runtime      # DAGs    # Errors  Last Runtime    Last Run
------------------------------------  -----  ---------  --------  ----------  --------------  -------------------
/opt/airflow/dags/f1_pipeline_dag.py                           1           1  0.11s           2026-10-04T09:22:55
================================================================================
[2026-10-04T09:23:40.445+0000] {manager.py:878} INFO - 
================================================================================
DAG File Processing Stats

File Path                             PID    Runtime      # DAGs    # Errors  Last Runtime    Last Run
------------------------------------  -----  ---------  --------  ----------  --------------  -------------------
/opt/airflow/dags/f1_pipeline_dag.py                           1           1  0.11s           2026-10-04T09:23:25
================================================================================
[2026-10-04T09:24:10.649+0000] {manager.py:878} INFO - 
================================================================================
DAG File Processing Stats

File Path                             PID    Runtime      # DAGs    # Errors  Last Runtime    Last Run
------------------------------------  -----  ---------  --------  ----------  --------------  -------------------
/opt/airflow/dags/f1_pipeline_dag.py                           1           1  0.11s           2026-10-04T09:23:55
================================================================================
[2026-10-04T09:24:40.843+0000] {manager.py:878} INFO - 
================================================================================
DAG File Processing Stats

File Path                             PID    Runtime      # DAGs    # Errors  Last Runtime    Last Run
------------------------------------  -----  ---------  --------  ----------  --------------  -------------------
/opt/airflow/dags/f1_pipeline_dag.py                           1           1  0.11s           2026-10-04T09:24:25
================================================================================
[2026-10-04T09:25:10.963+0000] {manager.py:878} INFO - 
================================================================================
DAG File Processing Stats

File Path                             PID    Runtime      # DAGs    # Errors  Last Runtime    Last Run
------------------------------------  -----  ---------  --------  ----------  --------------  -------------------
/opt/airflow/dags/f1_pipeline_dag.py                           1           1  0.11s           2026-10-04T09:24:55
================================================================================
[2026-10-04T09:25:41.229+0000] {manager.py:878} INFO - 
================================================================================
DAG File Processing Stats

File Path                             PID    Runtime      # DAGs    # Errors  Last Runtime    Last Run
------------------------------------  -----  ---------  --------  ----------  --------------  -------------------
/opt/airflow/dags/f1_pipeline_dag.py                           1           1  0.11s           2026-10-04T09:25:26
================================================================================
[2026-10-04T09:26:11.417+0000] {manager.py:878} INFO - 
================================================================================
DAG File Processing Stats

File Path                             PID    Runtime      # DAGs    # Errors  Last Runtime    Last Run
------------------------------------  -----  ---------  --------  ----------  --------------  -------------------
/opt/airflow/dags/f1_pipeline_dag.py                           1           1  0.11s           2026-10-04T09:25:56
================================================================================
[2026-10-04T09:26:41.610+0000] {manager.py:878} INFO - 
================================================================================
DAG File Processing Stats

File Path                             PID    Runtime      # DAGs    # Errors  Last Runtime    Last Run
------------------------------------  -----  ---------  --------  ----------  --------------  -------------------
/opt/airflow/dags/f1_pipeline_dag.py                           1           1  0.11s           2026-10-04T09:26:26
================================================================================
[2026-10-04T09:27:11.801+0000] {manager.py:878} INFO - 
================================================================================
DAG File Processing Stats

File Path                             PID    Runtime      # DAGs    # Errors  Last Runtime    Last Run
------------------------------------  -----  ---------  --------  ----------  --------------  -------------------
/opt/airflow/dags/f1_pipeline_dag.py                           1           1  0.11s           2026-10-04T09:26:56
================================================================================
[2026-10-04T09:27:41.995+0000] {manager.py:878} INFO - 
================================================================================
DAG File Processing Stats

File Path                             PID    Runtime      # DAGs    # Errors  Last Runtime    Last Run
------------------------------------  -----  ---------  --------  ----------  --------------  -------------------
/opt/airflow/dags/f1_pipeline_dag.py                           1           1  0.11s           2026-10-04T09:27:26
================================================================================
[2026-10-04T09:28:04.790+0000] {manager.py:737} INFO - Searching for files in /opt/airflow/dags
[2026-10-04T09:28:04.792+0000] {manager.py:740} INFO - There are 1 files in /opt/airflow/dags
[2026-10-04T09:28:12.181+0000] {manager.py:878} INFO - 
================================================================================
DAG File Processing Stats

File Path                             PID    Runtime      # DAGs    # Errors  Last Runtime    Last Run
------------------------------------  -----  ---------  --------  ----------  --------------  -------------------
/opt/airflow/dags/f1_pipeline_dag.py                           1           1  0.11s           2026-10-04T09:27:57
================================================================================
[2026-10-04T09:28:42.371+0000] {manager.py:878} INFO - 
================================================================================
DAG File Processing Stats

File Path                             PID    Runtime      # DAGs    # Errors  Last Runtime    Last Run
------------------------------------  -----  ---------  --------  ----------  --------------  -------------------
/opt/airflow/dags/f1_pipeline_dag.py                           1           1  0.11s           2026-10-04T09:28:27
================================================================================
[2026-10-04T09:29:12.467+0000] {manager.py:878} INFO - 
================================================================================
DAG File Processing Stats

File Path                             PID    Runtime      # DAGs    # Errors  Last Runtime    Last Run
------------------------------------  -----  ---------  --------  ----------  --------------  -------------------
/opt/airflow/dags/f1_pipeline_dag.py                           1           1  0.11s           2026-10-04T09:28:57
================================================================================
[2026-10-04T09:29:42.759+0000] {manager.py:878} INFO - 
================================================================================
DAG File Processing Stats

File Path                             PID    Runtime      # DAGs    # Errors  Last Runtime    Last Run
------------------------------------  -----  ---------  --------  ----------  --------------  -------------------
/opt/airflow/dags/f1_pipeline_dag.py                           1           1  0.11s           2026-10-04T09:29:27
================================================================================
[2026-10-04T09:30:12.953+0000] {manager.py:878} INFO - 
================================================================================
DAG File Processing Stats

File Path                             PID    Runtime      # DAGs    # Errors  Last Runtime    Last Run
------------------------------------  -----  ---------  --------  ----------  --------------  -------------------
/opt/airflow/dags/f1_pipeline_dag.py                           1           1  0.11s           2026-10-04T09:29:57
================================================================================
[2026-10-04T09:30:43.030+0000] {manager.py:878} INFO - 
================================================================================
DAG File Processing Stats

File Path                             PID    Runtime      # DAGs    # Errors  Last Runtime    Last Run
------------------------------------  -----  ---------  --------  ----------  --------------  -------------------
/opt/airflow/dags/f1_pipeline_dag.py                           1           1  0.11s           2026-10-04T09:30:28
================================================================================
[2026-10-04T09:31:13.322+0000] {manager.py:878} INFO - 
================================================================================
DAG File Processing Stats

File Path                             PID    Runtime      # DAGs    # Errors  Last Runtime    Last Run
------------------------------------  -----  ---------  --------  ----------  --------------  -------------------
/opt/airflow/dags/f1_pipeline_dag.py                           1           1  0.11s           2026-10-04T09:30:58
================================================================================
[2026-10-04T09:31:43.512+0000] {manager.py:878} INFO - 
================================================================================
DAG File Processing Stats

File Path                             PID    Runtime      # DAGs    # Errors  Last Runtime    Last Run
------------------------------------  -----  ---------  --------  ----------  --------------  -------------------
/opt/airflow/dags/f1_pipeline_dag.py                           1           1  0.11s           2026-10-04T09:31:28
================================================================================
[2026-10-04T09:32:13.568+0000] {manager.py:878} INFO - 
================================================================================
DAG File Processing Stats

File Path                             PID    Runtime      # DAGs    # Errors  Last Runtime    Last Run
------------------------------------  -----  ---------  --------  ----------  --------------  -------------------
/opt/airflow/dags/f1_pipeline_dag.py                           1           1  0.11s           2026-10-04T09:31:58
================================================================================
[2026-10-04T09:32:43.867+0000] {manager.py:878} INFO - 
================================================================================
DAG File Processing Stats

File Path                             PID    Runtime      # DAGs    # Errors  Last Runtime    Last Run
------------------------------------  -----  ---------  --------  ----------  --------------  -------------------
/opt/airflow/dags/f1_pipeline_dag.py                           1           1  0.11s           2026-10-04T09:32:28
================================================================================
[2026-10-04T09:33:04.971+0000] {manager.py:737} INFO - Searching for files in /opt/airflow/dags
[2026-10-04T09:33:04.973+0000] {manager.py:740} INFO - There are 1 files in /opt/airflow/dags
[2026-10-04T09:33:14.068+0000] {manager.py:878} INFO - 
================================================================================
DAG File Processing Stats

File Path                             PID    Runtime      # DAGs    # Errors  Last Runtime    Last Run
------------------------------------  -----  ---------  --------  ----------  --------------  -------------------
/opt/airflow/dags/f1_pipeline_dag.py                           1           1  0.11s           2026-10-04T09:32:59
================================================================================
[2026-10-04T09:33:44.222+0000] {manager.py:878} INFO - 
================================================================================
DAG File Processing Stats

File Path                             PID    Runtime      # DAGs    # Errors  Last Runtime    Last Run
------------------------------------  -----  ---------  --------  ----------  --------------  -------------------
/opt/airflow/dags/f1_pipeline_dag.py                           1           1  0.11s           2026-10-04T09:33:29
================================================================================
[2026-10-04T09:34:14.413+0000] {manager.py:878} INFO - 
================================================================================
DAG File Processing Stats

File Path                             PID    Runtime      # DAGs    # Errors  Last Runtime    Last Run
------------------------------------  -----  ---------  --------  ----------  --------------  -------------------
/opt/airflow/dags/f1_pipeline_dag.py                           1           1  0.11s           2026-10-04T09:33:59
================================================================================
[2026-10-04T09:34:44.712+0000] {manager.py:878} INFO - 
================================================================================
DAG File Processing Stats

File Path                             PID    Runtime      # DAGs    # Errors  Last Runtime    Last Run
------------------------------------  -----  ---------  --------  ----------  --------------  -------------------
/opt/airflow/dags/f1_pipeline_dag.py                           1           1  0.21s           2026-10-04T09:34:29
================================================================================
[2026-10-04T09:35:14.896+0000] {manager.py:878} INFO - 
================================================================================
DAG File Processing Stats

File Path                             PID    Runtime      # DAGs    # Errors  Last Runtime    Last Run
------------------------------------  -----  ---------  --------  ----------  --------------  -------------------
/opt/airflow/dags/f1_pipeline_dag.py                           1           1  0.11s           2026-10-04T09:34:59
================================================================================
[2026-10-04T09:35:45.196+0000] {manager.py:878} INFO - 
================================================================================
DAG File Processing Stats

File Path                             PID    Runtime      # DAGs    # Errors  Last Runtime    Last Run
------------------------------------  -----  ---------  --------  ----------  --------------  -------------------
/opt/airflow/dags/f1_pipeline_dag.py                           1           1  0.21s           2026-10-04T09:35:30
================================================================================
[2026-10-04T09:36:15.384+0000] {manager.py:878} INFO - 
================================================================================
DAG File Processing Stats

File Path                             PID    Runtime      # DAGs    # Errors  Last Runtime    Last Run
------------------------------------  -----  ---------  --------  ----------  --------------  -------------------
/opt/airflow/dags/f1_pipeline_dag.py                           1           1  0.11s           2026-10-04T09:36:00
================================================================================
[2026-10-04T09:36:45.404+0000] {manager.py:878} INFO - 
================================================================================
DAG File Processing Stats

File Path                             PID    Runtime      # DAGs    # Errors  Last Runtime    Last Run
------------------------------------  -----  ---------  --------  ----------  --------------  -------------------
/opt/airflow/dags/f1_pipeline_dag.py                           1           1  0.11s           2026-10-04T09:36:30
================================================================================
[2026-10-04T09:37:15.758+0000] {manager.py:878} INFO - 
================================================================================
DAG File Processing Stats

File Path                             PID    Runtime      # DAGs    # Errors  Last Runtime    Last Run
------------------------------------  -----  ---------  --------  ----------  --------------  -------------------
/opt/airflow/dags/f1_pipeline_dag.py                           1           1  0.11s           2026-10-04T09:37:00
================================================================================
[2026-10-04T09:37:45.951+0000] {manager.py:878} INFO - 
================================================================================
DAG File Processing Stats

File Path                             PID    Runtime      # DAGs    # Errors  Last Runtime    Last Run
------------------------------------  -----  ---------  --------  ----------  --------------  -------------------
/opt/airflow/dags/f1_pipeline_dag.py                           1           1  0.11s           2026-10-04T09:37:30
================================================================================
[2026-10-04T09:38:05.369+0000] {manager.py:737} INFO - Searching for files in /opt/airflow/dags
[2026-10-04T09:38:05.372+0000] {manager.py:740} INFO - There are 1 files in /opt/airflow/dags
[2026-10-04T09:38:16.138+0000] {manager.py:878} INFO - 
================================================================================
DAG File Processing Stats

File Path                             PID    Runtime      # DAGs    # Errors  Last Runtime    Last Run
------------------------------------  -----  ---------  --------  ----------  --------------  -------------------
/opt/airflow/dags/f1_pipeline_dag.py                           1           1  0.11s           2026-10-04T09:38:01
================================================================================
[2026-10-04T09:38:46.327+0000] {manager.py:878} INFO - 
================================================================================
DAG File Processing Stats

File Path                             PID    Runtime      # DAGs    # Errors  Last Runtime    Last Run
------------------------------------  -----  ---------  --------  ----------  --------------  -------------------
/opt/airflow/dags/f1_pipeline_dag.py                           1           1  0.11s           2026-10-04T09:38:31
================================================================================
[2026-10-04T09:39:16.496+0000] {manager.py:878} INFO - 
================================================================================
DAG File Processing Stats

File Path                             PID    Runtime      # DAGs    # Errors  Last Runtime    Last Run
------------------------------------  -----  ---------  --------  ----------  --------------  -------------------
/opt/airflow/dags/f1_pipeline_dag.py                           1           1  0.11s           2026-10-04T09:39:01
================================================================================
[2026-10-04T09:39:46.793+0000] {manager.py:878} INFO - 
================================================================================
DAG File Processing Stats

File Path                             PID    Runtime      # DAGs    # Errors  Last Runtime    Last Run
------------------------------------  -----  ---------  --------  ----------  --------------  -------------------
/opt/airflow/dags/f1_pipeline_dag.py                           1           1  0.21s           2026-10-04T09:39:31
================================================================================
[2026-10-04T09:40:16.980+0000] {manager.py:878} INFO - 
================================================================================
DAG File Processing Stats

File Path                             PID    Runtime      # DAGs    # Errors  Last Runtime    Last Run
------------------------------------  -----  ---------  --------  ----------  --------------  -------------------
/opt/airflow/dags/f1_pipeline_dag.py                           1           1  0.11s           2026-10-04T09:40:01
================================================================================
[2026-10-04T09:40:47.105+0000] {manager.py:878} INFO - 
================================================================================
DAG File Processing Stats

File Path                             PID    Runtime      # DAGs    # Errors  Last Runtime    Last Run
------------------------------------  -----  ---------  --------  ----------  --------------  -------------------
/opt/airflow/dags/f1_pipeline_dag.py                           1           1  0.21s           2026-10-04T09:40:32
================================================================================
[2026-10-04T09:41:17.402+0000] {manager.py:878} INFO - 
================================================================================
DAG File Processing Stats

File Path                             PID    Runtime      # DAGs    # Errors  Last Runtime    Last Run
------------------------------------  -----  ---------  --------  ----------  --------------  -------------------
/opt/airflow/dags/f1_pipeline_dag.py                           1           1  0.11s           2026-10-04T09:41:02
================================================================================
[2026-10-04T09:41:47.592+0000] {manager.py:878} INFO - 
================================================================================
DAG File Processing Stats

File Path                             PID    Runtime      # DAGs    # Errors  Last Runtime    Last Run
------------------------------------  -----  ---------  --------  ----------  --------------  -------------------
/opt/airflow/dags/f1_pipeline_dag.py                           1           1  0.11s           2026-10-04T09:41:32
================================================================================
[2026-10-04T09:42:17.777+0000] {manager.py:878} INFO - 
================================================================================
DAG File Processing Stats

File Path                             PID    Runtime      # DAGs    # Errors  Last Runtime    Last Run
------------------------------------  -----  ---------  --------  ----------  --------------  -------------------
/opt/airflow/dags/f1_pipeline_dag.py                           1           1  0.10s           2026-10-04T09:42:02
================================================================================
[2026-10-04T09:42:47.963+0000] {manager.py:878} INFO - 
================================================================================
DAG File Processing Stats

File Path                             PID    Runtime      # DAGs    # Errors  Last Runtime    Last Run
------------------------------------  -----  ---------  --------  ----------  --------------  -------------------
/opt/airflow/dags/f1_pipeline_dag.py                           1           1  0.11s           2026-10-04T09:42:32
================================================================================
[2026-10-04T09:43:06.242+0000] {manager.py:737} INFO - Searching for files in /opt/airflow/dags
[2026-10-04T09:43:06.244+0000] {manager.py:740} INFO - There are 1 files in /opt/airflow/dags
[2026-10-04T09:43:18.154+0000] {manager.py:878} INFO - 
================================================================================
DAG File Processing Stats

File Path                             PID    Runtime      # DAGs    # Errors  Last Runtime    Last Run
------------------------------------  -----  ---------  --------  ----------  --------------  -------------------
/opt/airflow/dags/f1_pipeline_dag.py                           1           1  0.11s           2026-10-04T09:43:03
================================================================================
[2026-10-04T09:43:48.340+0000] {manager.py:878} INFO - 
================================================================================
DAG File Processing Stats

File Path                             PID    Runtime      # DAGs    # Errors  Last Runtime    Last Run
------------------------------------  -----  ---------  --------  ----------  --------------  -------------------
/opt/airflow/dags/f1_pipeline_dag.py                           1           1  0.11s           2026-10-04T09:43:33
================================================================================
[2026-10-04T09:44:18.524+0000] {manager.py:878} INFO - 
================================================================================
DAG File Processing Stats

File Path                             PID    Runtime      # DAGs    # Errors  Last Runtime    Last Run
------------------------------------  -----  ---------  --------  ----------  --------------  -------------------
/opt/airflow/dags/f1_pipeline_dag.py                           1           1  0.11s           2026-10-04T09:44:03
================================================================================
[2026-10-04T09:44:48.608+0000] {manager.py:878} INFO - 
================================================================================
DAG File Processing Stats

File Path                             PID    Runtime      # DAGs    # Errors  Last Runtime    Last Run
------------------------------------  -----  ---------  --------  ----------  --------------  -------------------
/opt/airflow/dags/f1_pipeline_dag.py                           1           1  0.11s           2026-10-04T09:44:33
================================================================================
[2026-10-04T09:45:18.903+0000] {manager.py:878} INFO - 
================================================================================
DAG File Processing Stats

File Path                             PID    Runtime      # DAGs    # Errors  Last Runtime    Last Run
------------------------------------  -----  ---------  --------  ----------  --------------  -------------------
/opt/airflow/dags/f1_pipeline_dag.py                           1           1  0.11s           2026-10-04T09:45:03
================================================================================
[2026-10-04T09:45:49.091+0000] {manager.py:878} INFO - 
================================================================================
DAG File Processing Stats

File Path                             PID    Runtime      # DAGs    # Errors  Last Runtime    Last Run
------------------------------------  -----  ---------  --------  ----------  --------------  -------------------
/opt/airflow/dags/f1_pipeline_dag.py                           1           1  0.11s           2026-10-04T09:45:34
================================================================================
[2026-10-04T09:46:19.279+0000] {manager.py:878} INFO - 
================================================================================
DAG File Processing Stats

File Path                             PID    Runtime      # DAGs    # Errors  Last Runtime    Last Run
------------------------------------  -----  ---------  --------  ----------  --------------  -------------------
/opt/airflow/dags/f1_pipeline_dag.py                           1           1  0.11s           2026-10-04T09:46:04
================================================================================
[2026-10-04T09:46:49.472+0000] {manager.py:878} INFO - 
================================================================================
DAG File Processing Stats

File Path                             PID    Runtime      # DAGs    # Errors  Last Runtime    Last Run
------------------------------------  -----  ---------  --------  ----------  --------------  -------------------
/opt/airflow/dags/f1_pipeline_dag.py                           1           1  0.11s           2026-10-04T09:46:34
================================================================================
[2026-10-04T09:47:19.657+0000] {manager.py:878} INFO - 
================================================================================
DAG File Processing Stats

File Path                             PID    Runtime      # DAGs    # Errors  Last Runtime    Last Run
------------------------------------  -----  ---------  --------  ----------  --------------  -------------------
/opt/airflow/dags/f1_pipeline_dag.py                           1           1  0.11s           2026-10-04T09:47:04
================================================================================
[2026-10-04T09:47:49.843+0000] {manager.py:878} INFO - 
================================================================================
DAG File Processing Stats

File Path                             PID    Runtime      # DAGs    # Errors  Last Runtime    Last Run
------------------------------------  -----  ---------  --------  ----------  --------------  -------------------
/opt/airflow/dags/f1_pipeline_dag.py                           1           1  0.11s           2026-10-04T09:47:34
================================================================================
[2026-10-04T09:48:07.094+0000] {manager.py:737} INFO - Searching for files in /opt/airflow/dags
[2026-10-04T09:48:07.096+0000] {manager.py:740} INFO - There are 1 files in /opt/airflow/dags
[2026-10-04T09:48:20.049+0000] {manager.py:878} INFO - 
================================================================================
DAG File Processing Stats

File Path                             PID    Runtime      # DAGs    # Errors  Last Runtime    Last Run
------------------------------------  -----  ---------  --------  ----------  --------------  -------------------
/opt/airflow/dags/f1_pipeline_dag.py                           1           1  0.11s           2026-10-04T09:48:05
================================================================================
[2026-10-04T09:48:50.145+0000] {manager.py:878} INFO - 
================================================================================
DAG File Processing Stats

File Path                             PID    Runtime      # DAGs    # Errors  Last Runtime    Last Run
------------------------------------  -----  ---------  --------  ----------  --------------  -------------------
/opt/airflow/dags/f1_pipeline_dag.py                           1           1  0.11s           2026-10-04T09:48:35
================================================================================
[2026-10-04T09:49:20.541+0000] {manager.py:878} INFO - 
================================================================================
DAG File Processing Stats

File Path                             PID    Runtime      # DAGs    # Errors  Last Runtime    Last Run
------------------------------------  -----  ---------  --------  ----------  --------------  -------------------
/opt/airflow/dags/f1_pipeline_dag.py                           1           1  0.21s           2026-10-04T09:49:05
================================================================================
[2026-10-04T09:49:50.730+0000] {manager.py:878} INFO - 
================================================================================
DAG File Processing Stats

File Path                             PID    Runtime      # DAGs    # Errors  Last Runtime    Last Run
------------------------------------  -----  ---------  --------  ----------  --------------  -------------------
/opt/airflow/dags/f1_pipeline_dag.py                           1           1  0.11s           2026-10-04T09:49:35
================================================================================
[2026-10-04T09:50:21.030+0000] {manager.py:878} INFO - 
================================================================================
DAG File Processing Stats

File Path                             PID    Runtime      # DAGs    # Errors  Last Runtime    Last Run
------------------------------------  -----  ---------  --------  ----------  --------------  -------------------
/opt/airflow/dags/f1_pipeline_dag.py                           1           1  0.21s           2026-10-04T09:50:05
================================================================================
[2026-10-04T09:50:51.231+0000] {manager.py:878} INFO - 
================================================================================
DAG File Processing Stats

File Path                             PID    Runtime      # DAGs    # Errors  Last Runtime    Last Run
------------------------------------  -----  ---------  --------  ----------  --------------  -------------------
/opt/airflow/dags/f1_pipeline_dag.py                           1           1  0.11s           2026-10-04T09:50:36
================================================================================
[2026-10-04T09:51:21.415+0000] {manager.py:878} INFO - 
================================================================================
DAG File Processing Stats

File Path                             PID    Runtime      # DAGs    # Errors  Last Runtime    Last Run
------------------------------------  -----  ---------  --------  ----------  --------------  -------------------
/opt/airflow/dags/f1_pipeline_dag.py                           1           1  0.11s           2026-10-04T09:51:06
================================================================================
[2026-10-04T09:51:51.536+0000] {manager.py:878} INFO - 
================================================================================
DAG File Processing Stats

File Path                             PID    Runtime      # DAGs    # Errors  Last Runtime    Last Run
------------------------------------  -----  ---------  --------  ----------  --------------  -------------------
/opt/airflow/dags/f1_pipeline_dag.py                           1           1  0.11s           2026-10-04T09:51:36
================================================================================
[2026-10-04T09:52:21.792+0000] {manager.py:878} INFO - 
================================================================================
DAG File Processing Stats

File Path                             PID    Runtime      # DAGs    # Errors  Last Runtime    Last Run
------------------------------------  -----  ---------  --------  ----------  --------------  -------------------
/opt/airflow/dags/f1_pipeline_dag.py                           1           1  0.11s           2026-10-04T09:52:06
================================================================================
[2026-10-04T09:52:51.984+0000] {manager.py:878} INFO - 
================================================================================
DAG File Processing Stats

File Path                             PID    Runtime      # DAGs    # Errors  Last Runtime    Last Run
------------------------------------  -----  ---------  --------  ----------  --------------  -------------------
/opt/airflow/dags/f1_pipeline_dag.py                           1           1  0.11s           2026-10-04T09:52:36
================================================================================
[2026-10-04T09:53:08.180+0000] {manager.py:737} INFO - Searching for files in /opt/airflow/dags
[2026-10-04T09:53:08.182+0000] {manager.py:740} INFO - There are 1 files in /opt/airflow/dags
[2026-10-04T09:53:22.187+0000] {manager.py:878} INFO - 
================================================================================
DAG File Processing Stats

File Path                             PID    Runtime      # DAGs    # Errors  Last Runtime    Last Run
------------------------------------  -----  ---------  --------  ----------  --------------  -------------------
/opt/airflow/dags/f1_pipeline_dag.py                           1           1  0.11s           2026-10-04T09:53:07
================================================================================
[2026-10-04T09:53:52.395+0000] {manager.py:878} INFO - 
================================================================================
DAG File Processing Stats

File Path                             PID    Runtime      # DAGs    # Errors  Last Runtime    Last Run
------------------------------------  -----  ---------  --------  ----------  --------------  -------------------
/opt/airflow/dags/f1_pipeline_dag.py                           1           1  0.11s           2026-10-04T09:53:37
================================================================================
[2026-10-04T09:54:22.692+0000] {manager.py:878} INFO - 
================================================================================
DAG File Processing Stats

File Path                             PID    Runtime      # DAGs    # Errors  Last Runtime    Last Run
------------------------------------  -----  ---------  --------  ----------  --------------  -------------------
/opt/airflow/dags/f1_pipeline_dag.py                           1           1  0.21s           2026-10-04T09:54:07
================================================================================
[2026-10-04T09:54:52.871+0000] {manager.py:878} INFO - 
================================================================================
DAG File Processing Stats

File Path                             PID    Runtime      # DAGs    # Errors  Last Runtime    Last Run
------------------------------------  -----  ---------  --------  ----------  --------------  -------------------
/opt/airflow/dags/f1_pipeline_dag.py                           1           1  0.10s           2026-10-04T09:54:37
================================================================================
[2026-10-04T09:55:23.171+0000] {manager.py:878} INFO - 
================================================================================
DAG File Processing Stats

File Path                             PID    Runtime      # DAGs    # Errors  Last Runtime    Last Run
------------------------------------  -----  ---------  --------  ----------  --------------  -------------------
/opt/airflow/dags/f1_pipeline_dag.py                           1           1  0.21s           2026-10-04T09:55:08
================================================================================
[2026-10-04T09:55:53.361+0000] {manager.py:878} INFO - 
================================================================================
DAG File Processing Stats

File Path                             PID    Runtime      # DAGs    # Errors  Last Runtime    Last Run
------------------------------------  -----  ---------  --------  ----------  --------------  -------------------
/opt/airflow/dags/f1_pipeline_dag.py                           1           1  0.11s           2026-10-04T09:55:38
================================================================================
[2026-10-04T09:56:23.374+0000] {manager.py:878} INFO - 
================================================================================
DAG File Processing Stats

File Path                             PID    Runtime      # DAGs    # Errors  Last Runtime    Last Run
------------------------------------  -----  ---------  --------  ----------  --------------  -------------------
/opt/airflow/dags/f1_pipeline_dag.py                           1           1  0.11s           2026-10-04T09:56:08
================================================================================
[2026-10-04T09:56:53.698+0000] {manager.py:878} INFO - 
================================================================================
DAG File Processing Stats

File Path                             PID    Runtime      # DAGs    # Errors  Last Runtime    Last Run
------------------------------------  -----  ---------  --------  ----------  --------------  -------------------
/opt/airflow/dags/f1_pipeline_dag.py                           1           1  0.11s           2026-10-04T09:56:38
================================================================================
[2026-10-04T09:57:23.884+0000] {manager.py:878} INFO - 
================================================================================
DAG File Processing Stats

File Path                             PID    Runtime      # DAGs    # Errors  Last Runtime    Last Run
------------------------------------  -----  ---------  --------  ----------  --------------  -------------------
/opt/airflow/dags/f1_pipeline_dag.py                           1           1  0.11s           2026-10-04T09:57:08
================================================================================
[2026-10-04T09:57:54.074+0000] {manager.py:878} INFO - 
================================================================================
DAG File Processing Stats

File Path                             PID    Runtime      # DAGs    # Errors  Last Runtime    Last Run
------------------------------------  -----  ---------  --------  ----------  --------------  -------------------
/opt/airflow/dags/f1_pipeline_dag.py                           1           1  0.11s           2026-10-04T09:57:39
================================================================================
[2026-10-04T09:58:08.528+0000] {manager.py:737} INFO - Searching for files in /opt/airflow/dags
[2026-10-04T09:58:08.530+0000] {manager.py:740} INFO - There are 1 files in /opt/airflow/dags
[2026-10-04T09:58:24.267+0000] {manager.py:878} INFO - 
================================================================================
DAG File Processing Stats

File Path                             PID    Runtime      # DAGs    # Errors  Last Runtime    Last Run
------------------------------------  -----  ---------  --------  ----------  --------------  -------------------
/opt/airflow/dags/f1_pipeline_dag.py                           1           1  0.11s           2026-10-04T09:58:09
================================================================================
[2026-10-04T09:58:54.466+0000] {manager.py:878} INFO - 
================================================================================
DAG File Processing Stats

File Path                             PID    Runtime      # DAGs    # Errors  Last Runtime    Last Run
------------------------------------  -----  ---------  --------  ----------  --------------  -------------------
/opt/airflow/dags/f1_pipeline_dag.py                           1           1  0.11s           2026-10-04T09:58:39
================================================================================
[2026-10-04T09:59:24.648+0000] {manager.py:878} INFO - 
================================================================================
DAG File Processing Stats

File Path                             PID    Runtime      # DAGs    # Errors  Last Runtime    Last Run
------------------------------------  -----  ---------  --------  ----------  --------------  -------------------
/opt/airflow/dags/f1_pipeline_dag.py                           1           1  0.11s           2026-10-04T09:59:09
================================================================================
[2026-10-04T09:59:54.832+0000] {manager.py:878} INFO - 
================================================================================
DAG File Processing Stats

File Path                             PID    Runtime      # DAGs    # Errors  Last Runtime    Last Run
------------------------------------  -----  ---------  --------  ----------  --------------  -------------------
/opt/airflow/dags/f1_pipeline_dag.py                           1           1  0.11s           2026-10-04T09:59:39
================================================================================
[2026-10-04T10:00:24.941+0000] {manager.py:878} INFO - 
================================================================================
DAG File Processing Stats

File Path                             PID    Runtime      # DAGs    # Errors  Last Runtime    Last Run
------------------------------------  -----  ---------  --------  ----------  --------------  -------------------
/opt/airflow/dags/f1_pipeline_dag.py                           1           1  0.11s           2026-10-04T10:00:09
================================================================================
[2026-10-04T10:00:55.203+0000] {manager.py:878} INFO - 
================================================================================
DAG File Processing Stats

File Path                             PID    Runtime      # DAGs    # Errors  Last Runtime    Last Run
------------------------------------  -----  ---------  --------  ----------  --------------  -------------------
/opt/airflow/dags/f1_pipeline_dag.py                           1           1  0.11s           2026-10-04T10:00:40
================================================================================
[2026-10-04T10:01:25.413+0000] {manager.py:878} INFO - 
================================================================================
DAG File Processing Stats

File Path                             PID    Runtime      # DAGs    # Errors  Last Runtime    Last Run
------------------------------------  -----  ---------  --------  ----------  --------------  -------------------
/opt/airflow/dags/f1_pipeline_dag.py                           1           1  0.12s           2026-10-04T10:01:10
================================================================================
[2026-10-04T10:01:55.601+0000] {manager.py:878} INFO - 
================================================================================
DAG File Processing Stats

File Path                             PID    Runtime      # DAGs    # Errors  Last Runtime    Last Run
------------------------------------  -----  ---------  --------  ----------  --------------  -------------------
/opt/airflow/dags/f1_pipeline_dag.py                           1           1  0.11s           2026-10-04T10:01:40
================================================================================
[2026-10-04T10:02:25.791+0000] {manager.py:878} INFO - 
================================================================================
DAG File Processing Stats

File Path                             PID    Runtime      # DAGs    # Errors  Last Runtime    Last Run
------------------------------------  -----  ---------  --------  ----------  --------------  -------------------
/opt/airflow/dags/f1_pipeline_dag.py                           1           1  0.10s           2026-10-04T10:02:10
================================================================================
[2026-10-04T10:02:55.976+0000] {manager.py:878} INFO - 
================================================================================
DAG File Processing Stats

File Path                             PID    Runtime      # DAGs    # Errors  Last Runtime    Last Run
------------------------------------  -----  ---------  --------  ----------  --------------  -------------------
/opt/airflow/dags/f1_pipeline_dag.py                           1           1  0.11s           2026-10-04T10:02:40
================================================================================
[2026-10-04T10:03:08.833+0000] {manager.py:737} INFO - Searching for files in /opt/airflow/dags
[2026-10-04T10:03:08.835+0000] {manager.py:740} INFO - There are 1 files in /opt/airflow/dags
[2026-10-04T10:03:26.164+0000] {manager.py:878} INFO - 
================================================================================
DAG File Processing Stats

File Path                             PID    Runtime      # DAGs    # Errors  Last Runtime    Last Run
------------------------------------  -----  ---------  --------  ----------  --------------  -------------------
/opt/airflow/dags/f1_pipeline_dag.py                           1           1  0.11s           2026-10-04T10:03:11
================================================================================
[2026-10-04T10:03:56.242+0000] {manager.py:878} INFO - 
================================================================================
DAG File Processing Stats

File Path                             PID    Runtime      # DAGs    # Errors  Last Runtime    Last Run
------------------------------------  -----  ---------  --------  ----------  --------------  -------------------
/opt/airflow/dags/f1_pipeline_dag.py                           1           1  0.11s           2026-10-04T10:03:41
================================================================================
[2026-10-04T10:04:26.534+0000] {manager.py:878} INFO - 
================================================================================
DAG File Processing Stats

File Path                             PID    Runtime      # DAGs    # Errors  Last Runtime    Last Run
------------------------------------  -----  ---------  --------  ----------  --------------  -------------------
/opt/airflow/dags/f1_pipeline_dag.py                           1           1  0.11s           2026-10-04T10:04:11
================================================================================
[2026-10-04T10:04:56.720+0000] {manager.py:878} INFO - 
================================================================================
DAG File Processing Stats

File Path                             PID    Runtime      # DAGs    # Errors  Last Runtime    Last Run
------------------------------------  -----  ---------  --------  ----------  --------------  -------------------
/opt/airflow/dags/f1_pipeline_dag.py                           1           1  0.11s           2026-10-04T10:04:41
================================================================================
[2026-10-04T10:05:26.903+0000] {manager.py:878} INFO - 
================================================================================
DAG File Processing Stats

File Path                             PID    Runtime      # DAGs    # Errors  Last Runtime    Last Run
------------------------------------  -----  ---------  --------  ----------  --------------  -------------------
/opt/airflow/dags/f1_pipeline_dag.py                           1           1  0.11s           2026-10-04T10:05:11
================================================================================
[2026-10-04T10:05:57.086+0000] {manager.py:878} INFO - 
================================================================================
DAG File Processing Stats

File Path                             PID    Runtime      # DAGs    # Errors  Last Runtime    Last Run
------------------------------------  -----  ---------  --------  ----------  --------------  -------------------
/opt/airflow/dags/f1_pipeline_dag.py                           1           1  0.11s           2026-10-04T10:05:42
================================================================================
[2026-10-04T10:06:27.274+0000] {manager.py:878} INFO - 
================================================================================
DAG File Processing Stats

File Path                             PID    Runtime      # DAGs    # Errors  Last Runtime    Last Run
------------------------------------  -----  ---------  --------  ----------  --------------  -------------------
/opt/airflow/dags/f1_pipeline_dag.py                           1           1  0.11s           2026-10-04T10:06:12
================================================================================
[2026-10-04T10:06:57.461+0000] {manager.py:878} INFO - 
================================================================================
DAG File Processing Stats

File Path                             PID    Runtime      # DAGs    # Errors  Last Runtime    Last Run
------------------------------------  -----  ---------  --------  ----------  --------------  -------------------
/opt/airflow/dags/f1_pipeline_dag.py                           1           1  0.11s           2026-10-04T10:06:42
================================================================================
[2026-10-04T10:07:27.646+0000] {manager.py:878} INFO - 
================================================================================
DAG File Processing Stats

File Path                             PID    Runtime      # DAGs    # Errors  Last Runtime    Last Run
------------------------------------  -----  ---------  --------  ----------  --------------  -------------------
/opt/airflow/dags/f1_pipeline_dag.py                           1           1  0.11s           2026-10-04T10:07:12
================================================================================
[2026-10-04T10:07:57.833+0000] {manager.py:878} INFO - 
================================================================================
DAG File Processing Stats

File Path                             PID    Runtime      # DAGs    # Errors  Last Runtime    Last Run
------------------------------------  -----  ---------  --------  ----------  --------------  -------------------
/opt/airflow/dags/f1_pipeline_dag.py                           1           1  0.11s           2026-10-04T10:07:42
================================================================================
[2026-10-04T10:08:09.860+0000] {manager.py:737} INFO - Searching for files in /opt/airflow/dags
[2026-10-04T10:08:09.862+0000] {manager.py:740} INFO - There are 1 files in /opt/airflow/dags
[2026-10-04T10:08:27.970+0000] {manager.py:878} INFO - 
================================================================================
DAG File Processing Stats

File Path                             PID    Runtime      # DAGs    # Errors  Last Runtime    Last Run
------------------------------------  -----  ---------  --------  ----------  --------------  -------------------
/opt/airflow/dags/f1_pipeline_dag.py                           1           1  0.11s           2026-10-04T10:08:12
================================================================================
[2026-10-04T10:08:58.279+0000] {manager.py:878} INFO - 
================================================================================
DAG File Processing Stats

File Path                             PID    Runtime      # DAGs    # Errors  Last Runtime    Last Run
------------------------------------  -----  ---------  --------  ----------  --------------  -------------------
/opt/airflow/dags/f1_pipeline_dag.py                           1           1  0.21s           2026-10-04T10:08:43
================================================================================
[2026-10-04T10:09:28.472+0000] {manager.py:878} INFO - 
================================================================================
DAG File Processing Stats

File Path                             PID    Runtime      # DAGs    # Errors  Last Runtime    Last Run
------------------------------------  -----  ---------  --------  ----------  --------------  -------------------
/opt/airflow/dags/f1_pipeline_dag.py                           1           1  0.11s           2026-10-04T10:09:13
================================================================================
[2026-10-04T10:09:58.663+0000] {manager.py:878} INFO - 
================================================================================
DAG File Processing Stats

File Path                             PID    Runtime      # DAGs    # Errors  Last Runtime    Last Run
------------------------------------  -----  ---------  --------  ----------  --------------  -------------------
/opt/airflow/dags/f1_pipeline_dag.py                           1           1  0.11s           2026-10-04T10:09:43
================================================================================
[2026-10-04T10:10:28.858+0000] {manager.py:878} INFO - 
================================================================================
DAG File Processing Stats

File Path                             PID    Runtime      # DAGs    # Errors  Last Runtime    Last Run
------------------------------------  -----  ---------  --------  ----------  --------------  -------------------
/opt/airflow/dags/f1_pipeline_dag.py                           1           1  0.11s           2026-10-04T10:10:13
================================================================================
[2026-10-04T10:10:58.939+0000] {manager.py:878} INFO - 
================================================================================
DAG File Processing Stats

File Path                             PID    Runtime      # DAGs    # Errors  Last Runtime    Last Run
------------------------------------  -----  ---------  --------  ----------  --------------  -------------------
/opt/airflow/dags/f1_pipeline_dag.py                           1           1  0.21s           2026-10-04T10:10:44
================================================================================
[2026-10-04T10:11:29.301+0000] {manager.py:878} INFO - 
================================================================================
DAG File Processing Stats

File Path                             PID    Runtime      # DAGs    # Errors  Last Runtime    Last Run
------------------------------------  -----  ---------  --------  ----------  --------------  -------------------
/opt/airflow/dags/f1_pipeline_dag.py                           1           1  0.11s           2026-10-04T10:11:14
================================================================================
[2026-10-04T10:11:59.489+0000] {manager.py:878} INFO - 
================================================================================
DAG File Processing Stats

File Path                             PID    Runtime      # DAGs    # Errors  Last Runtime    Last Run
------------------------------------  -----  ---------  --------  ----------  --------------  -------------------
/opt/airflow/dags/f1_pipeline_dag.py                           1           1  0.11s           2026-10-04T10:11:44
================================================================================
[2026-10-04T10:12:29.676+0000] {manager.py:878} INFO - 
================================================================================
DAG File Processing Stats

File Path                             PID    Runtime      # DAGs    # Errors  Last Runtime    Last Run
------------------------------------  -----  ---------  --------  ----------  --------------  -------------------
/opt/airflow/dags/f1_pipeline_dag.py                           1           1  0.11s           2026-10-04T10:12:14
================================================================================
[2026-10-04T10:12:59.864+0000] {manager.py:878} INFO - 
================================================================================
DAG File Processing Stats

File Path                             PID    Runtime      # DAGs    # Errors  Last Runtime    Last Run
------------------------------------  -----  ---------  --------  ----------  --------------  -------------------
/opt/airflow/dags/f1_pipeline_dag.py                           1           1  0.11s           2026-10-04T10:12:44
================================================================================
[2026-10-04T10:13:10.372+0000] {manager.py:737} INFO - Searching for files in /opt/airflow/dags
[2026-10-04T10:13:10.374+0000] {manager.py:740} INFO - There are 1 files in /opt/airflow/dags
[2026-10-04T10:13:30.049+0000] {manager.py:878} INFO - 
================================================================================
DAG File Processing Stats

File Path                             PID    Runtime      # DAGs    # Errors  Last Runtime    Last Run
------------------------------------  -----  ---------  --------  ----------  --------------  -------------------
/opt/airflow/dags/f1_pipeline_dag.py                           1           1  0.11s           2026-10-04T10:13:15
================================================================================
[2026-10-04T10:14:00.243+0000] {manager.py:878} INFO - 
================================================================================
DAG File Processing Stats

File Path                             PID    Runtime      # DAGs    # Errors  Last Runtime    Last Run
------------------------------------  -----  ---------  --------  ----------  --------------  -------------------
/opt/airflow/dags/f1_pipeline_dag.py                           1           1  0.11s           2026-10-04T10:13:45
================================================================================
[2026-10-04T10:14:30.427+0000] {manager.py:878} INFO - 
================================================================================
DAG File Processing Stats

File Path                             PID    Runtime      # DAGs    # Errors  Last Runtime    Last Run
------------------------------------  -----  ---------  --------  ----------  --------------  -------------------
/opt/airflow/dags/f1_pipeline_dag.py                           1           1  0.11s           2026-10-04T10:14:15
================================================================================
[2026-10-04T10:15:00.484+0000] {manager.py:878} INFO - 
================================================================================
DAG File Processing Stats

File Path                             PID    Runtime      # DAGs    # Errors  Last Runtime    Last Run
------------------------------------  -----  ---------  --------  ----------  --------------  -------------------
/opt/airflow/dags/f1_pipeline_dag.py                           1           1  0.11s           2026-10-04T10:14:45
================================================================================
[2026-10-04T10:15:30.784+0000] {manager.py:878} INFO - 
================================================================================
DAG File Processing Stats

File Path                             PID    Runtime      # DAGs    # Errors  Last Runtime    Last Run
------------------------------------  -----  ---------  --------  ----------  --------------  -------------------
/opt/airflow/dags/f1_pipeline_dag.py                           1           1  0.10s           2026-10-04T10:15:15
================================================================================
[2026-10-04T10:16:00.973+0000] {manager.py:878} INFO - 
================================================================================
DAG File Processing Stats

File Path                             PID    Runtime      # DAGs    # Errors  Last Runtime    Last Run
------------------------------------  -----  ---------  --------  ----------  --------------  -------------------
/opt/airflow/dags/f1_pipeline_dag.py                           1           1  0.11s           2026-10-04T10:15:45
================================================================================
[2026-10-04T10:16:31.160+0000] {manager.py:878} INFO - 
================================================================================
DAG File Processing Stats

File Path                             PID    Runtime      # DAGs    # Errors  Last Runtime    Last Run
------------------------------------  -----  ---------  --------  ----------  --------------  -------------------
/opt/airflow/dags/f1_pipeline_dag.py                           1           1  0.11s           2026-10-04T10:16:16
================================================================================
[2026-10-04T10:17:01.346+0000] {manager.py:878} INFO - 
================================================================================
DAG File Processing Stats

File Path                             PID    Runtime      # DAGs    # Errors  Last Runtime    Last Run
------------------------------------  -----  ---------  --------  ----------  --------------  -------------------
/opt/airflow/dags/f1_pipeline_dag.py                           1           1  0.11s           2026-10-04T10:16:46
================================================================================
[2026-10-04T10:17:31.538+0000] {manager.py:878} INFO - 
================================================================================
DAG File Processing Stats

File Path                             PID    Runtime      # DAGs    # Errors  Last Runtime    Last Run
------------------------------------  -----  ---------  --------  ----------  --------------  -------------------
/opt/airflow/dags/f1_pipeline_dag.py                           1           1  0.11s           2026-10-04T10:17:16
================================================================================
[2026-10-04T10:18:01.836+0000] {manager.py:878} INFO - 
================================================================================
DAG File Processing Stats

File Path                             PID    Runtime      # DAGs    # Errors  Last Runtime    Last Run
------------------------------------  -----  ---------  --------  ----------  --------------  -------------------
/opt/airflow/dags/f1_pipeline_dag.py                           1           1  0.21s           2026-10-04T10:17:46
================================================================================
[2026-10-04T10:18:11.390+0000] {manager.py:737} INFO - Searching for files in /opt/airflow/dags
[2026-10-04T10:18:11.392+0000] {manager.py:740} INFO - There are 1 files in /opt/airflow/dags
[2026-10-04T10:18:32.137+0000] {manager.py:878} INFO - 
================================================================================
DAG File Processing Stats

File Path                             PID    Runtime      # DAGs    # Errors  Last Runtime    Last Run
------------------------------------  -----  ---------  --------  ----------  --------------  -------------------
/opt/airflow/dags/f1_pipeline_dag.py                           1           1  0.21s           2026-10-04T10:18:17
================================================================================
[2026-10-04T10:19:02.436+0000] {manager.py:878} INFO - 
================================================================================
DAG File Processing Stats

File Path                             PID    Runtime      # DAGs    # Errors  Last Runtime    Last Run
------------------------------------  -----  ---------  --------  ----------  --------------  -------------------
/opt/airflow/dags/f1_pipeline_dag.py                           1           1  0.21s           2026-10-04T10:18:47
================================================================================
[2026-10-04T10:19:32.629+0000] {manager.py:878} INFO - 
================================================================================
DAG File Processing Stats

File Path                             PID    Runtime      # DAGs    # Errors  Last Runtime    Last Run
------------------------------------  -----  ---------  --------  ----------  --------------  -------------------
/opt/airflow/dags/f1_pipeline_dag.py                           1           1  0.11s           2026-10-04T10:19:17
================================================================================
[2026-10-04T10:20:02.920+0000] {manager.py:878} INFO - 
================================================================================
DAG File Processing Stats

File Path                             PID    Runtime      # DAGs    # Errors  Last Runtime    Last Run
------------------------------------  -----  ---------  --------  ----------  --------------  -------------------
/opt/airflow/dags/f1_pipeline_dag.py                           1           1  0.21s           2026-10-04T10:19:47
================================================================================
[2026-10-04T10:20:33.110+0000] {manager.py:878} INFO - 
================================================================================
DAG File Processing Stats

File Path                             PID    Runtime      # DAGs    # Errors  Last Runtime    Last Run
------------------------------------  -----  ---------  --------  ----------  --------------  -------------------
/opt/airflow/dags/f1_pipeline_dag.py                           1           1  0.11s           2026-10-04T10:20:18
================================================================================
[2026-10-04T10:21:03.188+0000] {manager.py:878} INFO - 
================================================================================
DAG File Processing Stats

File Path                             PID    Runtime      # DAGs    # Errors  Last Runtime    Last Run
------------------------------------  -----  ---------  --------  ----------  --------------  -------------------
/opt/airflow/dags/f1_pipeline_dag.py                           1           1  0.12s           2026-10-04T10:20:48
================================================================================
[2026-10-04T10:21:33.499+0000] {manager.py:878} INFO - 
================================================================================
DAG File Processing Stats

File Path                             PID    Runtime      # DAGs    # Errors  Last Runtime    Last Run
------------------------------------  -----  ---------  --------  ----------  --------------  -------------------
/opt/airflow/dags/f1_pipeline_dag.py                           1           1  0.11s           2026-10-04T10:21:18
================================================================================
[2026-10-04T10:22:03.686+0000] {manager.py:878} INFO - 
================================================================================
DAG File Processing Stats

File Path                             PID    Runtime      # DAGs    # Errors  Last Runtime    Last Run
------------------------------------  -----  ---------  --------  ----------  --------------  -------------------
/opt/airflow/dags/f1_pipeline_dag.py                           1           1  0.11s           2026-10-04T10:21:48
================================================================================
[2026-10-04T10:22:33.870+0000] {manager.py:878} INFO - 
================================================================================
DAG File Processing Stats

File Path                             PID    Runtime      # DAGs    # Errors  Last Runtime    Last Run
------------------------------------  -----  ---------  --------  ----------  --------------  -------------------
/opt/airflow/dags/f1_pipeline_dag.py                           1           1  0.11s           2026-10-04T10:22:18
================================================================================
[2026-10-04T10:23:04.056+0000] {manager.py:878} INFO - 
================================================================================
DAG File Processing Stats

File Path                             PID    Runtime      # DAGs    # Errors  Last Runtime    Last Run
------------------------------------  -----  ---------  --------  ----------  --------------  -------------------
/opt/airflow/dags/f1_pipeline_dag.py                           1           1  0.11s           2026-10-04T10:22:49
================================================================================
[2026-10-04T10:23:12.222+0000] {manager.py:737} INFO - Searching for files in /opt/airflow/dags
[2026-10-04T10:23:12.224+0000] {manager.py:740} INFO - There are 1 files in /opt/airflow/dags
[2026-10-04T10:23:34.239+0000] {manager.py:878} INFO - 
================================================================================
DAG File Processing Stats

File Path                             PID    Runtime      # DAGs    # Errors  Last Runtime    Last Run
------------------------------------  -----  ---------  --------  ----------  --------------  -------------------
/opt/airflow/dags/f1_pipeline_dag.py                           1           1  0.11s           2026-10-04T10:23:19
================================================================================
[2026-10-04T10:24:04.431+0000] {manager.py:878} INFO - 
================================================================================
DAG File Processing Stats

File Path                             PID    Runtime      # DAGs    # Errors  Last Runtime    Last Run
------------------------------------  -----  ---------  --------  ----------  --------------  -------------------
/opt/airflow/dags/f1_pipeline_dag.py                           1           1  0.11s           2026-10-04T10:23:49
================================================================================
[2026-10-04T10:24:34.553+0000] {manager.py:878} INFO - 
================================================================================
DAG File Processing Stats

File Path                             PID    Runtime      # DAGs    # Errors  Last Runtime    Last Run
------------------------------------  -----  ---------  --------  ----------  --------------  -------------------
/opt/airflow/dags/f1_pipeline_dag.py                           1           1  0.11s           2026-10-04T10:24:19
================================================================================
[2026-10-04T10:25:04.808+0000] {manager.py:878} INFO - 
================================================================================
DAG File Processing Stats

File Path                             PID    Runtime      # DAGs    # Errors  Last Runtime    Last Run
------------------------------------  -----  ---------  --------  ----------  --------------  -------------------
/opt/airflow/dags/f1_pipeline_dag.py                           1           1  0.11s           2026-10-04T10:24:49
================================================================================
[2026-10-04T10:25:34.996+0000] {manager.py:878} INFO - 
================================================================================
DAG File Processing Stats

File Path                             PID    Runtime      # DAGs    # Errors  Last Runtime    Last Run
------------------------------------  -----  ---------  --------  ----------  --------------  -------------------
/opt/airflow/dags/f1_pipeline_dag.py                           1           1  0.11s           2026-10-04T10:25:19
================================================================================
[2026-10-04T10:26:05.182+0000] {manager.py:878} INFO - 
================================================================================
DAG File Processing Stats

File Path                             PID    Runtime      # DAGs    # Errors  Last Runtime    Last Run
------------------------------------  -----  ---------  --------  ----------  --------------  -------------------
/opt/airflow/dags/f1_pipeline_dag.py                           1           1  0.11s           2026-10-04T10:25:50
================================================================================
[2026-10-04T10:26:35.372+0000] {manager.py:878} INFO - 
================================================================================
DAG File Processing Stats

File Path                             PID    Runtime      # DAGs    # Errors  Last Runtime    Last Run
------------------------------------  -----  ---------  --------  ----------  --------------  -------------------
/opt/airflow/dags/f1_pipeline_dag.py                           1           1  0.11s           2026-10-04T10:26:20
================================================================================
[2026-10-04T10:27:05.673+0000] {manager.py:878} INFO - 
================================================================================
DAG File Processing Stats

File Path                             PID    Runtime      # DAGs    # Errors  Last Runtime    Last Run
------------------------------------  -----  ---------  --------  ----------  --------------  -------------------
/opt/airflow/dags/f1_pipeline_dag.py                           1           1  0.21s           2026-10-04T10:26:50
================================================================================
[2026-10-04T10:27:35.860+0000] {manager.py:878} INFO - 
================================================================================
DAG File Processing Stats

File Path                             PID    Runtime      # DAGs    # Errors  Last Runtime    Last Run
------------------------------------  -----  ---------  --------  ----------  --------------  -------------------
/opt/airflow/dags/f1_pipeline_dag.py                           1           1  0.11s           2026-10-04T10:27:20
================================================================================
[2026-10-04T10:28:06.051+0000] {manager.py:878} INFO - 
================================================================================
DAG File Processing Stats

File Path                             PID    Runtime      # DAGs    # Errors  Last Runtime    Last Run
------------------------------------  -----  ---------  --------  ----------  --------------  -------------------
/opt/airflow/dags/f1_pipeline_dag.py                           1           1  0.11s           2026-10-04T10:27:51
================================================================================
[2026-10-04T10:28:13.182+0000] {manager.py:737} INFO - Searching for files in /opt/airflow/dags
[2026-10-04T10:28:13.184+0000] {manager.py:740} INFO - There are 1 files in /opt/airflow/dags
[2026-10-04T10:28:36.258+0000] {manager.py:878} INFO - 
================================================================================
DAG File Processing Stats

File Path                             PID    Runtime      # DAGs    # Errors  Last Runtime    Last Run
------------------------------------  -----  ---------  --------  ----------  --------------  -------------------
/opt/airflow/dags/f1_pipeline_dag.py                           1           1  0.11s           2026-10-04T10:28:21
================================================================================
[2026-10-04T10:29:06.361+0000] {manager.py:878} INFO - 
================================================================================
DAG File Processing Stats

File Path                             PID    Runtime      # DAGs    # Errors  Last Runtime    Last Run
------------------------------------  -----  ---------  --------  ----------  --------------  -------------------
/opt/airflow/dags/f1_pipeline_dag.py                           1           1  0.11s           2026-10-04T10:28:51
================================================================================
[2026-10-04T10:29:36.638+0000] {manager.py:878} INFO - 
================================================================================
DAG File Processing Stats

File Path                             PID    Runtime      # DAGs    # Errors  Last Runtime    Last Run
------------------------------------  -----  ---------  --------  ----------  --------------  -------------------
/opt/airflow/dags/f1_pipeline_dag.py                           1           1  0.11s           2026-10-04T10:29:21
================================================================================
[2026-10-04T10:30:06.950+0000] {manager.py:878} INFO - 
================================================================================
DAG File Processing Stats

File Path                             PID    Runtime      # DAGs    # Errors  Last Runtime    Last Run
------------------------------------  -----  ---------  --------  ----------  --------------  -------------------
/opt/airflow/dags/f1_pipeline_dag.py                           1           1  0.21s           2026-10-04T10:29:51
================================================================================
[2026-10-04T10:30:37.136+0000] {manager.py:878} INFO - 
================================================================================
DAG File Processing Stats

File Path                             PID    Runtime      # DAGs    # Errors  Last Runtime    Last Run
------------------------------------  -----  ---------  --------  ----------  --------------  -------------------
/opt/airflow/dags/f1_pipeline_dag.py                           1           1  0.11s           2026-10-04T10:30:22
================================================================================
[2026-10-04T10:31:07.438+0000] {manager.py:878} INFO - 
================================================================================
DAG File Processing Stats

File Path                             PID    Runtime      # DAGs    # Errors  Last Runtime    Last Run
------------------------------------  -----  ---------  --------  ----------  --------------  -------------------
/opt/airflow/dags/f1_pipeline_dag.py                           1           1  0.21s           2026-10-04T10:30:52
================================================================================
[2026-10-04T10:31:37.642+0000] {manager.py:878} INFO - 
================================================================================
DAG File Processing Stats

File Path                             PID    Runtime      # DAGs    # Errors  Last Runtime    Last Run
------------------------------------  -----  ---------  --------  ----------  --------------  -------------------
/opt/airflow/dags/f1_pipeline_dag.py                           1           1  0.11s           2026-10-04T10:31:22
================================================================================
[2026-10-04T10:32:07.831+0000] {manager.py:878} INFO - 
================================================================================
DAG File Processing Stats

File Path                             PID    Runtime      # DAGs    # Errors  Last Runtime    Last Run
------------------------------------  -----  ---------  --------  ----------  --------------  -------------------
/opt/airflow/dags/f1_pipeline_dag.py                           1           1  0.11s           2026-10-04T10:31:52
================================================================================
[2026-10-04T10:32:37.869+0000] {manager.py:878} INFO - 
================================================================================
DAG File Processing Stats

File Path                             PID    Runtime      # DAGs    # Errors  Last Runtime    Last Run
------------------------------------  -----  ---------  --------  ----------  --------------  -------------------
/opt/airflow/dags/f1_pipeline_dag.py                           1           1  0.11s           2026-10-04T10:32:22
================================================================================
[2026-10-04T10:33:08.180+0000] {manager.py:878} INFO - 
================================================================================
DAG File Processing Stats

File Path                             PID    Runtime      # DAGs    # Errors  Last Runtime    Last Run
------------------------------------  -----  ---------  --------  ----------  --------------  -------------------
/opt/airflow/dags/f1_pipeline_dag.py                           1           1  0.12s           2026-10-04T10:32:53
================================================================================
[2026-10-04T10:33:13.229+0000] {manager.py:737} INFO - Searching for files in /opt/airflow/dags
[2026-10-04T10:33:13.230+0000] {manager.py:740} INFO - There are 1 files in /opt/airflow/dags
[2026-10-04T10:33:38.476+0000] {manager.py:878} INFO - 
================================================================================
DAG File Processing Stats

File Path                             PID    Runtime      # DAGs    # Errors  Last Runtime    Last Run
------------------------------------  -----  ---------  --------  ----------  --------------  -------------------
/opt/airflow/dags/f1_pipeline_dag.py                           1           1  0.21s           2026-10-04T10:33:23
================================================================================
[2026-10-04T10:34:08.675+0000] {manager.py:878} INFO - 
================================================================================
DAG File Processing Stats

File Path                             PID    Runtime      # DAGs    # Errors  Last Runtime    Last Run
------------------------------------  -----  ---------  --------  ----------  --------------  -------------------
/opt/airflow/dags/f1_pipeline_dag.py                           1           1  0.11s           2026-10-04T10:33:53
================================================================================
[2026-10-04T10:34:38.751+0000] {manager.py:878} INFO - 
================================================================================
DAG File Processing Stats

File Path                             PID    Runtime      # DAGs    # Errors  Last Runtime    Last Run
------------------------------------  -----  ---------  --------  ----------  --------------  -------------------
/opt/airflow/dags/f1_pipeline_dag.py                           1           1  0.11s           2026-10-04T10:34:23
================================================================================
[2026-10-04T10:35:09.055+0000] {manager.py:878} INFO - 
================================================================================
DAG File Processing Stats

File Path                             PID    Runtime      # DAGs    # Errors  Last Runtime    Last Run
------------------------------------  -----  ---------  --------  ----------  --------------  -------------------
/opt/airflow/dags/f1_pipeline_dag.py                           1           1  0.11s           2026-10-04T10:34:54
================================================================================
[2026-10-04T10:35:39.242+0000] {manager.py:878} INFO - 
================================================================================
DAG File Processing Stats

File Path                             PID    Runtime      # DAGs    # Errors  Last Runtime    Last Run
------------------------------------  -----  ---------  --------  ----------  --------------  -------------------
/opt/airflow/dags/f1_pipeline_dag.py                           1           1  0.11s           2026-10-04T10:35:24
================================================================================
[2026-10-04T10:36:09.425+0000] {manager.py:878} INFO - 
================================================================================
DAG File Processing Stats

File Path                             PID    Runtime      # DAGs    # Errors  Last Runtime    Last Run
------------------------------------  -----  ---------  --------  ----------  --------------  -------------------
/opt/airflow/dags/f1_pipeline_dag.py                           1           1  0.11s           2026-10-04T10:35:54
================================================================================
[2026-10-04T10:36:39.616+0000] {manager.py:878} INFO - 
================================================================================
DAG File Processing Stats

File Path                             PID    Runtime      # DAGs    # Errors  Last Runtime    Last Run
------------------------------------  -----  ---------  --------  ----------  --------------  -------------------
/opt/airflow/dags/f1_pipeline_dag.py                           1           1  0.11s           2026-10-04T10:36:24
================================================================================
[2026-10-04T10:37:09.724+0000] {manager.py:878} INFO - 
================================================================================
DAG File Processing Stats

File Path                             PID    Runtime      # DAGs    # Errors  Last Runtime    Last Run
------------------------------------  -----  ---------  --------  ----------  --------------  -------------------
/opt/airflow/dags/f1_pipeline_dag.py                           1           1  0.11s           2026-10-04T10:36:54
================================================================================
[2026-10-04T10:37:39.992+0000] {manager.py:878} INFO - 
================================================================================
DAG File Processing Stats

File Path                             PID    Runtime      # DAGs    # Errors  Last Runtime    Last Run
------------------------------------  -----  ---------  --------  ----------  --------------  -------------------
/opt/airflow/dags/f1_pipeline_dag.py                           1           1  0.11s           2026-10-04T10:37:24
================================================================================
[2026-10-04T10:38:10.181+0000] {manager.py:878} INFO - 
================================================================================
DAG File Processing Stats

File Path                             PID    Runtime      # DAGs    # Errors  Last Runtime    Last Run
------------------------------------  -----  ---------  --------  ----------  --------------  -------------------
/opt/airflow/dags/f1_pipeline_dag.py                           1           1  0.11s           2026-10-04T10:37:55
================================================================================
[2026-10-04T10:38:13.316+0000] {manager.py:737} INFO - Searching for files in /opt/airflow/dags
[2026-10-04T10:38:13.318+0000] {manager.py:740} INFO - There are 1 files in /opt/airflow/dags
[2026-10-04T10:38:40.366+0000] {manager.py:878} INFO - 
================================================================================
DAG File Processing Stats

File Path                             PID    Runtime      # DAGs    # Errors  Last Runtime    Last Run
------------------------------------  -----  ---------  --------  ----------  --------------  -------------------
/opt/airflow/dags/f1_pipeline_dag.py                           1           1  0.11s           2026-10-04T10:38:25
================================================================================
[2026-10-04T10:39:10.555+0000] {manager.py:878} INFO - 
================================================================================
DAG File Processing Stats

File Path                             PID    Runtime      # DAGs    # Errors  Last Runtime    Last Run
------------------------------------  -----  ---------  --------  ----------  --------------  -------------------
/opt/airflow/dags/f1_pipeline_dag.py                           1           1  0.11s           2026-10-04T10:38:55
================================================================================
[2026-10-04T10:39:40.740+0000] {manager.py:878} INFO - 
================================================================================
DAG File Processing Stats

File Path                             PID    Runtime      # DAGs    # Errors  Last Runtime    Last Run
------------------------------------  -----  ---------  --------  ----------  --------------  -------------------
/opt/airflow/dags/f1_pipeline_dag.py                           1           1  0.11s           2026-10-04T10:39:25
================================================================================
[2026-10-04T10:40:11.040+0000] {manager.py:878} INFO - 
================================================================================
DAG File Processing Stats

File Path                             PID    Runtime      # DAGs    # Errors  Last Runtime    Last Run
------------------------------------  -----  ---------  --------  ----------  --------------  -------------------
/opt/airflow/dags/f1_pipeline_dag.py                           1           1  0.21s           2026-10-04T10:39:55
================================================================================
[2026-10-04T10:40:41.232+0000] {manager.py:878} INFO - 
================================================================================
DAG File Processing Stats

File Path                             PID    Runtime      # DAGs    # Errors  Last Runtime    Last Run
------------------------------------  -----  ---------  --------  ----------  --------------  -------------------
/opt/airflow/dags/f1_pipeline_dag.py                           1           1  0.11s           2026-10-04T10:40:26
================================================================================
[2026-10-04T10:41:11.421+0000] {manager.py:878} INFO - 
================================================================================
DAG File Processing Stats

File Path                             PID    Runtime      # DAGs    # Errors  Last Runtime    Last Run
------------------------------------  -----  ---------  --------  ----------  --------------  -------------------
/opt/airflow/dags/f1_pipeline_dag.py                           1           1  0.11s           2026-10-04T10:40:56
================================================================================
[2026-10-04T10:41:41.544+0000] {manager.py:878} INFO - 
================================================================================
DAG File Processing Stats

File Path                             PID    Runtime      # DAGs    # Errors  Last Runtime    Last Run
------------------------------------  -----  ---------  --------  ----------  --------------  -------------------
/opt/airflow/dags/f1_pipeline_dag.py                           1           1  0.11s           2026-10-04T10:41:26
================================================================================
[2026-10-04T10:42:11.755+0000] {manager.py:878} INFO - 
================================================================================
DAG File Processing Stats

File Path                             PID    Runtime      # DAGs    # Errors  Last Runtime    Last Run
------------------------------------  -----  ---------  --------  ----------  --------------  -------------------
/opt/airflow/dags/f1_pipeline_dag.py                           1           1  0.12s           2026-10-04T10:41:56
================================================================================
[2026-10-04T10:42:41.815+0000] {manager.py:878} INFO - 
================================================================================
DAG File Processing Stats

File Path                             PID    Runtime      # DAGs    # Errors  Last Runtime    Last Run
------------------------------------  -----  ---------  --------  ----------  --------------  -------------------
/opt/airflow/dags/f1_pipeline_dag.py                           1           1  0.11s           2026-10-04T10:42:26
================================================================================
[2026-10-04T10:43:12.145+0000] {manager.py:878} INFO - 
================================================================================
DAG File Processing Stats

File Path                             PID    Runtime      # DAGs    # Errors  Last Runtime    Last Run
------------------------------------  -----  ---------  --------  ----------  --------------  -------------------
/opt/airflow/dags/f1_pipeline_dag.py                           1           1  0.11s           2026-10-04T10:42:57
================================================================================
[2026-10-04T10:43:14.229+0000] {manager.py:737} INFO - Searching for files in /opt/airflow/dags
[2026-10-04T10:43:14.231+0000] {manager.py:740} INFO - There are 1 files in /opt/airflow/dags
[2026-10-04T10:43:42.329+0000] {manager.py:878} INFO - 
================================================================================
DAG File Processing Stats

File Path                             PID    Runtime      # DAGs    # Errors  Last Runtime    Last Run
------------------------------------  -----  ---------  --------  ----------  --------------  -------------------
/opt/airflow/dags/f1_pipeline_dag.py                           1           1  0.11s           2026-10-04T10:43:27
================================================================================
[2026-10-04T10:44:12.504+0000] {manager.py:878} INFO - 
================================================================================
DAG File Processing Stats

File Path                             PID    Runtime      # DAGs    # Errors  Last Runtime    Last Run
------------------------------------  -----  ---------  --------  ----------  --------------  -------------------
/opt/airflow/dags/f1_pipeline_dag.py                           1           1  0.11s           2026-10-04T10:43:57
================================================================================
[2026-10-04T10:44:42.645+0000] {manager.py:878} INFO - 
================================================================================
DAG File Processing Stats

File Path                             PID    Runtime      # DAGs    # Errors  Last Runtime    Last Run
------------------------------------  -----  ---------  --------  ----------  --------------  -------------------
/opt/airflow/dags/f1_pipeline_dag.py                           1           1  0.11s           2026-10-04T10:44:27
================================================================================
[2026-10-05T12:22:04.102+0000] {manager.py:470} INFO - Processing files using up to 1 processes at a time 
[2026-10-05T12:22:04.103+0000] {manager.py:471} INFO - Process each file at most once every 30 seconds
[2026-10-05T12:22:04.104+0000] {manager.py:472} INFO - Checking for new files in /opt/airflow/dags every 300 seconds
[2026-10-05T12:22:04.104+0000] {manager.py:737} INFO - Searching for files in /opt/airflow/dags
[2026-10-05T12:22:04.105+0000] {manager.py:740} INFO - There are 1 files in /opt/airflow/dags
[2026-10-05T12:22:04.349+0000] {manager.py:878} INFO - 
================================================================================
DAG File Processing Stats

File Path                             PID    Runtime      # DAGs    # Errors  Last Runtime    Last Run
------------------------------------  -----  ---------  --------  ----------  --------------  -------------------
/opt/airflow/dags/f1_pipeline_dag.py                           0           1  0.10s           2026-10-05T12:22:04
================================================================================
[2026-10-05T12:22:35.494+0000] {manager.py:878} INFO - 
================================================================================
DAG File Processing Stats

File Path                             PID    Runtime      # DAGs    # Errors  Last Runtime    Last Run
------------------------------------  -----  ---------  --------  ----------  --------------  -------------------
/opt/airflow/dags/f1_pipeline_dag.py                           0           1  0.11s           2026-10-05T12:22:35
================================================================================
[2026-10-05T12:23:05.813+0000] {manager.py:878} INFO - 
================================================================================
DAG File Processing Stats

File Path                             PID    Runtime      # DAGs    # Errors  Last Runtime    Last Run
------------------------------------  -----  ---------  --------  ----------  --------------  -------------------
/opt/airflow/dags/f1_pipeline_dag.py                           0           1  0.11s           2026-10-05T12:23:05
================================================================================
[2026-10-05T12:23:36.170+0000] {manager.py:878} INFO - 
================================================================================
DAG File Processing Stats

File Path                             PID    Runtime      # DAGs    # Errors  Last Runtime    Last Run
------------------------------------  -----  ---------  --------  ----------  --------------  -------------------
/opt/airflow/dags/f1_pipeline_dag.py                           0           1  0.11s           2026-10-05T12:23:36
================================================================================
[2026-10-05T12:24:06.497+0000] {manager.py:878} INFO - 
================================================================================
DAG File Processing Stats

File Path                             PID    Runtime      # DAGs    # Errors  Last Runtime    Last Run
------------------------------------  -----  ---------  --------  ----------  --------------  -------------------
/opt/airflow/dags/f1_pipeline_dag.py                           0           1  0.11s           2026-10-05T12:24:06
================================================================================
[2026-10-05T12:24:36.811+0000] {manager.py:878} INFO - 
================================================================================
DAG File Processing Stats

File Path                             PID    Runtime      # DAGs    # Errors  Last Runtime    Last Run
------------------------------------  -----  ---------  --------  ----------  --------------  -------------------
/opt/airflow/dags/f1_pipeline_dag.py                           0           1  0.11s           2026-10-05T12:24:36
================================================================================
[2026-10-05T12:25:07.119+0000] {manager.py:878} INFO - 
================================================================================
DAG File Processing Stats

File Path                             PID    Runtime      # DAGs    # Errors  Last Runtime    Last Run
------------------------------------  -----  ---------  --------  ----------  --------------  -------------------
/opt/airflow/dags/f1_pipeline_dag.py                           0           1  0.11s           2026-10-05T12:25:07
================================================================================
[2026-10-05T12:25:37.348+0000] {manager.py:878} INFO - 
================================================================================
DAG File Processing Stats

File Path                             PID    Runtime      # DAGs    # Errors  Last Runtime    Last Run
------------------------------------  -----  ---------  --------  ----------  --------------  -------------------
/opt/airflow/dags/f1_pipeline_dag.py                           1           0  0.51s           2026-10-05T12:25:28
================================================================================
[2026-10-05T12:26:09.570+0000] {manager.py:878} INFO - 
================================================================================
DAG File Processing Stats

File Path                             PID    Runtime      # DAGs    # Errors  Last Runtime    Last Run
------------------------------------  -----  ---------  --------  ----------  --------------  -------------------
/opt/airflow/dags/f1_pipeline_dag.py                           1           0  0.41s           2026-10-05T12:26:00
================================================================================
[2026-10-05T12:26:39.603+0000] {manager.py:878} INFO - 
================================================================================
DAG File Processing Stats

File Path                             PID    Runtime      # DAGs    # Errors  Last Runtime    Last Run
------------------------------------  -----  ---------  --------  ----------  --------------  -------------------
/opt/airflow/dags/f1_pipeline_dag.py                           1           0  0.21s           2026-10-05T12:26:31
================================================================================
[2026-10-05T12:27:04.104+0000] {manager.py:737} INFO - Searching for files in /opt/airflow/dags
[2026-10-05T12:27:04.107+0000] {manager.py:740} INFO - There are 1 files in /opt/airflow/dags
[2026-10-05T12:27:09.713+0000] {manager.py:878} INFO - 
================================================================================
DAG File Processing Stats

File Path                             PID    Runtime      # DAGs    # Errors  Last Runtime    Last Run
------------------------------------  -----  ---------  --------  ----------  --------------  -------------------
/opt/airflow/dags/f1_pipeline_dag.py                           1           0  0.21s           2026-10-05T12:27:02
================================================================================
[2026-10-05T12:27:39.804+0000] {manager.py:878} INFO - 
================================================================================
DAG File Processing Stats

File Path                             PID    Runtime      # DAGs    # Errors  Last Runtime    Last Run
------------------------------------  -----  ---------  --------  ----------  --------------  -------------------
/opt/airflow/dags/f1_pipeline_dag.py                           1           0  0.21s           2026-10-05T12:27:32
================================================================================
[2026-10-05T12:28:09.897+0000] {manager.py:878} INFO - 
================================================================================
DAG File Processing Stats

File Path                             PID    Runtime      # DAGs    # Errors  Last Runtime    Last Run
------------------------------------  -----  ---------  --------  ----------  --------------  -------------------
/opt/airflow/dags/f1_pipeline_dag.py                           1           0  0.21s           2026-10-05T12:28:03
================================================================================
[2026-10-05T12:28:39.988+0000] {manager.py:878} INFO - 
================================================================================
DAG File Processing Stats

File Path                             PID    Runtime      # DAGs    # Errors  Last Runtime    Last Run
------------------------------------  -----  ---------  --------  ----------  --------------  -------------------
/opt/airflow/dags/f1_pipeline_dag.py                           1           0  0.21s           2026-10-05T12:28:33
================================================================================
[2026-10-05T12:29:10.085+0000] {manager.py:878} INFO - 
================================================================================
DAG File Processing Stats

File Path                             PID    Runtime      # DAGs    # Errors  Last Runtime    Last Run
------------------------------------  -----  ---------  --------  ----------  --------------  -------------------
/opt/airflow/dags/f1_pipeline_dag.py                           1           0  0.21s           2026-10-05T12:29:03
================================================================================
[2026-10-05T12:29:40.175+0000] {manager.py:878} INFO - 
================================================================================
DAG File Processing Stats

File Path                             PID    Runtime      # DAGs    # Errors  Last Runtime    Last Run
------------------------------------  -----  ---------  --------  ----------  --------------  -------------------
/opt/airflow/dags/f1_pipeline_dag.py                           1           0  0.21s           2026-10-05T12:29:34
================================================================================
[2026-10-05T12:30:10.276+0000] {manager.py:878} INFO - 
================================================================================
DAG File Processing Stats

File Path                             PID    Runtime      # DAGs    # Errors  Last Runtime    Last Run
------------------------------------  -----  ---------  --------  ----------  --------------  -------------------
/opt/airflow/dags/f1_pipeline_dag.py                           1           0  0.21s           2026-10-05T12:30:04
================================================================================
[2026-10-05T12:30:40.368+0000] {manager.py:878} INFO - 
================================================================================
DAG File Processing Stats

File Path                             PID    Runtime      # DAGs    # Errors  Last Runtime    Last Run
------------------------------------  -----  ---------  --------  ----------  --------------  -------------------
/opt/airflow/dags/f1_pipeline_dag.py                           1           0  0.21s           2026-10-05T12:30:34
================================================================================
[2026-10-05T12:35:18.615+0000] {manager.py:470} INFO - Processing files using up to 1 processes at a time 
[2026-10-05T12:35:18.616+0000] {manager.py:471} INFO - Process each file at most once every 30 seconds
[2026-10-05T12:35:18.617+0000] {manager.py:472} INFO - Checking for new files in /opt/airflow/dags every 300 seconds
[2026-10-05T12:35:18.617+0000] {manager.py:737} INFO - Searching for files in /opt/airflow/dags
[2026-10-05T12:35:18.619+0000] {manager.py:740} INFO - There are 1 files in /opt/airflow/dags
[2026-10-05T12:35:19.401+0000] {manager.py:878} INFO - 
================================================================================
DAG File Processing Stats

File Path                             PID    Runtime      # DAGs    # Errors  Last Runtime    Last Run
------------------------------------  -----  ---------  --------  ----------  --------------  -------------------
/opt/airflow/dags/f1_pipeline_dag.py                           1           0  0.51s           2026-10-05T12:35:19
================================================================================
[2026-10-05T12:35:50.052+0000] {manager.py:878} INFO - 
================================================================================
DAG File Processing Stats

File Path                             PID    Runtime      # DAGs    # Errors  Last Runtime    Last Run
------------------------------------  -----  ---------  --------  ----------  --------------  -------------------
/opt/airflow/dags/f1_pipeline_dag.py                           1           0  0.21s           2026-10-05T12:35:50
================================================================================
[2026-10-05T12:36:21.238+0000] {manager.py:878} INFO - 
================================================================================
DAG File Processing Stats

File Path                             PID    Runtime      # DAGs    # Errors  Last Runtime    Last Run
------------------------------------  -----  ---------  --------  ----------  --------------  -------------------
/opt/airflow/dags/f1_pipeline_dag.py                           1           0  0.41s           2026-10-05T12:36:21
================================================================================
[2026-10-05T12:36:52.376+0000] {manager.py:878} INFO - 
================================================================================
DAG File Processing Stats

File Path                             PID    Runtime      # DAGs    # Errors  Last Runtime    Last Run
------------------------------------  -----  ---------  --------  ----------  --------------  -------------------
/opt/airflow/dags/f1_pipeline_dag.py                           1           0  0.41s           2026-10-05T12:36:52
================================================================================
[2026-10-05T12:37:23.132+0000] {manager.py:878} INFO - 
================================================================================
DAG File Processing Stats

File Path                             PID    Runtime      # DAGs    # Errors  Last Runtime    Last Run
------------------------------------  -----  ---------  --------  ----------  --------------  -------------------
/opt/airflow/dags/f1_pipeline_dag.py                           1           0  0.41s           2026-10-05T12:37:23
================================================================================
[2026-10-05T12:37:53.699+0000] {manager.py:878} INFO - 
================================================================================
DAG File Processing Stats

File Path                             PID    Runtime      # DAGs    # Errors  Last Runtime    Last Run
------------------------------------  -----  ---------  --------  ----------  --------------  -------------------
/opt/airflow/dags/f1_pipeline_dag.py                           1           0  0.41s           2026-10-05T12:37:53
================================================================================
[2026-10-05T12:38:24.235+0000] {manager.py:878} INFO - 
================================================================================
DAG File Processing Stats

File Path                             PID    Runtime      # DAGs    # Errors  Last Runtime    Last Run
------------------------------------  -----  ---------  --------  ----------  --------------  -------------------
/opt/airflow/dags/f1_pipeline_dag.py                           1           0  0.21s           2026-10-05T12:38:24
================================================================================
[2026-10-05T12:38:54.761+0000] {manager.py:878} INFO - 
================================================================================
DAG File Processing Stats

File Path                             PID    Runtime      # DAGs    # Errors  Last Runtime    Last Run
------------------------------------  -----  ---------  --------  ----------  --------------  -------------------
/opt/airflow/dags/f1_pipeline_dag.py                           1           0  0.21s           2026-10-05T12:38:54
================================================================================
[2026-10-05T12:39:25.295+0000] {manager.py:878} INFO - 
================================================================================
DAG File Processing Stats

File Path                             PID    Runtime      # DAGs    # Errors  Last Runtime    Last Run
------------------------------------  -----  ---------  --------  ----------  --------------  -------------------
/opt/airflow/dags/f1_pipeline_dag.py                           1           0  0.21s           2026-10-05T12:39:25
================================================================================
[2026-10-05T12:39:55.839+0000] {manager.py:878} INFO - 
================================================================================
DAG File Processing Stats

File Path                             PID    Runtime      # DAGs    # Errors  Last Runtime    Last Run
------------------------------------  -----  ---------  --------  ----------  --------------  -------------------
/opt/airflow/dags/f1_pipeline_dag.py                           1           0  0.21s           2026-10-05T12:39:55
================================================================================
[2026-10-05T12:40:18.625+0000] {manager.py:737} INFO - Searching for files in /opt/airflow/dags
[2026-10-05T12:40:18.627+0000] {manager.py:740} INFO - There are 1 files in /opt/airflow/dags
[2026-10-05T12:40:26.257+0000] {manager.py:878} INFO - 
================================================================================
DAG File Processing Stats

File Path                             PID    Runtime      # DAGs    # Errors  Last Runtime    Last Run
------------------------------------  -----  ---------  --------  ----------  --------------  -------------------
/opt/airflow/dags/f1_pipeline_dag.py                           1           0  0.21s           2026-10-05T12:40:26
================================================================================
[2026-10-05T12:40:57.209+0000] {manager.py:878} INFO - 
================================================================================
DAG File Processing Stats

File Path                             PID    Runtime      # DAGs    # Errors  Last Runtime    Last Run
------------------------------------  -----  ---------  --------  ----------  --------------  -------------------
/opt/airflow/dags/f1_pipeline_dag.py                           1           0  0.31s           2026-10-05T12:40:31
================================================================================
[2026-10-05T12:41:27.478+0000] {manager.py:878} INFO - 
================================================================================
DAG File Processing Stats

File Path                             PID    Runtime      # DAGs    # Errors  Last Runtime    Last Run
------------------------------------  -----  ---------  --------  ----------  --------------  -------------------
/opt/airflow/dags/f1_pipeline_dag.py                           1           0  0.21s           2026-10-05T12:41:02
================================================================================
[2026-10-05T12:43:06.264+0000] {manager.py:452} INFO - Exiting gracefully upon receiving signal 15
[2026-10-05T12:43:06.623+0000] {manager.py:470} INFO - Processing files using up to 1 processes at a time 
[2026-10-05T12:43:06.623+0000] {manager.py:471} INFO - Process each file at most once every 30 seconds
[2026-10-05T12:43:06.623+0000] {manager.py:472} INFO - Checking for new files in /opt/airflow/dags every 300 seconds
[2026-10-05T12:43:06.624+0000] {manager.py:737} INFO - Searching for files in /opt/airflow/dags
[2026-10-05T12:43:06.625+0000] {manager.py:740} INFO - There are 1 files in /opt/airflow/dags
[2026-10-05T12:43:06.934+0000] {manager.py:878} INFO - 
================================================================================
DAG File Processing Stats

File Path                             PID    Runtime      # DAGs    # Errors  Last Runtime    Last Run
------------------------------------  -----  ---------  --------  ----------  --------------  -------------------
/opt/airflow/dags/f1_pipeline_dag.py                           1           0  0.21s           2026-10-05T12:43:06
================================================================================
[2026-10-05T12:43:37.911+0000] {manager.py:878} INFO - 
================================================================================
DAG File Processing Stats

File Path                             PID    Runtime      # DAGs    # Errors  Last Runtime    Last Run
------------------------------------  -----  ---------  --------  ----------  --------------  -------------------
/opt/airflow/dags/f1_pipeline_dag.py                           1           0  0.21s           2026-10-05T12:43:37
================================================================================
[2026-10-05T12:44:08.707+0000] {manager.py:878} INFO - 
================================================================================
DAG File Processing Stats

File Path                             PID    Runtime      # DAGs    # Errors  Last Runtime    Last Run
------------------------------------  -----  ---------  --------  ----------  --------------  -------------------
/opt/airflow/dags/f1_pipeline_dag.py                           1           0  0.21s           2026-10-05T12:44:08
================================================================================
[2026-10-05T12:44:39.232+0000] {manager.py:878} INFO - 
================================================================================
DAG File Processing Stats

File Path                             PID    Runtime      # DAGs    # Errors  Last Runtime    Last Run
------------------------------------  -----  ---------  --------  ----------  --------------  -------------------
/opt/airflow/dags/f1_pipeline_dag.py                           1           0  0.21s           2026-10-05T12:44:39
================================================================================
[2026-10-05T12:45:09.787+0000] {manager.py:878} INFO - 
================================================================================
DAG File Processing Stats

File Path                             PID    Runtime      # DAGs    # Errors  Last Runtime    Last Run
------------------------------------  -----  ---------  --------  ----------  --------------  -------------------
/opt/airflow/dags/f1_pipeline_dag.py                           1           0  0.21s           2026-10-05T12:45:09
================================================================================
[2026-10-05T12:45:40.308+0000] {manager.py:878} INFO - 
================================================================================
DAG File Processing Stats

File Path                             PID    Runtime      # DAGs    # Errors  Last Runtime    Last Run
------------------------------------  -----  ---------  --------  ----------  --------------  -------------------
/opt/airflow/dags/f1_pipeline_dag.py                           1           0  0.21s           2026-10-05T12:45:40
================================================================================
[2026-10-05T12:46:10.682+0000] {manager.py:878} INFO - 
================================================================================
DAG File Processing Stats

File Path                             PID    Runtime      # DAGs    # Errors  Last Runtime    Last Run
------------------------------------  -----  ---------  --------  ----------  --------------  -------------------
/opt/airflow/dags/f1_pipeline_dag.py                           1           0  0.21s           2026-10-05T12:46:10
================================================================================
[2026-10-05T12:46:41.233+0000] {manager.py:878} INFO - 
================================================================================
DAG File Processing Stats

File Path                             PID    Runtime      # DAGs    # Errors  Last Runtime    Last Run
------------------------------------  -----  ---------  --------  ----------  --------------  -------------------
/opt/airflow/dags/f1_pipeline_dag.py                           1           0  0.21s           2026-10-05T12:46:41
================================================================================
[2026-10-05T12:47:11.806+0000] {manager.py:878} INFO - 
================================================================================
DAG File Processing Stats

File Path                             PID    Runtime      # DAGs    # Errors  Last Runtime    Last Run
------------------------------------  -----  ---------  --------  ----------  --------------  -------------------
/opt/airflow/dags/f1_pipeline_dag.py                           1           0  0.21s           2026-10-05T12:47:11
================================================================================
[2026-10-05T12:47:42.124+0000] {manager.py:878} INFO - 
================================================================================
DAG File Processing Stats

File Path                             PID    Runtime      # DAGs    # Errors  Last Runtime    Last Run
------------------------------------  -----  ---------  --------  ----------  --------------  -------------------
/opt/airflow/dags/f1_pipeline_dag.py                           1           0  0.21s           2026-10-05T12:47:42
================================================================================
[2026-10-05T12:48:06.755+0000] {manager.py:737} INFO - Searching for files in /opt/airflow/dags
[2026-10-05T12:48:06.757+0000] {manager.py:740} INFO - There are 1 files in /opt/airflow/dags
[2026-10-05T12:48:12.678+0000] {manager.py:878} INFO - 
================================================================================
DAG File Processing Stats

File Path                             PID    Runtime      # DAGs    # Errors  Last Runtime    Last Run
------------------------------------  -----  ---------  --------  ----------  --------------  -------------------
/opt/airflow/dags/f1_pipeline_dag.py                           1           0  0.21s           2026-10-05T12:48:12
================================================================================
[2026-10-05T12:48:43.218+0000] {manager.py:878} INFO - 
================================================================================
DAG File Processing Stats

File Path                             PID    Runtime      # DAGs    # Errors  Last Runtime    Last Run
------------------------------------  -----  ---------  --------  ----------  --------------  -------------------
/opt/airflow/dags/f1_pipeline_dag.py                           1           0  0.21s           2026-10-05T12:48:43
================================================================================
[2026-10-05T12:49:13.791+0000] {manager.py:878} INFO - 
================================================================================
DAG File Processing Stats

File Path                             PID    Runtime      # DAGs    # Errors  Last Runtime    Last Run
------------------------------------  -----  ---------  --------  ----------  --------------  -------------------
/opt/airflow/dags/f1_pipeline_dag.py                           1           0  0.21s           2026-10-05T12:49:13
================================================================================
[2026-10-05T12:49:44.336+0000] {manager.py:878} INFO - 
================================================================================
DAG File Processing Stats

File Path                             PID    Runtime      # DAGs    # Errors  Last Runtime    Last Run
------------------------------------  -----  ---------  --------  ----------  --------------  -------------------
/opt/airflow/dags/f1_pipeline_dag.py                           1           0  0.21s           2026-10-05T12:49:44
================================================================================
[2026-10-05T12:50:14.871+0000] {manager.py:878} INFO - 
================================================================================
DAG File Processing Stats

File Path                             PID    Runtime      # DAGs    # Errors  Last Runtime    Last Run
------------------------------------  -----  ---------  --------  ----------  --------------  -------------------
/opt/airflow/dags/f1_pipeline_dag.py                           1           0  0.21s           2026-10-05T12:50:14
================================================================================
[2026-10-05T12:50:45.415+0000] {manager.py:878} INFO - 
================================================================================
DAG File Processing Stats

File Path                             PID    Runtime      # DAGs    # Errors  Last Runtime    Last Run
------------------------------------  -----  ---------  --------  ----------  --------------  -------------------
/opt/airflow/dags/f1_pipeline_dag.py                           1           0  0.21s           2026-10-05T12:50:45
================================================================================
[2026-10-05T12:51:15.947+0000] {manager.py:878} INFO - 
================================================================================
DAG File Processing Stats

File Path                             PID    Runtime      # DAGs    # Errors  Last Runtime    Last Run
------------------------------------  -----  ---------  --------  ----------  --------------  -------------------
/opt/airflow/dags/f1_pipeline_dag.py                           1           0  0.21s           2026-10-05T12:51:15
================================================================================
[2026-10-05T12:51:46.489+0000] {manager.py:878} INFO - 
================================================================================
DAG File Processing Stats

File Path                             PID    Runtime      # DAGs    # Errors  Last Runtime    Last Run
------------------------------------  -----  ---------  --------  ----------  --------------  -------------------
/opt/airflow/dags/f1_pipeline_dag.py                           1           0  0.21s           2026-10-05T12:51:46
================================================================================
[2026-10-05T12:52:17.037+0000] {manager.py:878} INFO - 
================================================================================
DAG File Processing Stats

File Path                             PID    Runtime      # DAGs    # Errors  Last Runtime    Last Run
------------------------------------  -----  ---------  --------  ----------  --------------  -------------------
/opt/airflow/dags/f1_pipeline_dag.py                           1           0  0.21s           2026-10-05T12:52:17
================================================================================
[2026-10-05T12:52:47.580+0000] {manager.py:878} INFO - 
================================================================================
DAG File Processing Stats

File Path                             PID    Runtime      # DAGs    # Errors  Last Runtime    Last Run
------------------------------------  -----  ---------  --------  ----------  --------------  -------------------
/opt/airflow/dags/f1_pipeline_dag.py                           1           0  0.21s           2026-10-05T12:52:47
================================================================================
[2026-10-05T12:53:06.920+0000] {manager.py:737} INFO - Searching for files in /opt/airflow/dags
[2026-10-05T12:53:06.923+0000] {manager.py:740} INFO - There are 1 files in /opt/airflow/dags
[2026-10-05T12:53:18.120+0000] {manager.py:878} INFO - 
================================================================================
DAG File Processing Stats

File Path                             PID    Runtime      # DAGs    # Errors  Last Runtime    Last Run
------------------------------------  -----  ---------  --------  ----------  --------------  -------------------
/opt/airflow/dags/f1_pipeline_dag.py                           1           0  0.21s           2026-10-05T12:53:18
================================================================================
[2026-10-05T12:53:48.668+0000] {manager.py:878} INFO - 
================================================================================
DAG File Processing Stats

File Path                             PID    Runtime      # DAGs    # Errors  Last Runtime    Last Run
------------------------------------  -----  ---------  --------  ----------  --------------  -------------------
/opt/airflow/dags/f1_pipeline_dag.py                           1           0  0.21s           2026-10-05T12:53:48
================================================================================
[2026-10-05T12:54:19.232+0000] {manager.py:878} INFO - 
================================================================================
DAG File Processing Stats

File Path                             PID    Runtime      # DAGs    # Errors  Last Runtime    Last Run
------------------------------------  -----  ---------  --------  ----------  --------------  -------------------
/opt/airflow/dags/f1_pipeline_dag.py                           1           0  0.21s           2026-10-05T12:54:19
================================================================================
[2026-10-05T12:54:49.804+0000] {manager.py:878} INFO - 
================================================================================
DAG File Processing Stats

File Path                             PID    Runtime      # DAGs    # Errors  Last Runtime    Last Run
------------------------------------  -----  ---------  --------  ----------  --------------  -------------------
/opt/airflow/dags/f1_pipeline_dag.py                           1           0  0.21s           2026-10-05T12:54:49
================================================================================
[2026-10-05T12:55:20.167+0000] {manager.py:878} INFO - 
================================================================================
DAG File Processing Stats

File Path                             PID    Runtime      # DAGs    # Errors  Last Runtime    Last Run
------------------------------------  -----  ---------  --------  ----------  --------------  -------------------
/opt/airflow/dags/f1_pipeline_dag.py                           1           0  0.21s           2026-10-05T12:55:20
================================================================================
[2026-10-05T12:55:50.531+0000] {manager.py:878} INFO - 
================================================================================
DAG File Processing Stats

File Path                             PID    Runtime      # DAGs    # Errors  Last Runtime    Last Run
------------------------------------  -----  ---------  --------  ----------  --------------  -------------------
/opt/airflow/dags/f1_pipeline_dag.py                           1           0  0.21s           2026-10-05T12:55:50
================================================================================
[2026-10-05T12:56:20.891+0000] {manager.py:878} INFO - 
================================================================================
DAG File Processing Stats

File Path                             PID    Runtime      # DAGs    # Errors  Last Runtime    Last Run
------------------------------------  -----  ---------  --------  ----------  --------------  -------------------
/opt/airflow/dags/f1_pipeline_dag.py                           1           0  0.21s           2026-10-05T12:56:20
================================================================================
[2026-10-05T12:56:51.246+0000] {manager.py:878} INFO - 
================================================================================
DAG File Processing Stats

File Path                             PID    Runtime      # DAGs    # Errors  Last Runtime    Last Run
------------------------------------  -----  ---------  --------  ----------  --------------  -------------------
/opt/airflow/dags/f1_pipeline_dag.py                           1           0  0.21s           2026-10-05T12:56:51
================================================================================
[2026-10-05T12:57:21.601+0000] {manager.py:878} INFO - 
================================================================================
DAG File Processing Stats

File Path                             PID    Runtime      # DAGs    # Errors  Last Runtime    Last Run
------------------------------------  -----  ---------  --------  ----------  --------------  -------------------
/opt/airflow/dags/f1_pipeline_dag.py                           1           0  0.21s           2026-10-05T12:57:21
================================================================================
[2026-10-05T12:57:51.962+0000] {manager.py:878} INFO - 
================================================================================
DAG File Processing Stats

File Path                             PID    Runtime      # DAGs    # Errors  Last Runtime    Last Run
------------------------------------  -----  ---------  --------  ----------  --------------  -------------------
/opt/airflow/dags/f1_pipeline_dag.py                           1           0  0.21s           2026-10-05T12:57:51
================================================================================
[2026-10-05T12:58:07.133+0000] {manager.py:737} INFO - Searching for files in /opt/airflow/dags
[2026-10-05T12:58:07.135+0000] {manager.py:740} INFO - There are 1 files in /opt/airflow/dags
[2026-10-05T12:58:22.319+0000] {manager.py:878} INFO - 
================================================================================
DAG File Processing Stats

File Path                             PID    Runtime      # DAGs    # Errors  Last Runtime    Last Run
------------------------------------  -----  ---------  --------  ----------  --------------  -------------------
/opt/airflow/dags/f1_pipeline_dag.py                           1           0  0.21s           2026-10-05T12:58:22
================================================================================
[2026-10-05T12:58:52.681+0000] {manager.py:878} INFO - 
================================================================================
DAG File Processing Stats

File Path                             PID    Runtime      # DAGs    # Errors  Last Runtime    Last Run
------------------------------------  -----  ---------  --------  ----------  --------------  -------------------
/opt/airflow/dags/f1_pipeline_dag.py                           1           0  0.21s           2026-10-05T12:58:52
================================================================================
[2026-10-05T16:41:42.264+0000] {manager.py:737} INFO - Searching for files in /opt/airflow/dags
[2026-10-05T16:41:42.295+0000] {manager.py:740} INFO - There are 1 files in /opt/airflow/dags
[2026-10-05T16:41:42.662+0000] {manager.py:878} INFO - 
================================================================================
DAG File Processing Stats

File Path                             PID    Runtime      # DAGs    # Errors  Last Runtime    Last Run
------------------------------------  -----  ---------  --------  ----------  --------------  -------------------
/opt/airflow/dags/f1_pipeline_dag.py                           1           0  0.31s           2026-10-05T16:41:42
================================================================================
[2026-10-05T16:42:12.965+0000] {manager.py:878} INFO - 
================================================================================
DAG File Processing Stats

File Path                             PID    Runtime      # DAGs    # Errors  Last Runtime    Last Run
------------------------------------  -----  ---------  --------  ----------  --------------  -------------------
/opt/airflow/dags/f1_pipeline_dag.py                           1           0  0.21s           2026-10-05T16:42:12
================================================================================
[2026-10-05T16:42:43.277+0000] {manager.py:878} INFO - 
================================================================================
DAG File Processing Stats

File Path                             PID    Runtime      # DAGs    # Errors  Last Runtime    Last Run
------------------------------------  -----  ---------  --------  ----------  --------------  -------------------
/opt/airflow/dags/f1_pipeline_dag.py                           1           0  0.21s           2026-10-05T16:42:43
================================================================================
[2026-10-05T16:43:13.590+0000] {manager.py:878} INFO - 
================================================================================
DAG File Processing Stats

File Path                             PID    Runtime      # DAGs    # Errors  Last Runtime    Last Run
------------------------------------  -----  ---------  --------  ----------  --------------  -------------------
/opt/airflow/dags/f1_pipeline_dag.py                           1           0  0.21s           2026-10-05T16:43:13
================================================================================
[2026-10-05T16:43:43.884+0000] {manager.py:878} INFO - 
================================================================================
DAG File Processing Stats

File Path                             PID    Runtime      # DAGs    # Errors  Last Runtime    Last Run
------------------------------------  -----  ---------  --------  ----------  --------------  -------------------
/opt/airflow/dags/f1_pipeline_dag.py                           1           0  0.21s           2026-10-05T16:43:43
================================================================================
[2026-10-05T16:44:14.193+0000] {manager.py:878} INFO - 
================================================================================
DAG File Processing Stats

File Path                             PID    Runtime      # DAGs    # Errors  Last Runtime    Last Run
------------------------------------  -----  ---------  --------  ----------  --------------  -------------------
/opt/airflow/dags/f1_pipeline_dag.py                           1           0  0.21s           2026-10-05T16:44:14
================================================================================
[2026-10-05T16:44:44.489+0000] {manager.py:878} INFO - 
================================================================================
DAG File Processing Stats

File Path                             PID    Runtime      # DAGs    # Errors  Last Runtime    Last Run
------------------------------------  -----  ---------  --------  ----------  --------------  -------------------
/opt/airflow/dags/f1_pipeline_dag.py                           1           0  0.21s           2026-10-05T16:44:44
================================================================================
[2026-10-05T16:45:14.800+0000] {manager.py:878} INFO - 
================================================================================
DAG File Processing Stats

File Path                             PID    Runtime      # DAGs    # Errors  Last Runtime    Last Run
------------------------------------  -----  ---------  --------  ----------  --------------  -------------------
/opt/airflow/dags/f1_pipeline_dag.py                           1           0  0.21s           2026-10-05T16:45:14
================================================================================
[2026-10-05T16:45:45.117+0000] {manager.py:878} INFO - 
================================================================================
DAG File Processing Stats

File Path                             PID    Runtime      # DAGs    # Errors  Last Runtime    Last Run
------------------------------------  -----  ---------  --------  ----------  --------------  -------------------
/opt/airflow/dags/f1_pipeline_dag.py                           1           0  0.21s           2026-10-05T16:45:45
================================================================================
[2026-10-05T16:46:15.432+0000] {manager.py:878} INFO - 
================================================================================
DAG File Processing Stats

File Path                             PID    Runtime      # DAGs    # Errors  Last Runtime    Last Run
------------------------------------  -----  ---------  --------  ----------  --------------  -------------------
/opt/airflow/dags/f1_pipeline_dag.py                           1           0  0.21s           2026-10-05T16:46:15
================================================================================
[2026-10-05T16:46:42.799+0000] {manager.py:737} INFO - Searching for files in /opt/airflow/dags
[2026-10-05T16:46:42.801+0000] {manager.py:740} INFO - There are 1 files in /opt/airflow/dags
[2026-10-05T16:46:45.748+0000] {manager.py:878} INFO - 
================================================================================
DAG File Processing Stats

File Path                             PID    Runtime      # DAGs    # Errors  Last Runtime    Last Run
------------------------------------  -----  ---------  --------  ----------  --------------  -------------------
/opt/airflow/dags/f1_pipeline_dag.py                           1           0  0.21s           2026-10-05T16:46:45
================================================================================
[2026-10-05T16:47:16.061+0000] {manager.py:878} INFO - 
================================================================================
DAG File Processing Stats

File Path                             PID    Runtime      # DAGs    # Errors  Last Runtime    Last Run
------------------------------------  -----  ---------  --------  ----------  --------------  -------------------
/opt/airflow/dags/f1_pipeline_dag.py                           1           0  0.21s           2026-10-05T16:47:16
================================================================================
[2026-10-05T16:47:46.373+0000] {manager.py:878} INFO - 
================================================================================
DAG File Processing Stats

File Path                             PID    Runtime      # DAGs    # Errors  Last Runtime    Last Run
------------------------------------  -----  ---------  --------  ----------  --------------  -------------------
/opt/airflow/dags/f1_pipeline_dag.py                           1           0  0.21s           2026-10-05T16:47:46
================================================================================
[2026-10-05T16:48:16.683+0000] {manager.py:878} INFO - 
================================================================================
DAG File Processing Stats

File Path                             PID    Runtime      # DAGs    # Errors  Last Runtime    Last Run
------------------------------------  -----  ---------  --------  ----------  --------------  -------------------
/opt/airflow/dags/f1_pipeline_dag.py                           1           0  0.21s           2026-10-05T16:48:16
================================================================================
[2026-10-05T16:48:46.996+0000] {manager.py:878} INFO - 
================================================================================
DAG File Processing Stats

File Path                             PID    Runtime      # DAGs    # Errors  Last Runtime    Last Run
------------------------------------  -----  ---------  --------  ----------  --------------  -------------------
/opt/airflow/dags/f1_pipeline_dag.py                           1           0  0.21s           2026-10-05T16:48:46
================================================================================
[2026-10-05T16:49:17.314+0000] {manager.py:878} INFO - 
================================================================================
DAG File Processing Stats

File Path                             PID    Runtime      # DAGs    # Errors  Last Runtime    Last Run
------------------------------------  -----  ---------  --------  ----------  --------------  -------------------
/opt/airflow/dags/f1_pipeline_dag.py                           1           0  0.21s           2026-10-05T16:49:17
================================================================================
[2026-10-05T16:49:47.629+0000] {manager.py:878} INFO - 
================================================================================
DAG File Processing Stats

File Path                             PID    Runtime      # DAGs    # Errors  Last Runtime    Last Run
------------------------------------  -----  ---------  --------  ----------  --------------  -------------------
/opt/airflow/dags/f1_pipeline_dag.py                           1           0  0.21s           2026-10-05T16:49:47
================================================================================
[2026-10-05T16:50:17.939+0000] {manager.py:878} INFO - 
================================================================================
DAG File Processing Stats

File Path                             PID    Runtime      # DAGs    # Errors  Last Runtime    Last Run
------------------------------------  -----  ---------  --------  ----------  --------------  -------------------
/opt/airflow/dags/f1_pipeline_dag.py                           1           0  0.21s           2026-10-05T16:50:17
================================================================================
[2026-10-05T16:50:48.156+0000] {manager.py:878} INFO - 
================================================================================
DAG File Processing Stats

File Path                             PID    Runtime      # DAGs    # Errors  Last Runtime    Last Run
------------------------------------  -----  ---------  --------  ----------  --------------  -------------------
/opt/airflow/dags/f1_pipeline_dag.py                           1           0  0.11s           2026-10-05T16:50:48
================================================================================
[2026-10-05T16:51:18.453+0000] {manager.py:878} INFO - 
================================================================================
DAG File Processing Stats

File Path                             PID    Runtime      # DAGs    # Errors  Last Runtime    Last Run
------------------------------------  -----  ---------  --------  ----------  --------------  -------------------
/opt/airflow/dags/f1_pipeline_dag.py                           1           0  0.21s           2026-10-05T16:51:18
================================================================================
[2026-10-05T16:51:43.040+0000] {manager.py:737} INFO - Searching for files in /opt/airflow/dags
[2026-10-05T16:51:43.042+0000] {manager.py:740} INFO - There are 1 files in /opt/airflow/dags
[2026-10-05T16:51:48.753+0000] {manager.py:878} INFO - 
================================================================================
DAG File Processing Stats

File Path                             PID    Runtime      # DAGs    # Errors  Last Runtime    Last Run
------------------------------------  -----  ---------  --------  ----------  --------------  -------------------
/opt/airflow/dags/f1_pipeline_dag.py                           1           0  0.21s           2026-10-05T16:51:48
================================================================================
[2026-10-05T16:52:19.052+0000] {manager.py:878} INFO - 
================================================================================
DAG File Processing Stats

File Path                             PID    Runtime      # DAGs    # Errors  Last Runtime    Last Run
------------------------------------  -----  ---------  --------  ----------  --------------  -------------------
/opt/airflow/dags/f1_pipeline_dag.py                           1           0  0.21s           2026-10-05T16:52:19
================================================================================
[2026-10-05T16:52:49.356+0000] {manager.py:878} INFO - 
================================================================================
DAG File Processing Stats

File Path                             PID    Runtime      # DAGs    # Errors  Last Runtime    Last Run
------------------------------------  -----  ---------  --------  ----------  --------------  -------------------
/opt/airflow/dags/f1_pipeline_dag.py                           1           0  0.21s           2026-10-05T16:52:49
================================================================================
[2026-10-05T16:53:19.658+0000] {manager.py:878} INFO - 
================================================================================
DAG File Processing Stats

File Path                             PID    Runtime      # DAGs    # Errors  Last Runtime    Last Run
------------------------------------  -----  ---------  --------  ----------  --------------  -------------------
/opt/airflow/dags/f1_pipeline_dag.py                           1           0  0.21s           2026-10-05T16:53:19
================================================================================
[2026-10-05T16:53:49.961+0000] {manager.py:878} INFO - 
================================================================================
DAG File Processing Stats

File Path                             PID    Runtime      # DAGs    # Errors  Last Runtime    Last Run
------------------------------------  -----  ---------  --------  ----------  --------------  -------------------
/opt/airflow/dags/f1_pipeline_dag.py                           1           0  0.21s           2026-10-05T16:53:49
================================================================================
[2026-10-05T16:54:20.261+0000] {manager.py:878} INFO - 
================================================================================
DAG File Processing Stats

File Path                             PID    Runtime      # DAGs    # Errors  Last Runtime    Last Run
------------------------------------  -----  ---------  --------  ----------  --------------  -------------------
/opt/airflow/dags/f1_pipeline_dag.py                           1           0  0.21s           2026-10-05T16:54:20
================================================================================
[2026-10-05T16:54:50.564+0000] {manager.py:878} INFO - 
================================================================================
DAG File Processing Stats

File Path                             PID    Runtime      # DAGs    # Errors  Last Runtime    Last Run
------------------------------------  -----  ---------  --------  ----------  --------------  -------------------
/opt/airflow/dags/f1_pipeline_dag.py                           1           0  0.21s           2026-10-05T16:54:50
================================================================================
[2026-10-05T16:55:20.796+0000] {manager.py:878} INFO - 
================================================================================
DAG File Processing Stats

File Path                             PID    Runtime      # DAGs    # Errors  Last Runtime    Last Run
------------------------------------  -----  ---------  --------  ----------  --------------  -------------------
/opt/airflow/dags/f1_pipeline_dag.py                           1           0  0.21s           2026-10-05T16:55:20
================================================================================
[2026-10-05T16:55:51.102+0000] {manager.py:878} INFO - 
================================================================================
DAG File Processing Stats

File Path                             PID    Runtime      # DAGs    # Errors  Last Runtime    Last Run
------------------------------------  -----  ---------  --------  ----------  --------------  -------------------
/opt/airflow/dags/f1_pipeline_dag.py                           1           0  0.21s           2026-10-05T16:55:51
================================================================================
[2026-10-05T16:56:21.402+0000] {manager.py:878} INFO - 
================================================================================
DAG File Processing Stats

File Path                             PID    Runtime      # DAGs    # Errors  Last Runtime    Last Run
------------------------------------  -----  ---------  --------  ----------  --------------  -------------------
/opt/airflow/dags/f1_pipeline_dag.py                           1           0  0.21s           2026-10-05T16:56:21
================================================================================
[2026-10-05T16:56:43.445+0000] {manager.py:737} INFO - Searching for files in /opt/airflow/dags
[2026-10-05T16:56:43.447+0000] {manager.py:740} INFO - There are 1 files in /opt/airflow/dags
[2026-10-05T16:56:51.713+0000] {manager.py:878} INFO - 
================================================================================
DAG File Processing Stats

File Path                             PID    Runtime      # DAGs    # Errors  Last Runtime    Last Run
------------------------------------  -----  ---------  --------  ----------  --------------  -------------------
/opt/airflow/dags/f1_pipeline_dag.py                           1           0  0.21s           2026-10-05T16:56:51
================================================================================
[2026-10-05T16:57:22.016+0000] {manager.py:878} INFO - 
================================================================================
DAG File Processing Stats

File Path                             PID    Runtime      # DAGs    # Errors  Last Runtime    Last Run
------------------------------------  -----  ---------  --------  ----------  --------------  -------------------
/opt/airflow/dags/f1_pipeline_dag.py                           1           0  0.21s           2026-10-05T16:57:22
================================================================================
[2026-10-05T16:57:52.327+0000] {manager.py:878} INFO - 
================================================================================
DAG File Processing Stats

File Path                             PID    Runtime      # DAGs    # Errors  Last Runtime    Last Run
------------------------------------  -----  ---------  --------  ----------  --------------  -------------------
/opt/airflow/dags/f1_pipeline_dag.py                           1           0  0.21s           2026-10-05T16:57:52
================================================================================
[2026-10-05T16:58:22.639+0000] {manager.py:878} INFO - 
================================================================================
DAG File Processing Stats

File Path                             PID    Runtime      # DAGs    # Errors  Last Runtime    Last Run
------------------------------------  -----  ---------  --------  ----------  --------------  -------------------
/opt/airflow/dags/f1_pipeline_dag.py                           1           0  0.21s           2026-10-05T16:58:22
================================================================================
[2026-10-05T16:58:52.847+0000] {manager.py:878} INFO - 
================================================================================
DAG File Processing Stats

File Path                             PID    Runtime      # DAGs    # Errors  Last Runtime    Last Run
------------------------------------  -----  ---------  --------  ----------  --------------  -------------------
/opt/airflow/dags/f1_pipeline_dag.py                           1           0  0.11s           2026-10-05T16:58:52
================================================================================
[2026-10-05T16:59:23.129+0000] {manager.py:878} INFO - 
================================================================================
DAG File Processing Stats

File Path                             PID    Runtime      # DAGs    # Errors  Last Runtime    Last Run
------------------------------------  -----  ---------  --------  ----------  --------------  -------------------
/opt/airflow/dags/f1_pipeline_dag.py                           1           0  0.21s           2026-10-05T16:59:23
================================================================================
[2026-10-05T16:59:53.434+0000] {manager.py:878} INFO - 
================================================================================
DAG File Processing Stats

File Path                             PID    Runtime      # DAGs    # Errors  Last Runtime    Last Run
------------------------------------  -----  ---------  --------  ----------  --------------  -------------------
/opt/airflow/dags/f1_pipeline_dag.py                           1           0  0.21s           2026-10-05T16:59:53
================================================================================
[2026-10-05T17:00:23.650+0000] {manager.py:878} INFO - 
================================================================================
DAG File Processing Stats

File Path                             PID    Runtime      # DAGs    # Errors  Last Runtime    Last Run
------------------------------------  -----  ---------  --------  ----------  --------------  -------------------
/opt/airflow/dags/f1_pipeline_dag.py                           1           0  0.11s           2026-10-05T17:00:23
================================================================================
[2026-10-05T17:00:53.945+0000] {manager.py:878} INFO - 
================================================================================
DAG File Processing Stats

File Path                             PID    Runtime      # DAGs    # Errors  Last Runtime    Last Run
------------------------------------  -----  ---------  --------  ----------  --------------  -------------------
/opt/airflow/dags/f1_pipeline_dag.py                           1           0  0.21s           2026-10-05T17:00:53
================================================================================
[2026-10-05T17:01:24.247+0000] {manager.py:878} INFO - 
================================================================================
DAG File Processing Stats

File Path                             PID    Runtime      # DAGs    # Errors  Last Runtime    Last Run
------------------------------------  -----  ---------  --------  ----------  --------------  -------------------
/opt/airflow/dags/f1_pipeline_dag.py                           1           0  0.21s           2026-10-05T17:01:24
================================================================================
[2026-10-05T17:01:43.681+0000] {manager.py:737} INFO - Searching for files in /opt/airflow/dags
[2026-10-05T17:01:43.683+0000] {manager.py:740} INFO - There are 1 files in /opt/airflow/dags
[2026-10-05T17:01:54.544+0000] {manager.py:878} INFO - 
================================================================================
DAG File Processing Stats

File Path                             PID    Runtime      # DAGs    # Errors  Last Runtime    Last Run
------------------------------------  -----  ---------  --------  ----------  --------------  -------------------
/opt/airflow/dags/f1_pipeline_dag.py                           1           0  0.21s           2026-10-05T17:01:54
================================================================================
[2026-10-05T17:02:24.853+0000] {manager.py:878} INFO - 
================================================================================
DAG File Processing Stats

File Path                             PID    Runtime      # DAGs    # Errors  Last Runtime    Last Run
------------------------------------  -----  ---------  --------  ----------  --------------  -------------------
/opt/airflow/dags/f1_pipeline_dag.py                           1           0  0.21s           2026-10-05T17:02:24
================================================================================
[2026-10-05T17:02:55.060+0000] {manager.py:878} INFO - 
================================================================================
DAG File Processing Stats

File Path                             PID    Runtime      # DAGs    # Errors  Last Runtime    Last Run
------------------------------------  -----  ---------  --------  ----------  --------------  -------------------
/opt/airflow/dags/f1_pipeline_dag.py                           1           0  0.11s           2026-10-05T17:02:55
================================================================================
[2026-10-05T17:03:25.350+0000] {manager.py:878} INFO - 
================================================================================
DAG File Processing Stats

File Path                             PID    Runtime      # DAGs    # Errors  Last Runtime    Last Run
------------------------------------  -----  ---------  --------  ----------  --------------  -------------------
/opt/airflow/dags/f1_pipeline_dag.py                           1           0  0.21s           2026-10-05T17:03:25
================================================================================
[2026-10-05T17:03:55.655+0000] {manager.py:878} INFO - 
================================================================================
DAG File Processing Stats

File Path                             PID    Runtime      # DAGs    # Errors  Last Runtime    Last Run
------------------------------------  -----  ---------  --------  ----------  --------------  -------------------
/opt/airflow/dags/f1_pipeline_dag.py                           1           0  0.21s           2026-10-05T17:03:55
================================================================================
[2026-10-05T17:04:25.958+0000] {manager.py:878} INFO - 
================================================================================
DAG File Processing Stats

File Path                             PID    Runtime      # DAGs    # Errors  Last Runtime    Last Run
------------------------------------  -----  ---------  --------  ----------  --------------  -------------------
/opt/airflow/dags/f1_pipeline_dag.py                           1           0  0.21s           2026-10-05T17:04:25
================================================================================
[2026-10-05T17:04:56.261+0000] {manager.py:878} INFO - 
================================================================================
DAG File Processing Stats

File Path                             PID    Runtime      # DAGs    # Errors  Last Runtime    Last Run
------------------------------------  -----  ---------  --------  ----------  --------------  -------------------
/opt/airflow/dags/f1_pipeline_dag.py                           1           0  0.21s           2026-10-05T17:04:56
================================================================================
[2026-10-05T17:05:26.562+0000] {manager.py:878} INFO - 
================================================================================
DAG File Processing Stats

File Path                             PID    Runtime      # DAGs    # Errors  Last Runtime    Last Run
------------------------------------  -----  ---------  --------  ----------  --------------  -------------------
/opt/airflow/dags/f1_pipeline_dag.py                           1           0  0.21s           2026-10-05T17:05:26
================================================================================
[2026-10-05T17:05:56.866+0000] {manager.py:878} INFO - 
================================================================================
DAG File Processing Stats

File Path                             PID    Runtime      # DAGs    # Errors  Last Runtime    Last Run
------------------------------------  -----  ---------  --------  ----------  --------------  -------------------
/opt/airflow/dags/f1_pipeline_dag.py                           1           0  0.21s           2026-10-05T17:05:56
================================================================================
[2026-10-05T17:06:27.172+0000] {manager.py:878} INFO - 
================================================================================
DAG File Processing Stats

File Path                             PID    Runtime      # DAGs    # Errors  Last Runtime    Last Run
------------------------------------  -----  ---------  --------  ----------  --------------  -------------------
/opt/airflow/dags/f1_pipeline_dag.py                           1           0  0.21s           2026-10-05T17:06:27
================================================================================
[2026-10-05T17:06:43.844+0000] {manager.py:737} INFO - Searching for files in /opt/airflow/dags
[2026-10-05T17:06:43.846+0000] {manager.py:740} INFO - There are 1 files in /opt/airflow/dags
[2026-10-05T17:06:57.476+0000] {manager.py:878} INFO - 
================================================================================
DAG File Processing Stats

File Path                             PID    Runtime      # DAGs    # Errors  Last Runtime    Last Run
------------------------------------  -----  ---------  --------  ----------  --------------  -------------------
/opt/airflow/dags/f1_pipeline_dag.py                           1           0  0.21s           2026-10-05T17:06:57
================================================================================
[2026-10-05T17:07:27.782+0000] {manager.py:878} INFO - 
================================================================================
DAG File Processing Stats

File Path                             PID    Runtime      # DAGs    # Errors  Last Runtime    Last Run
------------------------------------  -----  ---------  --------  ----------  --------------  -------------------
/opt/airflow/dags/f1_pipeline_dag.py                           1           0  0.21s           2026-10-05T17:07:27
================================================================================
[2026-10-05T17:07:58.022+0000] {manager.py:878} INFO - 
================================================================================
DAG File Processing Stats

File Path                             PID    Runtime      # DAGs    # Errors  Last Runtime    Last Run
------------------------------------  -----  ---------  --------  ----------  --------------  -------------------
/opt/airflow/dags/f1_pipeline_dag.py                           1           0  0.21s           2026-10-05T17:07:58
================================================================================
[2026-10-05T17:08:28.325+0000] {manager.py:878} INFO - 
================================================================================
DAG File Processing Stats

File Path                             PID    Runtime      # DAGs    # Errors  Last Runtime    Last Run
------------------------------------  -----  ---------  --------  ----------  --------------  -------------------
/opt/airflow/dags/f1_pipeline_dag.py                           1           0  0.21s           2026-10-05T17:08:28
================================================================================
[2026-10-05T17:08:58.636+0000] {manager.py:878} INFO - 
================================================================================
DAG File Processing Stats

File Path                             PID    Runtime      # DAGs    # Errors  Last Runtime    Last Run
------------------------------------  -----  ---------  --------  ----------  --------------  -------------------
/opt/airflow/dags/f1_pipeline_dag.py                           1           0  0.21s           2026-10-05T17:08:58
================================================================================
[2026-10-05T17:09:28.945+0000] {manager.py:878} INFO - 
================================================================================
DAG File Processing Stats

File Path                             PID    Runtime      # DAGs    # Errors  Last Runtime    Last Run
------------------------------------  -----  ---------  --------  ----------  --------------  -------------------
/opt/airflow/dags/f1_pipeline_dag.py                           1           0  0.21s           2026-10-05T17:09:28
================================================================================
[2026-10-05T17:09:59.214+0000] {manager.py:878} INFO - 
================================================================================
DAG File Processing Stats

File Path                             PID    Runtime      # DAGs    # Errors  Last Runtime    Last Run
------------------------------------  -----  ---------  --------  ----------  --------------  -------------------
/opt/airflow/dags/f1_pipeline_dag.py                           1           0  0.21s           2026-10-05T17:09:59
================================================================================
[2026-10-05T17:10:29.518+0000] {manager.py:878} INFO - 
================================================================================
DAG File Processing Stats

File Path                             PID    Runtime      # DAGs    # Errors  Last Runtime    Last Run
------------------------------------  -----  ---------  --------  ----------  --------------  -------------------
/opt/airflow/dags/f1_pipeline_dag.py                           1           0  0.21s           2026-10-05T17:10:29
================================================================================
[2026-10-05T17:10:59.821+0000] {manager.py:878} INFO - 
================================================================================
DAG File Processing Stats

File Path                             PID    Runtime      # DAGs    # Errors  Last Runtime    Last Run
------------------------------------  -----  ---------  --------  ----------  --------------  -------------------
/opt/airflow/dags/f1_pipeline_dag.py                           1           0  0.21s           2026-10-05T17:10:59
================================================================================
[2026-10-05T17:11:30.125+0000] {manager.py:878} INFO - 
================================================================================
DAG File Processing Stats

File Path                             PID    Runtime      # DAGs    # Errors  Last Runtime    Last Run
------------------------------------  -----  ---------  --------  ----------  --------------  -------------------
/opt/airflow/dags/f1_pipeline_dag.py                           1           0  0.21s           2026-10-05T17:11:30
================================================================================
[2026-10-05T17:11:44.215+0000] {manager.py:737} INFO - Searching for files in /opt/airflow/dags
[2026-10-05T17:11:44.217+0000] {manager.py:740} INFO - There are 1 files in /opt/airflow/dags
[2026-10-05T17:12:00.430+0000] {manager.py:878} INFO - 
================================================================================
DAG File Processing Stats

File Path                             PID    Runtime      # DAGs    # Errors  Last Runtime    Last Run
------------------------------------  -----  ---------  --------  ----------  --------------  -------------------
/opt/airflow/dags/f1_pipeline_dag.py                           1           0  0.21s           2026-10-05T17:12:00
================================================================================
[2026-10-05T17:12:30.739+0000] {manager.py:878} INFO - 
================================================================================
DAG File Processing Stats

File Path                             PID    Runtime      # DAGs    # Errors  Last Runtime    Last Run
------------------------------------  -----  ---------  --------  ----------  --------------  -------------------
/opt/airflow/dags/f1_pipeline_dag.py                           1           0  0.21s           2026-10-05T17:12:30
================================================================================
[2026-10-05T17:13:00.930+0000] {manager.py:878} INFO - 
================================================================================
DAG File Processing Stats

File Path                             PID    Runtime      # DAGs    # Errors  Last Runtime    Last Run
------------------------------------  -----  ---------  --------  ----------  --------------  -------------------
/opt/airflow/dags/f1_pipeline_dag.py                           1           0  0.11s           2026-10-05T17:13:00
================================================================================
[2026-10-05T17:13:31.219+0000] {manager.py:878} INFO - 
================================================================================
DAG File Processing Stats

File Path                             PID    Runtime      # DAGs    # Errors  Last Runtime    Last Run
------------------------------------  -----  ---------  --------  ----------  --------------  -------------------
/opt/airflow/dags/f1_pipeline_dag.py                           1           0  0.21s           2026-10-05T17:13:31
================================================================================
[2026-10-05T17:14:01.516+0000] {manager.py:878} INFO - 
================================================================================
DAG File Processing Stats

File Path                             PID    Runtime      # DAGs    # Errors  Last Runtime    Last Run
------------------------------------  -----  ---------  --------  ----------  --------------  -------------------
/opt/airflow/dags/f1_pipeline_dag.py                           1           0  0.21s           2026-10-05T17:14:01
================================================================================
[2026-10-05T17:14:31.834+0000] {manager.py:878} INFO - 
================================================================================
DAG File Processing Stats

File Path                             PID    Runtime      # DAGs    # Errors  Last Runtime    Last Run
------------------------------------  -----  ---------  --------  ----------  --------------  -------------------
/opt/airflow/dags/f1_pipeline_dag.py                           1           0  0.21s           2026-10-05T17:14:31
================================================================================
[2026-10-05T17:15:02.128+0000] {manager.py:878} INFO - 
================================================================================
DAG File Processing Stats

File Path                             PID    Runtime      # DAGs    # Errors  Last Runtime    Last Run
------------------------------------  -----  ---------  --------  ----------  --------------  -------------------
/opt/airflow/dags/f1_pipeline_dag.py                           1           0  0.21s           2026-10-05T17:15:02
================================================================================
[2026-10-05T17:15:32.430+0000] {manager.py:878} INFO - 
================================================================================
DAG File Processing Stats

File Path                             PID    Runtime      # DAGs    # Errors  Last Runtime    Last Run
------------------------------------  -----  ---------  --------  ----------  --------------  -------------------
/opt/airflow/dags/f1_pipeline_dag.py                           1           0  0.21s           2026-10-05T17:15:32
================================================================================
[2026-10-05T17:16:02.632+0000] {manager.py:878} INFO - 
================================================================================
DAG File Processing Stats

File Path                             PID    Runtime      # DAGs    # Errors  Last Runtime    Last Run
------------------------------------  -----  ---------  --------  ----------  --------------  -------------------
/opt/airflow/dags/f1_pipeline_dag.py                           1           0  0.11s           2026-10-05T17:16:02
================================================================================
[2026-10-05T17:16:32.934+0000] {manager.py:878} INFO - 
================================================================================
DAG File Processing Stats

File Path                             PID    Runtime      # DAGs    # Errors  Last Runtime    Last Run
------------------------------------  -----  ---------  --------  ----------  --------------  -------------------
/opt/airflow/dags/f1_pipeline_dag.py                           1           0  0.21s           2026-10-05T17:16:32
================================================================================
[2026-10-05T17:16:45.069+0000] {manager.py:737} INFO - Searching for files in /opt/airflow/dags
[2026-10-05T17:16:45.071+0000] {manager.py:740} INFO - There are 1 files in /opt/airflow/dags
[2026-10-05T17:17:03.244+0000] {manager.py:878} INFO - 
================================================================================
DAG File Processing Stats

File Path                             PID    Runtime      # DAGs    # Errors  Last Runtime    Last Run
------------------------------------  -----  ---------  --------  ----------  --------------  -------------------
/opt/airflow/dags/f1_pipeline_dag.py                           1           0  0.21s           2026-10-05T17:17:03
================================================================================
[2026-10-05T17:17:33.549+0000] {manager.py:878} INFO - 
================================================================================
DAG File Processing Stats

File Path                             PID    Runtime      # DAGs    # Errors  Last Runtime    Last Run
------------------------------------  -----  ---------  --------  ----------  --------------  -------------------
/opt/airflow/dags/f1_pipeline_dag.py                           1           0  0.21s           2026-10-05T17:17:33
================================================================================
[2026-10-05T17:18:03.759+0000] {manager.py:878} INFO - 
================================================================================
DAG File Processing Stats

File Path                             PID    Runtime      # DAGs    # Errors  Last Runtime    Last Run
------------------------------------  -----  ---------  --------  ----------  --------------  -------------------
/opt/airflow/dags/f1_pipeline_dag.py                           1           0  0.11s           2026-10-05T17:18:03
================================================================================
[2026-10-05T17:18:34.050+0000] {manager.py:878} INFO - 
================================================================================
DAG File Processing Stats

File Path                             PID    Runtime      # DAGs    # Errors  Last Runtime    Last Run
------------------------------------  -----  ---------  --------  ----------  --------------  -------------------
/opt/airflow/dags/f1_pipeline_dag.py                           1           0  0.21s           2026-10-05T17:18:34
================================================================================
[2026-10-05T17:19:04.361+0000] {manager.py:878} INFO - 
================================================================================
DAG File Processing Stats

File Path                             PID    Runtime      # DAGs    # Errors  Last Runtime    Last Run
------------------------------------  -----  ---------  --------  ----------  --------------  -------------------
/opt/airflow/dags/f1_pipeline_dag.py                           1           0  0.21s           2026-10-05T17:19:04
================================================================================
[2026-10-05T17:19:34.662+0000] {manager.py:878} INFO - 
================================================================================
DAG File Processing Stats

File Path                             PID    Runtime      # DAGs    # Errors  Last Runtime    Last Run
------------------------------------  -----  ---------  --------  ----------  --------------  -------------------
/opt/airflow/dags/f1_pipeline_dag.py                           1           0  0.21s           2026-10-05T17:19:34
================================================================================
[2026-10-05T17:20:04.861+0000] {manager.py:878} INFO - 
================================================================================
DAG File Processing Stats

File Path                             PID    Runtime      # DAGs    # Errors  Last Runtime    Last Run
------------------------------------  -----  ---------  --------  ----------  --------------  -------------------
/opt/airflow/dags/f1_pipeline_dag.py                           1           0  0.11s           2026-10-05T17:20:04
================================================================================
[2026-10-05T17:20:35.138+0000] {manager.py:878} INFO - 
================================================================================
DAG File Processing Stats

File Path                             PID    Runtime      # DAGs    # Errors  Last Runtime    Last Run
------------------------------------  -----  ---------  --------  ----------  --------------  -------------------
/opt/airflow/dags/f1_pipeline_dag.py                           1           0  0.21s           2026-10-05T17:20:35
================================================================================
[2026-10-05T17:21:05.440+0000] {manager.py:878} INFO - 
================================================================================
DAG File Processing Stats

File Path                             PID    Runtime      # DAGs    # Errors  Last Runtime    Last Run
------------------------------------  -----  ---------  --------  ----------  --------------  -------------------
/opt/airflow/dags/f1_pipeline_dag.py                           1           0  0.21s           2026-10-05T17:21:05
================================================================================
[2026-10-05T17:21:53.126+0000] {manager.py:737} INFO - Searching for files in /opt/airflow/dags
[2026-10-05T17:21:53.128+0000] {manager.py:740} INFO - There are 1 files in /opt/airflow/dags
[2026-10-05T17:21:53.253+0000] {manager.py:878} INFO - 
================================================================================
DAG File Processing Stats

File Path                             PID    Runtime      # DAGs    # Errors  Last Runtime    Last Run
------------------------------------  -----  ---------  --------  ----------  --------------  -------------------
/opt/airflow/dags/f1_pipeline_dag.py                           1           0  0.11s           2026-10-05T17:21:53
================================================================================
[2026-10-05T17:22:23.499+0000] {manager.py:878} INFO - 
================================================================================
DAG File Processing Stats

File Path                             PID    Runtime      # DAGs    # Errors  Last Runtime    Last Run
------------------------------------  -----  ---------  --------  ----------  --------------  -------------------
/opt/airflow/dags/f1_pipeline_dag.py                           1           0  0.11s           2026-10-05T17:22:23
================================================================================
[2026-10-05T17:22:53.804+0000] {manager.py:878} INFO - 
================================================================================
DAG File Processing Stats

File Path                             PID    Runtime      # DAGs    # Errors  Last Runtime    Last Run
------------------------------------  -----  ---------  --------  ----------  --------------  -------------------
/opt/airflow/dags/f1_pipeline_dag.py                           0           1  0.11s           2026-10-05T17:22:40
================================================================================
[2026-10-05T17:23:24.851+0000] {manager.py:878} INFO - 
================================================================================
DAG File Processing Stats

File Path                             PID    Runtime      # DAGs    # Errors  Last Runtime    Last Run
------------------------------------  -----  ---------  --------  ----------  --------------  -------------------
/opt/airflow/dags/f1_pipeline_dag.py                           1           0  0.21s           2026-10-05T17:23:05
================================================================================
[2026-10-05T17:23:56.340+0000] {manager.py:878} INFO - 
================================================================================
DAG File Processing Stats

File Path                             PID    Runtime      # DAGs    # Errors  Last Runtime    Last Run
------------------------------------  -----  ---------  --------  ----------  --------------  -------------------
/opt/airflow/dags/f1_pipeline_dag.py                           1           0  0.21s           2026-10-05T17:23:43
================================================================================
[2026-10-05T17:24:26.517+0000] {manager.py:878} INFO - 
================================================================================
DAG File Processing Stats

File Path                             PID    Runtime      # DAGs    # Errors  Last Runtime    Last Run
------------------------------------  -----  ---------  --------  ----------  --------------  -------------------
/opt/airflow/dags/f1_pipeline_dag.py                           1           0  0.11s           2026-10-05T17:24:14
================================================================================
[2026-10-05T17:24:56.663+0000] {manager.py:878} INFO - 
================================================================================
DAG File Processing Stats

File Path                             PID    Runtime      # DAGs    # Errors  Last Runtime    Last Run
------------------------------------  -----  ---------  --------  ----------  --------------  -------------------
/opt/airflow/dags/f1_pipeline_dag.py                           1           0  0.21s           2026-10-05T17:24:45
================================================================================
[2026-10-05T17:25:26.895+0000] {manager.py:878} INFO - 
================================================================================
DAG File Processing Stats

File Path                             PID    Runtime      # DAGs    # Errors  Last Runtime    Last Run
------------------------------------  -----  ---------  --------  ----------  --------------  -------------------
/opt/airflow/dags/f1_pipeline_dag.py                           1           0  0.11s           2026-10-05T17:25:16
================================================================================
[2026-10-05T17:25:57.158+0000] {manager.py:878} INFO - 
================================================================================
DAG File Processing Stats

File Path                             PID    Runtime      # DAGs    # Errors  Last Runtime    Last Run
------------------------------------  -----  ---------  --------  ----------  --------------  -------------------
/opt/airflow/dags/f1_pipeline_dag.py                           1           0  0.21s           2026-10-05T17:25:47
================================================================================
[2026-10-05T17:26:27.400+0000] {manager.py:878} INFO - 
================================================================================
DAG File Processing Stats

File Path                             PID    Runtime      # DAGs    # Errors  Last Runtime    Last Run
------------------------------------  -----  ---------  --------  ----------  --------------  -------------------
/opt/airflow/dags/f1_pipeline_dag.py                           1           0  0.11s           2026-10-05T17:26:17
================================================================================
[2026-10-05T17:26:53.158+0000] {manager.py:737} INFO - Searching for files in /opt/airflow/dags
[2026-10-05T17:26:53.161+0000] {manager.py:740} INFO - There are 1 files in /opt/airflow/dags
[2026-10-05T17:26:57.756+0000] {manager.py:878} INFO - 
================================================================================
DAG File Processing Stats

File Path                             PID    Runtime      # DAGs    # Errors  Last Runtime    Last Run
------------------------------------  -----  ---------  --------  ----------  --------------  -------------------
/opt/airflow/dags/f1_pipeline_dag.py                           1           0  0.21s           2026-10-05T17:26:47
================================================================================
[2026-10-05T17:27:28.112+0000] {manager.py:878} INFO - 
================================================================================
DAG File Processing Stats

File Path                             PID    Runtime      # DAGs    # Errors  Last Runtime    Last Run
------------------------------------  -----  ---------  --------  ----------  --------------  -------------------
/opt/airflow/dags/f1_pipeline_dag.py                           1           0  0.21s           2026-10-05T17:27:18
================================================================================
[2026-10-05T17:27:58.463+0000] {manager.py:878} INFO - 
================================================================================
DAG File Processing Stats

File Path                             PID    Runtime      # DAGs    # Errors  Last Runtime    Last Run
------------------------------------  -----  ---------  --------  ----------  --------------  -------------------
/opt/airflow/dags/f1_pipeline_dag.py                           1           0  0.21s           2026-10-05T17:27:48
================================================================================
[2026-10-05T17:28:28.800+0000] {manager.py:878} INFO - 
================================================================================
DAG File Processing Stats

File Path                             PID    Runtime      # DAGs    # Errors  Last Runtime    Last Run
------------------------------------  -----  ---------  --------  ----------  --------------  -------------------
/opt/airflow/dags/f1_pipeline_dag.py                           1           0  0.21s           2026-10-05T17:28:18
================================================================================
[2026-10-05T17:28:59.015+0000] {manager.py:878} INFO - 
================================================================================
DAG File Processing Stats

File Path                             PID    Runtime      # DAGs    # Errors  Last Runtime    Last Run
------------------------------------  -----  ---------  --------  ----------  --------------  -------------------
/opt/airflow/dags/f1_pipeline_dag.py                           1           0  0.10s           2026-10-05T17:28:48
================================================================================
[2026-10-05T17:29:29.259+0000] {manager.py:878} INFO - 
================================================================================
DAG File Processing Stats

File Path                             PID    Runtime      # DAGs    # Errors  Last Runtime    Last Run
------------------------------------  -----  ---------  --------  ----------  --------------  -------------------
/opt/airflow/dags/f1_pipeline_dag.py                           1           0  0.11s           2026-10-05T17:29:19
================================================================================
[2026-10-05T17:29:59.499+0000] {manager.py:878} INFO - 
================================================================================
DAG File Processing Stats

File Path                             PID    Runtime      # DAGs    # Errors  Last Runtime    Last Run
------------------------------------  -----  ---------  --------  ----------  --------------  -------------------
/opt/airflow/dags/f1_pipeline_dag.py                           1           0  0.11s           2026-10-05T17:29:49
================================================================================
[2026-10-05T17:30:29.580+0000] {manager.py:878} INFO - 
================================================================================
DAG File Processing Stats

File Path                             PID    Runtime      # DAGs    # Errors  Last Runtime    Last Run
------------------------------------  -----  ---------  --------  ----------  --------------  -------------------
/opt/airflow/dags/f1_pipeline_dag.py                           1           0  0.21s           2026-10-05T17:30:19
================================================================================
[2026-10-05T17:30:59.675+0000] {manager.py:878} INFO - 
================================================================================
DAG File Processing Stats

File Path                             PID    Runtime      # DAGs    # Errors  Last Runtime    Last Run
------------------------------------  -----  ---------  --------  ----------  --------------  -------------------
/opt/airflow/dags/f1_pipeline_dag.py                           0           1  0.11s           2026-10-05T17:30:49
================================================================================
[2026-10-05T17:31:29.763+0000] {manager.py:878} INFO - 
================================================================================
DAG File Processing Stats

File Path                             PID    Runtime      # DAGs    # Errors  Last Runtime    Last Run
------------------------------------  -----  ---------  --------  ----------  --------------  -------------------
/opt/airflow/dags/f1_pipeline_dag.py                           0           1  0.11s           2026-10-05T17:31:20
================================================================================
[2026-10-05T17:31:53.316+0000] {manager.py:737} INFO - Searching for files in /opt/airflow/dags
[2026-10-05T17:31:53.318+0000] {manager.py:740} INFO - There are 1 files in /opt/airflow/dags
[2026-10-05T17:31:59.820+0000] {manager.py:878} INFO - 
================================================================================
DAG File Processing Stats

File Path                             PID    Runtime      # DAGs    # Errors  Last Runtime    Last Run
------------------------------------  -----  ---------  --------  ----------  --------------  -------------------
/opt/airflow/dags/f1_pipeline_dag.py                           0           1  0.10s           2026-10-05T17:31:50
================================================================================
[2026-10-05T17:32:29.912+0000] {manager.py:878} INFO - 
================================================================================
DAG File Processing Stats

File Path                             PID    Runtime      # DAGs    # Errors  Last Runtime    Last Run
------------------------------------  -----  ---------  --------  ----------  --------------  -------------------
/opt/airflow/dags/f1_pipeline_dag.py                           0           1  0.11s           2026-10-05T17:32:20
================================================================================
[2026-10-05T17:33:00.005+0000] {manager.py:878} INFO - 
================================================================================
DAG File Processing Stats

File Path                             PID    Runtime      # DAGs    # Errors  Last Runtime    Last Run
------------------------------------  -----  ---------  --------  ----------  --------------  -------------------
/opt/airflow/dags/f1_pipeline_dag.py                           0           1  0.11s           2026-10-05T17:32:50
================================================================================
[2026-10-05T17:33:30.095+0000] {manager.py:878} INFO - 
================================================================================
DAG File Processing Stats

File Path                             PID    Runtime      # DAGs    # Errors  Last Runtime    Last Run
------------------------------------  -----  ---------  --------  ----------  --------------  -------------------
/opt/airflow/dags/f1_pipeline_dag.py                           0           1  0.11s           2026-10-05T17:33:21
================================================================================
[2026-10-05T17:34:00.188+0000] {manager.py:878} INFO - 
================================================================================
DAG File Processing Stats

File Path                             PID    Runtime      # DAGs    # Errors  Last Runtime    Last Run
------------------------------------  -----  ---------  --------  ----------  --------------  -------------------
/opt/airflow/dags/f1_pipeline_dag.py                           0           1  0.11s           2026-10-05T17:33:51
================================================================================
[2026-10-05T17:34:30.283+0000] {manager.py:878} INFO - 
================================================================================
DAG File Processing Stats

File Path                             PID    Runtime      # DAGs    # Errors  Last Runtime    Last Run
------------------------------------  -----  ---------  --------  ----------  --------------  -------------------
/opt/airflow/dags/f1_pipeline_dag.py                           0           1  0.11s           2026-10-05T17:34:21
================================================================================
[2026-10-05T17:35:00.376+0000] {manager.py:878} INFO - 
================================================================================
DAG File Processing Stats

File Path                             PID    Runtime      # DAGs    # Errors  Last Runtime    Last Run
------------------------------------  -----  ---------  --------  ----------  --------------  -------------------
/opt/airflow/dags/f1_pipeline_dag.py                           0           1  0.11s           2026-10-05T17:34:51
================================================================================
[2026-10-05T17:35:30.469+0000] {manager.py:878} INFO - 
================================================================================
DAG File Processing Stats

File Path                             PID    Runtime      # DAGs    # Errors  Last Runtime    Last Run
------------------------------------  -----  ---------  --------  ----------  --------------  -------------------
/opt/airflow/dags/f1_pipeline_dag.py                           0           1  0.11s           2026-10-05T17:35:22
================================================================================
[2026-10-05T17:36:00.570+0000] {manager.py:878} INFO - 
================================================================================
DAG File Processing Stats

File Path                             PID    Runtime      # DAGs    # Errors  Last Runtime    Last Run
------------------------------------  -----  ---------  --------  ----------  --------------  -------------------
/opt/airflow/dags/f1_pipeline_dag.py                           0           1  0.11s           2026-10-05T17:35:52
================================================================================
[2026-10-05T17:36:30.662+0000] {manager.py:878} INFO - 
================================================================================
DAG File Processing Stats

File Path                             PID    Runtime      # DAGs    # Errors  Last Runtime    Last Run
------------------------------------  -----  ---------  --------  ----------  --------------  -------------------
/opt/airflow/dags/f1_pipeline_dag.py                           0           1  0.11s           2026-10-05T17:36:22
================================================================================
[2026-10-05T17:36:53.794+0000] {manager.py:737} INFO - Searching for files in /opt/airflow/dags
[2026-10-05T17:36:53.797+0000] {manager.py:740} INFO - There are 1 files in /opt/airflow/dags
[2026-10-05T17:37:00.671+0000] {manager.py:878} INFO - 
================================================================================
DAG File Processing Stats

File Path                             PID    Runtime      # DAGs    # Errors  Last Runtime    Last Run
------------------------------------  -----  ---------  --------  ----------  --------------  -------------------
/opt/airflow/dags/f1_pipeline_dag.py                           0           1  0.11s           2026-10-05T17:36:52
================================================================================
[2026-10-05T17:37:30.843+0000] {manager.py:878} INFO - 
================================================================================
DAG File Processing Stats

File Path                             PID    Runtime      # DAGs    # Errors  Last Runtime    Last Run
------------------------------------  -----  ---------  --------  ----------  --------------  -------------------
/opt/airflow/dags/f1_pipeline_dag.py                           0           1  0.11s           2026-10-05T17:37:22
================================================================================
[2026-10-05T17:38:00.940+0000] {manager.py:878} INFO - 
================================================================================
DAG File Processing Stats

File Path                             PID    Runtime      # DAGs    # Errors  Last Runtime    Last Run
------------------------------------  -----  ---------  --------  ----------  --------------  -------------------
/opt/airflow/dags/f1_pipeline_dag.py                           0           1  0.11s           2026-10-05T17:37:53
================================================================================
[2026-10-05T17:38:31.042+0000] {manager.py:878} INFO - 
================================================================================
DAG File Processing Stats

File Path                             PID    Runtime      # DAGs    # Errors  Last Runtime    Last Run
------------------------------------  -----  ---------  --------  ----------  --------------  -------------------
/opt/airflow/dags/f1_pipeline_dag.py                           0           1  0.11s           2026-10-05T17:38:23
================================================================================
[2026-10-05T17:39:01.132+0000] {manager.py:878} INFO - 
================================================================================
DAG File Processing Stats

File Path                             PID    Runtime      # DAGs    # Errors  Last Runtime    Last Run
------------------------------------  -----  ---------  --------  ----------  --------------  -------------------
/opt/airflow/dags/f1_pipeline_dag.py                           0           1  0.11s           2026-10-05T17:38:53
================================================================================
[2026-10-05T17:39:31.192+0000] {manager.py:878} INFO - 
================================================================================
DAG File Processing Stats

File Path                             PID    Runtime      # DAGs    # Errors  Last Runtime    Last Run
------------------------------------  -----  ---------  --------  ----------  --------------  -------------------
/opt/airflow/dags/f1_pipeline_dag.py                           1           0  0.11s           2026-10-05T17:39:28
================================================================================
[2026-10-05T17:40:04.371+0000] {manager.py:878} INFO - 
================================================================================
DAG File Processing Stats

File Path                             PID    Runtime      # DAGs    # Errors  Last Runtime    Last Run
------------------------------------  -----  ---------  --------  ----------  --------------  -------------------
/opt/airflow/dags/f1_pipeline_dag.py                           1           0  0.11s           2026-10-05T17:40:04
================================================================================
[2026-10-05T17:40:35.470+0000] {manager.py:878} INFO - 
================================================================================
DAG File Processing Stats

File Path                             PID    Runtime      # DAGs    # Errors  Last Runtime    Last Run
------------------------------------  -----  ---------  --------  ----------  --------------  -------------------
/opt/airflow/dags/f1_pipeline_dag.py                           1           0  0.11s           2026-10-05T17:40:35
================================================================================
[2026-10-05T17:41:06.610+0000] {manager.py:878} INFO - 
================================================================================
DAG File Processing Stats

File Path                             PID    Runtime      # DAGs    # Errors  Last Runtime    Last Run
------------------------------------  -----  ---------  --------  ----------  --------------  -------------------
/opt/airflow/dags/f1_pipeline_dag.py                           1           0  0.11s           2026-10-05T17:41:06
================================================================================
[2026-10-05T17:41:37.827+0000] {manager.py:878} INFO - 
================================================================================
DAG File Processing Stats

File Path                             PID    Runtime      # DAGs    # Errors  Last Runtime    Last Run
------------------------------------  -----  ---------  --------  ----------  --------------  -------------------
/opt/airflow/dags/f1_pipeline_dag.py                           1           0  0.21s           2026-10-05T17:41:37
================================================================================
[2026-10-05T17:41:54.271+0000] {manager.py:737} INFO - Searching for files in /opt/airflow/dags
[2026-10-05T17:41:54.273+0000] {manager.py:740} INFO - There are 1 files in /opt/airflow/dags
[2026-10-05T17:42:08.074+0000] {manager.py:878} INFO - 
================================================================================
DAG File Processing Stats

File Path                             PID    Runtime      # DAGs    # Errors  Last Runtime    Last Run
------------------------------------  -----  ---------  --------  ----------  --------------  -------------------
/opt/airflow/dags/f1_pipeline_dag.py                           1           0  0.11s           2026-10-05T17:42:08
================================================================================
[2026-10-05T17:42:55.230+0000] {manager.py:878} INFO - 
================================================================================
DAG File Processing Stats

File Path                             PID    Runtime      # DAGs    # Errors  Last Runtime    Last Run
------------------------------------  -----  ---------  --------  ----------  --------------  -------------------
/opt/airflow/dags/f1_pipeline_dag.py                           1           0  0.11s           2026-10-05T17:42:55
================================================================================
[2026-10-05T17:49:46.221+0000] {manager.py:452} INFO - Exiting gracefully upon receiving signal 15
[2026-10-05T17:49:46.501+0000] {manager.py:470} INFO - Processing files using up to 1 processes at a time 
[2026-10-05T17:49:46.502+0000] {manager.py:471} INFO - Process each file at most once every 30 seconds
[2026-10-05T17:49:46.502+0000] {manager.py:472} INFO - Checking for new files in /opt/airflow/dags every 300 seconds
[2026-10-05T17:49:46.503+0000] {manager.py:737} INFO - Searching for files in /opt/airflow/dags
[2026-10-05T17:49:46.504+0000] {manager.py:740} INFO - There are 1 files in /opt/airflow/dags
[2026-10-05T17:49:46.666+0000] {manager.py:878} INFO - 
================================================================================
DAG File Processing Stats

File Path                             PID    Runtime      # DAGs    # Errors  Last Runtime    Last Run
------------------------------------  -----  ---------  --------  ----------  --------------  -------------------
/opt/airflow/dags/f1_pipeline_dag.py                           1           0  0.11s           2026-10-05T17:49:46
================================================================================
[2026-10-05T17:50:37.144+0000] {manager.py:878} INFO - 
================================================================================
DAG File Processing Stats

File Path                             PID    Runtime      # DAGs    # Errors  Last Runtime    Last Run
------------------------------------  -----  ---------  --------  ----------  --------------  -------------------
/opt/airflow/dags/f1_pipeline_dag.py                           1           0  0.21s           2026-10-05T17:50:10
================================================================================
[2026-10-05T17:51:27.873+0000] {manager.py:878} INFO - 
================================================================================
DAG File Processing Stats

File Path                             PID    Runtime      # DAGs    # Errors  Last Runtime    Last Run
------------------------------------  -----  ---------  --------  ----------  --------------  -------------------
/opt/airflow/dags/f1_pipeline_dag.py                           1           0  0.11s           2026-10-05T17:51:27
================================================================================
[2026-10-05T17:51:59.020+0000] {manager.py:878} INFO - 
================================================================================
DAG File Processing Stats

File Path                             PID    Runtime      # DAGs    # Errors  Last Runtime    Last Run
------------------------------------  -----  ---------  --------  ----------  --------------  -------------------
/opt/airflow/dags/f1_pipeline_dag.py                           1           0  0.11s           2026-10-05T17:51:59
================================================================================
[2026-10-05T17:52:29.154+0000] {manager.py:878} INFO - 
================================================================================
DAG File Processing Stats

File Path                             PID    Runtime      # DAGs    # Errors  Last Runtime    Last Run
------------------------------------  -----  ---------  --------  ----------  --------------  -------------------
/opt/airflow/dags/f1_pipeline_dag.py                           1           0  0.11s           2026-10-05T17:52:29
================================================================================
[2026-10-05T17:52:59.391+0000] {manager.py:878} INFO - 
================================================================================
DAG File Processing Stats

File Path                             PID    Runtime      # DAGs    # Errors  Last Runtime    Last Run
------------------------------------  -----  ---------  --------  ----------  --------------  -------------------
/opt/airflow/dags/f1_pipeline_dag.py                           1           0  0.21s           2026-10-05T17:52:59
================================================================================
[2026-10-05T17:53:30.268+0000] {manager.py:878} INFO - 
================================================================================
DAG File Processing Stats

File Path                             PID    Runtime      # DAGs    # Errors  Last Runtime    Last Run
------------------------------------  -----  ---------  --------  ----------  --------------  -------------------
/opt/airflow/dags/f1_pipeline_dag.py                           1           0  0.21s           2026-10-05T17:53:30
================================================================================
[2026-10-05T17:54:00.779+0000] {manager.py:878} INFO - 
================================================================================
DAG File Processing Stats

File Path                             PID    Runtime      # DAGs    # Errors  Last Runtime    Last Run
------------------------------------  -----  ---------  --------  ----------  --------------  -------------------
/opt/airflow/dags/f1_pipeline_dag.py                           1           0  0.21s           2026-10-05T17:54:00
================================================================================
[2026-10-05T17:54:31.346+0000] {manager.py:878} INFO - 
================================================================================
DAG File Processing Stats

File Path                             PID    Runtime      # DAGs    # Errors  Last Runtime    Last Run
------------------------------------  -----  ---------  --------  ----------  --------------  -------------------
/opt/airflow/dags/f1_pipeline_dag.py                           1           0  0.21s           2026-10-05T17:54:31
================================================================================
[2026-10-05T17:54:46.504+0000] {manager.py:737} INFO - Searching for files in /opt/airflow/dags
[2026-10-05T17:54:46.506+0000] {manager.py:740} INFO - There are 1 files in /opt/airflow/dags
[2026-10-05T17:55:01.905+0000] {manager.py:878} INFO - 
================================================================================
DAG File Processing Stats

File Path                             PID    Runtime      # DAGs    # Errors  Last Runtime    Last Run
------------------------------------  -----  ---------  --------  ----------  --------------  -------------------
/opt/airflow/dags/f1_pipeline_dag.py                           1           0  0.21s           2026-10-05T17:55:01
================================================================================
[2026-10-05T17:55:29.031+0000] {manager.py:470} INFO - Processing files using up to 1 processes at a time 
[2026-10-05T17:55:29.031+0000] {manager.py:471} INFO - Process each file at most once every 30 seconds
[2026-10-05T17:55:29.032+0000] {manager.py:472} INFO - Checking for new files in /opt/airflow/dags every 300 seconds
[2026-10-05T17:55:29.032+0000] {manager.py:737} INFO - Searching for files in /opt/airflow/dags
[2026-10-05T17:55:29.033+0000] {manager.py:740} INFO - There are 1 files in /opt/airflow/dags
[2026-10-05T17:55:29.473+0000] {manager.py:878} INFO - 
================================================================================
DAG File Processing Stats

File Path                             PID    Runtime      # DAGs    # Errors  Last Runtime    Last Run
------------------------------------  -----  ---------  --------  ----------  --------------  -------------------
/opt/airflow/dags/f1_pipeline_dag.py                           1           0  0.31s           2026-10-05T17:55:29
================================================================================
[2026-10-05T17:56:02.689+0000] {manager.py:878} INFO - 
================================================================================
DAG File Processing Stats

File Path                             PID    Runtime      # DAGs    # Errors  Last Runtime    Last Run
------------------------------------  -----  ---------  --------  ----------  --------------  -------------------
/opt/airflow/dags/f1_pipeline_dag.py                           1           0  0.11s           2026-10-05T17:56:02
================================================================================
[2026-10-05T17:56:57.722+0000] {manager.py:878} INFO - 
================================================================================
DAG File Processing Stats

File Path                             PID    Runtime      # DAGs    # Errors  Last Runtime    Last Run
------------------------------------  -----  ---------  --------  ----------  --------------  -------------------
/opt/airflow/dags/f1_pipeline_dag.py                           1           0  0.31s           2026-10-05T17:56:57
================================================================================
[2026-10-05T17:57:28.250+0000] {manager.py:878} INFO - 
================================================================================
DAG File Processing Stats

File Path                             PID    Runtime      # DAGs    # Errors  Last Runtime    Last Run
------------------------------------  -----  ---------  --------  ----------  --------------  -------------------
/opt/airflow/dags/f1_pipeline_dag.py                           1           0  0.31s           2026-10-05T17:57:28
================================================================================
[2026-10-05T17:57:58.760+0000] {manager.py:878} INFO - 
================================================================================
DAG File Processing Stats

File Path                             PID    Runtime      # DAGs    # Errors  Last Runtime    Last Run
------------------------------------  -----  ---------  --------  ----------  --------------  -------------------
/opt/airflow/dags/f1_pipeline_dag.py                           1           0  0.31s           2026-10-05T17:57:58
================================================================================
[2026-10-05T17:58:29.926+0000] {manager.py:878} INFO - 
================================================================================
DAG File Processing Stats

File Path                             PID    Runtime      # DAGs    # Errors  Last Runtime    Last Run
------------------------------------  -----  ---------  --------  ----------  --------------  -------------------
/opt/airflow/dags/f1_pipeline_dag.py                           1           0  0.31s           2026-10-05T17:58:29
================================================================================
[2026-10-05T17:59:00.857+0000] {manager.py:878} INFO - 
================================================================================
DAG File Processing Stats

File Path                             PID    Runtime      # DAGs    # Errors  Last Runtime    Last Run
------------------------------------  -----  ---------  --------  ----------  --------------  -------------------
/opt/airflow/dags/f1_pipeline_dag.py                           1           0  0.31s           2026-10-05T17:59:00
================================================================================
[2026-10-05T17:59:31.120+0000] {manager.py:878} INFO - 
================================================================================
DAG File Processing Stats

File Path                             PID    Runtime      # DAGs    # Errors  Last Runtime    Last Run
------------------------------------  -----  ---------  --------  ----------  --------------  -------------------
/opt/airflow/dags/f1_pipeline_dag.py                           1           0  0.11s           2026-10-05T17:59:18
================================================================================
[2026-10-05T18:00:01.216+0000] {manager.py:878} INFO - 
================================================================================
DAG File Processing Stats

File Path                             PID    Runtime      # DAGs    # Errors  Last Runtime    Last Run
------------------------------------  -----  ---------  --------  ----------  --------------  -------------------
/opt/airflow/dags/f1_pipeline_dag.py                           1           0  0.11s           2026-10-05T17:59:48
================================================================================
[2026-10-05T18:00:29.036+0000] {manager.py:737} INFO - Searching for files in /opt/airflow/dags
[2026-10-05T18:00:29.037+0000] {manager.py:740} INFO - There are 1 files in /opt/airflow/dags
[2026-10-05T18:00:31.302+0000] {manager.py:878} INFO - 
================================================================================
DAG File Processing Stats

File Path                             PID    Runtime      # DAGs    # Errors  Last Runtime    Last Run
------------------------------------  -----  ---------  --------  ----------  --------------  -------------------
/opt/airflow/dags/f1_pipeline_dag.py                           1           0  0.21s           2026-10-05T18:00:18
================================================================================
[2026-10-05T18:01:01.383+0000] {manager.py:878} INFO - 
================================================================================
DAG File Processing Stats

File Path                             PID    Runtime      # DAGs    # Errors  Last Runtime    Last Run
------------------------------------  -----  ---------  --------  ----------  --------------  -------------------
/opt/airflow/dags/f1_pipeline_dag.py                           1           0  0.11s           2026-10-05T18:00:49
================================================================================
[2026-10-05T18:01:31.452+0000] {manager.py:878} INFO - 
================================================================================
DAG File Processing Stats

File Path                             PID    Runtime      # DAGs    # Errors  Last Runtime    Last Run
------------------------------------  -----  ---------  --------  ----------  --------------  -------------------
/opt/airflow/dags/f1_pipeline_dag.py                           1           0  0.11s           2026-10-05T18:01:19
================================================================================
[2026-10-05T18:02:01.527+0000] {manager.py:878} INFO - 
================================================================================
DAG File Processing Stats

File Path                             PID    Runtime      # DAGs    # Errors  Last Runtime    Last Run
------------------------------------  -----  ---------  --------  ----------  --------------  -------------------
/opt/airflow/dags/f1_pipeline_dag.py                           1           0  0.11s           2026-10-05T18:01:49
================================================================================
[2026-10-05T18:02:31.605+0000] {manager.py:878} INFO - 
================================================================================
DAG File Processing Stats

File Path                             PID    Runtime      # DAGs    # Errors  Last Runtime    Last Run
------------------------------------  -----  ---------  --------  ----------  --------------  -------------------
/opt/airflow/dags/f1_pipeline_dag.py                           1           0  0.21s           2026-10-05T18:02:20
================================================================================
[2026-10-05T18:03:01.696+0000] {manager.py:878} INFO - 
================================================================================
DAG File Processing Stats

File Path                             PID    Runtime      # DAGs    # Errors  Last Runtime    Last Run
------------------------------------  -----  ---------  --------  ----------  --------------  -------------------
/opt/airflow/dags/f1_pipeline_dag.py                           1           0  0.11s           2026-10-05T18:02:50
================================================================================
[2026-10-05T18:03:31.777+0000] {manager.py:878} INFO - 
================================================================================
DAG File Processing Stats

File Path                             PID    Runtime      # DAGs    # Errors  Last Runtime    Last Run
------------------------------------  -----  ---------  --------  ----------  --------------  -------------------
/opt/airflow/dags/f1_pipeline_dag.py                           1           0  0.21s           2026-10-05T18:03:20
================================================================================
[2026-10-05T18:04:01.850+0000] {manager.py:878} INFO - 
================================================================================
DAG File Processing Stats

File Path                             PID    Runtime      # DAGs    # Errors  Last Runtime    Last Run
------------------------------------  -----  ---------  --------  ----------  --------------  -------------------
/opt/airflow/dags/f1_pipeline_dag.py                           1           0  0.21s           2026-10-05T18:03:50
================================================================================
[2026-10-05T18:04:31.936+0000] {manager.py:878} INFO - 
================================================================================
DAG File Processing Stats

File Path                             PID    Runtime      # DAGs    # Errors  Last Runtime    Last Run
------------------------------------  -----  ---------  --------  ----------  --------------  -------------------
/opt/airflow/dags/f1_pipeline_dag.py                           1           0  0.11s           2026-10-05T18:04:21
================================================================================
[2026-10-05T18:05:02.018+0000] {manager.py:878} INFO - 
================================================================================
DAG File Processing Stats

File Path                             PID    Runtime      # DAGs    # Errors  Last Runtime    Last Run
------------------------------------  -----  ---------  --------  ----------  --------------  -------------------
/opt/airflow/dags/f1_pipeline_dag.py                           1           0  0.21s           2026-10-05T18:04:51
================================================================================
[2026-10-05T18:05:29.074+0000] {manager.py:737} INFO - Searching for files in /opt/airflow/dags
[2026-10-05T18:05:29.077+0000] {manager.py:740} INFO - There are 1 files in /opt/airflow/dags
[2026-10-05T18:05:32.097+0000] {manager.py:878} INFO - 
================================================================================
DAG File Processing Stats

File Path                             PID    Runtime      # DAGs    # Errors  Last Runtime    Last Run
------------------------------------  -----  ---------  --------  ----------  --------------  -------------------
/opt/airflow/dags/f1_pipeline_dag.py                           1           0  0.21s           2026-10-05T18:05:21
================================================================================
[2026-10-05T18:06:02.192+0000] {manager.py:878} INFO - 
================================================================================
DAG File Processing Stats

File Path                             PID    Runtime      # DAGs    # Errors  Last Runtime    Last Run
------------------------------------  -----  ---------  --------  ----------  --------------  -------------------
/opt/airflow/dags/f1_pipeline_dag.py                           1           0  0.10s           2026-10-05T18:05:52
================================================================================
[2026-10-05T18:06:32.286+0000] {manager.py:878} INFO - 
================================================================================
DAG File Processing Stats

File Path                             PID    Runtime      # DAGs    # Errors  Last Runtime    Last Run
------------------------------------  -----  ---------  --------  ----------  --------------  -------------------
/opt/airflow/dags/f1_pipeline_dag.py                           0           1  0.11s           2026-10-05T18:06:16
================================================================================
[2026-10-05T18:07:02.387+0000] {manager.py:878} INFO - 
================================================================================
DAG File Processing Stats

File Path                             PID    Runtime      # DAGs    # Errors  Last Runtime    Last Run
------------------------------------  -----  ---------  --------  ----------  --------------  -------------------
/opt/airflow/dags/f1_pipeline_dag.py                           0           1  0.11s           2026-10-05T18:06:46
================================================================================
[2026-10-05T18:07:32.479+0000] {manager.py:878} INFO - 
================================================================================
DAG File Processing Stats

File Path                             PID    Runtime      # DAGs    # Errors  Last Runtime    Last Run
------------------------------------  -----  ---------  --------  ----------  --------------  -------------------
/opt/airflow/dags/f1_pipeline_dag.py                           0           1  0.11s           2026-10-05T18:07:17
================================================================================
[2026-10-05T18:08:02.609+0000] {manager.py:878} INFO - 
================================================================================
DAG File Processing Stats

File Path                             PID    Runtime      # DAGs    # Errors  Last Runtime    Last Run
------------------------------------  -----  ---------  --------  ----------  --------------  -------------------
/opt/airflow/dags/f1_pipeline_dag.py                           0           1  0.11s           2026-10-05T18:07:47
================================================================================
[2026-10-05T18:08:32.809+0000] {manager.py:878} INFO - 
================================================================================
DAG File Processing Stats

File Path                             PID    Runtime      # DAGs    # Errors  Last Runtime    Last Run
------------------------------------  -----  ---------  --------  ----------  --------------  -------------------
/opt/airflow/dags/f1_pipeline_dag.py                           0           1  0.11s           2026-10-05T18:08:17
================================================================================
[2026-10-05T18:09:02.904+0000] {manager.py:878} INFO - 
================================================================================
DAG File Processing Stats

File Path                             PID    Runtime      # DAGs    # Errors  Last Runtime    Last Run
------------------------------------  -----  ---------  --------  ----------  --------------  -------------------
/opt/airflow/dags/f1_pipeline_dag.py                           1           0  0.21s           2026-10-05T18:08:37
================================================================================
[2026-10-05T18:09:33.000+0000] {manager.py:878} INFO - 
================================================================================
DAG File Processing Stats

File Path                             PID    Runtime      # DAGs    # Errors  Last Runtime    Last Run
------------------------------------  -----  ---------  --------  ----------  --------------  -------------------
/opt/airflow/dags/f1_pipeline_dag.py                           1           0  0.21s           2026-10-05T18:09:07
================================================================================
[2026-10-05T18:10:15.956+0000] {manager.py:878} INFO - 
================================================================================
DAG File Processing Stats

File Path                             PID    Runtime      # DAGs    # Errors  Last Runtime    Last Run
------------------------------------  -----  ---------  --------  ----------  --------------  -------------------
/opt/airflow/dags/f1_pipeline_dag.py                           1           0  0.21s           2026-10-05T18:10:15
================================================================================
[2026-10-05T18:10:29.136+0000] {manager.py:737} INFO - Searching for files in /opt/airflow/dags
[2026-10-05T18:10:29.138+0000] {manager.py:740} INFO - There are 1 files in /opt/airflow/dags
[2026-10-05T18:10:46.231+0000] {manager.py:878} INFO - 
================================================================================
DAG File Processing Stats

File Path                             PID    Runtime      # DAGs    # Errors  Last Runtime    Last Run
------------------------------------  -----  ---------  --------  ----------  --------------  -------------------
/opt/airflow/dags/f1_pipeline_dag.py                           1           0  0.21s           2026-10-05T18:10:46
================================================================================
[2026-10-05T18:11:16.767+0000] {manager.py:878} INFO - 
================================================================================
DAG File Processing Stats

File Path                             PID    Runtime      # DAGs    # Errors  Last Runtime    Last Run
------------------------------------  -----  ---------  --------  ----------  --------------  -------------------
/opt/airflow/dags/f1_pipeline_dag.py                           1           0  0.21s           2026-10-05T18:11:16
================================================================================
[2026-10-05T18:11:47.289+0000] {manager.py:878} INFO - 
================================================================================
DAG File Processing Stats

File Path                             PID    Runtime      # DAGs    # Errors  Last Runtime    Last Run
------------------------------------  -----  ---------  --------  ----------  --------------  -------------------
/opt/airflow/dags/f1_pipeline_dag.py                           1           0  0.21s           2026-10-05T18:11:47
================================================================================
[2026-10-05T18:12:17.812+0000] {manager.py:878} INFO - 
================================================================================
DAG File Processing Stats

File Path                             PID    Runtime      # DAGs    # Errors  Last Runtime    Last Run
------------------------------------  -----  ---------  --------  ----------  --------------  -------------------
/opt/airflow/dags/f1_pipeline_dag.py                           1           0  0.21s           2026-10-05T18:12:17
================================================================================
[2026-10-05T18:12:48.350+0000] {manager.py:878} INFO - 
================================================================================
DAG File Processing Stats

File Path                             PID    Runtime      # DAGs    # Errors  Last Runtime    Last Run
------------------------------------  -----  ---------  --------  ----------  --------------  -------------------
/opt/airflow/dags/f1_pipeline_dag.py                           1           0  0.21s           2026-10-05T18:12:48
================================================================================
[2026-10-05T18:13:18.765+0000] {manager.py:878} INFO - 
================================================================================
DAG File Processing Stats

File Path                             PID    Runtime      # DAGs    # Errors  Last Runtime    Last Run
------------------------------------  -----  ---------  --------  ----------  --------------  -------------------
/opt/airflow/dags/f1_pipeline_dag.py                           1           0  0.21s           2026-10-05T18:13:18
================================================================================
[2026-10-05T18:13:49.259+0000] {manager.py:878} INFO - 
================================================================================
DAG File Processing Stats

File Path                             PID    Runtime      # DAGs    # Errors  Last Runtime    Last Run
------------------------------------  -----  ---------  --------  ----------  --------------  -------------------
/opt/airflow/dags/f1_pipeline_dag.py                           1           0  0.21s           2026-10-05T18:13:49
================================================================================
[2026-10-05T18:14:19.744+0000] {manager.py:878} INFO - 
================================================================================
DAG File Processing Stats

File Path                             PID    Runtime      # DAGs    # Errors  Last Runtime    Last Run
------------------------------------  -----  ---------  --------  ----------  --------------  -------------------
/opt/airflow/dags/f1_pipeline_dag.py                           1           0  0.21s           2026-10-05T18:14:19
================================================================================
[2026-10-05T18:14:50.197+0000] {manager.py:878} INFO - 
================================================================================
DAG File Processing Stats

File Path                             PID    Runtime      # DAGs    # Errors  Last Runtime    Last Run
------------------------------------  -----  ---------  --------  ----------  --------------  -------------------
/opt/airflow/dags/f1_pipeline_dag.py                           1           0  0.21s           2026-10-05T18:14:50
================================================================================
[2026-10-05T18:15:20.748+0000] {manager.py:878} INFO - 
================================================================================
DAG File Processing Stats

File Path                             PID    Runtime      # DAGs    # Errors  Last Runtime    Last Run
------------------------------------  -----  ---------  --------  ----------  --------------  -------------------
/opt/airflow/dags/f1_pipeline_dag.py                           1           0  0.21s           2026-10-05T18:15:20
================================================================================
[2026-10-05T18:15:29.201+0000] {manager.py:737} INFO - Searching for files in /opt/airflow/dags
[2026-10-05T18:15:29.203+0000] {manager.py:740} INFO - There are 1 files in /opt/airflow/dags
[2026-10-05T18:15:51.280+0000] {manager.py:878} INFO - 
================================================================================
DAG File Processing Stats

File Path                             PID    Runtime      # DAGs    # Errors  Last Runtime    Last Run
------------------------------------  -----  ---------  --------  ----------  --------------  -------------------
/opt/airflow/dags/f1_pipeline_dag.py                           1           0  0.21s           2026-10-05T18:15:51
================================================================================
[2026-10-05T18:16:21.624+0000] {manager.py:878} INFO - 
================================================================================
DAG File Processing Stats

File Path                             PID    Runtime      # DAGs    # Errors  Last Runtime    Last Run
------------------------------------  -----  ---------  --------  ----------  --------------  -------------------
/opt/airflow/dags/f1_pipeline_dag.py                           1           0  0.21s           2026-10-05T18:16:21
================================================================================
[2026-10-05T18:16:52.172+0000] {manager.py:878} INFO - 
================================================================================
DAG File Processing Stats

File Path                             PID    Runtime      # DAGs    # Errors  Last Runtime    Last Run
------------------------------------  -----  ---------  --------  ----------  --------------  -------------------
/opt/airflow/dags/f1_pipeline_dag.py                           1           0  0.21s           2026-10-05T18:16:52
================================================================================
[2026-10-05T18:17:22.724+0000] {manager.py:878} INFO - 
================================================================================
DAG File Processing Stats

File Path                             PID    Runtime      # DAGs    # Errors  Last Runtime    Last Run
------------------------------------  -----  ---------  --------  ----------  --------------  -------------------
/opt/airflow/dags/f1_pipeline_dag.py                           1           0  0.21s           2026-10-05T18:17:22
================================================================================
[2026-10-05T18:17:53.307+0000] {manager.py:878} INFO - 
================================================================================
DAG File Processing Stats

File Path                             PID    Runtime      # DAGs    # Errors  Last Runtime    Last Run
------------------------------------  -----  ---------  --------  ----------  --------------  -------------------
/opt/airflow/dags/f1_pipeline_dag.py                           1           0  0.21s           2026-10-05T18:17:53
================================================================================
[2026-10-05T18:18:23.858+0000] {manager.py:878} INFO - 
================================================================================
DAG File Processing Stats

File Path                             PID    Runtime      # DAGs    # Errors  Last Runtime    Last Run
------------------------------------  -----  ---------  --------  ----------  --------------  -------------------
/opt/airflow/dags/f1_pipeline_dag.py                           1           0  0.21s           2026-10-05T18:18:23
================================================================================
[2026-10-05T18:18:54.384+0000] {manager.py:878} INFO - 
================================================================================
DAG File Processing Stats

File Path                             PID    Runtime      # DAGs    # Errors  Last Runtime    Last Run
------------------------------------  -----  ---------  --------  ----------  --------------  -------------------
/opt/airflow/dags/f1_pipeline_dag.py                           1           0  0.21s           2026-10-05T18:18:54
================================================================================
[2026-10-05T18:19:24.954+0000] {manager.py:878} INFO - 
================================================================================
DAG File Processing Stats

File Path                             PID    Runtime      # DAGs    # Errors  Last Runtime    Last Run
------------------------------------  -----  ---------  --------  ----------  --------------  -------------------
/opt/airflow/dags/f1_pipeline_dag.py                           1           0  0.21s           2026-10-05T18:19:24
================================================================================
[2026-10-05T18:19:55.509+0000] {manager.py:878} INFO - 
================================================================================
DAG File Processing Stats

File Path                             PID    Runtime      # DAGs    # Errors  Last Runtime    Last Run
------------------------------------  -----  ---------  --------  ----------  --------------  -------------------
/opt/airflow/dags/f1_pipeline_dag.py                           1           0  0.21s           2026-10-05T18:19:55
================================================================================
[2026-10-05T18:20:26.087+0000] {manager.py:878} INFO - 
================================================================================
DAG File Processing Stats

File Path                             PID    Runtime      # DAGs    # Errors  Last Runtime    Last Run
------------------------------------  -----  ---------  --------  ----------  --------------  -------------------
/opt/airflow/dags/f1_pipeline_dag.py                           1           0  0.21s           2026-10-05T18:20:26
================================================================================
[2026-10-05T18:20:29.265+0000] {manager.py:737} INFO - Searching for files in /opt/airflow/dags
[2026-10-05T18:20:29.267+0000] {manager.py:740} INFO - There are 1 files in /opt/airflow/dags
[2026-10-05T18:20:56.644+0000] {manager.py:878} INFO - 
================================================================================
DAG File Processing Stats

File Path                             PID    Runtime      # DAGs    # Errors  Last Runtime    Last Run
------------------------------------  -----  ---------  --------  ----------  --------------  -------------------
/opt/airflow/dags/f1_pipeline_dag.py                           1           0  0.21s           2026-10-05T18:20:56
================================================================================
[2026-10-05T18:21:27.202+0000] {manager.py:878} INFO - 
================================================================================
DAG File Processing Stats

File Path                             PID    Runtime      # DAGs    # Errors  Last Runtime    Last Run
------------------------------------  -----  ---------  --------  ----------  --------------  -------------------
/opt/airflow/dags/f1_pipeline_dag.py                           1           0  0.21s           2026-10-05T18:21:27
================================================================================
[2026-10-05T18:21:57.761+0000] {manager.py:878} INFO - 
================================================================================
DAG File Processing Stats

File Path                             PID    Runtime      # DAGs    # Errors  Last Runtime    Last Run
------------------------------------  -----  ---------  --------  ----------  --------------  -------------------
/opt/airflow/dags/f1_pipeline_dag.py                           1           0  0.21s           2026-10-05T18:21:57
================================================================================
[2026-10-05T18:22:28.299+0000] {manager.py:878} INFO - 
================================================================================
DAG File Processing Stats

File Path                             PID    Runtime      # DAGs    # Errors  Last Runtime    Last Run
------------------------------------  -----  ---------  --------  ----------  --------------  -------------------
/opt/airflow/dags/f1_pipeline_dag.py                           1           0  0.21s           2026-10-05T18:22:28
================================================================================
[2026-10-05T18:22:58.839+0000] {manager.py:878} INFO - 
================================================================================
DAG File Processing Stats

File Path                             PID    Runtime      # DAGs    # Errors  Last Runtime    Last Run
------------------------------------  -----  ---------  --------  ----------  --------------  -------------------
/opt/airflow/dags/f1_pipeline_dag.py                           1           0  0.21s           2026-10-05T18:22:58
================================================================================
[2026-10-05T18:23:29.398+0000] {manager.py:878} INFO - 
================================================================================
DAG File Processing Stats

File Path                             PID    Runtime      # DAGs    # Errors  Last Runtime    Last Run
------------------------------------  -----  ---------  --------  ----------  --------------  -------------------
/opt/airflow/dags/f1_pipeline_dag.py                           1           0  0.21s           2026-10-05T18:23:29
================================================================================
[2026-10-05T18:23:59.743+0000] {manager.py:878} INFO - 
================================================================================
DAG File Processing Stats

File Path                             PID    Runtime      # DAGs    # Errors  Last Runtime    Last Run
------------------------------------  -----  ---------  --------  ----------  --------------  -------------------
/opt/airflow/dags/f1_pipeline_dag.py                           1           0  0.21s           2026-10-05T18:23:59
================================================================================
[2026-10-05T18:24:30.100+0000] {manager.py:878} INFO - 
================================================================================
DAG File Processing Stats

File Path                             PID    Runtime      # DAGs    # Errors  Last Runtime    Last Run
------------------------------------  -----  ---------  --------  ----------  --------------  -------------------
/opt/airflow/dags/f1_pipeline_dag.py                           1           0  0.21s           2026-10-05T18:24:30
================================================================================
[2026-10-05T18:25:00.340+0000] {manager.py:878} INFO - 
================================================================================
DAG File Processing Stats

File Path                             PID    Runtime      # DAGs    # Errors  Last Runtime    Last Run
------------------------------------  -----  ---------  --------  ----------  --------------  -------------------
/opt/airflow/dags/f1_pipeline_dag.py                           1           0  0.11s           2026-10-05T18:25:00
================================================================================
[2026-10-05T18:25:29.327+0000] {manager.py:737} INFO - Searching for files in /opt/airflow/dags
[2026-10-05T18:25:29.329+0000] {manager.py:740} INFO - There are 1 files in /opt/airflow/dags
[2026-10-05T18:25:30.661+0000] {manager.py:878} INFO - 
================================================================================
DAG File Processing Stats

File Path                             PID    Runtime      # DAGs    # Errors  Last Runtime    Last Run
------------------------------------  -----  ---------  --------  ----------  --------------  -------------------
/opt/airflow/dags/f1_pipeline_dag.py                           1           0  0.21s           2026-10-05T18:25:30
================================================================================
[2026-10-05T18:26:01.011+0000] {manager.py:878} INFO - 
================================================================================
DAG File Processing Stats

File Path                             PID    Runtime      # DAGs    # Errors  Last Runtime    Last Run
------------------------------------  -----  ---------  --------  ----------  --------------  -------------------
/opt/airflow/dags/f1_pipeline_dag.py                           1           0  0.21s           2026-10-05T18:26:01
================================================================================
[2026-10-05T18:26:31.259+0000] {manager.py:878} INFO - 
================================================================================
DAG File Processing Stats

File Path                             PID    Runtime      # DAGs    # Errors  Last Runtime    Last Run
------------------------------------  -----  ---------  --------  ----------  --------------  -------------------
/opt/airflow/dags/f1_pipeline_dag.py                           1           0  0.11s           2026-10-05T18:26:31
================================================================================
[2026-10-05T18:27:01.590+0000] {manager.py:878} INFO - 
================================================================================
DAG File Processing Stats

File Path                             PID    Runtime      # DAGs    # Errors  Last Runtime    Last Run
------------------------------------  -----  ---------  --------  ----------  --------------  -------------------
/opt/airflow/dags/f1_pipeline_dag.py                           1           0  0.21s           2026-10-05T18:27:01
================================================================================
[2026-10-05T18:27:31.834+0000] {manager.py:878} INFO - 
================================================================================
DAG File Processing Stats

File Path                             PID    Runtime      # DAGs    # Errors  Last Runtime    Last Run
------------------------------------  -----  ---------  --------  ----------  --------------  -------------------
/opt/airflow/dags/f1_pipeline_dag.py                           1           0  0.12s           2026-10-05T18:27:31
================================================================================
[2026-10-05T18:28:02.131+0000] {manager.py:878} INFO - 
================================================================================
DAG File Processing Stats

File Path                             PID    Runtime      # DAGs    # Errors  Last Runtime    Last Run
------------------------------------  -----  ---------  --------  ----------  --------------  -------------------
/opt/airflow/dags/f1_pipeline_dag.py                           1           0  0.21s           2026-10-05T18:28:02
================================================================================
[2026-10-05T18:28:32.482+0000] {manager.py:878} INFO - 
================================================================================
DAG File Processing Stats

File Path                             PID    Runtime      # DAGs    # Errors  Last Runtime    Last Run
------------------------------------  -----  ---------  --------  ----------  --------------  -------------------
/opt/airflow/dags/f1_pipeline_dag.py                           1           0  0.21s           2026-10-05T18:28:32
================================================================================
[2026-10-05T18:29:02.832+0000] {manager.py:878} INFO - 
================================================================================
DAG File Processing Stats

File Path                             PID    Runtime      # DAGs    # Errors  Last Runtime    Last Run
------------------------------------  -----  ---------  --------  ----------  --------------  -------------------
/opt/airflow/dags/f1_pipeline_dag.py                           1           0  0.21s           2026-10-05T18:29:02
================================================================================
[2026-10-05T18:29:33.066+0000] {manager.py:878} INFO - 
================================================================================
DAG File Processing Stats

File Path                             PID    Runtime      # DAGs    # Errors  Last Runtime    Last Run
------------------------------------  -----  ---------  --------  ----------  --------------  -------------------
/opt/airflow/dags/f1_pipeline_dag.py                           1           0  0.21s           2026-10-05T18:29:33
================================================================================
[2026-10-05T18:30:03.392+0000] {manager.py:878} INFO - 
================================================================================
DAG File Processing Stats

File Path                             PID    Runtime      # DAGs    # Errors  Last Runtime    Last Run
------------------------------------  -----  ---------  --------  ----------  --------------  -------------------
/opt/airflow/dags/f1_pipeline_dag.py                           1           0  0.21s           2026-10-05T18:30:03
================================================================================
[2026-10-05T18:30:29.389+0000] {manager.py:737} INFO - Searching for files in /opt/airflow/dags
[2026-10-05T18:30:29.390+0000] {manager.py:740} INFO - There are 1 files in /opt/airflow/dags
[2026-10-05T18:30:33.730+0000] {manager.py:878} INFO - 
================================================================================
DAG File Processing Stats

File Path                             PID    Runtime      # DAGs    # Errors  Last Runtime    Last Run
------------------------------------  -----  ---------  --------  ----------  --------------  -------------------
/opt/airflow/dags/f1_pipeline_dag.py                           1           0  0.21s           2026-10-05T18:30:33
================================================================================
[2026-10-05T18:31:04.080+0000] {manager.py:878} INFO - 
================================================================================
DAG File Processing Stats

File Path                             PID    Runtime      # DAGs    # Errors  Last Runtime    Last Run
------------------------------------  -----  ---------  --------  ----------  --------------  -------------------
/opt/airflow/dags/f1_pipeline_dag.py                           1           0  0.21s           2026-10-05T18:31:04
================================================================================
[2026-10-05T18:31:34.424+0000] {manager.py:878} INFO - 
================================================================================
DAG File Processing Stats

File Path                             PID    Runtime      # DAGs    # Errors  Last Runtime    Last Run
------------------------------------  -----  ---------  --------  ----------  --------------  -------------------
/opt/airflow/dags/f1_pipeline_dag.py                           1           0  0.21s           2026-10-05T18:31:34
================================================================================
[2026-10-05T18:32:04.779+0000] {manager.py:878} INFO - 
================================================================================
DAG File Processing Stats

File Path                             PID    Runtime      # DAGs    # Errors  Last Runtime    Last Run
------------------------------------  -----  ---------  --------  ----------  --------------  -------------------
/opt/airflow/dags/f1_pipeline_dag.py                           1           0  0.21s           2026-10-05T18:32:04
================================================================================
[2026-10-05T18:32:35.059+0000] {manager.py:878} INFO - 
================================================================================
DAG File Processing Stats

File Path                             PID    Runtime      # DAGs    # Errors  Last Runtime    Last Run
------------------------------------  -----  ---------  --------  ----------  --------------  -------------------
/opt/airflow/dags/f1_pipeline_dag.py                           1           0  0.21s           2026-10-05T18:32:35
================================================================================
[2026-10-05T18:33:05.364+0000] {manager.py:878} INFO - 
================================================================================
DAG File Processing Stats

File Path                             PID    Runtime      # DAGs    # Errors  Last Runtime    Last Run
------------------------------------  -----  ---------  --------  ----------  --------------  -------------------
/opt/airflow/dags/f1_pipeline_dag.py                           1           0  0.21s           2026-10-05T18:33:05
================================================================================
[2026-10-05T18:33:35.671+0000] {manager.py:878} INFO - 
================================================================================
DAG File Processing Stats

File Path                             PID    Runtime      # DAGs    # Errors  Last Runtime    Last Run
------------------------------------  -----  ---------  --------  ----------  --------------  -------------------
/opt/airflow/dags/f1_pipeline_dag.py                           1           0  0.21s           2026-10-05T18:33:35
================================================================================
[2026-10-05T18:34:05.977+0000] {manager.py:878} INFO - 
================================================================================
DAG File Processing Stats

File Path                             PID    Runtime      # DAGs    # Errors  Last Runtime    Last Run
------------------------------------  -----  ---------  --------  ----------  --------------  -------------------
/opt/airflow/dags/f1_pipeline_dag.py                           1           0  0.21s           2026-10-05T18:34:05
================================================================================
[2026-10-05T18:34:36.285+0000] {manager.py:878} INFO - 
================================================================================
DAG File Processing Stats

File Path                             PID    Runtime      # DAGs    # Errors  Last Runtime    Last Run
------------------------------------  -----  ---------  --------  ----------  --------------  -------------------
/opt/airflow/dags/f1_pipeline_dag.py                           1           0  0.21s           2026-10-05T18:34:36
================================================================================
[2026-10-05T18:35:06.594+0000] {manager.py:878} INFO - 
================================================================================
DAG File Processing Stats

File Path                             PID    Runtime      # DAGs    # Errors  Last Runtime    Last Run
------------------------------------  -----  ---------  --------  ----------  --------------  -------------------
/opt/airflow/dags/f1_pipeline_dag.py                           1           0  0.21s           2026-10-05T18:35:06
================================================================================
[2026-10-05T18:35:29.430+0000] {manager.py:737} INFO - Searching for files in /opt/airflow/dags
[2026-10-05T18:35:29.432+0000] {manager.py:740} INFO - There are 1 files in /opt/airflow/dags
[2026-10-05T18:35:36.909+0000] {manager.py:878} INFO - 
================================================================================
DAG File Processing Stats

File Path                             PID    Runtime      # DAGs    # Errors  Last Runtime    Last Run
------------------------------------  -----  ---------  --------  ----------  --------------  -------------------
/opt/airflow/dags/f1_pipeline_dag.py                           1           0  0.21s           2026-10-05T18:35:36
================================================================================
[2026-10-05T18:36:07.214+0000] {manager.py:878} INFO - 
================================================================================
DAG File Processing Stats

File Path                             PID    Runtime      # DAGs    # Errors  Last Runtime    Last Run
------------------------------------  -----  ---------  --------  ----------  --------------  -------------------
/opt/airflow/dags/f1_pipeline_dag.py                           1           0  0.21s           2026-10-05T18:36:07
================================================================================
[2026-10-05T18:36:37.518+0000] {manager.py:878} INFO - 
================================================================================
DAG File Processing Stats

File Path                             PID    Runtime      # DAGs    # Errors  Last Runtime    Last Run
------------------------------------  -----  ---------  --------  ----------  --------------  -------------------
/opt/airflow/dags/f1_pipeline_dag.py                           1           0  0.21s           2026-10-05T18:36:37
================================================================================
[2026-10-05T18:37:07.764+0000] {manager.py:878} INFO - 
================================================================================
DAG File Processing Stats

File Path                             PID    Runtime      # DAGs    # Errors  Last Runtime    Last Run
------------------------------------  -----  ---------  --------  ----------  --------------  -------------------
/opt/airflow/dags/f1_pipeline_dag.py                           1           0  0.21s           2026-10-05T18:37:07
================================================================================
[2026-10-05T18:37:38.075+0000] {manager.py:878} INFO - 
================================================================================
DAG File Processing Stats

File Path                             PID    Runtime      # DAGs    # Errors  Last Runtime    Last Run
------------------------------------  -----  ---------  --------  ----------  --------------  -------------------
/opt/airflow/dags/f1_pipeline_dag.py                           1           0  0.21s           2026-10-05T18:37:38
================================================================================
[2026-10-05T18:38:08.359+0000] {manager.py:878} INFO - 
================================================================================
DAG File Processing Stats

File Path                             PID    Runtime      # DAGs    # Errors  Last Runtime    Last Run
------------------------------------  -----  ---------  --------  ----------  --------------  -------------------
/opt/airflow/dags/f1_pipeline_dag.py                           1           0  0.21s           2026-10-05T18:38:08
================================================================================
[2026-10-05T18:38:38.663+0000] {manager.py:878} INFO - 
================================================================================
DAG File Processing Stats

File Path                             PID    Runtime      # DAGs    # Errors  Last Runtime    Last Run
------------------------------------  -----  ---------  --------  ----------  --------------  -------------------
/opt/airflow/dags/f1_pipeline_dag.py                           1           0  0.21s           2026-10-05T18:38:38
================================================================================
[2026-10-05T18:39:08.969+0000] {manager.py:878} INFO - 
================================================================================
DAG File Processing Stats

File Path                             PID    Runtime      # DAGs    # Errors  Last Runtime    Last Run
------------------------------------  -----  ---------  --------  ----------  --------------  -------------------
/opt/airflow/dags/f1_pipeline_dag.py                           1           0  0.21s           2026-10-05T18:39:08
================================================================================
[2026-10-05T18:39:39.272+0000] {manager.py:878} INFO - 
================================================================================
DAG File Processing Stats

File Path                             PID    Runtime      # DAGs    # Errors  Last Runtime    Last Run
------------------------------------  -----  ---------  --------  ----------  --------------  -------------------
/opt/airflow/dags/f1_pipeline_dag.py                           1           0  0.21s           2026-10-05T18:39:39
================================================================================
[2026-10-05T18:40:09.581+0000] {manager.py:878} INFO - 
================================================================================
DAG File Processing Stats

File Path                             PID    Runtime      # DAGs    # Errors  Last Runtime    Last Run
------------------------------------  -----  ---------  --------  ----------  --------------  -------------------
/opt/airflow/dags/f1_pipeline_dag.py                           1           0  0.21s           2026-10-05T18:40:09
================================================================================
[2026-10-05T18:40:29.493+0000] {manager.py:737} INFO - Searching for files in /opt/airflow/dags
[2026-10-05T18:40:29.495+0000] {manager.py:740} INFO - There are 1 files in /opt/airflow/dags
[2026-10-05T18:40:39.872+0000] {manager.py:878} INFO - 
================================================================================
DAG File Processing Stats

File Path                             PID    Runtime      # DAGs    # Errors  Last Runtime    Last Run
------------------------------------  -----  ---------  --------  ----------  --------------  -------------------
/opt/airflow/dags/f1_pipeline_dag.py                           1           0  0.21s           2026-10-05T18:40:39
================================================================================
[2026-10-05T18:41:10.174+0000] {manager.py:878} INFO - 
================================================================================
DAG File Processing Stats

File Path                             PID    Runtime      # DAGs    # Errors  Last Runtime    Last Run
------------------------------------  -----  ---------  --------  ----------  --------------  -------------------
/opt/airflow/dags/f1_pipeline_dag.py                           1           0  0.21s           2026-10-05T18:41:10
================================================================================
[2026-10-05T18:41:40.479+0000] {manager.py:878} INFO - 
================================================================================
DAG File Processing Stats

File Path                             PID    Runtime      # DAGs    # Errors  Last Runtime    Last Run
------------------------------------  -----  ---------  --------  ----------  --------------  -------------------
/opt/airflow/dags/f1_pipeline_dag.py                           1           0  0.21s           2026-10-05T18:41:40
================================================================================
[2026-10-05T18:42:10.783+0000] {manager.py:878} INFO - 
================================================================================
DAG File Processing Stats

File Path                             PID    Runtime      # DAGs    # Errors  Last Runtime    Last Run
------------------------------------  -----  ---------  --------  ----------  --------------  -------------------
/opt/airflow/dags/f1_pipeline_dag.py                           1           0  0.21s           2026-10-05T18:42:10
================================================================================
[2026-10-05T18:42:41.090+0000] {manager.py:878} INFO - 
================================================================================
DAG File Processing Stats

File Path                             PID    Runtime      # DAGs    # Errors  Last Runtime    Last Run
------------------------------------  -----  ---------  --------  ----------  --------------  -------------------
/opt/airflow/dags/f1_pipeline_dag.py                           1           0  0.21s           2026-10-05T18:42:41
================================================================================
[2026-10-05T18:43:11.396+0000] {manager.py:878} INFO - 
================================================================================
DAG File Processing Stats

File Path                             PID    Runtime      # DAGs    # Errors  Last Runtime    Last Run
------------------------------------  -----  ---------  --------  ----------  --------------  -------------------
/opt/airflow/dags/f1_pipeline_dag.py                           1           0  0.21s           2026-10-05T18:43:11
================================================================================
[2026-10-05T18:43:41.705+0000] {manager.py:878} INFO - 
================================================================================
DAG File Processing Stats

File Path                             PID    Runtime      # DAGs    # Errors  Last Runtime    Last Run
------------------------------------  -----  ---------  --------  ----------  --------------  -------------------
/opt/airflow/dags/f1_pipeline_dag.py                           1           0  0.21s           2026-10-05T18:43:41
================================================================================
[2026-10-05T18:44:12.007+0000] {manager.py:878} INFO - 
================================================================================
DAG File Processing Stats

File Path                             PID    Runtime      # DAGs    # Errors  Last Runtime    Last Run
------------------------------------  -----  ---------  --------  ----------  --------------  -------------------
/opt/airflow/dags/f1_pipeline_dag.py                           1           0  0.21s           2026-10-05T18:44:12
================================================================================
[2026-10-05T18:44:42.314+0000] {manager.py:878} INFO - 
================================================================================
DAG File Processing Stats

File Path                             PID    Runtime      # DAGs    # Errors  Last Runtime    Last Run
------------------------------------  -----  ---------  --------  ----------  --------------  -------------------
/opt/airflow/dags/f1_pipeline_dag.py                           1           0  0.21s           2026-10-05T18:44:42
================================================================================
[2026-10-05T18:45:12.615+0000] {manager.py:878} INFO - 
================================================================================
DAG File Processing Stats

File Path                             PID    Runtime      # DAGs    # Errors  Last Runtime    Last Run
------------------------------------  -----  ---------  --------  ----------  --------------  -------------------
/opt/airflow/dags/f1_pipeline_dag.py                           1           0  0.21s           2026-10-05T18:45:12
================================================================================
[2026-10-05T18:45:29.555+0000] {manager.py:737} INFO - Searching for files in /opt/airflow/dags
[2026-10-05T18:45:29.556+0000] {manager.py:740} INFO - There are 1 files in /opt/airflow/dags
[2026-10-05T18:45:42.809+0000] {manager.py:878} INFO - 
================================================================================
DAG File Processing Stats

File Path                             PID    Runtime      # DAGs    # Errors  Last Runtime    Last Run
------------------------------------  -----  ---------  --------  ----------  --------------  -------------------
/opt/airflow/dags/f1_pipeline_dag.py                           1           0  0.11s           2026-10-05T18:45:42
================================================================================
[2026-10-05T18:46:12.896+0000] {manager.py:878} INFO - 
================================================================================
DAG File Processing Stats

File Path                             PID    Runtime      # DAGs    # Errors  Last Runtime    Last Run
------------------------------------  -----  ---------  --------  ----------  --------------  -------------------
/opt/airflow/dags/f1_pipeline_dag.py                           1           0  0.21s           2026-10-05T18:46:00
================================================================================
[2026-10-05T18:46:42.989+0000] {manager.py:878} INFO - 
================================================================================
DAG File Processing Stats

File Path                             PID    Runtime      # DAGs    # Errors  Last Runtime    Last Run
------------------------------------  -----  ---------  --------  ----------  --------------  -------------------
/opt/airflow/dags/f1_pipeline_dag.py                           1           0  0.21s           2026-10-05T18:46:30
================================================================================
[2026-10-05T18:47:13.081+0000] {manager.py:878} INFO - 
================================================================================
DAG File Processing Stats

File Path                             PID    Runtime      # DAGs    # Errors  Last Runtime    Last Run
------------------------------------  -----  ---------  --------  ----------  --------------  -------------------
/opt/airflow/dags/f1_pipeline_dag.py                           1           0  0.11s           2026-10-05T18:47:00
================================================================================
[2026-10-05T18:47:43.167+0000] {manager.py:878} INFO - 
================================================================================
DAG File Processing Stats

File Path                             PID    Runtime      # DAGs    # Errors  Last Runtime    Last Run
------------------------------------  -----  ---------  --------  ----------  --------------  -------------------
/opt/airflow/dags/f1_pipeline_dag.py                           1           0  0.21s           2026-10-05T18:47:31
================================================================================
[2026-10-05T18:48:13.247+0000] {manager.py:878} INFO - 
================================================================================
DAG File Processing Stats

File Path                             PID    Runtime      # DAGs    # Errors  Last Runtime    Last Run
------------------------------------  -----  ---------  --------  ----------  --------------  -------------------
/opt/airflow/dags/f1_pipeline_dag.py                           1           0  0.11s           2026-10-05T18:48:02
================================================================================
[2026-10-05T18:48:43.349+0000] {manager.py:878} INFO - 
================================================================================
DAG File Processing Stats

File Path                             PID    Runtime      # DAGs    # Errors  Last Runtime    Last Run
------------------------------------  -----  ---------  --------  ----------  --------------  -------------------
/opt/airflow/dags/f1_pipeline_dag.py                           1           0  0.21s           2026-10-05T18:48:32
================================================================================
[2026-10-05T18:49:13.447+0000] {manager.py:878} INFO - 
================================================================================
DAG File Processing Stats

File Path                             PID    Runtime      # DAGs    # Errors  Last Runtime    Last Run
------------------------------------  -----  ---------  --------  ----------  --------------  -------------------
/opt/airflow/dags/f1_pipeline_dag.py                           1           0  0.21s           2026-10-05T18:49:03
================================================================================
[2026-10-05T18:49:43.525+0000] {manager.py:878} INFO - 
================================================================================
DAG File Processing Stats

File Path                             PID    Runtime      # DAGs    # Errors  Last Runtime    Last Run
------------------------------------  -----  ---------  --------  ----------  --------------  -------------------
/opt/airflow/dags/f1_pipeline_dag.py                           1           0  0.11s           2026-10-05T18:49:33
================================================================================
[2026-10-05T18:50:13.564+0000] {manager.py:878} INFO - 
================================================================================
DAG File Processing Stats

File Path                             PID    Runtime      # DAGs    # Errors  Last Runtime    Last Run
------------------------------------  -----  ---------  --------  ----------  --------------  -------------------
/opt/airflow/dags/f1_pipeline_dag.py                           1           0  0.21s           2026-10-05T18:50:03
================================================================================
[2026-10-05T18:50:29.594+0000] {manager.py:737} INFO - Searching for files in /opt/airflow/dags
[2026-10-05T18:50:29.596+0000] {manager.py:740} INFO - There are 1 files in /opt/airflow/dags
[2026-10-05T18:50:43.650+0000] {manager.py:878} INFO - 
================================================================================
DAG File Processing Stats

File Path                             PID    Runtime      # DAGs    # Errors  Last Runtime    Last Run
------------------------------------  -----  ---------  --------  ----------  --------------  -------------------
/opt/airflow/dags/f1_pipeline_dag.py                           1           0  0.21s           2026-10-05T18:50:34
================================================================================
[2026-10-05T18:51:13.741+0000] {manager.py:878} INFO - 
================================================================================
DAG File Processing Stats

File Path                             PID    Runtime      # DAGs    # Errors  Last Runtime    Last Run
------------------------------------  -----  ---------  --------  ----------  --------------  -------------------
/opt/airflow/dags/f1_pipeline_dag.py                           1           0  0.11s           2026-10-05T18:51:04
================================================================================
[2026-10-05T18:51:43.822+0000] {manager.py:878} INFO - 
================================================================================
DAG File Processing Stats

File Path                             PID    Runtime      # DAGs    # Errors  Last Runtime    Last Run
------------------------------------  -----  ---------  --------  ----------  --------------  -------------------
/opt/airflow/dags/f1_pipeline_dag.py                           1           0  0.21s           2026-10-05T18:51:34
================================================================================
[2026-10-05T18:52:13.895+0000] {manager.py:878} INFO - 
================================================================================
DAG File Processing Stats

File Path                             PID    Runtime      # DAGs    # Errors  Last Runtime    Last Run
------------------------------------  -----  ---------  --------  ----------  --------------  -------------------
/opt/airflow/dags/f1_pipeline_dag.py                           1           0  0.11s           2026-10-05T18:52:04
================================================================================
[2026-10-05T18:52:43.947+0000] {manager.py:878} INFO - 
================================================================================
DAG File Processing Stats

File Path                             PID    Runtime      # DAGs    # Errors  Last Runtime    Last Run
------------------------------------  -----  ---------  --------  ----------  --------------  -------------------
/opt/airflow/dags/f1_pipeline_dag.py                           1           0  0.11s           2026-10-05T18:52:34
================================================================================
[2026-10-05T18:53:14.036+0000] {manager.py:878} INFO - 
================================================================================
DAG File Processing Stats

File Path                             PID    Runtime      # DAGs    # Errors  Last Runtime    Last Run
------------------------------------  -----  ---------  --------  ----------  --------------  -------------------
/opt/airflow/dags/f1_pipeline_dag.py                           1           0  0.21s           2026-10-05T18:53:05
================================================================================
[2026-10-05T18:53:44.132+0000] {manager.py:878} INFO - 
================================================================================
DAG File Processing Stats

File Path                             PID    Runtime      # DAGs    # Errors  Last Runtime    Last Run
------------------------------------  -----  ---------  --------  ----------  --------------  -------------------
/opt/airflow/dags/f1_pipeline_dag.py                           1           0  0.21s           2026-10-05T18:53:35
================================================================================
[2026-10-05T18:54:14.230+0000] {manager.py:878} INFO - 
================================================================================
DAG File Processing Stats

File Path                             PID    Runtime      # DAGs    # Errors  Last Runtime    Last Run
------------------------------------  -----  ---------  --------  ----------  --------------  -------------------
/opt/airflow/dags/f1_pipeline_dag.py                           1           0  0.21s           2026-10-05T18:54:05
================================================================================
[2026-10-05T18:54:44.325+0000] {manager.py:878} INFO - 
================================================================================
DAG File Processing Stats

File Path                             PID    Runtime      # DAGs    # Errors  Last Runtime    Last Run
------------------------------------  -----  ---------  --------  ----------  --------------  -------------------
/opt/airflow/dags/f1_pipeline_dag.py                           1           0  0.21s           2026-10-05T18:54:36
================================================================================
[2026-10-05T18:55:14.376+0000] {manager.py:878} INFO - 
================================================================================
DAG File Processing Stats

File Path                             PID    Runtime      # DAGs    # Errors  Last Runtime    Last Run
------------------------------------  -----  ---------  --------  ----------  --------------  -------------------
/opt/airflow/dags/f1_pipeline_dag.py                           1           0  0.21s           2026-10-05T18:55:06
================================================================================
[2026-10-05T18:55:29.656+0000] {manager.py:737} INFO - Searching for files in /opt/airflow/dags
[2026-10-05T18:55:29.658+0000] {manager.py:740} INFO - There are 1 files in /opt/airflow/dags
[2026-10-05T18:55:44.492+0000] {manager.py:878} INFO - 
================================================================================
DAG File Processing Stats

File Path                             PID    Runtime      # DAGs    # Errors  Last Runtime    Last Run
------------------------------------  -----  ---------  --------  ----------  --------------  -------------------
/opt/airflow/dags/f1_pipeline_dag.py                           1           0  0.21s           2026-10-05T18:55:36
================================================================================
[2026-10-05T18:56:14.570+0000] {manager.py:878} INFO - 
================================================================================
DAG File Processing Stats

File Path                             PID    Runtime      # DAGs    # Errors  Last Runtime    Last Run
------------------------------------  -----  ---------  --------  ----------  --------------  -------------------
/opt/airflow/dags/f1_pipeline_dag.py                           1           0  0.21s           2026-10-05T18:56:07
================================================================================
[2026-10-05T18:56:44.667+0000] {manager.py:878} INFO - 
================================================================================
DAG File Processing Stats

File Path                             PID    Runtime      # DAGs    # Errors  Last Runtime    Last Run
------------------------------------  -----  ---------  --------  ----------  --------------  -------------------
/opt/airflow/dags/f1_pipeline_dag.py                           1           0  0.21s           2026-10-05T18:56:37
================================================================================
[2026-10-05T18:57:14.731+0000] {manager.py:878} INFO - 
================================================================================
DAG File Processing Stats

File Path                             PID    Runtime      # DAGs    # Errors  Last Runtime    Last Run
------------------------------------  -----  ---------  --------  ----------  --------------  -------------------
/opt/airflow/dags/f1_pipeline_dag.py                           1           0  0.21s           2026-10-05T18:57:07
================================================================================
[2026-10-05T18:57:44.836+0000] {manager.py:878} INFO - 
================================================================================
DAG File Processing Stats

File Path                             PID    Runtime      # DAGs    # Errors  Last Runtime    Last Run
------------------------------------  -----  ---------  --------  ----------  --------------  -------------------
/opt/airflow/dags/f1_pipeline_dag.py                           1           0  0.21s           2026-10-05T18:57:38
================================================================================
[2026-10-05T18:58:14.930+0000] {manager.py:878} INFO - 
================================================================================
DAG File Processing Stats

File Path                             PID    Runtime      # DAGs    # Errors  Last Runtime    Last Run
------------------------------------  -----  ---------  --------  ----------  --------------  -------------------
/opt/airflow/dags/f1_pipeline_dag.py                           1           0  0.21s           2026-10-05T18:58:08
================================================================================
[2026-10-05T18:58:45.030+0000] {manager.py:878} INFO - 
================================================================================
DAG File Processing Stats

File Path                             PID    Runtime      # DAGs    # Errors  Last Runtime    Last Run
------------------------------------  -----  ---------  --------  ----------  --------------  -------------------
/opt/airflow/dags/f1_pipeline_dag.py                           1           0  0.21s           2026-10-05T18:58:38
================================================================================
[2026-10-05T18:59:15.064+0000] {manager.py:878} INFO - 
================================================================================
DAG File Processing Stats

File Path                             PID    Runtime      # DAGs    # Errors  Last Runtime    Last Run
------------------------------------  -----  ---------  --------  ----------  --------------  -------------------
/opt/airflow/dags/f1_pipeline_dag.py                           1           0  0.21s           2026-10-05T18:59:09
================================================================================
[2026-10-05T18:59:45.217+0000] {manager.py:878} INFO - 
================================================================================
DAG File Processing Stats

File Path                             PID    Runtime      # DAGs    # Errors  Last Runtime    Last Run
------------------------------------  -----  ---------  --------  ----------  --------------  -------------------
/opt/airflow/dags/f1_pipeline_dag.py                           1           0  0.21s           2026-10-05T18:59:39
================================================================================
[2026-10-05T19:00:15.308+0000] {manager.py:878} INFO - 
================================================================================
DAG File Processing Stats

File Path                             PID    Runtime      # DAGs    # Errors  Last Runtime    Last Run
------------------------------------  -----  ---------  --------  ----------  --------------  -------------------
/opt/airflow/dags/f1_pipeline_dag.py                           1           0  0.21s           2026-10-05T19:00:09
================================================================================
[2026-10-05T19:00:29.720+0000] {manager.py:737} INFO - Searching for files in /opt/airflow/dags
[2026-10-05T19:00:29.723+0000] {manager.py:740} INFO - There are 1 files in /opt/airflow/dags
[2026-10-05T19:00:45.412+0000] {manager.py:878} INFO - 
================================================================================
DAG File Processing Stats

File Path                             PID    Runtime      # DAGs    # Errors  Last Runtime    Last Run
------------------------------------  -----  ---------  --------  ----------  --------------  -------------------
/opt/airflow/dags/f1_pipeline_dag.py                           1           0  0.21s           2026-10-05T19:00:40
================================================================================
[2026-10-05T19:01:15.418+0000] {manager.py:878} INFO - 
================================================================================
DAG File Processing Stats

File Path                             PID    Runtime      # DAGs    # Errors  Last Runtime    Last Run
------------------------------------  -----  ---------  --------  ----------  --------------  -------------------
/opt/airflow/dags/f1_pipeline_dag.py                           1           0  0.21s           2026-10-05T19:01:10
================================================================================
[2026-10-05T19:01:45.593+0000] {manager.py:878} INFO - 
================================================================================
DAG File Processing Stats

File Path                             PID    Runtime      # DAGs    # Errors  Last Runtime    Last Run
------------------------------------  -----  ---------  --------  ----------  --------------  -------------------
/opt/airflow/dags/f1_pipeline_dag.py                           1           0  0.21s           2026-10-05T19:01:40
================================================================================
[2026-10-05T19:02:15.686+0000] {manager.py:878} INFO - 
================================================================================
DAG File Processing Stats

File Path                             PID    Runtime      # DAGs    # Errors  Last Runtime    Last Run
------------------------------------  -----  ---------  --------  ----------  --------------  -------------------
/opt/airflow/dags/f1_pipeline_dag.py                           1           0  0.21s           2026-10-05T19:01:48
================================================================================
[2026-10-05T19:02:45.780+0000] {manager.py:878} INFO - 
================================================================================
DAG File Processing Stats

File Path                             PID    Runtime      # DAGs    # Errors  Last Runtime    Last Run
------------------------------------  -----  ---------  --------  ----------  --------------  -------------------
/opt/airflow/dags/f1_pipeline_dag.py                           1           0  0.21s           2026-10-05T19:02:19
================================================================================
[2026-10-05T19:03:15.873+0000] {manager.py:878} INFO - 
================================================================================
DAG File Processing Stats

File Path                             PID    Runtime      # DAGs    # Errors  Last Runtime    Last Run
------------------------------------  -----  ---------  --------  ----------  --------------  -------------------
/opt/airflow/dags/f1_pipeline_dag.py                           1           0  0.21s           2026-10-05T19:02:49
================================================================================
[2026-10-05T19:03:45.968+0000] {manager.py:878} INFO - 
================================================================================
DAG File Processing Stats

File Path                             PID    Runtime      # DAGs    # Errors  Last Runtime    Last Run
------------------------------------  -----  ---------  --------  ----------  --------------  -------------------
/opt/airflow/dags/f1_pipeline_dag.py                           1           0  0.21s           2026-10-05T19:03:19
================================================================================
[2026-10-05T19:04:16.061+0000] {manager.py:878} INFO - 
================================================================================
DAG File Processing Stats

File Path                             PID    Runtime      # DAGs    # Errors  Last Runtime    Last Run
------------------------------------  -----  ---------  --------  ----------  --------------  -------------------
/opt/airflow/dags/f1_pipeline_dag.py                           1           0  0.21s           2026-10-05T19:03:50
================================================================================
[2026-10-05T19:04:46.158+0000] {manager.py:878} INFO - 
================================================================================
DAG File Processing Stats

File Path                             PID    Runtime      # DAGs    # Errors  Last Runtime    Last Run
------------------------------------  -----  ---------  --------  ----------  --------------  -------------------
/opt/airflow/dags/f1_pipeline_dag.py                           1           0  0.21s           2026-10-05T19:04:20
================================================================================
[2026-10-05T19:05:16.250+0000] {manager.py:878} INFO - 
================================================================================
DAG File Processing Stats

File Path                             PID    Runtime      # DAGs    # Errors  Last Runtime    Last Run
------------------------------------  -----  ---------  --------  ----------  --------------  -------------------
/opt/airflow/dags/f1_pipeline_dag.py                           1           0  0.11s           2026-10-05T19:04:50
================================================================================
[2026-10-05T19:05:29.785+0000] {manager.py:737} INFO - Searching for files in /opt/airflow/dags
[2026-10-05T19:05:29.787+0000] {manager.py:740} INFO - There are 1 files in /opt/airflow/dags
[2026-10-05T19:05:46.329+0000] {manager.py:878} INFO - 
================================================================================
DAG File Processing Stats

File Path                             PID    Runtime      # DAGs    # Errors  Last Runtime    Last Run
------------------------------------  -----  ---------  --------  ----------  --------------  -------------------
/opt/airflow/dags/f1_pipeline_dag.py                           1           0  0.21s           2026-10-05T19:05:21
================================================================================
[2026-10-05T19:06:16.420+0000] {manager.py:878} INFO - 
================================================================================
DAG File Processing Stats

File Path                             PID    Runtime      # DAGs    # Errors  Last Runtime    Last Run
------------------------------------  -----  ---------  --------  ----------  --------------  -------------------
/opt/airflow/dags/f1_pipeline_dag.py                           1           0  0.21s           2026-10-05T19:05:52
================================================================================
[2026-10-05T19:06:50.493+0000] {manager.py:878} INFO - 
================================================================================
DAG File Processing Stats

File Path                             PID    Runtime      # DAGs    # Errors  Last Runtime    Last Run
------------------------------------  -----  ---------  --------  ----------  --------------  -------------------
/opt/airflow/dags/f1_pipeline_dag.py                           1           0  0.21s           2026-10-05T19:06:22
================================================================================
[2026-10-05T19:07:20.543+0000] {manager.py:878} INFO - 
================================================================================
DAG File Processing Stats

File Path                             PID    Runtime      # DAGs    # Errors  Last Runtime    Last Run
------------------------------------  -----  ---------  --------  ----------  --------------  -------------------
/opt/airflow/dags/f1_pipeline_dag.py                           1           0  0.21s           2026-10-05T19:06:52
================================================================================
[2026-10-05T19:07:50.585+0000] {manager.py:878} INFO - 
================================================================================
DAG File Processing Stats

File Path                             PID    Runtime      # DAGs    # Errors  Last Runtime    Last Run
------------------------------------  -----  ---------  --------  ----------  --------------  -------------------
/opt/airflow/dags/f1_pipeline_dag.py                           1           0  0.21s           2026-10-05T19:07:23
================================================================================
[2026-10-05T19:08:20.727+0000] {manager.py:878} INFO - 
================================================================================
DAG File Processing Stats

File Path                             PID    Runtime      # DAGs    # Errors  Last Runtime    Last Run
------------------------------------  -----  ---------  --------  ----------  --------------  -------------------
/opt/airflow/dags/f1_pipeline_dag.py                           1           0  0.21s           2026-10-05T19:07:53
================================================================================
[2026-10-05T19:08:50.815+0000] {manager.py:878} INFO - 
================================================================================
DAG File Processing Stats

File Path                             PID    Runtime      # DAGs    # Errors  Last Runtime    Last Run
------------------------------------  -----  ---------  --------  ----------  --------------  -------------------
/opt/airflow/dags/f1_pipeline_dag.py                           1           0  0.21s           2026-10-05T19:08:23
================================================================================
[2026-10-05T19:09:33.228+0000] {manager.py:878} INFO - 
================================================================================
DAG File Processing Stats

File Path                             PID    Runtime      # DAGs    # Errors  Last Runtime    Last Run
------------------------------------  -----  ---------  --------  ----------  --------------  -------------------
/opt/airflow/dags/f1_pipeline_dag.py                           1           0  0.11s           2026-10-05T19:09:33
================================================================================
[2026-10-05T19:10:03.608+0000] {manager.py:878} INFO - 
================================================================================
DAG File Processing Stats

File Path                             PID    Runtime      # DAGs    # Errors  Last Runtime    Last Run
------------------------------------  -----  ---------  --------  ----------  --------------  -------------------
/opt/airflow/dags/f1_pipeline_dag.py                           1           0  0.21s           2026-10-05T19:10:03
================================================================================
[2026-10-05T19:10:29.851+0000] {manager.py:737} INFO - Searching for files in /opt/airflow/dags
[2026-10-05T19:10:29.853+0000] {manager.py:740} INFO - There are 1 files in /opt/airflow/dags
[2026-10-05T19:10:34.176+0000] {manager.py:878} INFO - 
================================================================================
DAG File Processing Stats

File Path                             PID    Runtime      # DAGs    # Errors  Last Runtime    Last Run
------------------------------------  -----  ---------  --------  ----------  --------------  -------------------
/opt/airflow/dags/f1_pipeline_dag.py                           1           0  0.21s           2026-10-05T19:10:34
================================================================================
[2026-10-05T19:11:04.706+0000] {manager.py:878} INFO - 
================================================================================
DAG File Processing Stats

File Path                             PID    Runtime      # DAGs    # Errors  Last Runtime    Last Run
------------------------------------  -----  ---------  --------  ----------  --------------  -------------------
/opt/airflow/dags/f1_pipeline_dag.py                           1           0  0.21s           2026-10-05T19:11:04
================================================================================
[2026-10-05T19:11:35.267+0000] {manager.py:878} INFO - 
================================================================================
DAG File Processing Stats

File Path                             PID    Runtime      # DAGs    # Errors  Last Runtime    Last Run
------------------------------------  -----  ---------  --------  ----------  --------------  -------------------
/opt/airflow/dags/f1_pipeline_dag.py                           1           0  0.21s           2026-10-05T19:11:35
================================================================================
[2026-10-05T19:12:05.784+0000] {manager.py:878} INFO - 
================================================================================
DAG File Processing Stats

File Path                             PID    Runtime      # DAGs    # Errors  Last Runtime    Last Run
------------------------------------  -----  ---------  --------  ----------  --------------  -------------------
/opt/airflow/dags/f1_pipeline_dag.py                           1           0  0.21s           2026-10-05T19:12:05
================================================================================
[2026-10-05T19:12:36.167+0000] {manager.py:878} INFO - 
================================================================================
DAG File Processing Stats

File Path                             PID    Runtime      # DAGs    # Errors  Last Runtime    Last Run
------------------------------------  -----  ---------  --------  ----------  --------------  -------------------
/opt/airflow/dags/f1_pipeline_dag.py                           1           0  0.21s           2026-10-05T19:12:36
================================================================================
[2026-10-05T19:13:06.670+0000] {manager.py:878} INFO - 
================================================================================
DAG File Processing Stats

File Path                             PID    Runtime      # DAGs    # Errors  Last Runtime    Last Run
------------------------------------  -----  ---------  --------  ----------  --------------  -------------------
/opt/airflow/dags/f1_pipeline_dag.py                           1           0  0.21s           2026-10-05T19:13:06
================================================================================
[2026-10-05T19:13:37.197+0000] {manager.py:878} INFO - 
================================================================================
DAG File Processing Stats

File Path                             PID    Runtime      # DAGs    # Errors  Last Runtime    Last Run
------------------------------------  -----  ---------  --------  ----------  --------------  -------------------
/opt/airflow/dags/f1_pipeline_dag.py                           1           0  0.21s           2026-10-05T19:13:37
================================================================================
[2026-10-05T19:14:07.583+0000] {manager.py:878} INFO - 
================================================================================
DAG File Processing Stats

File Path                             PID    Runtime      # DAGs    # Errors  Last Runtime    Last Run
------------------------------------  -----  ---------  --------  ----------  --------------  -------------------
/opt/airflow/dags/f1_pipeline_dag.py                           1           0  0.21s           2026-10-05T19:14:07
================================================================================
[2026-10-05T19:14:38.120+0000] {manager.py:878} INFO - 
================================================================================
DAG File Processing Stats

File Path                             PID    Runtime      # DAGs    # Errors  Last Runtime    Last Run
------------------------------------  -----  ---------  --------  ----------  --------------  -------------------
/opt/airflow/dags/f1_pipeline_dag.py                           1           0  0.21s           2026-10-05T19:14:38
================================================================================
[2026-10-05T19:15:08.675+0000] {manager.py:878} INFO - 
================================================================================
DAG File Processing Stats

File Path                             PID    Runtime      # DAGs    # Errors  Last Runtime    Last Run
------------------------------------  -----  ---------  --------  ----------  --------------  -------------------
/opt/airflow/dags/f1_pipeline_dag.py                           1           0  0.21s           2026-10-05T19:15:08
================================================================================
[2026-10-05T19:15:29.914+0000] {manager.py:737} INFO - Searching for files in /opt/airflow/dags
[2026-10-05T19:15:29.916+0000] {manager.py:740} INFO - There are 1 files in /opt/airflow/dags
[2026-10-05T19:15:39.036+0000] {manager.py:878} INFO - 
================================================================================
DAG File Processing Stats

File Path                             PID    Runtime      # DAGs    # Errors  Last Runtime    Last Run
------------------------------------  -----  ---------  --------  ----------  --------------  -------------------
/opt/airflow/dags/f1_pipeline_dag.py                           1           0  0.21s           2026-10-05T19:15:39
================================================================================
[2026-10-05T19:16:09.565+0000] {manager.py:878} INFO - 
================================================================================
DAG File Processing Stats

File Path                             PID    Runtime      # DAGs    # Errors  Last Runtime    Last Run
------------------------------------  -----  ---------  --------  ----------  --------------  -------------------
/opt/airflow/dags/f1_pipeline_dag.py                           1           0  0.21s           2026-10-05T19:16:09
================================================================================
[2026-10-05T19:16:40.135+0000] {manager.py:878} INFO - 
================================================================================
DAG File Processing Stats

File Path                             PID    Runtime      # DAGs    # Errors  Last Runtime    Last Run
------------------------------------  -----  ---------  --------  ----------  --------------  -------------------
/opt/airflow/dags/f1_pipeline_dag.py                           1           0  0.21s           2026-10-05T19:16:40
================================================================================
[2026-10-05T19:17:10.630+0000] {manager.py:878} INFO - 
================================================================================
DAG File Processing Stats

File Path                             PID    Runtime      # DAGs    # Errors  Last Runtime    Last Run
------------------------------------  -----  ---------  --------  ----------  --------------  -------------------
/opt/airflow/dags/f1_pipeline_dag.py                           1           0  0.21s           2026-10-05T19:17:10
================================================================================
[2026-10-05T19:17:41.170+0000] {manager.py:878} INFO - 
================================================================================
DAG File Processing Stats

File Path                             PID    Runtime      # DAGs    # Errors  Last Runtime    Last Run
------------------------------------  -----  ---------  --------  ----------  --------------  -------------------
/opt/airflow/dags/f1_pipeline_dag.py                           1           0  0.21s           2026-10-05T19:17:41
================================================================================
[2026-10-05T19:18:11.706+0000] {manager.py:878} INFO - 
================================================================================
DAG File Processing Stats

File Path                             PID    Runtime      # DAGs    # Errors  Last Runtime    Last Run
------------------------------------  -----  ---------  --------  ----------  --------------  -------------------
/opt/airflow/dags/f1_pipeline_dag.py                           1           0  0.21s           2026-10-05T19:18:11
================================================================================
[2026-10-05T19:18:42.207+0000] {manager.py:878} INFO - 
================================================================================
DAG File Processing Stats

File Path                             PID    Runtime      # DAGs    # Errors  Last Runtime    Last Run
------------------------------------  -----  ---------  --------  ----------  --------------  -------------------
/opt/airflow/dags/f1_pipeline_dag.py                           1           0  0.21s           2026-10-05T19:18:42
================================================================================
[2026-10-05T19:19:12.746+0000] {manager.py:878} INFO - 
================================================================================
DAG File Processing Stats

File Path                             PID    Runtime      # DAGs    # Errors  Last Runtime    Last Run
------------------------------------  -----  ---------  --------  ----------  --------------  -------------------
/opt/airflow/dags/f1_pipeline_dag.py                           1           0  0.21s           2026-10-05T19:19:12
================================================================================
[2026-10-05T19:19:43.291+0000] {manager.py:878} INFO - 
================================================================================
DAG File Processing Stats

File Path                             PID    Runtime      # DAGs    # Errors  Last Runtime    Last Run
------------------------------------  -----  ---------  --------  ----------  --------------  -------------------
/opt/airflow/dags/f1_pipeline_dag.py                           1           0  0.21s           2026-10-05T19:19:43
================================================================================
[2026-10-05T19:20:13.837+0000] {manager.py:878} INFO - 
================================================================================
DAG File Processing Stats

File Path                             PID    Runtime      # DAGs    # Errors  Last Runtime    Last Run
------------------------------------  -----  ---------  --------  ----------  --------------  -------------------
/opt/airflow/dags/f1_pipeline_dag.py                           1           0  0.21s           2026-10-05T19:20:13
================================================================================
[2026-10-05T19:20:29.981+0000] {manager.py:737} INFO - Searching for files in /opt/airflow/dags
[2026-10-05T19:20:29.983+0000] {manager.py:740} INFO - There are 1 files in /opt/airflow/dags
[2026-10-05T19:20:44.359+0000] {manager.py:878} INFO - 
================================================================================
DAG File Processing Stats

File Path                             PID    Runtime      # DAGs    # Errors  Last Runtime    Last Run
------------------------------------  -----  ---------  --------  ----------  --------------  -------------------
/opt/airflow/dags/f1_pipeline_dag.py                           1           0  0.21s           2026-10-05T19:20:44
================================================================================
[2026-10-05T19:21:14.874+0000] {manager.py:878} INFO - 
================================================================================
DAG File Processing Stats

File Path                             PID    Runtime      # DAGs    # Errors  Last Runtime    Last Run
------------------------------------  -----  ---------  --------  ----------  --------------  -------------------
/opt/airflow/dags/f1_pipeline_dag.py                           1           0  0.21s           2026-10-05T19:21:14
================================================================================
[2026-10-05T19:21:45.401+0000] {manager.py:878} INFO - 
================================================================================
DAG File Processing Stats

File Path                             PID    Runtime      # DAGs    # Errors  Last Runtime    Last Run
------------------------------------  -----  ---------  --------  ----------  --------------  -------------------
/opt/airflow/dags/f1_pipeline_dag.py                           1           0  0.21s           2026-10-05T19:21:45
================================================================================
[2026-10-05T19:22:15.903+0000] {manager.py:878} INFO - 
================================================================================
DAG File Processing Stats

File Path                             PID    Runtime      # DAGs    # Errors  Last Runtime    Last Run
------------------------------------  -----  ---------  --------  ----------  --------------  -------------------
/opt/airflow/dags/f1_pipeline_dag.py                           1           0  0.21s           2026-10-05T19:22:15
================================================================================
[2026-10-05T19:22:46.454+0000] {manager.py:878} INFO - 
================================================================================
DAG File Processing Stats

File Path                             PID    Runtime      # DAGs    # Errors  Last Runtime    Last Run
------------------------------------  -----  ---------  --------  ----------  --------------  -------------------
/opt/airflow/dags/f1_pipeline_dag.py                           1           0  0.21s           2026-10-05T19:22:46
================================================================================
[2026-10-05T19:23:16.852+0000] {manager.py:878} INFO - 
================================================================================
DAG File Processing Stats

File Path                             PID    Runtime      # DAGs    # Errors  Last Runtime    Last Run
------------------------------------  -----  ---------  --------  ----------  --------------  -------------------
/opt/airflow/dags/f1_pipeline_dag.py                           1           0  0.21s           2026-10-05T19:23:16
================================================================================
[2026-10-05T19:23:47.110+0000] {manager.py:878} INFO - 
================================================================================
DAG File Processing Stats

File Path                             PID    Runtime      # DAGs    # Errors  Last Runtime    Last Run
------------------------------------  -----  ---------  --------  ----------  --------------  -------------------
/opt/airflow/dags/f1_pipeline_dag.py                           1           0  0.11s           2026-10-05T19:23:47
================================================================================
[2026-10-05T19:24:17.451+0000] {manager.py:878} INFO - 
================================================================================
DAG File Processing Stats

File Path                             PID    Runtime      # DAGs    # Errors  Last Runtime    Last Run
------------------------------------  -----  ---------  --------  ----------  --------------  -------------------
/opt/airflow/dags/f1_pipeline_dag.py                           1           0  0.21s           2026-10-05T19:24:17
================================================================================
[2026-10-05T19:24:47.803+0000] {manager.py:878} INFO - 
================================================================================
DAG File Processing Stats

File Path                             PID    Runtime      # DAGs    # Errors  Last Runtime    Last Run
------------------------------------  -----  ---------  --------  ----------  --------------  -------------------
/opt/airflow/dags/f1_pipeline_dag.py                           1           0  0.21s           2026-10-05T19:24:47
================================================================================
[2026-10-05T19:25:17.929+0000] {manager.py:878} INFO - 
================================================================================
DAG File Processing Stats

File Path                             PID    Runtime      # DAGs    # Errors  Last Runtime    Last Run
------------------------------------  -----  ---------  --------  ----------  --------------  -------------------
/opt/airflow/dags/f1_pipeline_dag.py                           1           0  0.21s           2026-10-05T19:25:02
================================================================================
[2026-10-05T19:25:30.043+0000] {manager.py:737} INFO - Searching for files in /opt/airflow/dags
[2026-10-05T19:25:30.045+0000] {manager.py:740} INFO - There are 1 files in /opt/airflow/dags
[2026-10-05T19:25:48.031+0000] {manager.py:878} INFO - 
================================================================================
DAG File Processing Stats

File Path                             PID    Runtime      # DAGs    # Errors  Last Runtime    Last Run
------------------------------------  -----  ---------  --------  ----------  --------------  -------------------
/opt/airflow/dags/f1_pipeline_dag.py                           1           0  0.21s           2026-10-05T19:25:33
================================================================================
[2026-10-05T19:26:18.179+0000] {manager.py:878} INFO - 
================================================================================
DAG File Processing Stats

File Path                             PID    Runtime      # DAGs    # Errors  Last Runtime    Last Run
------------------------------------  -----  ---------  --------  ----------  --------------  -------------------
/opt/airflow/dags/f1_pipeline_dag.py                           1           0  0.11s           2026-10-05T19:26:03
================================================================================
[2026-10-05T19:26:48.304+0000] {manager.py:878} INFO - 
================================================================================
DAG File Processing Stats

File Path                             PID    Runtime      # DAGs    # Errors  Last Runtime    Last Run
------------------------------------  -----  ---------  --------  ----------  --------------  -------------------
/opt/airflow/dags/f1_pipeline_dag.py                           1           0  0.21s           2026-10-05T19:26:34
================================================================================
[2026-10-05T19:27:18.432+0000] {manager.py:878} INFO - 
================================================================================
DAG File Processing Stats

File Path                             PID    Runtime      # DAGs    # Errors  Last Runtime    Last Run
------------------------------------  -----  ---------  --------  ----------  --------------  -------------------
/opt/airflow/dags/f1_pipeline_dag.py                           1           0  0.11s           2026-10-05T19:27:04
================================================================================
[2026-10-05T19:27:48.569+0000] {manager.py:878} INFO - 
================================================================================
DAG File Processing Stats

File Path                             PID    Runtime      # DAGs    # Errors  Last Runtime    Last Run
------------------------------------  -----  ---------  --------  ----------  --------------  -------------------
/opt/airflow/dags/f1_pipeline_dag.py                           1           0  0.10s           2026-10-05T19:27:34
================================================================================
[2026-10-05T19:28:18.594+0000] {manager.py:878} INFO - 
================================================================================
DAG File Processing Stats

File Path                             PID    Runtime      # DAGs    # Errors  Last Runtime    Last Run
------------------------------------  -----  ---------  --------  ----------  --------------  -------------------
/opt/airflow/dags/f1_pipeline_dag.py                           1           0  0.11s           2026-10-05T19:28:05
================================================================================
[2026-10-05T19:28:50.759+0000] {manager.py:878} INFO - 
================================================================================
DAG File Processing Stats

File Path                             PID    Runtime      # DAGs    # Errors  Last Runtime    Last Run
------------------------------------  -----  ---------  --------  ----------  --------------  -------------------
/opt/airflow/dags/f1_pipeline_dag.py                           1           0  0.21s           2026-10-05T19:28:24
================================================================================
[2026-10-05T19:29:21.397+0000] {manager.py:878} INFO - 
================================================================================
DAG File Processing Stats

File Path                             PID    Runtime      # DAGs    # Errors  Last Runtime    Last Run
------------------------------------  -----  ---------  --------  ----------  --------------  -------------------
/opt/airflow/dags/f1_pipeline_dag.py                           1           0  0.21s           2026-10-05T19:29:10
================================================================================
[2026-10-05T19:29:52.157+0000] {manager.py:878} INFO - 
================================================================================
DAG File Processing Stats

File Path                             PID    Runtime      # DAGs    # Errors  Last Runtime    Last Run
------------------------------------  -----  ---------  --------  ----------  --------------  -------------------
/opt/airflow/dags/f1_pipeline_dag.py                           1           0  0.21s           2026-10-05T19:29:51
================================================================================
[2026-10-05T19:30:33.248+0000] {manager.py:737} INFO - Searching for files in /opt/airflow/dags
[2026-10-05T19:30:33.249+0000] {manager.py:740} INFO - There are 1 files in /opt/airflow/dags
[2026-10-05T19:30:33.477+0000] {manager.py:878} INFO - 
================================================================================
DAG File Processing Stats

File Path                             PID    Runtime      # DAGs    # Errors  Last Runtime    Last Run
------------------------------------  -----  ---------  --------  ----------  --------------  -------------------
/opt/airflow/dags/f1_pipeline_dag.py                           1           0  0.21s           2026-10-05T19:30:33
================================================================================
[2026-10-05T19:31:03.602+0000] {manager.py:878} INFO - 
================================================================================
DAG File Processing Stats

File Path                             PID    Runtime      # DAGs    # Errors  Last Runtime    Last Run
------------------------------------  -----  ---------  --------  ----------  --------------  -------------------
/opt/airflow/dags/f1_pipeline_dag.py                           1           0  0.11s           2026-10-05T19:31:03
================================================================================
[2026-10-05T19:31:34.775+0000] {manager.py:878} INFO - 
================================================================================
DAG File Processing Stats

File Path                             PID    Runtime      # DAGs    # Errors  Last Runtime    Last Run
------------------------------------  -----  ---------  --------  ----------  --------------  -------------------
/opt/airflow/dags/f1_pipeline_dag.py                           1           0  0.21s           2026-10-05T19:31:34
================================================================================
[2026-10-05T19:32:05.447+0000] {manager.py:878} INFO - 
================================================================================
DAG File Processing Stats

File Path                             PID    Runtime      # DAGs    # Errors  Last Runtime    Last Run
------------------------------------  -----  ---------  --------  ----------  --------------  -------------------
/opt/airflow/dags/f1_pipeline_dag.py                           1           0  0.21s           2026-10-05T19:32:05
================================================================================
[2026-10-05T19:32:35.768+0000] {manager.py:878} INFO - 
================================================================================
DAG File Processing Stats

File Path                             PID    Runtime      # DAGs    # Errors  Last Runtime    Last Run
------------------------------------  -----  ---------  --------  ----------  --------------  -------------------
/opt/airflow/dags/f1_pipeline_dag.py                           1           0  0.21s           2026-10-05T19:32:35
================================================================================
[2026-10-05T19:33:06.057+0000] {manager.py:878} INFO - 
================================================================================
DAG File Processing Stats

File Path                             PID    Runtime      # DAGs    # Errors  Last Runtime    Last Run
------------------------------------  -----  ---------  --------  ----------  --------------  -------------------
/opt/airflow/dags/f1_pipeline_dag.py                           1           0  0.21s           2026-10-05T19:33:06
================================================================================
[2026-10-05T19:33:36.409+0000] {manager.py:878} INFO - 
================================================================================
DAG File Processing Stats

File Path                             PID    Runtime      # DAGs    # Errors  Last Runtime    Last Run
------------------------------------  -----  ---------  --------  ----------  --------------  -------------------
/opt/airflow/dags/f1_pipeline_dag.py                           1           0  0.21s           2026-10-05T19:33:36
================================================================================
[2026-10-05T19:34:06.716+0000] {manager.py:878} INFO - 
================================================================================
DAG File Processing Stats

File Path                             PID    Runtime      # DAGs    # Errors  Last Runtime    Last Run
------------------------------------  -----  ---------  --------  ----------  --------------  -------------------
/opt/airflow/dags/f1_pipeline_dag.py                           1           0  0.21s           2026-10-05T19:34:06
================================================================================
[2026-10-05T19:34:37.066+0000] {manager.py:878} INFO - 
================================================================================
DAG File Processing Stats

File Path                             PID    Runtime      # DAGs    # Errors  Last Runtime    Last Run
------------------------------------  -----  ---------  --------  ----------  --------------  -------------------
/opt/airflow/dags/f1_pipeline_dag.py                           1           0  0.21s           2026-10-05T19:34:37
================================================================================
[2026-10-05T19:35:07.360+0000] {manager.py:878} INFO - 
================================================================================
DAG File Processing Stats

File Path                             PID    Runtime      # DAGs    # Errors  Last Runtime    Last Run
------------------------------------  -----  ---------  --------  ----------  --------------  -------------------
/opt/airflow/dags/f1_pipeline_dag.py                           1           0  0.21s           2026-10-05T19:35:07
================================================================================
[2026-10-05T19:35:33.248+0000] {manager.py:737} INFO - Searching for files in /opt/airflow/dags
[2026-10-05T19:35:33.250+0000] {manager.py:740} INFO - There are 1 files in /opt/airflow/dags
[2026-10-05T19:35:37.711+0000] {manager.py:878} INFO - 
================================================================================
DAG File Processing Stats

File Path                             PID    Runtime      # DAGs    # Errors  Last Runtime    Last Run
------------------------------------  -----  ---------  --------  ----------  --------------  -------------------
/opt/airflow/dags/f1_pipeline_dag.py                           1           0  0.21s           2026-10-05T19:35:37
================================================================================
[2026-10-05T19:36:08.003+0000] {manager.py:878} INFO - 
================================================================================
DAG File Processing Stats

File Path                             PID    Runtime      # DAGs    # Errors  Last Runtime    Last Run
------------------------------------  -----  ---------  --------  ----------  --------------  -------------------
/opt/airflow/dags/f1_pipeline_dag.py                           1           0  0.21s           2026-10-05T19:36:08
================================================================================
[2026-10-05T19:36:49.990+0000] {manager.py:878} INFO - 
================================================================================
DAG File Processing Stats

File Path                             PID    Runtime      # DAGs    # Errors  Last Runtime    Last Run
------------------------------------  -----  ---------  --------  ----------  --------------  -------------------
/opt/airflow/dags/f1_pipeline_dag.py                           1           0  0.21s           2026-10-05T19:36:49
================================================================================
[2026-10-05T19:37:26.092+0000] {manager.py:878} INFO - 
================================================================================
DAG File Processing Stats

File Path                             PID    Runtime      # DAGs    # Errors  Last Runtime    Last Run
------------------------------------  -----  ---------  --------  ----------  --------------  -------------------
/opt/airflow/dags/f1_pipeline_dag.py                           1           0  0.11s           2026-10-05T19:37:26
================================================================================
[2026-10-05T19:37:56.467+0000] {manager.py:878} INFO - 
================================================================================
DAG File Processing Stats

File Path                             PID    Runtime      # DAGs    # Errors  Last Runtime    Last Run
------------------------------------  -----  ---------  --------  ----------  --------------  -------------------
/opt/airflow/dags/f1_pipeline_dag.py                           1           0  0.21s           2026-10-05T19:37:56
================================================================================
[2026-10-05T19:38:27.009+0000] {manager.py:878} INFO - 
================================================================================
DAG File Processing Stats

File Path                             PID    Runtime      # DAGs    # Errors  Last Runtime    Last Run
------------------------------------  -----  ---------  --------  ----------  --------------  -------------------
/opt/airflow/dags/f1_pipeline_dag.py                           1           0  0.21s           2026-10-05T19:38:27
================================================================================
[2026-10-05T19:39:10.140+0000] {manager.py:878} INFO - 
================================================================================
DAG File Processing Stats

File Path                             PID    Runtime      # DAGs    # Errors  Last Runtime    Last Run
------------------------------------  -----  ---------  --------  ----------  --------------  -------------------
/opt/airflow/dags/f1_pipeline_dag.py                           1           0  0.21s           2026-10-05T19:39:10
================================================================================
[2026-10-05T19:39:40.727+0000] {manager.py:878} INFO - 
================================================================================
DAG File Processing Stats

File Path                             PID    Runtime      # DAGs    # Errors  Last Runtime    Last Run
------------------------------------  -----  ---------  --------  ----------  --------------  -------------------
/opt/airflow/dags/f1_pipeline_dag.py                           1           0  0.21s           2026-10-05T19:39:40
================================================================================
[2026-10-05T19:40:10.923+0000] {manager.py:878} INFO - 
================================================================================
DAG File Processing Stats

File Path                             PID    Runtime      # DAGs    # Errors  Last Runtime    Last Run
------------------------------------  -----  ---------  --------  ----------  --------------  -------------------
/opt/airflow/dags/f1_pipeline_dag.py                           1           0  0.11s           2026-10-05T19:40:10
================================================================================
[2026-10-05T19:40:33.322+0000] {manager.py:737} INFO - Searching for files in /opt/airflow/dags
[2026-10-05T19:40:33.324+0000] {manager.py:740} INFO - There are 1 files in /opt/airflow/dags
[2026-10-05T19:40:41.345+0000] {manager.py:878} INFO - 
================================================================================
DAG File Processing Stats

File Path                             PID    Runtime      # DAGs    # Errors  Last Runtime    Last Run
------------------------------------  -----  ---------  --------  ----------  --------------  -------------------
/opt/airflow/dags/f1_pipeline_dag.py                           1           0  0.21s           2026-10-05T19:40:41
================================================================================
[2026-10-05T19:41:11.694+0000] {manager.py:878} INFO - 
================================================================================
DAG File Processing Stats

File Path                             PID    Runtime      # DAGs    # Errors  Last Runtime    Last Run
------------------------------------  -----  ---------  --------  ----------  --------------  -------------------
/opt/airflow/dags/f1_pipeline_dag.py                           1           0  0.21s           2026-10-05T19:41:11
================================================================================
[2026-10-05T19:41:42.034+0000] {manager.py:878} INFO - 
================================================================================
DAG File Processing Stats

File Path                             PID    Runtime      # DAGs    # Errors  Last Runtime    Last Run
------------------------------------  -----  ---------  --------  ----------  --------------  -------------------
/opt/airflow/dags/f1_pipeline_dag.py                           1           0  0.21s           2026-10-05T19:41:42
================================================================================
[2026-10-05T19:42:12.334+0000] {manager.py:878} INFO - 
================================================================================
DAG File Processing Stats

File Path                             PID    Runtime      # DAGs    # Errors  Last Runtime    Last Run
------------------------------------  -----  ---------  --------  ----------  --------------  -------------------
/opt/airflow/dags/f1_pipeline_dag.py                           1           0  0.21s           2026-10-05T19:42:12
================================================================================
[2026-10-05T19:42:42.607+0000] {manager.py:878} INFO - 
================================================================================
DAG File Processing Stats

File Path                             PID    Runtime      # DAGs    # Errors  Last Runtime    Last Run
------------------------------------  -----  ---------  --------  ----------  --------------  -------------------
/opt/airflow/dags/f1_pipeline_dag.py                           1           0  0.21s           2026-10-05T19:42:42
================================================================================
[2026-10-05T19:43:12.942+0000] {manager.py:878} INFO - 
================================================================================
DAG File Processing Stats

File Path                             PID    Runtime      # DAGs    # Errors  Last Runtime    Last Run
------------------------------------  -----  ---------  --------  ----------  --------------  -------------------
/opt/airflow/dags/f1_pipeline_dag.py                           1           0  0.21s           2026-10-05T19:43:12
================================================================================
[2026-10-05T19:43:43.243+0000] {manager.py:878} INFO - 
================================================================================
DAG File Processing Stats

File Path                             PID    Runtime      # DAGs    # Errors  Last Runtime    Last Run
------------------------------------  -----  ---------  --------  ----------  --------------  -------------------
/opt/airflow/dags/f1_pipeline_dag.py                           1           0  0.21s           2026-10-05T19:43:43
================================================================================
[2026-10-05T19:44:13.545+0000] {manager.py:878} INFO - 
================================================================================
DAG File Processing Stats

File Path                             PID    Runtime      # DAGs    # Errors  Last Runtime    Last Run
------------------------------------  -----  ---------  --------  ----------  --------------  -------------------
/opt/airflow/dags/f1_pipeline_dag.py                           1           0  0.21s           2026-10-05T19:44:13
================================================================================
[2026-10-05T19:44:43.849+0000] {manager.py:878} INFO - 
================================================================================
DAG File Processing Stats

File Path                             PID    Runtime      # DAGs    # Errors  Last Runtime    Last Run
------------------------------------  -----  ---------  --------  ----------  --------------  -------------------
/opt/airflow/dags/f1_pipeline_dag.py                           1           0  0.21s           2026-10-05T19:44:43
================================================================================
[2026-10-05T19:45:14.153+0000] {manager.py:878} INFO - 
================================================================================
DAG File Processing Stats

File Path                             PID    Runtime      # DAGs    # Errors  Last Runtime    Last Run
------------------------------------  -----  ---------  --------  ----------  --------------  -------------------
/opt/airflow/dags/f1_pipeline_dag.py                           1           0  0.21s           2026-10-05T19:45:14
================================================================================
[2026-10-05T19:45:33.385+0000] {manager.py:737} INFO - Searching for files in /opt/airflow/dags
[2026-10-05T19:45:33.388+0000] {manager.py:740} INFO - There are 1 files in /opt/airflow/dags
[2026-10-05T19:45:44.461+0000] {manager.py:878} INFO - 
================================================================================
DAG File Processing Stats

File Path                             PID    Runtime      # DAGs    # Errors  Last Runtime    Last Run
------------------------------------  -----  ---------  --------  ----------  --------------  -------------------
/opt/airflow/dags/f1_pipeline_dag.py                           1           0  0.21s           2026-10-05T19:45:44
================================================================================
[2026-10-05T19:46:14.768+0000] {manager.py:878} INFO - 
================================================================================
DAG File Processing Stats

File Path                             PID    Runtime      # DAGs    # Errors  Last Runtime    Last Run
------------------------------------  -----  ---------  --------  ----------  --------------  -------------------
/opt/airflow/dags/f1_pipeline_dag.py                           1           0  0.21s           2026-10-05T19:46:14
================================================================================
[2026-10-05T19:46:44.972+0000] {manager.py:878} INFO - 
================================================================================
DAG File Processing Stats

File Path                             PID    Runtime      # DAGs    # Errors  Last Runtime    Last Run
------------------------------------  -----  ---------  --------  ----------  --------------  -------------------
/opt/airflow/dags/f1_pipeline_dag.py                           1           0  0.12s           2026-10-05T19:46:44
================================================================================
[2026-10-05T19:47:15.178+0000] {manager.py:878} INFO - 
================================================================================
DAG File Processing Stats

File Path                             PID    Runtime      # DAGs    # Errors  Last Runtime    Last Run
------------------------------------  -----  ---------  --------  ----------  --------------  -------------------
/opt/airflow/dags/f1_pipeline_dag.py                           1           0  0.11s           2026-10-05T19:47:15
================================================================================
[2026-10-05T19:47:45.467+0000] {manager.py:878} INFO - 
================================================================================
DAG File Processing Stats

File Path                             PID    Runtime      # DAGs    # Errors  Last Runtime    Last Run
------------------------------------  -----  ---------  --------  ----------  --------------  -------------------
/opt/airflow/dags/f1_pipeline_dag.py                           1           0  0.21s           2026-10-05T19:47:45
================================================================================
[2026-10-05T19:48:15.765+0000] {manager.py:878} INFO - 
================================================================================
DAG File Processing Stats

File Path                             PID    Runtime      # DAGs    # Errors  Last Runtime    Last Run
------------------------------------  -----  ---------  --------  ----------  --------------  -------------------
/opt/airflow/dags/f1_pipeline_dag.py                           1           0  0.21s           2026-10-05T19:48:15
================================================================================
[2026-10-05T19:48:46.071+0000] {manager.py:878} INFO - 
================================================================================
DAG File Processing Stats

File Path                             PID    Runtime      # DAGs    # Errors  Last Runtime    Last Run
------------------------------------  -----  ---------  --------  ----------  --------------  -------------------
/opt/airflow/dags/f1_pipeline_dag.py                           1           0  0.21s           2026-10-05T19:48:46
================================================================================
[2026-10-05T19:49:16.370+0000] {manager.py:878} INFO - 
================================================================================
DAG File Processing Stats

File Path                             PID    Runtime      # DAGs    # Errors  Last Runtime    Last Run
------------------------------------  -----  ---------  --------  ----------  --------------  -------------------
/opt/airflow/dags/f1_pipeline_dag.py                           1           0  0.21s           2026-10-05T19:49:16
================================================================================
[2026-10-05T19:49:46.566+0000] {manager.py:878} INFO - 
================================================================================
DAG File Processing Stats

File Path                             PID    Runtime      # DAGs    # Errors  Last Runtime    Last Run
------------------------------------  -----  ---------  --------  ----------  --------------  -------------------
/opt/airflow/dags/f1_pipeline_dag.py                           1           0  0.11s           2026-10-05T19:49:46
================================================================================
[2026-10-05T19:50:16.859+0000] {manager.py:878} INFO - 
================================================================================
DAG File Processing Stats

File Path                             PID    Runtime      # DAGs    # Errors  Last Runtime    Last Run
------------------------------------  -----  ---------  --------  ----------  --------------  -------------------
/opt/airflow/dags/f1_pipeline_dag.py                           1           0  0.21s           2026-10-05T19:50:16
================================================================================
[2026-10-05T19:50:33.461+0000] {manager.py:737} INFO - Searching for files in /opt/airflow/dags
[2026-10-05T19:50:33.463+0000] {manager.py:740} INFO - There are 1 files in /opt/airflow/dags
[2026-10-05T19:50:47.167+0000] {manager.py:878} INFO - 
================================================================================
DAG File Processing Stats

File Path                             PID    Runtime      # DAGs    # Errors  Last Runtime    Last Run
------------------------------------  -----  ---------  --------  ----------  --------------  -------------------
/opt/airflow/dags/f1_pipeline_dag.py                           1           0  0.21s           2026-10-05T19:50:47
================================================================================
[2026-10-05T19:51:17.470+0000] {manager.py:878} INFO - 
================================================================================
DAG File Processing Stats

File Path                             PID    Runtime      # DAGs    # Errors  Last Runtime    Last Run
------------------------------------  -----  ---------  --------  ----------  --------------  -------------------
/opt/airflow/dags/f1_pipeline_dag.py                           1           0  0.21s           2026-10-05T19:51:17
================================================================================
[2026-10-05T19:51:47.778+0000] {manager.py:878} INFO - 
================================================================================
DAG File Processing Stats

File Path                             PID    Runtime      # DAGs    # Errors  Last Runtime    Last Run
------------------------------------  -----  ---------  --------  ----------  --------------  -------------------
/opt/airflow/dags/f1_pipeline_dag.py                           1           0  0.21s           2026-10-05T19:51:47
================================================================================
[2026-10-05T19:52:18.084+0000] {manager.py:878} INFO - 
================================================================================
DAG File Processing Stats

File Path                             PID    Runtime      # DAGs    # Errors  Last Runtime    Last Run
------------------------------------  -----  ---------  --------  ----------  --------------  -------------------
/opt/airflow/dags/f1_pipeline_dag.py                           1           0  0.21s           2026-10-05T19:52:18
================================================================================
[2026-10-05T19:52:48.391+0000] {manager.py:878} INFO - 
================================================================================
DAG File Processing Stats

File Path                             PID    Runtime      # DAGs    # Errors  Last Runtime    Last Run
------------------------------------  -----  ---------  --------  ----------  --------------  -------------------
/opt/airflow/dags/f1_pipeline_dag.py                           1           0  0.21s           2026-10-05T19:52:48
================================================================================
[2026-10-05T19:53:18.695+0000] {manager.py:878} INFO - 
================================================================================
DAG File Processing Stats

File Path                             PID    Runtime      # DAGs    # Errors  Last Runtime    Last Run
------------------------------------  -----  ---------  --------  ----------  --------------  -------------------
/opt/airflow/dags/f1_pipeline_dag.py                           1           0  0.21s           2026-10-05T19:53:18
================================================================================
[2026-10-05T19:53:48.987+0000] {manager.py:878} INFO - 
================================================================================
DAG File Processing Stats

File Path                             PID    Runtime      # DAGs    # Errors  Last Runtime    Last Run
------------------------------------  -----  ---------  --------  ----------  --------------  -------------------
/opt/airflow/dags/f1_pipeline_dag.py                           1           0  0.21s           2026-10-05T19:53:48
================================================================================
[2026-10-05T19:54:19.284+0000] {manager.py:878} INFO - 
================================================================================
DAG File Processing Stats

File Path                             PID    Runtime      # DAGs    # Errors  Last Runtime    Last Run
------------------------------------  -----  ---------  --------  ----------  --------------  -------------------
/opt/airflow/dags/f1_pipeline_dag.py                           1           0  0.21s           2026-10-05T19:54:19
================================================================================
[2026-10-05T19:54:49.460+0000] {manager.py:878} INFO - 
================================================================================
DAG File Processing Stats

File Path                             PID    Runtime      # DAGs    # Errors  Last Runtime    Last Run
------------------------------------  -----  ---------  --------  ----------  --------------  -------------------
/opt/airflow/dags/f1_pipeline_dag.py                           1           0  0.11s           2026-10-05T19:54:49
================================================================================
[2026-10-05T19:55:58.213+0000] {manager.py:737} INFO - Searching for files in /opt/airflow/dags
[2026-10-05T19:55:58.214+0000] {manager.py:740} INFO - There are 1 files in /opt/airflow/dags
[2026-10-05T19:55:58.438+0000] {manager.py:878} INFO - 
================================================================================
DAG File Processing Stats

File Path                             PID    Runtime      # DAGs    # Errors  Last Runtime    Last Run
------------------------------------  -----  ---------  --------  ----------  --------------  -------------------
/opt/airflow/dags/f1_pipeline_dag.py                           1           0  0.21s           2026-10-05T19:55:58
================================================================================
[2026-10-05T19:56:51.722+0000] {manager.py:878} INFO - 
================================================================================
DAG File Processing Stats

File Path                             PID    Runtime      # DAGs    # Errors  Last Runtime    Last Run
------------------------------------  -----  ---------  --------  ----------  --------------  -------------------
/opt/airflow/dags/f1_pipeline_dag.py                           1           0  0.11s           2026-10-05T19:56:51
================================================================================
[2026-10-05T19:57:22.385+0000] {manager.py:878} INFO - 
================================================================================
DAG File Processing Stats

File Path                             PID    Runtime      # DAGs    # Errors  Last Runtime    Last Run
------------------------------------  -----  ---------  --------  ----------  --------------  -------------------
/opt/airflow/dags/f1_pipeline_dag.py                           1           0  0.21s           2026-10-05T19:57:22
================================================================================
[2026-10-05T19:57:53.487+0000] {manager.py:878} INFO - 
================================================================================
DAG File Processing Stats

File Path                             PID    Runtime      # DAGs    # Errors  Last Runtime    Last Run
------------------------------------  -----  ---------  --------  ----------  --------------  -------------------
/opt/airflow/dags/f1_pipeline_dag.py                           1           0  0.21s           2026-10-05T19:57:53
================================================================================
[2026-10-05T19:58:23.780+0000] {manager.py:878} INFO - 
================================================================================
DAG File Processing Stats

File Path                             PID    Runtime      # DAGs    # Errors  Last Runtime    Last Run
------------------------------------  -----  ---------  --------  ----------  --------------  -------------------
/opt/airflow/dags/f1_pipeline_dag.py                           1           0  0.21s           2026-10-05T19:58:23
================================================================================
[2026-10-05T19:58:54.138+0000] {manager.py:878} INFO - 
================================================================================
DAG File Processing Stats

File Path                             PID    Runtime      # DAGs    # Errors  Last Runtime    Last Run
------------------------------------  -----  ---------  --------  ----------  --------------  -------------------
/opt/airflow/dags/f1_pipeline_dag.py                           1           0  0.21s           2026-10-05T19:58:54
================================================================================
[2026-10-05T19:59:24.510+0000] {manager.py:878} INFO - 
================================================================================
DAG File Processing Stats

File Path                             PID    Runtime      # DAGs    # Errors  Last Runtime    Last Run
------------------------------------  -----  ---------  --------  ----------  --------------  -------------------
/opt/airflow/dags/f1_pipeline_dag.py                           1           0  0.21s           2026-10-05T19:59:24
================================================================================
[2026-10-05T19:59:54.870+0000] {manager.py:878} INFO - 
================================================================================
DAG File Processing Stats

File Path                             PID    Runtime      # DAGs    # Errors  Last Runtime    Last Run
------------------------------------  -----  ---------  --------  ----------  --------------  -------------------
/opt/airflow/dags/f1_pipeline_dag.py                           1           0  0.21s           2026-10-05T19:59:54
================================================================================
[2026-10-05T20:00:25.198+0000] {manager.py:878} INFO - 
================================================================================
DAG File Processing Stats

File Path                             PID    Runtime      # DAGs    # Errors  Last Runtime    Last Run
------------------------------------  -----  ---------  --------  ----------  --------------  -------------------
/opt/airflow/dags/f1_pipeline_dag.py                           1           0  0.21s           2026-10-05T20:00:25
================================================================================
[2026-10-05T20:00:55.562+0000] {manager.py:878} INFO - 
================================================================================
DAG File Processing Stats

File Path                             PID    Runtime      # DAGs    # Errors  Last Runtime    Last Run
------------------------------------  -----  ---------  --------  ----------  --------------  -------------------
/opt/airflow/dags/f1_pipeline_dag.py                           1           0  0.21s           2026-10-05T20:00:55
================================================================================
[2026-10-05T20:00:58.306+0000] {manager.py:737} INFO - Searching for files in /opt/airflow/dags
[2026-10-05T20:00:58.308+0000] {manager.py:740} INFO - There are 1 files in /opt/airflow/dags
[2026-10-05T20:01:25.937+0000] {manager.py:878} INFO - 
================================================================================
DAG File Processing Stats

File Path                             PID    Runtime      # DAGs    # Errors  Last Runtime    Last Run
------------------------------------  -----  ---------  --------  ----------  --------------  -------------------
/opt/airflow/dags/f1_pipeline_dag.py                           1           0  0.21s           2026-10-05T20:01:25
================================================================================
[2026-10-05T20:01:56.300+0000] {manager.py:878} INFO - 
================================================================================
DAG File Processing Stats

File Path                             PID    Runtime      # DAGs    # Errors  Last Runtime    Last Run
------------------------------------  -----  ---------  --------  ----------  --------------  -------------------
/opt/airflow/dags/f1_pipeline_dag.py                           1           0  0.21s           2026-10-05T20:01:56
================================================================================
[2026-10-05T20:02:26.642+0000] {manager.py:878} INFO - 
================================================================================
DAG File Processing Stats

File Path                             PID    Runtime      # DAGs    # Errors  Last Runtime    Last Run
------------------------------------  -----  ---------  --------  ----------  --------------  -------------------
/opt/airflow/dags/f1_pipeline_dag.py                           1           0  0.21s           2026-10-05T20:02:26
================================================================================
[2026-10-05T20:02:56.928+0000] {manager.py:878} INFO - 
================================================================================
DAG File Processing Stats

File Path                             PID    Runtime      # DAGs    # Errors  Last Runtime    Last Run
------------------------------------  -----  ---------  --------  ----------  --------------  -------------------
/opt/airflow/dags/f1_pipeline_dag.py                           1           0  0.21s           2026-10-05T20:02:56
================================================================================
[2026-10-05T20:03:27.247+0000] {manager.py:878} INFO - 
================================================================================
DAG File Processing Stats

File Path                             PID    Runtime      # DAGs    # Errors  Last Runtime    Last Run
------------------------------------  -----  ---------  --------  ----------  --------------  -------------------
/opt/airflow/dags/f1_pipeline_dag.py                           1           0  0.21s           2026-10-05T20:03:27
================================================================================
[2026-10-05T20:03:57.569+0000] {manager.py:878} INFO - 
================================================================================
DAG File Processing Stats

File Path                             PID    Runtime      # DAGs    # Errors  Last Runtime    Last Run
------------------------------------  -----  ---------  --------  ----------  --------------  -------------------
/opt/airflow/dags/f1_pipeline_dag.py                           1           0  0.21s           2026-10-05T20:03:57
================================================================================
[2026-10-05T20:04:27.891+0000] {manager.py:878} INFO - 
================================================================================
DAG File Processing Stats

File Path                             PID    Runtime      # DAGs    # Errors  Last Runtime    Last Run
------------------------------------  -----  ---------  --------  ----------  --------------  -------------------
/opt/airflow/dags/f1_pipeline_dag.py                           1           0  0.21s           2026-10-05T20:04:27
================================================================================
[2026-10-05T20:04:58.206+0000] {manager.py:878} INFO - 
================================================================================
DAG File Processing Stats

File Path                             PID    Runtime      # DAGs    # Errors  Last Runtime    Last Run
------------------------------------  -----  ---------  --------  ----------  --------------  -------------------
/opt/airflow/dags/f1_pipeline_dag.py                           1           0  0.21s           2026-10-05T20:04:58
================================================================================
[2026-10-05T20:05:28.523+0000] {manager.py:878} INFO - 
================================================================================
DAG File Processing Stats

File Path                             PID    Runtime      # DAGs    # Errors  Last Runtime    Last Run
------------------------------------  -----  ---------  --------  ----------  --------------  -------------------
/opt/airflow/dags/f1_pipeline_dag.py                           1           0  0.21s           2026-10-05T20:05:28
================================================================================
[2026-10-05T20:05:58.390+0000] {manager.py:737} INFO - Searching for files in /opt/airflow/dags
[2026-10-05T20:05:58.392+0000] {manager.py:740} INFO - There are 1 files in /opt/airflow/dags
[2026-10-05T20:05:59.559+0000] {manager.py:878} INFO - 
================================================================================
DAG File Processing Stats

File Path                             PID    Runtime      # DAGs    # Errors  Last Runtime    Last Run
------------------------------------  -----  ---------  --------  ----------  --------------  -------------------
/opt/airflow/dags/f1_pipeline_dag.py                           1           0  0.11s           2026-10-05T20:05:59
================================================================================
[2026-10-05T20:06:30.085+0000] {manager.py:878} INFO - 
================================================================================
DAG File Processing Stats

File Path                             PID    Runtime      # DAGs    # Errors  Last Runtime    Last Run
------------------------------------  -----  ---------  --------  ----------  --------------  -------------------
/opt/airflow/dags/f1_pipeline_dag.py                           1           0  0.21s           2026-10-05T20:06:30
================================================================================
[2026-10-05T20:07:00.300+0000] {manager.py:878} INFO - 
================================================================================
DAG File Processing Stats

File Path                             PID    Runtime      # DAGs    # Errors  Last Runtime    Last Run
------------------------------------  -----  ---------  --------  ----------  --------------  -------------------
/opt/airflow/dags/f1_pipeline_dag.py                           1           0  0.11s           2026-10-05T20:07:00
================================================================================
[2026-10-05T20:07:30.692+0000] {manager.py:878} INFO - 
================================================================================
DAG File Processing Stats

File Path                             PID    Runtime      # DAGs    # Errors  Last Runtime    Last Run
------------------------------------  -----  ---------  --------  ----------  --------------  -------------------
/opt/airflow/dags/f1_pipeline_dag.py                           1           0  0.21s           2026-10-05T20:07:30
================================================================================
[2026-10-05T20:08:00.747+0000] {manager.py:878} INFO - 
================================================================================
DAG File Processing Stats

File Path                             PID    Runtime      # DAGs    # Errors  Last Runtime    Last Run
------------------------------------  -----  ---------  --------  ----------  --------------  -------------------
/opt/airflow/dags/f1_pipeline_dag.py                           1           0  0.21s           2026-10-05T20:07:59
================================================================================
[2026-10-05T20:08:31.356+0000] {manager.py:878} INFO - 
================================================================================
DAG File Processing Stats

File Path                             PID    Runtime      # DAGs    # Errors  Last Runtime    Last Run
------------------------------------  -----  ---------  --------  ----------  --------------  -------------------
/opt/airflow/dags/f1_pipeline_dag.py                           1           0  0.21s           2026-10-05T20:08:30
================================================================================
[2026-10-05T20:09:02.583+0000] {manager.py:878} INFO - 
================================================================================
DAG File Processing Stats

File Path                             PID    Runtime      # DAGs    # Errors  Last Runtime    Last Run
------------------------------------  -----  ---------  --------  ----------  --------------  -------------------
/opt/airflow/dags/f1_pipeline_dag.py                           1           0  0.21s           2026-10-05T20:09:02
================================================================================
[2026-10-05T20:09:32.854+0000] {manager.py:878} INFO - 
================================================================================
DAG File Processing Stats

File Path                             PID    Runtime      # DAGs    # Errors  Last Runtime    Last Run
------------------------------------  -----  ---------  --------  ----------  --------------  -------------------
/opt/airflow/dags/f1_pipeline_dag.py                           1           0  0.21s           2026-10-05T20:09:32
================================================================================
[2026-10-05T20:10:03.560+0000] {manager.py:878} INFO - 
================================================================================
DAG File Processing Stats

File Path                             PID    Runtime      # DAGs    # Errors  Last Runtime    Last Run
------------------------------------  -----  ---------  --------  ----------  --------------  -------------------
/opt/airflow/dags/f1_pipeline_dag.py                           1           0  0.21s           2026-10-05T20:10:03
================================================================================
[2026-10-05T20:10:33.871+0000] {manager.py:878} INFO - 
================================================================================
DAG File Processing Stats

File Path                             PID    Runtime      # DAGs    # Errors  Last Runtime    Last Run
------------------------------------  -----  ---------  --------  ----------  --------------  -------------------
/opt/airflow/dags/f1_pipeline_dag.py                           1           0  0.21s           2026-10-05T20:10:33
================================================================================
[2026-10-05T20:10:58.602+0000] {manager.py:737} INFO - Searching for files in /opt/airflow/dags
[2026-10-05T20:10:58.604+0000] {manager.py:740} INFO - There are 1 files in /opt/airflow/dags
[2026-10-05T20:11:04.182+0000] {manager.py:878} INFO - 
================================================================================
DAG File Processing Stats

File Path                             PID    Runtime      # DAGs    # Errors  Last Runtime    Last Run
------------------------------------  -----  ---------  --------  ----------  --------------  -------------------
/opt/airflow/dags/f1_pipeline_dag.py                           1           0  0.21s           2026-10-05T20:11:04
================================================================================
[2026-10-05T20:11:34.496+0000] {manager.py:878} INFO - 
================================================================================
DAG File Processing Stats

File Path                             PID    Runtime      # DAGs    # Errors  Last Runtime    Last Run
------------------------------------  -----  ---------  --------  ----------  --------------  -------------------
/opt/airflow/dags/f1_pipeline_dag.py                           1           0  0.21s           2026-10-05T20:11:34
================================================================================
[2026-10-05T20:12:04.810+0000] {manager.py:878} INFO - 
================================================================================
DAG File Processing Stats

File Path                             PID    Runtime      # DAGs    # Errors  Last Runtime    Last Run
------------------------------------  -----  ---------  --------  ----------  --------------  -------------------
/opt/airflow/dags/f1_pipeline_dag.py                           1           0  0.21s           2026-10-05T20:12:04
================================================================================
[2026-10-05T20:12:35.122+0000] {manager.py:878} INFO - 
================================================================================
DAG File Processing Stats

File Path                             PID    Runtime      # DAGs    # Errors  Last Runtime    Last Run
------------------------------------  -----  ---------  --------  ----------  --------------  -------------------
/opt/airflow/dags/f1_pipeline_dag.py                           1           0  0.21s           2026-10-05T20:12:35
================================================================================
[2026-10-05T20:13:05.428+0000] {manager.py:878} INFO - 
================================================================================
DAG File Processing Stats

File Path                             PID    Runtime      # DAGs    # Errors  Last Runtime    Last Run
------------------------------------  -----  ---------  --------  ----------  --------------  -------------------
/opt/airflow/dags/f1_pipeline_dag.py                           1           0  0.21s           2026-10-05T20:13:05
================================================================================
[2026-10-05T20:13:35.753+0000] {manager.py:878} INFO - 
================================================================================
DAG File Processing Stats

File Path                             PID    Runtime      # DAGs    # Errors  Last Runtime    Last Run
------------------------------------  -----  ---------  --------  ----------  --------------  -------------------
/opt/airflow/dags/f1_pipeline_dag.py                           1           0  0.22s           2026-10-05T20:13:35
================================================================================
[2026-10-05T20:14:06.071+0000] {manager.py:878} INFO - 
================================================================================
DAG File Processing Stats

File Path                             PID    Runtime      # DAGs    # Errors  Last Runtime    Last Run
------------------------------------  -----  ---------  --------  ----------  --------------  -------------------
/opt/airflow/dags/f1_pipeline_dag.py                           1           0  0.21s           2026-10-05T20:14:06
================================================================================
[2026-10-05T20:14:36.391+0000] {manager.py:878} INFO - 
================================================================================
DAG File Processing Stats

File Path                             PID    Runtime      # DAGs    # Errors  Last Runtime    Last Run
------------------------------------  -----  ---------  --------  ----------  --------------  -------------------
/opt/airflow/dags/f1_pipeline_dag.py                           1           0  0.21s           2026-10-05T20:14:36
================================================================================
[2026-10-05T20:15:06.705+0000] {manager.py:878} INFO - 
================================================================================
DAG File Processing Stats

File Path                             PID    Runtime      # DAGs    # Errors  Last Runtime    Last Run
------------------------------------  -----  ---------  --------  ----------  --------------  -------------------
/opt/airflow/dags/f1_pipeline_dag.py                           1           0  0.21s           2026-10-05T20:15:06
================================================================================
[2026-10-05T20:15:37.019+0000] {manager.py:878} INFO - 
================================================================================
DAG File Processing Stats

File Path                             PID    Runtime      # DAGs    # Errors  Last Runtime    Last Run
------------------------------------  -----  ---------  --------  ----------  --------------  -------------------
/opt/airflow/dags/f1_pipeline_dag.py                           1           0  0.21s           2026-10-05T20:15:37
================================================================================
[2026-10-05T20:15:58.622+0000] {manager.py:737} INFO - Searching for files in /opt/airflow/dags
[2026-10-05T20:15:58.624+0000] {manager.py:740} INFO - There are 1 files in /opt/airflow/dags
[2026-10-05T20:16:07.336+0000] {manager.py:878} INFO - 
================================================================================
DAG File Processing Stats

File Path                             PID    Runtime      # DAGs    # Errors  Last Runtime    Last Run
------------------------------------  -----  ---------  --------  ----------  --------------  -------------------
/opt/airflow/dags/f1_pipeline_dag.py                           1           0  0.21s           2026-10-05T20:16:07
================================================================================
[2026-10-05T20:16:37.651+0000] {manager.py:878} INFO - 
================================================================================
DAG File Processing Stats

File Path                             PID    Runtime      # DAGs    # Errors  Last Runtime    Last Run
------------------------------------  -----  ---------  --------  ----------  --------------  -------------------
/opt/airflow/dags/f1_pipeline_dag.py                           1           0  0.21s           2026-10-05T20:16:37
================================================================================
[2026-10-05T20:17:07.971+0000] {manager.py:878} INFO - 
================================================================================
DAG File Processing Stats

File Path                             PID    Runtime      # DAGs    # Errors  Last Runtime    Last Run
------------------------------------  -----  ---------  --------  ----------  --------------  -------------------
/opt/airflow/dags/f1_pipeline_dag.py                           1           0  0.21s           2026-10-05T20:17:07
================================================================================
[2026-10-05T20:17:38.287+0000] {manager.py:878} INFO - 
================================================================================
DAG File Processing Stats

File Path                             PID    Runtime      # DAGs    # Errors  Last Runtime    Last Run
------------------------------------  -----  ---------  --------  ----------  --------------  -------------------
/opt/airflow/dags/f1_pipeline_dag.py                           1           0  0.21s           2026-10-05T20:17:38
================================================================================
[2026-10-05T20:18:08.605+0000] {manager.py:878} INFO - 
================================================================================
DAG File Processing Stats

File Path                             PID    Runtime      # DAGs    # Errors  Last Runtime    Last Run
------------------------------------  -----  ---------  --------  ----------  --------------  -------------------
/opt/airflow/dags/f1_pipeline_dag.py                           1           0  0.21s           2026-10-05T20:18:08
================================================================================
[2026-10-05T20:18:38.916+0000] {manager.py:878} INFO - 
================================================================================
DAG File Processing Stats

File Path                             PID    Runtime      # DAGs    # Errors  Last Runtime    Last Run
------------------------------------  -----  ---------  --------  ----------  --------------  -------------------
/opt/airflow/dags/f1_pipeline_dag.py                           1           0  0.21s           2026-10-05T20:18:38
================================================================================
[2026-10-05T20:19:09.217+0000] {manager.py:878} INFO - 
================================================================================
DAG File Processing Stats

File Path                             PID    Runtime      # DAGs    # Errors  Last Runtime    Last Run
------------------------------------  -----  ---------  --------  ----------  --------------  -------------------
/opt/airflow/dags/f1_pipeline_dag.py                           1           0  0.21s           2026-10-05T20:19:09
================================================================================
[2026-10-05T20:19:39.530+0000] {manager.py:878} INFO - 
================================================================================
DAG File Processing Stats

File Path                             PID    Runtime      # DAGs    # Errors  Last Runtime    Last Run
------------------------------------  -----  ---------  --------  ----------  --------------  -------------------
/opt/airflow/dags/f1_pipeline_dag.py                           1           0  0.21s           2026-10-05T20:19:39
================================================================================
[2026-10-05T20:20:09.846+0000] {manager.py:878} INFO - 
================================================================================
DAG File Processing Stats

File Path                             PID    Runtime      # DAGs    # Errors  Last Runtime    Last Run
------------------------------------  -----  ---------  --------  ----------  --------------  -------------------
/opt/airflow/dags/f1_pipeline_dag.py                           1           0  0.21s           2026-10-05T20:20:09
================================================================================
[2026-10-05T20:20:40.163+0000] {manager.py:878} INFO - 
================================================================================
DAG File Processing Stats

File Path                             PID    Runtime      # DAGs    # Errors  Last Runtime    Last Run
------------------------------------  -----  ---------  --------  ----------  --------------  -------------------
/opt/airflow/dags/f1_pipeline_dag.py                           1           0  0.21s           2026-10-05T20:20:40
================================================================================
[2026-10-05T20:20:59.416+0000] {manager.py:737} INFO - Searching for files in /opt/airflow/dags
[2026-10-05T20:20:59.418+0000] {manager.py:740} INFO - There are 1 files in /opt/airflow/dags
[2026-10-05T20:21:10.476+0000] {manager.py:878} INFO - 
================================================================================
DAG File Processing Stats

File Path                             PID    Runtime      # DAGs    # Errors  Last Runtime    Last Run
------------------------------------  -----  ---------  --------  ----------  --------------  -------------------
/opt/airflow/dags/f1_pipeline_dag.py                           1           0  0.21s           2026-10-05T20:21:10
================================================================================
[2026-10-05T20:21:40.693+0000] {manager.py:878} INFO - 
================================================================================
DAG File Processing Stats

File Path                             PID    Runtime      # DAGs    # Errors  Last Runtime    Last Run
------------------------------------  -----  ---------  --------  ----------  --------------  -------------------
/opt/airflow/dags/f1_pipeline_dag.py                           1           0  0.12s           2026-10-05T20:21:40
================================================================================
[2026-10-05T20:22:10.981+0000] {manager.py:878} INFO - 
================================================================================
DAG File Processing Stats

File Path                             PID    Runtime      # DAGs    # Errors  Last Runtime    Last Run
------------------------------------  -----  ---------  --------  ----------  --------------  -------------------
/opt/airflow/dags/f1_pipeline_dag.py                           1           0  0.21s           2026-10-05T20:22:10
================================================================================
[2026-10-05T20:22:41.286+0000] {manager.py:878} INFO - 
================================================================================
DAG File Processing Stats

File Path                             PID    Runtime      # DAGs    # Errors  Last Runtime    Last Run
------------------------------------  -----  ---------  --------  ----------  --------------  -------------------
/opt/airflow/dags/f1_pipeline_dag.py                           1           0  0.21s           2026-10-05T20:22:41
================================================================================
[2026-10-05T20:23:11.595+0000] {manager.py:878} INFO - 
================================================================================
DAG File Processing Stats

File Path                             PID    Runtime      # DAGs    # Errors  Last Runtime    Last Run
------------------------------------  -----  ---------  --------  ----------  --------------  -------------------
/opt/airflow/dags/f1_pipeline_dag.py                           1           0  0.21s           2026-10-05T20:23:11
================================================================================
[2026-10-05T20:23:41.899+0000] {manager.py:878} INFO - 
================================================================================
DAG File Processing Stats

File Path                             PID    Runtime      # DAGs    # Errors  Last Runtime    Last Run
------------------------------------  -----  ---------  --------  ----------  --------------  -------------------
/opt/airflow/dags/f1_pipeline_dag.py                           1           0  0.21s           2026-10-05T20:23:41
================================================================================
[2026-10-05T20:24:12.202+0000] {manager.py:878} INFO - 
================================================================================
DAG File Processing Stats

File Path                             PID    Runtime      # DAGs    # Errors  Last Runtime    Last Run
------------------------------------  -----  ---------  --------  ----------  --------------  -------------------
/opt/airflow/dags/f1_pipeline_dag.py                           1           0  0.21s           2026-10-05T20:24:12
================================================================================
[2026-10-05T20:24:42.513+0000] {manager.py:878} INFO - 
================================================================================
DAG File Processing Stats

File Path                             PID    Runtime      # DAGs    # Errors  Last Runtime    Last Run
------------------------------------  -----  ---------  --------  ----------  --------------  -------------------
/opt/airflow/dags/f1_pipeline_dag.py                           1           0  0.21s           2026-10-05T20:24:42
================================================================================
[2026-10-05T20:25:12.814+0000] {manager.py:878} INFO - 
================================================================================
DAG File Processing Stats

File Path                             PID    Runtime      # DAGs    # Errors  Last Runtime    Last Run
------------------------------------  -----  ---------  --------  ----------  --------------  -------------------
/opt/airflow/dags/f1_pipeline_dag.py                           1           0  0.21s           2026-10-05T20:25:12
================================================================================
[2026-10-05T20:25:43.114+0000] {manager.py:878} INFO - 
================================================================================
DAG File Processing Stats

File Path                             PID    Runtime      # DAGs    # Errors  Last Runtime    Last Run
------------------------------------  -----  ---------  --------  ----------  --------------  -------------------
/opt/airflow/dags/f1_pipeline_dag.py                           1           0  0.21s           2026-10-05T20:25:43
================================================================================
[2026-10-05T20:25:59.910+0000] {manager.py:737} INFO - Searching for files in /opt/airflow/dags
[2026-10-05T20:25:59.912+0000] {manager.py:740} INFO - There are 1 files in /opt/airflow/dags
[2026-10-05T20:26:13.417+0000] {manager.py:878} INFO - 
================================================================================
DAG File Processing Stats

File Path                             PID    Runtime      # DAGs    # Errors  Last Runtime    Last Run
------------------------------------  -----  ---------  --------  ----------  --------------  -------------------
/opt/airflow/dags/f1_pipeline_dag.py                           1           0  0.21s           2026-10-05T20:26:13
================================================================================
[2026-10-05T20:26:43.719+0000] {manager.py:878} INFO - 
================================================================================
DAG File Processing Stats

File Path                             PID    Runtime      # DAGs    # Errors  Last Runtime    Last Run
------------------------------------  -----  ---------  --------  ----------  --------------  -------------------
/opt/airflow/dags/f1_pipeline_dag.py                           1           0  0.21s           2026-10-05T20:26:43
================================================================================
[2026-10-05T20:27:14.020+0000] {manager.py:878} INFO - 
================================================================================
DAG File Processing Stats

File Path                             PID    Runtime      # DAGs    # Errors  Last Runtime    Last Run
------------------------------------  -----  ---------  --------  ----------  --------------  -------------------
/opt/airflow/dags/f1_pipeline_dag.py                           1           0  0.21s           2026-10-05T20:27:14
================================================================================
[2026-10-05T20:27:44.325+0000] {manager.py:878} INFO - 
================================================================================
DAG File Processing Stats

File Path                             PID    Runtime      # DAGs    # Errors  Last Runtime    Last Run
------------------------------------  -----  ---------  --------  ----------  --------------  -------------------
/opt/airflow/dags/f1_pipeline_dag.py                           1           0  0.21s           2026-10-05T20:27:44
================================================================================
[2026-10-05T20:28:14.630+0000] {manager.py:878} INFO - 
================================================================================
DAG File Processing Stats

File Path                             PID    Runtime      # DAGs    # Errors  Last Runtime    Last Run
------------------------------------  -----  ---------  --------  ----------  --------------  -------------------
/opt/airflow/dags/f1_pipeline_dag.py                           1           0  0.21s           2026-10-05T20:28:14
================================================================================
[2026-10-05T20:28:44.934+0000] {manager.py:878} INFO - 
================================================================================
DAG File Processing Stats

File Path                             PID    Runtime      # DAGs    # Errors  Last Runtime    Last Run
------------------------------------  -----  ---------  --------  ----------  --------------  -------------------
/opt/airflow/dags/f1_pipeline_dag.py                           1           0  0.21s           2026-10-05T20:28:44
================================================================================
[2026-10-05T20:29:15.236+0000] {manager.py:878} INFO - 
================================================================================
DAG File Processing Stats

File Path                             PID    Runtime      # DAGs    # Errors  Last Runtime    Last Run
------------------------------------  -----  ---------  --------  ----------  --------------  -------------------
/opt/airflow/dags/f1_pipeline_dag.py                           1           0  0.21s           2026-10-05T20:29:15
================================================================================
[2026-10-05T20:29:45.503+0000] {manager.py:878} INFO - 
================================================================================
DAG File Processing Stats

File Path                             PID    Runtime      # DAGs    # Errors  Last Runtime    Last Run
------------------------------------  -----  ---------  --------  ----------  --------------  -------------------
/opt/airflow/dags/f1_pipeline_dag.py                           1           0  0.21s           2026-10-05T20:29:45
================================================================================
[2026-10-05T20:30:15.808+0000] {manager.py:878} INFO - 
================================================================================
DAG File Processing Stats

File Path                             PID    Runtime      # DAGs    # Errors  Last Runtime    Last Run
------------------------------------  -----  ---------  --------  ----------  --------------  -------------------
/opt/airflow/dags/f1_pipeline_dag.py                           1           0  0.21s           2026-10-05T20:30:15
================================================================================
[2026-10-05T20:30:46.130+0000] {manager.py:878} INFO - 
================================================================================
DAG File Processing Stats

File Path                             PID    Runtime      # DAGs    # Errors  Last Runtime    Last Run
------------------------------------  -----  ---------  --------  ----------  --------------  -------------------
/opt/airflow/dags/f1_pipeline_dag.py                           1           0  0.21s           2026-10-05T20:30:46
================================================================================
[2026-10-05T20:31:00.549+0000] {manager.py:737} INFO - Searching for files in /opt/airflow/dags
[2026-10-05T20:31:00.551+0000] {manager.py:740} INFO - There are 1 files in /opt/airflow/dags
[2026-10-05T20:31:16.431+0000] {manager.py:878} INFO - 
================================================================================
DAG File Processing Stats

File Path                             PID    Runtime      # DAGs    # Errors  Last Runtime    Last Run
------------------------------------  -----  ---------  --------  ----------  --------------  -------------------
/opt/airflow/dags/f1_pipeline_dag.py                           1           0  0.21s           2026-10-05T20:31:16
================================================================================
[2026-10-05T20:31:46.734+0000] {manager.py:878} INFO - 
================================================================================
DAG File Processing Stats

File Path                             PID    Runtime      # DAGs    # Errors  Last Runtime    Last Run
------------------------------------  -----  ---------  --------  ----------  --------------  -------------------
/opt/airflow/dags/f1_pipeline_dag.py                           1           0  0.21s           2026-10-05T20:31:46
================================================================================
